{"type": "FeatureCollection", "features": [{"type": "Feature", "geometry": {"type": "MultiLineString", "coordinates": [[[-49.492005, -16.635404], [-49.491204, -16.629115], [-49.491114, -16.628646], [-49.491059, -16.628331], [-49.490753, -16.62552], [-49.490609, -16.624277], [-49.490213, -16.620781], [-49.490195, -16.620366], [-49.490195, -16.620168], [-49.490213, -16.61997], [-49.490357, -16.619555], [-49.491996, -16.615591], [-49.492321, -16.614996], [-49.492465, -16.614312], [-49.492933, -16.611411], [-49.493006, -16.611104], [-49.494303, -16.609699], [-49.495276, -16.608599], [-49.496303, -16.607789], [-49.499366, -16.60532]]]}, "properties": {"fid": 3, "sre": "TRE0003", "EXT_KM": 3.69, "GEOCOD": "TRE0003", "trecho": "Estrada do Bugre (Trindade)", "rodovia": "VICINAL", "situacao": "DUP", "principal": "s"}}, {"type": "Feature", "geometry": {"type": "MultiLineString", "coordinates": [[[-49.165593, -16.789566], [-49.16758, -16.79166]]]}, "properties": {"fid": 6, "sre": "TRE0006", "EXT_KM": 0.31, "GEOCOD": "TRE0006", "trecho": "Avenida Copacabana", "rodovia": "VICINAL", "situacao": null, "principal": "s"}}, {"type": "Feature", "geometry": {"type": "MultiLineString", "coordinates": [[[-51.60329, -18.426423], [-51.599765, -18.425091], [-51.595139, -18.423328], [-51.589866, -18.4213], [-51.588583, -18.420759], [-51.588182, -18.420584], [-51.587842, -18.420499], [-51.585923, -18.420103], [-51.584095, -18.419708], [-51.581581, -18.419199], [-51.580814, -18.419039], [-51.580544, -18.418988], [-51.580329, -18.418969], [-51.580094, -18.419027], [-51.578779, -18.419619], [-51.578325, -18.419821], [-51.577075, -18.420364], [-51.576195, -18.420721], [-51.575216, -18.421139], [-51.574636, -18.421361], [-51.574331, -18.421457], [-51.574101, -18.421491], [-51.57352, -18.421555], [-51.571328, -18.421624], [-51.567955, -18.421687], [-51.566644, -18.421719], [-51.566068, -18.421707], [-51.565818, -18.421693], [-51.565542, -18.421613], [-51.563592, -18.420739], [-51.560039, -18.419317], [-51.557899, -18.418516], [-51.557449, -18.418416], [-51.557243, -18.418398], [-51.557058, -18.418375], [-51.556678, -18.418481], [-51.553428, -18.419642], [-51.553161, -18.419793], [-51.552924, -18.419997], [-51.552797, -18.420255], [-51.552735, -18.420463], [-51.552673, -18.421204], [-51.552642, -18.421885], [-51.552616, -18.422193], [-51.552599, -18.422439], [-51.552542, -18.422747], [-51.552408, -18.423075], [-51.552195, -18.423546], [-51.551886, -18.423994], [-51.551594, -18.424312], [-51.551339, -18.424533], [-51.550827, -18.424842], [-51.550307, -18.425052], [-51.549825, -18.425168], [-51.549297, -18.425231], [-51.548899, -18.425261], [-51.548567, -18.425353], [-51.548269, -18.425492], [-51.547872, -18.425737], [-51.547338, -18.426183], [-51.54615, -18.427343], [-51.545559, -18.427934], [-51.545289, -18.428169], [-51.54498, -18.428294], [-51.54397, -18.428646], [-51.542939, -18.428926], [-51.541984, -18.429139], [-51.541439, -18.429265], [-51.541134, -18.429366], [-51.540299, -18.429717], [-51.540119, -18.429761], [-51.539849, -18.429747], [-51.538647, -18.429559], [-51.537665, -18.429414], [-51.5374, -18.429372], [-51.537164, -18.429387], [-51.535273, -18.429612], [-51.53089, -18.430145], [-51.530064, -18.430248], [-51.529729, -18.430292], [-51.526943, -18.430825], [-51.524064, -18.43138]]]}, "properties": {"fid": 16, "sre": "TRE0008", "EXT_KM": null, "GEOCOD": "TRE0008", "trecho": "Entr. GO-180 / Entr. GO-178", "rodovia": "VICINAL", "situacao": null, "principal": null}}, {"type": "Feature", "geometry": {"type": "MultiLineString", "coordinates": [[[-49.246832, -16.949724], [-49.245729, -16.948829], [-49.245443, -16.948786], [-49.243603, -16.948801], [-49.242188, -16.948799], [-49.239353, -16.948314], [-49.236848, -16.947862], [-49.235828, -16.94771], [-49.235574, -16.947667], [-49.235414, -16.947656], [-49.235105, -16.947755], [-49.231275, -16.949012], [-49.231031, -16.94903], [-49.229813, -16.949035], [-49.22968, -16.949054], [-49.228224, -16.949528], [-49.227872, -16.949596], [-49.227046, -16.949855], [-49.222964, -16.951299], [-49.220335, -16.952182], [-49.21835, -16.95283], [-49.218132, -16.952974], [-49.21798, -16.95318], [-49.217089, -16.954113], [-49.216739, -16.954525], [-49.216593, -16.954754], [-49.216555, -16.954942]]]}, "properties": {"fid": 20, "sre": "TRE0015", "EXT_KM": null, "GEOCOD": "TRE0015", "trecho": "Entr. BR-153 / Entr. GO-219", "rodovia": "VICINAL", "situacao": null, "principal": null}}, {"type": "Feature", "geometry": {"type": "MultiLineString", "coordinates": [[[-49.287227, -18.39729], [-49.287481, -18.39751], [-49.287519, -18.397539], [-49.287595, -18.397595], [-49.287633, -18.397623], [-49.28767, -18.397651], [-49.288145, -18.39804], [-49.288178, -18.398073], [-49.28821, -18.398107], [-49.288241, -18.398142], [-49.288301, -18.398214], [-49.28833, -18.39825], [-49.288358, -18.398288], [-49.288384, -18.398326], [-49.288436, -18.398403], [-49.28846, -18.398443], [-49.288506, -18.398524], [-49.288528, -18.398565], [-49.288548, -18.398606], [-49.288568, -18.398649], [-49.288604, -18.398733], [-49.28877, -18.399308], [-49.288781, -18.399353], [-49.288792, -18.399397], [-49.288803, -18.399442], [-49.288825, -18.399532], [-49.288835, -18.399576], [-49.288846, -18.399621], [-49.288857, -18.399666], [-49.288867, -18.399711], [-49.288878, -18.399755], [-49.288889, -18.3998], [-49.2889, -18.399845], [-49.28891, -18.399889], [-49.288921, -18.399934], [-49.288932, -18.399979], [-49.288943, -18.400024], [-49.288954, -18.400068], [-49.288964, -18.400113], [-49.288975, -18.400158], [-49.288986, -18.400202], [-49.288996, -18.400247], [-49.289007, -18.400292], [-49.289018, -18.400337], [-49.28904, -18.400426], [-49.28905, -18.400471], [-49.289061, -18.400516], [-49.289072, -18.400561], [-49.289083, -18.400605], [-49.289094, -18.40065], [-49.289104, -18.400695], [-49.289125, -18.400784], [-49.289136, -18.400829], [-49.289147, -18.400874], [-49.289158, -18.400918], [-49.289169, -18.400963], [-49.289179, -18.401008], [-49.28919, -18.401052], [-49.289201, -18.401097], [-49.289212, -18.401142], [-49.289223, -18.401187], [-49.289233, -18.401231], [-49.289244, -18.401276], [-49.289254, -18.401321], [-49.289265, -18.401366], [-49.289276, -18.40141], [-49.289287, -18.401455], [-49.289298, -18.4015], [-49.289309, -18.401545], [-49.289319, -18.40159], [-49.28933, -18.401634], [-49.289341, -18.401679], [-49.289352, -18.401724], [-49.289363, -18.401768], [-49.289373, -18.401813], [-49.289384, -18.401858], [-49.289394, -18.401903], [-49.289405, -18.401947], [-49.289416, -18.401992], [-49.289427, -18.402037], [-49.289438, -18.402081], [-49.289448, -18.402126], [-49.289561, -18.402713], [-49.289566, -18.402804], [-49.289568, -18.40285], [-49.289567, -18.402942], [-49.289565, -18.402988], [-49.289562, -18.403034], [-49.289559, -18.403079], [-49.289547, -18.40317], [-49.28954, -18.403216], [-49.289532, -18.403261], [-49.289523, -18.403306], [-49.289501, -18.403396], [-49.289488, -18.40344], [-49.289461, -18.403528], [-49.28921, -18.404073], [-49.289189, -18.404114], [-49.289168, -18.404156], [-49.289147, -18.404197], [-49.289125, -18.404238], [-49.289104, -18.404279], [-49.289083, -18.40432], [-49.289061, -18.404361], [-49.28904, -18.404403], [-49.289019, -18.404444], [-49.288998, -18.404485], [-49.288976, -18.404526], [-49.288956, -18.404567], [-49.288934, -18.404609], [-49.288892, -18.404691], [-49.28887, -18.404732], [-49.288849, -18.404773], [-49.288828, -18.404814], [-49.288807, -18.404856], [-49.288785, -18.404897], [-49.288743, -18.404979], [-49.288721, -18.40502], [-49.288701, -18.405062], [-49.288679, -18.405103], [-49.288658, -18.405144], [-49.288637, -18.405185], [-49.288615, -18.405226], [-49.288594, -18.405267], [-49.288573, -18.405309], [-49.288552, -18.40535], [-49.28853, -18.405391], [-49.288509, -18.405432], [-49.288467, -18.405514], [-49.288445, -18.405556], [-49.288424, -18.405597], [-49.288403, -18.405638], [-49.288382, -18.405679], [-49.28836, -18.40572], [-49.288339, -18.405762], [-49.288088, -18.406307], [-49.28806, -18.406395], [-49.288047, -18.406441], [-49.288036, -18.406484], [-49.288025, -18.406529], [-49.288016, -18.406573], [-49.288008, -18.406619], [-49.287994, -18.40671], [-49.287988, -18.406755], [-49.287984, -18.406801], [-49.287982, -18.406847], [-49.287978, -18.406939], [-49.287978, -18.406985], [-49.28798, -18.40703], [-49.287982, -18.407076], [-49.28799, -18.407168], [-49.288002, -18.407259], [-49.288009, -18.407304], [-49.288018, -18.407349], [-49.288027, -18.407394], [-49.288049, -18.407484], [-49.288061, -18.407528], [-49.288076, -18.407572], [-49.288091, -18.407616], [-49.288123, -18.407702], [-49.288141, -18.407745], [-49.288159, -18.407787], [-49.288179, -18.407829], [-49.288198, -18.407869], [-49.288497, -18.408341], [-49.288523, -18.40838], [-49.28855, -18.408418], [-49.288576, -18.408456], [-49.288603, -18.408495], [-49.288629, -18.408533], [-49.288656, -18.408571], [-49.288683, -18.40861], [-49.28871, -18.408648], [-49.288736, -18.408686], [-49.288763, -18.408724], [-49.288789, -18.408763], [-49.288815, -18.408801], [-49.288868, -18.408878], [-49.288895, -18.408916], [-49.288922, -18.408954], [-49.288948, -18.408992], [-49.288975, -18.409031], [-49.289001, -18.409069], [-49.289304, -18.409537], [-49.289347, -18.409619], [-49.289386, -18.409702], [-49.289405, -18.409745], [-49.289441, -18.40983], [-49.289458, -18.409873], [-49.289474, -18.409916], [-49.289624, -18.410448], [-49.289657, -18.410582], [-49.289668, -18.410626], [-49.289679, -18.410671], [-49.28969, -18.410716], [-49.289701, -18.41076], [-49.289712, -18.410805], [-49.289723, -18.41085], [-49.289734, -18.410895], [-49.289746, -18.410939], [-49.289756, -18.410984], [-49.289767, -18.411029], [-49.289778, -18.411073], [-49.28979, -18.411118], [-49.289812, -18.411207], [-49.289834, -18.411297], [-49.289845, -18.411341], [-49.289856, -18.411386], [-49.289867, -18.411431], [-49.289878, -18.411476], [-49.289889, -18.41152], [-49.2899, -18.411565], [-49.289911, -18.41161], [-49.289922, -18.411654], [-49.289933, -18.411699], [-49.289944, -18.411744], [-49.289955, -18.411788], [-49.289966, -18.411833], [-49.289977, -18.411878], [-49.289988, -18.411922], [-49.289999, -18.411967], [-49.290011, -18.412012], [-49.290021, -18.412057], [-49.290033, -18.412101], [-49.290043, -18.412146], [-49.290055, -18.412191], [-49.290066, -18.412235], [-49.290077, -18.41228], [-49.290088, -18.412325], [-49.290099, -18.412369], [-49.29011, -18.412414], [-49.290121, -18.412459], [-49.290132, -18.412503], [-49.290143, -18.412547], [-49.290154, -18.412592], [-49.290165, -18.412637], [-49.290176, -18.412681], [-49.290187, -18.412726], [-49.290198, -18.412771], [-49.290209, -18.412816], [-49.290231, -18.412905], [-49.290242, -18.41295], [-49.290264, -18.413039], [-49.290286, -18.413128], [-49.290297, -18.413173], [-49.290308, -18.413218], [-49.290432, -18.413803], [-49.290443, -18.413894], [-49.290451, -18.413985], [-49.290457, -18.414077], [-49.29046, -18.414169], [-49.29046, -18.41426], [-49.290458, -18.414352], [-49.290456, -18.414397], [-49.290452, -18.414444], [-49.290449, -18.41449], [-49.290444, -18.414536], [-49.290439, -18.414581], [-49.290433, -18.414627], [-49.290427, -18.414672], [-49.290419, -18.414718], [-49.290412, -18.414763], [-49.290402, -18.414808], [-49.290394, -18.414853], [-49.290383, -18.414898], [-49.290373, -18.414942], [-49.290361, -18.414987], [-49.290349, -18.415031], [-49.290337, -18.415076], [-49.290323, -18.41512], [-49.290309, -18.415164], [-49.290294, -18.415208], [-49.290279, -18.415251], [-49.290263, -18.415294], [-49.290247, -18.415337], [-49.290229, -18.41538], [-49.290211, -18.415423], [-49.290192, -18.415465], [-49.290173, -18.415509], [-49.290112, -18.41563], [-49.290068, -18.415712], [-49.290021, -18.415792], [-49.289675, -18.416289], [-49.289647, -18.416327], [-49.289619, -18.416364], [-49.289591, -18.416401], [-49.289564, -18.416439], [-49.289536, -18.416476], [-49.289507, -18.416513], [-49.28948, -18.416551], [-49.289452, -18.416588], [-49.289424, -18.416626], [-49.289396, -18.416663], [-49.289368, -18.4167], [-49.28934, -18.416738], [-49.289312, -18.416775], [-49.289284, -18.416812], [-49.289257, -18.41685], [-49.289229, -18.416887], [-49.289201, -18.416925], [-49.289173, -18.416962], [-49.289145, -18.417], [-49.289117, -18.417037], [-49.289089, -18.417074], [-49.289061, -18.417112], [-49.289033, -18.417149], [-49.289006, -18.417186], [-49.288978, -18.417223], [-49.28895, -18.417261], [-49.288894, -18.417335], [-49.288867, -18.417373], [-49.288839, -18.41741], [-49.28881, -18.417448], [-49.288783, -18.417485], [-49.288755, -18.417523], [-49.288727, -18.41756], [-49.288699, -18.417597], [-49.288671, -18.417635], [-49.288643, -18.417672], [-49.288615, -18.41771], [-49.288587, -18.417747], [-49.28856, -18.417785], [-49.288532, -18.417822], [-49.288504, -18.417859], [-49.288476, -18.417897], [-49.288448, -18.417934], [-49.288392, -18.418009], [-49.288364, -18.418046], [-49.288309, -18.418121], [-49.28828, -18.418158], [-49.288253, -18.418196], [-49.288225, -18.418233], [-49.288197, -18.418271], [-49.288169, -18.418308], [-49.288141, -18.418345], [-49.288113, -18.418383], [-49.288085, -18.41842], [-49.288057, -18.418458], [-49.28803, -18.418495], [-49.288002, -18.418533], [-49.287974, -18.41857], [-49.287946, -18.418607], [-49.287918, -18.418645], [-49.28789, -18.418682], [-49.287862, -18.41872], [-49.287834, -18.418757], [-49.287806, -18.418794], [-49.287779, -18.418832], [-49.287751, -18.418869], [-49.287695, -18.418944], [-49.287667, -18.418981], [-49.287639, -18.419019], [-49.287611, -18.419056], [-49.287583, -18.419093], [-49.287556, -18.419131], [-49.287528, -18.419168], [-49.2875, -18.419205], [-49.287472, -18.419243], [-49.287444, -18.41928], [-49.287416, -18.419317], [-49.287389, -18.419355], [-49.28736, -18.419392], [-49.287333, -18.41943], [-49.287305, -18.419467], [-49.287277, -18.419504], [-49.287249, -18.419542], [-49.287221, -18.419579], [-49.287193, -18.419616], [-49.287165, -18.419654], [-49.287137, -18.419691], [-49.287109, -18.419729], [-49.287082, -18.419766], [-49.287054, -18.419804], [-49.287026, -18.419841], [-49.286998, -18.419878], [-49.28697, -18.419916], [-49.286942, -18.419953], [-49.286914, -18.419991], [-49.286886, -18.420028], [-49.286859, -18.420066], [-49.28683, -18.420103], [-49.286802, -18.42014], [-49.286775, -18.420178], [-49.286747, -18.420215], [-49.286719, -18.420252], [-49.286691, -18.42029], [-49.286663, -18.420327], [-49.286635, -18.420365], [-49.286607, -18.420402], [-49.286579, -18.420439], [-49.286552, -18.420477], [-49.286495, -18.420552], [-49.286468, -18.420589], [-49.286413, -18.420663], [-49.286385, -18.420701], [-49.286357, -18.420738], [-49.286329, -18.420776], [-49.286301, -18.420813], [-49.286273, -18.42085], [-49.286245, -18.420888], [-49.286218, -18.420925], [-49.28619, -18.420962], [-49.286161, -18.421], [-49.286134, -18.421037], [-49.286106, -18.421075], [-49.286078, -18.421112], [-49.28605, -18.421149], [-49.286022, -18.421187], [-49.285994, -18.421224], [-49.285966, -18.421262], [-49.285939, -18.421299], [-49.285883, -18.421374], [-49.285855, -18.421411], [-49.285827, -18.421449], [-49.285799, -18.421486], [-49.285771, -18.421523], [-49.285743, -18.421561], [-49.285715, -18.421598], [-49.285687, -18.421635], [-49.28566, -18.421673], [-49.285632, -18.42171], [-49.285604, -18.421747], [-49.285576, -18.421785], [-49.285548, -18.421822], [-49.285521, -18.42186], [-49.285492, -18.421897], [-49.285465, -18.421935], [-49.285436, -18.421972], [-49.285409, -18.422009], [-49.285381, -18.422047], [-49.285353, -18.422084], [-49.285325, -18.422122], [-49.285297, -18.422159], [-49.285269, -18.422196], [-49.285241, -18.422233], [-49.285213, -18.422271], [-49.285186, -18.422308], [-49.285158, -18.422346], [-49.28513, -18.422383], [-49.285102, -18.42242], [-49.285074, -18.422458], [-49.285046, -18.422495], [-49.285018, -18.422533], [-49.28499, -18.42257], [-49.284963, -18.422608], [-49.284934, -18.422645], [-49.284907, -18.422682], [-49.284879, -18.42272], [-49.284823, -18.422795], [-49.284795, -18.422832], [-49.284767, -18.422869], [-49.284739, -18.422906], [-49.284712, -18.422944], [-49.284683, -18.422981], [-49.284656, -18.423019], [-49.284628, -18.423056], [-49.284248, -18.423529], [-49.284183, -18.423597], [-49.284115, -18.423662], [-49.284045, -18.423725], [-49.284009, -18.423757], [-49.283973, -18.423786], [-49.283937, -18.423816], [-49.283899, -18.423845], [-49.283861, -18.423873], [-49.283823, -18.423901], [-49.283295, -18.424221], [-49.283254, -18.424244], [-49.283213, -18.424268], [-49.283171, -18.424291], [-49.28313, -18.424314], [-49.283047, -18.424361], [-49.283006, -18.424385], [-49.282964, -18.424408], [-49.282882, -18.424455], [-49.28284, -18.424478], [-49.282799, -18.424502], [-49.282758, -18.424525], [-49.282716, -18.424548], [-49.282675, -18.424572], [-49.282634, -18.424595], [-49.282592, -18.424619], [-49.282551, -18.424642], [-49.28251, -18.424665], [-49.282468, -18.424689], [-49.282427, -18.424712], [-49.282385, -18.424735], [-49.282344, -18.424759], [-49.282303, -18.424783], [-49.282261, -18.424806], [-49.28222, -18.424829], [-49.282178, -18.424852], [-49.282137, -18.424876], [-49.282095, -18.4249], [-49.282054, -18.424922], [-49.282013, -18.424946], [-49.281971, -18.42497], [-49.28193, -18.424993], [-49.281889, -18.425016], [-49.281847, -18.42504], [-49.281765, -18.425087], [-49.281724, -18.42511], [-49.281682, -18.425134], [-49.281641, -18.425157], [-49.281599, -18.42518], [-49.281558, -18.425204], [-49.281517, -18.425227], [-49.281434, -18.425274], [-49.281393, -18.425297], [-49.281351, -18.425321], [-49.28131, -18.425344], [-49.281268, -18.425367], [-49.281186, -18.425414], [-49.281144, -18.425438], [-49.281062, -18.425484], [-49.28102, -18.425508], [-49.280979, -18.425531], [-49.280937, -18.425554], [-49.280896, -18.425578], [-49.280855, -18.425601], [-49.280813, -18.425625], [-49.280772, -18.425648], [-49.280731, -18.425671], [-49.280689, -18.425695], [-49.280648, -18.425718], [-49.280606, -18.425742], [-49.280565, -18.425765], [-49.280524, -18.425788], [-49.280441, -18.425835], [-49.2804, -18.425858], [-49.280358, -18.425882], [-49.280317, -18.425905], [-49.280234, -18.425952], [-49.280193, -18.425975], [-49.280151, -18.425999], [-49.28011, -18.426022], [-49.280069, -18.426046], [-49.280027, -18.426069], [-49.279986, -18.426092], [-49.279944, -18.426116], [-49.279903, -18.426139], [-49.279862, -18.426162], [-49.27982, -18.426186], [-49.279779, -18.426209], [-49.279738, -18.426233], [-49.279696, -18.426256], [-49.279655, -18.426279], [-49.279613, -18.426303], [-49.279572, -18.426326], [-49.279531, -18.42635], [-49.279489, -18.426373], [-49.279448, -18.426396], [-49.279407, -18.42642], [-49.279365, -18.426443], [-49.279158, -18.42656], [-49.279117, -18.426583], [-49.279034, -18.42663], [-49.278993, -18.426653], [-49.278786, -18.42677], [-49.278745, -18.426794], [-49.278703, -18.426817], [-49.278662, -18.426841], [-49.27862, -18.426864], [-49.278496, -18.426934], [-49.278414, -18.426981], [-49.278372, -18.427004], [-49.278289, -18.427051], [-49.278248, -18.427074], [-49.278207, -18.427098], [-49.278165, -18.427121], [-49.278124, -18.427145], [-49.278083, -18.427168], [-49.278041, -18.427191], [-49.278, -18.427215], [-49.277917, -18.427261], [-49.277876, -18.427285], [-49.277834, -18.427308], [-49.277793, -18.427332], [-49.277752, -18.427355], [-49.27771, -18.427378], [-49.277503, -18.427495], [-49.277462, -18.427519], [-49.277421, -18.427542], [-49.277255, -18.427636], [-49.277214, -18.427659], [-49.277172, -18.427682], [-49.277131, -18.427706], [-49.277048, -18.427752], [-49.277007, -18.427776], [-49.276965, -18.427799], [-49.276924, -18.427823], [-49.276883, -18.427846], [-49.276841, -18.427869], [-49.276758, -18.427916], [-49.276717, -18.42794], [-49.276676, -18.427963], [-49.276634, -18.427986], [-49.276593, -18.42801], [-49.276552, -18.428033], [-49.27651, -18.428056], [-49.276469, -18.42808], [-49.276427, -18.428103], [-49.276386, -18.428127], [-49.276345, -18.42815], [-49.276303, -18.428173], [-49.276262, -18.428197], [-49.276179, -18.428243], [-49.276097, -18.42829], [-49.276055, -18.428313], [-49.276014, -18.428337], [-49.275973, -18.42836], [-49.275931, -18.428384], [-49.27589, -18.428407], [-49.275849, -18.42843], [-49.275807, -18.428454], [-49.275766, -18.428477], [-49.275724, -18.428501], [-49.275683, -18.428524], [-49.275642, -18.428547], [-49.2756, -18.428571], [-49.275559, -18.428594], [-49.275517, -18.428617], [-49.275476, -18.428641], [-49.275435, -18.428664], [-49.275393, -18.428688], [-49.275352, -18.428711], [-49.27531, -18.428734], [-49.275269, -18.428757], [-49.275228, -18.428781], [-49.2747, -18.429101], [-49.274662, -18.429129], [-49.274624, -18.429157], [-49.274587, -18.429186], [-49.27455, -18.429215], [-49.274514, -18.429246], [-49.274478, -18.429276], [-49.274444, -18.429306], [-49.274408, -18.429339], [-49.274341, -18.429405], [-49.274275, -18.429472], [-49.274212, -18.429541], [-49.274181, -18.429577], [-49.274152, -18.429613], [-49.274123, -18.42965], [-49.274095, -18.429686], [-49.274066, -18.429724], [-49.274039, -18.429762], [-49.274012, -18.4298], [-49.273986, -18.429838], [-49.273962, -18.429878], [-49.273937, -18.429917], [-49.273913, -18.429957], [-49.27389, -18.429997], [-49.273868, -18.430038], [-49.273825, -18.43012], [-49.273786, -18.430204], [-49.273749, -18.430289], [-49.273731, -18.430333], [-49.273716, -18.430375], [-49.2737, -18.430418], [-49.273685, -18.430462], [-49.273671, -18.430506], [-49.273658, -18.43055], [-49.273645, -18.430594], [-49.273633, -18.430638], [-49.273622, -18.430683], [-49.273612, -18.430728], [-49.273535, -18.431274], [-49.27353, -18.431319], [-49.273525, -18.431365], [-49.27352, -18.43141], [-49.273515, -18.431456], [-49.27351, -18.431502], [-49.2735, -18.431593], [-49.273496, -18.431639], [-49.273491, -18.431685], [-49.273486, -18.43173], [-49.273481, -18.431776], [-49.273476, -18.431822], [-49.273471, -18.431867], [-49.273466, -18.431913], [-49.273462, -18.431959], [-49.273457, -18.432004], [-49.273452, -18.43205], [-49.273447, -18.432095], [-49.273442, -18.432141], [-49.273437, -18.432187], [-49.273432, -18.432233], [-49.273428, -18.432278], [-49.273422, -18.432324], [-49.273418, -18.432369], [-49.273413, -18.432415], [-49.273408, -18.432461], [-49.273403, -18.432507], [-49.273398, -18.432552], [-49.273393, -18.432598], [-49.273389, -18.432643], [-49.273383, -18.432689], [-49.273379, -18.432735], [-49.273374, -18.43278], [-49.273369, -18.432826], [-49.273364, -18.432872], [-49.273359, -18.432917], [-49.273354, -18.432963], [-49.27335, -18.433009], [-49.273345, -18.433054], [-49.27333, -18.433191], [-49.273325, -18.433237], [-49.27332, -18.433283], [-49.273315, -18.433328], [-49.273311, -18.433374], [-49.273306, -18.43342], [-49.273301, -18.433465], [-49.273296, -18.433511], [-49.273291, -18.433557], [-49.273286, -18.433602], [-49.273281, -18.433648], [-49.273277, -18.433694], [-49.273266, -18.433784], [-49.273261, -18.43383], [-49.273252, -18.433921], [-49.273247, -18.433967], [-49.273242, -18.434013], [-49.273237, -18.434058], [-49.273232, -18.434104], [-49.273227, -18.43415], [-49.273222, -18.434195], [-49.273213, -18.434287], [-49.273203, -18.434378], [-49.273198, -18.434424], [-49.273193, -18.434469], [-49.273188, -18.434515], [-49.273178, -18.434606], [-49.273174, -18.434652], [-49.273164, -18.434743], [-49.273154, -18.434835], [-49.273149, -18.43488], [-49.273144, -18.434926], [-49.273139, -18.434972], [-49.273135, -18.435017], [-49.273125, -18.435109], [-49.273115, -18.4352], [-49.27311, -18.435246], [-49.273105, -18.435291], [-49.2731, -18.435337], [-49.273091, -18.435428], [-49.273081, -18.435519], [-49.273076, -18.435565], [-49.273066, -18.435656], [-49.273061, -18.435702], [-49.273056, -18.435748], [-49.273052, -18.435794], [-49.273047, -18.43584], [-49.273042, -18.435885], [-49.273037, -18.435931], [-49.273032, -18.435977], [-49.273027, -18.436022], [-49.273022, -18.436068], [-49.273017, -18.436114], [-49.273013, -18.436159], [-49.273008, -18.436205], [-49.272998, -18.436296], [-49.272988, -18.436388], [-49.272983, -18.436433], [-49.272978, -18.436479], [-49.272974, -18.436525], [-49.272969, -18.43657], [-49.272964, -18.436616], [-49.272959, -18.436662], [-49.272954, -18.436707], [-49.272949, -18.436753], [-49.272944, -18.436799], [-49.272939, -18.436844], [-49.272935, -18.43689], [-49.27293, -18.436936], [-49.272925, -18.436981], [-49.27292, -18.437027], [-49.272915, -18.437073], [-49.27291, -18.437118], [-49.272905, -18.437164], [-49.2729, -18.43721], [-49.272896, -18.437255], [-49.272891, -18.437301], [-49.272886, -18.437347], [-49.272881, -18.437392], [-49.272876, -18.437438], [-49.272871, -18.437484], [-49.272866, -18.437529], [-49.272861, -18.437575], [-49.272837, -18.437803], [-49.272832, -18.437849], [-49.272827, -18.437894], [-49.272818, -18.437986], [-49.272813, -18.438031], [-49.272808, -18.438077], [-49.272803, -18.438123], [-49.272798, -18.438168], [-49.272793, -18.438214], [-49.272788, -18.43826], [-49.272783, -18.438305], [-49.272779, -18.438351], [-49.272769, -18.438442], [-49.272764, -18.438488], [-49.272759, -18.438534], [-49.272754, -18.438579], [-49.272749, -18.438625], [-49.272744, -18.438671], [-49.27274, -18.438716], [-49.272735, -18.438762], [-49.272725, -18.438853], [-49.27272, -18.438899], [-49.27271, -18.43899], [-49.272705, -18.439036], [-49.272701, -18.439082], [-49.272696, -18.439127], [-49.272691, -18.439173], [-49.272686, -18.439219], [-49.272681, -18.439264], [-49.272662, -18.439447], [-49.272657, -18.439492], [-49.272652, -18.439538], [-49.272647, -18.439584], [-49.272637, -18.439675], [-49.272628, -18.439766], [-49.272623, -18.439812], [-49.272618, -18.439858], [-49.272613, -18.439903], [-49.272609, -18.439949], [-49.272604, -18.439995], [-49.272575, -18.440269], [-49.27257, -18.440314], [-49.272565, -18.44036], [-49.272555, -18.440451], [-49.27255, -18.440497], [-49.27254, -18.440588], [-49.272536, -18.440634], [-49.272531, -18.44068], [-49.272526, -18.440725], [-49.272521, -18.440771], [-49.272516, -18.440817], [-49.272511, -18.440862], [-49.272502, -18.440954], [-49.272497, -18.440999], [-49.272492, -18.441045], [-49.272477, -18.441182], [-49.272472, -18.441227], [-49.272468, -18.441273], [-49.272438, -18.441547], [-49.272433, -18.441593], [-49.272428, -18.441638], [-49.272423, -18.441684], [-49.272419, -18.44173], [-49.272414, -18.441775], [-49.272409, -18.441821], [-49.272404, -18.441867], [-49.272399, -18.441912], [-49.272395, -18.441958], [-49.27239, -18.442004], [-49.272385, -18.442049], [-49.27238, -18.442095], [-49.272375, -18.442141], [-49.272365, -18.442232], [-49.27236, -18.442278], [-49.27235, -18.442369], [-49.272345, -18.442415], [-49.27234, -18.44246], [-49.272335, -18.442506], [-49.272326, -18.442597], [-49.272321, -18.442643], [-49.272317, -18.442689], [-49.272312, -18.442734], [-49.272307, -18.44278], [-49.272292, -18.442917], [-49.272277, -18.443054], [-49.272272, -18.443099], [-49.272267, -18.443145], [-49.272262, -18.443191], [-49.272258, -18.443236], [-49.272248, -18.443328], [-49.272243, -18.443373], [-49.272238, -18.443419], [-49.272233, -18.443465], [-49.272229, -18.44351], [-49.272224, -18.443556], [-49.272219, -18.443602], [-49.272214, -18.443647], [-49.272204, -18.443739], [-49.272194, -18.44383], [-49.27219, -18.443876], [-49.272185, -18.443921], [-49.27218, -18.443967], [-49.272175, -18.444013], [-49.272165, -18.444104], [-49.27216, -18.44415], [-49.272155, -18.444195], [-49.27215, -18.444241], [-49.272145, -18.444287], [-49.272141, -18.444332], [-49.272136, -18.444378], [-49.272131, -18.444423], [-49.272126, -18.444469], [-49.272121, -18.444515], [-49.272117, -18.444561], [-49.272112, -18.444606], [-49.272107, -18.444652], [-49.272102, -18.444697], [-49.272097, -18.444743], [-49.272087, -18.444834], [-49.272082, -18.44488], [-49.272077, -18.444926], [-49.272072, -18.444971], [-49.272058, -18.445108], [-49.272053, -18.445154], [-49.272047, -18.4452], [-49.272042, -18.445245], [-49.272037, -18.445291], [-49.272026, -18.445382], [-49.272021, -18.445428], [-49.272015, -18.445473], [-49.27201, -18.445519], [-49.272004, -18.445564], [-49.271998, -18.44561], [-49.271992, -18.445656], [-49.271986, -18.445701], [-49.27198, -18.445747], [-49.271974, -18.445792], [-49.271968, -18.445838], [-49.271962, -18.445883], [-49.271956, -18.445929], [-49.271949, -18.445974], [-49.271936, -18.446065], [-49.27193, -18.44611], [-49.271923, -18.446156], [-49.27191, -18.446247], [-49.271903, -18.446292], [-49.271896, -18.446338], [-49.271889, -18.446383], [-49.271882, -18.446429], [-49.271875, -18.446474], [-49.271852, -18.44661], [-49.271845, -18.446655], [-49.271837, -18.446701], [-49.27183, -18.446746], [-49.271822, -18.446791], [-49.271814, -18.446837], [-49.271806, -18.446882], [-49.271798, -18.446927], [-49.27179, -18.446972], [-49.271782, -18.447018], [-49.271766, -18.447108], [-49.271757, -18.447153], [-49.271749, -18.447199], [-49.27174, -18.447244], [-49.271732, -18.447289], [-49.271723, -18.447334], [-49.271715, -18.447379], [-49.271706, -18.447424], [-49.271697, -18.447469], [-49.271688, -18.447514], [-49.271679, -18.44756], [-49.27167, -18.447605], [-49.271661, -18.44765], [-49.271652, -18.447695], [-49.271642, -18.44774], [-49.271633, -18.447785], [-49.271624, -18.44783], [-49.271615, -18.447875], [-49.271606, -18.44792], [-49.271597, -18.447965], [-49.271587, -18.44801], [-49.271578, -18.448055], [-49.271569, -18.4481], [-49.27156, -18.448145], [-49.271551, -18.44819], [-49.271541, -18.448235], [-49.271532, -18.44828], [-49.271523, -18.448326], [-49.271514, -18.448371], [-49.271496, -18.448461], [-49.271486, -18.448506], [-49.271477, -18.448551], [-49.271468, -18.448596], [-49.271459, -18.448641], [-49.27145, -18.448686], [-49.27144, -18.448731], [-49.271431, -18.448776], [-49.271422, -18.448821], [-49.271413, -18.448866], [-49.271404, -18.448911], [-49.271395, -18.448956], [-49.271385, -18.449001], [-49.271376, -18.449046], [-49.271367, -18.449091], [-49.271358, -18.449136], [-49.271349, -18.449182], [-49.271339, -18.449227], [-49.27133, -18.449272], [-49.271321, -18.449317], [-49.271312, -18.449362], [-49.271293, -18.449452], [-49.271284, -18.449497], [-49.271275, -18.449542], [-49.271266, -18.449587], [-49.271257, -18.449632], [-49.271248, -18.449677], [-49.271238, -18.449722], [-49.271229, -18.449767], [-49.27122, -18.449812], [-49.271211, -18.449857], [-49.271202, -18.449902], [-49.271192, -18.449947], [-49.271174, -18.450038], [-49.271165, -18.450083], [-49.271147, -18.450173], [-49.271137, -18.450218], [-49.271119, -18.450308], [-49.27111, -18.450353], [-49.271101, -18.450398], [-49.271091, -18.450443], [-49.271082, -18.450488], [-49.271073, -18.450533], [-49.271064, -18.450578], [-49.271055, -18.450623], [-49.271046, -18.450668], [-49.271036, -18.450713], [-49.271027, -18.450758], [-49.271018, -18.450803], [-49.271009, -18.450848], [-49.271, -18.450894], [-49.27099, -18.450939], [-49.270981, -18.450984], [-49.270972, -18.451029], [-49.270963, -18.451074], [-49.270954, -18.451119], [-49.270945, -18.451164], [-49.270935, -18.451209], [-49.270926, -18.451254], [-49.270917, -18.451299], [-49.270908, -18.451344], [-49.270899, -18.451389], [-49.270889, -18.451434], [-49.27088, -18.451479], [-49.270871, -18.451524], [-49.270862, -18.451569], [-49.270853, -18.451614], [-49.270843, -18.451659], [-49.270834, -18.451704], [-49.270825, -18.45175], [-49.270816, -18.451795], [-49.270807, -18.45184], [-49.270798, -18.451885], [-49.270788, -18.45193], [-49.27077, -18.45202], [-49.270761, -18.452065], [-49.270752, -18.45211], [-49.270742, -18.452155], [-49.270733, -18.4522], [-49.270715, -18.45229], [-49.270706, -18.452334], [-49.270696, -18.45238], [-49.270688, -18.452425], [-49.270678, -18.45247], [-49.270669, -18.452515], [-49.27066, -18.45256], [-49.27065, -18.452605], [-49.270642, -18.45265], [-49.270632, -18.452695], [-49.270623, -18.45274], [-49.270614, -18.452785], [-49.270605, -18.45283], [-49.270595, -18.452875], [-49.270586, -18.45292], [-49.270577, -18.452965], [-49.270568, -18.45301], [-49.270559, -18.453056], [-49.27055, -18.453101], [-49.270541, -18.453146], [-49.270531, -18.45319], [-49.270522, -18.453236], [-49.270513, -18.45328], [-49.270504, -18.453326], [-49.270495, -18.453371], [-49.270485, -18.453416], [-49.270476, -18.453461], [-49.270467, -18.453506], [-49.270457, -18.453551], [-49.270449, -18.453596], [-49.270439, -18.453641], [-49.27043, -18.453686], [-49.270421, -18.453731], [-49.270412, -18.453776], [-49.270403, -18.453821], [-49.270393, -18.453866], [-49.270384, -18.453911], [-49.270375, -18.453957], [-49.270366, -18.454002], [-49.270348, -18.454092], [-49.270338, -18.454136], [-49.270329, -18.454182], [-49.27032, -18.454227], [-49.270311, -18.454272], [-49.270302, -18.454317], [-49.270292, -18.454362], [-49.270283, -18.454407], [-49.270274, -18.454452], [-49.270265, -18.454497], [-49.270256, -18.454542], [-49.270246, -18.454587], [-49.270237, -18.454632], [-49.270108, -18.455169], [-49.270094, -18.455213], [-49.270079, -18.455256], [-49.270063, -18.4553], [-49.270046, -18.455343], [-49.270011, -18.455428], [-49.269991, -18.455471], [-49.269972, -18.455512], [-49.269952, -18.455553], [-49.269931, -18.455595], [-49.269909, -18.455636], [-49.269578, -18.456142], [-49.269551, -18.45618], [-49.269524, -18.456218], [-49.269497, -18.456256], [-49.269471, -18.456294], [-49.269443, -18.456332], [-49.269416, -18.456369], [-49.26939, -18.456408], [-49.269362, -18.456446], [-49.269335, -18.456484], [-49.269309, -18.456522], [-49.269281, -18.456559], [-49.269255, -18.456598], [-49.269228, -18.456636], [-49.269201, -18.456674], [-49.269174, -18.456712], [-49.269147, -18.45675], [-49.269093, -18.456826], [-49.269065, -18.456864], [-49.269039, -18.456902], [-49.269012, -18.45694], [-49.268985, -18.456978], [-49.268958, -18.457016], [-49.268931, -18.457054], [-49.268904, -18.457092], [-49.268877, -18.45713], [-49.26885, -18.457167], [-49.268823, -18.457206], [-49.268796, -18.457244], [-49.268769, -18.457282], [-49.268742, -18.45732], [-49.268715, -18.457358], [-49.268689, -18.457396], [-49.268661, -18.457434], [-49.268634, -18.457472], [-49.268608, -18.45751], [-49.26858, -18.457548], [-49.268553, -18.457586], [-49.268527, -18.457624], [-49.268499, -18.457662], [-49.268473, -18.4577], [-49.268445, -18.457738], [-49.268419, -18.457776], [-49.268392, -18.457814], [-49.268365, -18.457852], [-49.268338, -18.45789], [-49.268311, -18.457928], [-49.268284, -18.457966], [-49.268257, -18.458004], [-49.268204, -18.45808], [-49.268177, -18.458118], [-49.26815, -18.458156], [-49.268069, -18.45827], [-49.268042, -18.458308], [-49.268015, -18.458346], [-49.267988, -18.458384], [-49.267961, -18.458422], [-49.267773, -18.458688], [-49.267746, -18.458726], [-49.267719, -18.458764], [-49.267665, -18.45884], [-49.267638, -18.458878], [-49.267611, -18.458916], [-49.267584, -18.458954], [-49.267557, -18.458992], [-49.26753, -18.45903], [-49.267503, -18.459068], [-49.267476, -18.459106], [-49.267449, -18.459144], [-49.267395, -18.45922], [-49.267368, -18.459258], [-49.267341, -18.459296], [-49.267287, -18.459372], [-49.267261, -18.45941], [-49.267207, -18.459486], [-49.26718, -18.459524], [-49.267153, -18.459562], [-49.267126, -18.4596], [-49.267099, -18.459638], [-49.267072, -18.459676], [-49.267045, -18.459714], [-49.267018, -18.459752], [-49.266964, -18.459828], [-49.266937, -18.459866], [-49.26691, -18.459904], [-49.266883, -18.459942], [-49.266856, -18.45998], [-49.266802, -18.460056], [-49.266775, -18.460095], [-49.266748, -18.460133], [-49.266721, -18.460171], [-49.266694, -18.460209], [-49.266667, -18.460247], [-49.26664, -18.460285], [-49.266587, -18.460361], [-49.26656, -18.460399], [-49.266533, -18.460437], [-49.266506, -18.460475], [-49.266478, -18.460513], [-49.266418, -18.460596]]]}, "properties": {"fid": 21, "sre": "TRE0016", "EXT_KM": null, "GEOCOD": "TRE0016", "trecho": "Entr. GO-206 / Entr. GO-309", "rodovia": "VICINAL", "situacao": null, "principal": null}}, {"type": "Feature", "geometry": {"type": "MultiLineString", "coordinates": [[[-46.341742, -14.078948], [-46.337846, -14.078221], [-46.334501, -14.077593], [-46.333321, -14.07735], [-46.295727, -14.086521]]]}, "properties": {"fid": 23, "sre": "TRE0039", "EXT_KM": null, "GEOCOD": "TRE0039", "trecho": "Entr. GO-108 (Posse) / Entr. BR-349", "rodovia": "VICINAL", "situacao": null, "principal": null}}, {"type": "Feature", "geometry": {"type": "MultiLineString", "coordinates": [[[-48.766663, -17.827298], [-48.991454, -17.83449]]]}, "properties": {"fid": 24, "sre": "TRE0040", "EXT_KM": null, "GEOCOD": "TRE0040", "trecho": "Entr. GO-147 / Entr. GO-507", "rodovia": "VICINAL", "situacao": null, "principal": null}}, {"type": "Feature", "geometry": {"type": "MultiLineString", "coordinates": [[[-48.811418, -17.921176], [-48.775523, -17.872552]]]}, "properties": {"fid": 25, "sre": "TRE0033", "EXT_KM": null, "GEOCOD": "TRE0033", "trecho": "Entr. GO-443/507 / Ponte Ribeirão Formiga", "rodovia": "VICINAL", "situacao": null, "principal": null}}, {"type": "Feature", "geometry": {"type": "MultiLineString", "coordinates": [[[-49.666448, -14.247939], [-49.436772, -14.214697]]]}, "properties": {"fid": 36, "sre": "TRE0024", "EXT_KM": null, "GEOCOD": "TRE0024", "trecho": "Entr. GO-154 / Entr. BR-080", "rodovia": "VICINAL", "situacao": null, "principal": null}}, {"type": "Feature", "geometry": {"type": "MultiLineString", "coordinates": [[[-51.178564, -15.646446], [-51.227261, -15.669806], [-51.23822, -15.675061], [-51.242899, -15.677304], [-51.24605, -15.677301], [-51.273705, -15.658541], [-51.275341, -15.658539], [-51.278093, -15.657527], [-51.279876, -15.655964], [-51.280716, -15.65361], [-51.319961, -15.624249], [-51.324364, -15.622759], [-51.32877, -15.622752], [-51.344586, -15.611165], [-51.351875, -15.605824], [-51.360366, -15.602202], [-51.369427, -15.59922], [-51.376702, -15.597662], [-51.384761, -15.595935], [-51.389591, -15.593991], [-51.406853, -15.571768], [-51.410116, -15.567566], [-51.41565, -15.565103], [-51.425001, -15.562171], [-51.434908, -15.559064], [-51.44067, -15.557257], [-51.443493, -15.552982], [-51.447984, -15.543741], [-51.451539, -15.536423], [-51.452198, -15.532325], [-51.452188, -15.527818], [-51.452764, -15.524875], [-51.456956, -15.521316], [-51.459638, -15.519039], [-51.471914, -15.493952], [-51.475999, -15.485181], [-51.480753, -15.47983], [-51.484171, -15.475982], [-51.487755, -15.47409], [-51.494175, -15.472872], [-51.499646, -15.47286], [-51.507645, -15.473524], [-51.52, -15.475784], [-51.523642, -15.47645], [-51.52489, -15.475652], [-51.525445, -15.465289], [-51.525973, -15.44395], [-51.525205, -15.434938], [-51.524754, -15.429651], [-51.52559, -15.425943], [-51.531007, -15.420797], [-51.535563, -15.416469], [-51.536418, -15.412757], [-51.535172, -15.403417], [-51.532822, -15.385687], [-51.532548, -15.383616], [-51.515271, -15.359666], [-51.504913, -15.345304], [-51.503838, -15.340504], [-51.494925, -15.286441]]]}, "properties": {"fid": 5, "sre": "TRE0005", "EXT_KM": 70.77, "GEOCOD": "TRE0005", "trecho": "Entr. BR-173 / Entr. GO-528 (Vicinal - Rodovia do Boi)", "rodovia": "VICINAL", "situacao": null, "principal": "s"}}, {"type": "Feature", "geometry": {"type": "MultiLineString", "coordinates": [[[-49.375863, -15.95415], [-49.343044, -16.097763]]]}, "properties": {"fid": 38, "sre": "TRE0026", "EXT_KM": null, "GEOCOD": "TRE0026", "trecho": "Entr. GO-330 (Petrolina) / Entr. GO-529 (Jesúpolis)", "rodovia": "VICINAL", "situacao": null, "principal": null}}, {"type": "Feature", "geometry": {"type": "MultiLineString", "coordinates": [[[-50.319436, -14.182174], [-50.146594, -14.06296]]]}, "properties": {"fid": 39, "sre": "TRE0027", "EXT_KM": null, "GEOCOD": "TRE0027", "trecho": "Entr. GO-336 / Nova Crixás", "rodovia": "VICINAL", "situacao": null, "principal": null}}, {"type": "Feature", "geometry": {"type": "MultiLineString", "coordinates": [[[-49.709051, -13.854016], [-49.832143, -13.651549]]]}, "properties": {"fid": 40, "sre": "TRE0032", "EXT_KM": null, "GEOCOD": "TRE0032", "trecho": "Entr. GO-241 (Bonópolis) / GO-239", "rodovia": "VICINAL", "situacao": null, "principal": null}}, {"type": "Feature", "geometry": {"type": "MultiLineString", "coordinates": [[[-48.925296, -16.225373], [-48.934969, -16.218878]]]}, "properties": {"fid": 8, "sre": "TRE0019", "EXT_KM": null, "GEOCOD": "TRE0019", "trecho": "Entr. BR-414 / Anápolis", "rodovia": "VICINAL", "situacao": null, "principal": null}}, {"type": "Feature", "geometry": {"type": "MultiLineString", "coordinates": [[[-48.752196, -15.921923], [-48.600845, -16.143589]]]}, "properties": {"fid": 9, "sre": "TRE0020", "EXT_KM": null, "GEOCOD": "TRE0020", "trecho": "Entr. GO-225 / Entr. BR-060", "rodovia": "VICINAL", "situacao": null, "principal": null}}, {"type": "Feature", "geometry": {"type": "MultiLineString", "coordinates": [[[-48.074991, -18.129414], [-47.98723, -18.080937]]]}, "properties": {"fid": 10, "sre": "TRE0029", "EXT_KM": null, "GEOCOD": "TRE0029", "trecho": "Entr. GO-330 / Entr. GO-305", "rodovia": "VICINAL", "situacao": null, "principal": null}}, {"type": "Feature", "geometry": {"type": "MultiLineString", "coordinates": [[[-49.349926, -15.320641], [-49.279944, -15.102497]]]}, "properties": {"fid": 11, "sre": "TRE0030", "EXT_KM": null, "GEOCOD": "TRE0030", "trecho": "Entr. GO-338 / Entr. GO-230", "rodovia": "VICINAL", "situacao": null, "principal": null}}, {"type": "Feature", "geometry": {"type": "MultiLineString", "coordinates": [[[-47.459558, -13.797394], [-47.82011, -14.041024], [-48.00575, -14.043553], [-48.072315, -14.069922]]]}, "properties": {"fid": 29, "sre": "TRE0028", "EXT_KM": null, "GEOCOD": "TRE0028", "trecho": "Entr. GO-241 (Cavalcante) / Entr. GO-132 (Colinas)", "rodovia": "VICINAL", "situacao": null, "principal": null}}, {"type": "Feature", "geometry": {"type": "MultiLineString", "coordinates": [[[-49.16758, -16.79166], [-49.167875, -16.792146], [-49.167916, -16.792283], [-49.167969, -16.792571], [-49.168004, -16.792962], [-49.168428, -16.796254], [-49.168876, -16.796545], [-49.16963, -16.796997], [-49.170487, -16.797425], [-49.170962, -16.797688], [-49.171127, -16.797778], [-49.171331, -16.7979], [-49.171516, -16.797994], [-49.172003, -16.798305], [-49.172158, -16.798381], [-49.172338, -16.798427], [-49.17255, -16.798471], [-49.172627, -16.798476], [-49.172728, -16.798461], [-49.172802, -16.798441], [-49.173061, -16.798361], [-49.173383, -16.798247], [-49.173731, -16.798264], [-49.173939, -16.798394], [-49.174483, -16.79871], [-49.175168, -16.799077], [-49.175645, -16.79936], [-49.17597, -16.799615], [-49.17609, -16.799718], [-49.176178, -16.799843], [-49.176312, -16.800078], [-49.176393, -16.800217], [-49.17661, -16.800546], [-49.176813, -16.800807], [-49.177082, -16.801159], [-49.177492, -16.801622], [-49.177875, -16.80197], [-49.177988, -16.802052], [-49.178156, -16.802152], [-49.178463, -16.802355], [-49.178613, -16.802391], [-49.178759, -16.802451], [-49.179664, -16.802794], [-49.179816, -16.802832], [-49.179972, -16.802874], [-49.18029, -16.803035], [-49.180404, -16.8032], [-49.180455, -16.803392], [-49.180435, -16.80373], [-49.180176, -16.804732], [-49.179775, -16.80612], [-49.17961, -16.806747], [-49.179358, -16.807467], [-49.179218, -16.807855], [-49.179098, -16.808218], [-49.178938, -16.808699], [-49.178887, -16.808889], [-49.178867, -16.808996], [-49.178872, -16.809131], [-49.178912, -16.809322], [-49.178977, -16.809452], [-49.179058, -16.809522], [-49.179239, -16.809687], [-49.179526, -16.809962], [-49.179848, -16.810256], [-49.180159, -16.810521], [-49.181844, -16.811978], [-49.182622, -16.812704], [-49.183454, -16.813604], [-49.185466, -16.815639], [-49.185784, -16.816036], [-49.186189, -16.816393], [-49.186621, -16.816625], [-49.187104, -16.81681], [-49.188224, -16.81732], [-49.18941, -16.817847], [-49.190651, -16.818334], [-49.190899, -16.818424], [-49.191178, -16.818424], [-49.191567, -16.818373], [-49.192396, -16.818169], [-49.193071, -16.81802], [-49.193574, -16.817969], [-49.194619, -16.817878], [-49.196387, -16.817768], [-49.197927, -16.8178], [-49.198901, -16.817839], [-49.199349, -16.817831], [-49.199805, -16.817886], [-49.200001, -16.817917], [-49.200178, -16.817992], [-49.200551, -16.818185], [-49.201606, -16.818731], [-49.204851, -16.820573], [-49.205314, -16.820805], [-49.206059, -16.821219]]]}, "properties": {"fid": 7, "sre": "TRE0007", "EXT_KM": 6.15, "GEOCOD": "TRE0007", "trecho": "Avenida Copacabana", "rodovia": "VICINAL", "situacao": null, "principal": "s"}}, {"type": "Feature", "geometry": {"type": "MultiLineString", "coordinates": [[[-50.030369, -15.631231], [-50.183713, -15.735983]]]}, "properties": {"fid": 30, "sre": "TRE0041", "EXT_KM": null, "GEOCOD": "TRE0041", "trecho": "Entr. GO-164 / Entr. GO-525 (Guaraíta)", "rodovia": "VICINAL", "situacao": null, "principal": null}}, {"type": "Feature", "geometry": {"type": "MultiLineString", "coordinates": [[[-52.103174, -18.385521], [-52.102606, -18.385261], [-52.101734, -18.385169], [-52.032136, -18.395557]]]}, "properties": {"fid": 31, "sre": "TRE0042", "EXT_KM": null, "GEOCOD": "TRE0042", "trecho": "Entr. GO-184 (Serranópolis) / Usina Energética", "rodovia": "VICINAL", "situacao": null, "principal": null}}, {"type": "Feature", "geometry": {"type": "MultiLineString", "coordinates": [[[-52.066031, -17.520133], [-51.960121, -17.204916]]]}, "properties": {"fid": 32, "sre": "TRE0017", "EXT_KM": null, "GEOCOD": "TRE0017", "trecho": "Entr. GO-220 (Perolândia) / Entr. GO-341", "rodovia": "VICINAL", "situacao": null, "principal": null}}, {"type": "Feature", "geometry": {"type": "MultiLineString", "coordinates": [[[-50.000291, -15.743171], [-49.82404, -15.723477]]]}, "properties": {"fid": 33, "sre": "TRE0018", "EXT_KM": null, "GEOCOD": "TRE0018", "trecho": "Entr. GO-156 (Heitoraí) / Entr. GO-429", "rodovia": "VICINAL", "situacao": null, "principal": null}}, {"type": "Feature", "geometry": {"type": "MultiLineString", "coordinates": [[[-50.633689, -17.403586], [-50.587143, -17.542369]]]}, "properties": {"fid": 34, "sre": "TRE0021", "EXT_KM": null, "GEOCOD": "TRE0021", "trecho": "Entr. BR-060 / Santo Antônio da Barra", "rodovia": "VICINAL", "situacao": null, "principal": null}}, {"type": "Feature", "geometry": {"type": "MultiLineString", "coordinates": [[[-48.242289, -16.527925], [-48.271344, -16.479142], [-48.283467, -16.475715], [-48.286708, -16.471659], [-48.303558, -16.462274], [-48.314008, -16.454983], [-48.343972, -16.437183], [-48.349446, -16.424832], [-48.358491, -16.413294], [-48.385539, -16.404414], [-48.446503, -16.388645], [-48.461477, -16.384729], [-48.470296, -16.382274], [-48.472591, -16.381758], [-48.473981, -16.381966], [-48.47803, -16.384288], [-48.486402, -16.388294], [-48.490443, -16.388726], [-48.49659, -16.38515], [-48.499429, -16.386208], [-48.503937, -16.391576], [-48.505237, -16.393704], [-48.509532, -16.394972], [-48.511563, -16.396917], [-48.518788, -16.397386], [-48.52196, -16.39832], [-48.524863, -16.399507], [-48.526229, -16.4017], [-48.527284, -16.402161], [-48.52901, -16.402053], [-48.529736, -16.402382], [-48.529913, -16.404112], [-48.534602, -16.405704], [-48.535583, -16.406868], [-48.537421, -16.413677], [-48.541287, -16.417436], [-48.560614, -16.420991], [-48.569657, -16.419367], [-48.576634, -16.418423], [-48.57816, -16.418441], [-48.579213, -16.419093], [-48.588123, -16.433603], [-48.588909, -16.434444], [-48.608397, -16.446705], [-48.610771, -16.447949], [-48.612971, -16.447077], [-48.627428, -16.439526], [-48.628898, -16.438678], [-48.630091, -16.438819], [-48.632566, -16.439872], [-48.637752, -16.441787], [-48.638715, -16.441702], [-48.642184, -16.440108], [-48.642917, -16.439893], [-48.643346, -16.440057], [-48.647896, -16.442414], [-48.650073, -16.443463], [-48.654078, -16.444212]]]}, "properties": {"fid": 2, "sre": "TRE0002", "EXT_KM": 54.51, "GEOCOD": "TRE0002", "trecho": "Entr. GO-010 / Entr. GO-437", "rodovia": "VICINAL", "situacao": "PAV", "principal": "s"}}, {"type": "Feature", "geometry": {"type": "MultiLineString", "coordinates": [[[-49.634575, -17.994066], [-49.774726, -18.200115]]]}, "properties": {"fid": 12, "sre": "TRE0031", "EXT_KM": null, "GEOCOD": "TRE0031", "trecho": "Entr. GO-210 / Entr. BR-452", "rodovia": "VICINAL", "situacao": null, "principal": null}}, {"type": "Feature", "geometry": {"type": "MultiLineString", "coordinates": [[[-50.279194, -15.885391], [-50.279559, -15.885452], [-50.279852, -15.885478], [-50.280022, -15.885383], [-50.281056, -15.884245], [-50.281455, -15.883753], [-50.281634, -15.883564], [-50.281893, -15.88339], [-50.282141, -15.883342], [-50.283464, -15.883358], [-50.285605, -15.883416], [-50.287138, -15.883563], [-50.289118, -15.883903], [-50.290545, -15.884163], [-50.291782, -15.884357], [-50.292454, -15.88445], [-50.293104, -15.884423], [-50.294908, -15.884004], [-50.295452, -15.883859], [-50.298624, -15.882278], [-50.300283, -15.881371], [-50.300864, -15.880988], [-50.301304, -15.880576], [-50.302739, -15.878536], [-50.303421, -15.87761], [-50.303926, -15.876963], [-50.304494, -15.876061], [-50.304607, -15.875824], [-50.304811, -15.875306], [-50.305139, -15.874442], [-50.305216, -15.874139], [-50.305202, -15.873967], [-50.305096, -15.873423], [-50.304945, -15.872847], [-50.304887, -15.872669], [-50.304413, -15.872055], [-50.304174, -15.871769], [-50.304075, -15.87163], [-50.303469, -15.870724], [-50.303234, -15.870344], [-50.303097, -15.870174], [-50.302822, -15.869958], [-50.302084, -15.869403], [-50.301862, -15.869201], [-50.301644, -15.868886], [-50.301435, -15.868506], [-50.301127, -15.867794], [-50.301061, -15.867545], [-50.300907, -15.867123], [-50.300532, -15.866311], [-50.300378, -15.86605], [-50.300212, -15.865832], [-50.300008, -15.865639], [-50.299708, -15.865357], [-50.29927, -15.86494], [-50.299044, -15.864756], [-50.298752, -15.864584], [-50.298235, -15.864326], [-50.297593, -15.864011], [-50.297061, -15.863742], [-50.296781, -15.863571], [-50.296565, -15.863383], [-50.2962, -15.863096], [-50.295722, -15.862636], [-50.295571, -15.862386], [-50.295545, -15.862256], [-50.29561, -15.862106], [-50.295802, -15.861665], [-50.295846, -15.861532], [-50.29587, -15.861387], [-50.295818, -15.861147], [-50.295725, -15.860906], [-50.295486, -15.86061], [-50.295219, -15.860207], [-50.295076, -15.859949], [-50.295019, -15.859722], [-50.295026, -15.859323], [-50.295042, -15.858873], [-50.295114, -15.85846], [-50.295333, -15.857693], [-50.295623, -15.856788], [-50.295791, -15.85631], [-50.295848, -15.855984], [-50.295855, -15.855486], [-50.295827, -15.855146], [-50.295785, -15.854951], [-50.295696, -15.854674], [-50.29554, -15.854422], [-50.295309, -15.854081], [-50.295076, -15.853718], [-50.294961, -15.85357], [-50.294846, -15.853476], [-50.294741, -15.853408], [-50.294485, -15.853312], [-50.294292, -15.853272], [-50.294075, -15.853288], [-50.293783, -15.853347], [-50.293554, -15.853394], [-50.293269, -15.853447], [-50.293061, -15.853472], [-50.292751, -15.853504], [-50.292532, -15.853477], [-50.292333, -15.853424], [-50.292198, -15.853374], [-50.292092, -15.8533], [-50.291882, -15.853085], [-50.291506, -15.85265], [-50.291216, -15.852293], [-50.291065, -15.852052], [-50.290987, -15.851874], [-50.290994, -15.851753], [-50.291054, -15.851519], [-50.291114, -15.851375], [-50.291365, -15.851098], [-50.294203, -15.848208], [-50.296942, -15.845479], [-50.297272, -15.84507], [-50.297642, -15.844685], [-50.298126, -15.844202], [-50.298404, -15.843982], [-50.298742, -15.843741], [-50.298919, -15.843479], [-50.299167, -15.842859], [-50.299304, -15.842444], [-50.299693, -15.841629], [-50.29984, -15.841315], [-50.300182, -15.840468], [-50.300521, -15.839637], [-50.300733, -15.839068], [-50.300811, -15.83872], [-50.300819, -15.838378], [-50.300914, -15.837601], [-50.300869, -15.837272], [-50.300771, -15.837027], [-50.300676, -15.836649], [-50.300509, -15.836474], [-50.300203, -15.836278], [-50.299838, -15.836011], [-50.299597, -15.835796], [-50.299457, -15.835634], [-50.299363, -15.835443], [-50.299332, -15.835147], [-50.299339, -15.83486], [-50.29947, -15.834493], [-50.299546, -15.834039], [-50.299553, -15.833364], [-50.29952, -15.83268], [-50.299413, -15.831979], [-50.299335, -15.831647], [-50.299278, -15.831469], [-50.299073, -15.831222], [-50.298951, -15.831051], [-50.298728, -15.830808], [-50.298383, -15.830416], [-50.298072, -15.830046], [-50.29774, -15.829599], [-50.297409, -15.829046], [-50.297173, -15.828629], [-50.29696, -15.828231], [-50.296822, -15.827971], [-50.296786, -15.827831], [-50.296784, -15.827678], [-50.296837, -15.827444], [-50.296921, -15.827256], [-50.297162, -15.826685], [-50.297379, -15.826189], [-50.297476, -15.826024], [-50.29756, -15.825926], [-50.297707, -15.82581], [-50.298141, -15.825505], [-50.298857, -15.825015], [-50.299469, -15.824452], [-50.300046, -15.823893], [-50.300275, -15.823631], [-50.300544, -15.823194], [-50.300778, -15.822719], [-50.300995, -15.822346], [-50.301202, -15.821922], [-50.301376, -15.821713], [-50.301566, -15.821391], [-50.301742, -15.821137], [-50.301901, -15.821022], [-50.302204, -15.820747], [-50.302535, -15.820404], [-50.302861, -15.819917], [-50.303095, -15.819603], [-50.303478, -15.819163], [-50.303817, -15.818867], [-50.304208, -15.818566], [-50.304644, -15.818296], [-50.30503, -15.818144], [-50.305381, -15.818069], [-50.305706, -15.817981], [-50.305904, -15.817922], [-50.306168, -15.817787], [-50.306392, -15.817639], [-50.306753, -15.817347], [-50.307162, -15.816991], [-50.307527, -15.816661], [-50.307646, -15.81647], [-50.307762, -15.816212], [-50.307805, -15.815896], [-50.307875, -15.814877], [-50.307899, -15.814159], [-50.307933, -15.813217], [-50.307944, -15.812548], [-50.307984, -15.811575], [-50.308006, -15.810492], [-50.308035, -15.809566], [-50.308112, -15.808882], [-50.308211, -15.80819]]]}, "properties": {"fid": 13, "sre": "TRE0009", "EXT_KM": null, "GEOCOD": "TRE0009", "trecho": "Entr. GO-070 / Buenolândia", "rodovia": "VICINAL", "situacao": null, "principal": null}}, {"type": "Feature", "geometry": {"type": "MultiLineString", "coordinates": [[[-48.910399, -16.404859], [-48.910169, -16.404345], [-48.909932, -16.404007], [-48.909608, -16.403675], [-48.909318, -16.403393], [-48.909042, -16.403148], [-48.908321, -16.402506], [-48.90762, -16.401869], [-48.907105, -16.40141], [-48.906609, -16.400974], [-48.905981, -16.400402], [-48.905516, -16.399999], [-48.905192, -16.399712], [-48.904835, -16.399388], [-48.904567, -16.399067], [-48.904454, -16.398904], [-48.904305, -16.398617], [-48.904108, -16.398236], [-48.903843, -16.397721], [-48.903491, -16.397065], [-48.903246, -16.396594], [-48.902917, -16.395961], [-48.902666, -16.395462], [-48.902435, -16.395099], [-48.902241, -16.394834], [-48.90183, -16.394333], [-48.901579, -16.394015], [-48.900557, -16.392688], [-48.900529, -16.392491], [-48.90063, -16.392142], [-48.900945, -16.391815], [-48.902691, -16.390559], [-48.903601, -16.389893], [-48.904167, -16.389479], [-48.904353, -16.389302], [-48.90448, -16.389124], [-48.904567, -16.388938], [-48.904601, -16.388806], [-48.904626, -16.388575], [-48.904592, -16.388361], [-48.904477, -16.387967], [-48.90417, -16.387113], [-48.903976, -16.386564], [-48.903739, -16.385891], [-48.903401, -16.384908], [-48.903294, -16.38461], [-48.9031, -16.38408], [-48.903018, -16.383813], [-48.902987, -16.383666], [-48.902982, -16.383469], [-48.90299, -16.383348], [-48.903044, -16.383128], [-48.903201, -16.38261], [-48.903345, -16.382086], [-48.903393, -16.381683], [-48.903398, -16.381433], [-48.903384, -16.381236], [-48.903336, -16.380965], [-48.903283, -16.380747], [-48.903201, -16.380544], [-48.903097, -16.380333], [-48.902979, -16.380127], [-48.902838, -16.379933], [-48.902677, -16.379725], [-48.902579, -16.379578], [-48.902421, -16.379249], [-48.902393, -16.379074], [-48.902396, -16.378943], [-48.90241, -16.378763], [-48.902441, -16.378605], [-48.902494, -16.378471], [-48.902617, -16.378287], [-48.902827, -16.378031], [-48.903449, -16.37726], [-48.90406, -16.376499], [-48.90454, -16.375895], [-48.90499, -16.375338], [-48.905542, -16.374661], [-48.90616, -16.373903], [-48.906951, -16.372909], [-48.907602, -16.37207], [-48.907762, -16.37187], [-48.90828, -16.371276], [-48.908917, -16.370521], [-48.909215, -16.370161], [-48.909318, -16.370077], [-48.909441, -16.370018], [-48.909536, -16.369992], [-48.909578, -16.369925], [-48.909577, -16.36982], [-48.909597, -16.369732], [-48.909681, -16.369525], [-48.909784, -16.369332], [-48.910407, -16.368566], [-48.911523, -16.367183], [-48.91228, -16.366237], [-48.91288, -16.365519], [-48.913748, -16.364443], [-48.914542, -16.363429], [-48.915528, -16.362218], [-48.916271, -16.361294], [-48.917217, -16.360111], [-48.917617, -16.359635], [-48.917981, -16.35928], [-48.918245, -16.35903], [-48.918395, -16.358937], [-48.918499, -16.358926], [-48.918575, -16.35888], [-48.918595, -16.358788], [-48.918572, -16.358675], [-48.918561, -16.358537], [-48.918583, -16.358354], [-48.918611, -16.358162], [-48.918702, -16.357903], [-48.918738, -16.357807], [-48.918845, -16.357717], [-48.918879, -16.357602], [-48.918896, -16.357458], [-48.919054, -16.357261], [-48.919428, -16.356847], [-48.919907, -16.356329], [-48.920588, -16.355599], [-48.920946, -16.355219], [-48.921115, -16.355039], [-48.921411, -16.354848], [-48.921611, -16.354431], [-48.921678, -16.353732], [-48.927998, -16.354374], [-48.92855, -16.354769], [-48.928719, -16.35478], [-48.928697, -16.354408], [-48.928604, -16.354183]]]}, "properties": {"fid": 1, "sre": "TRE0001", "EXT_KM": 7.98, "GEOCOD": "TRE0001", "trecho": "Anel Viário DAIA", "rodovia": "VICINAL", "situacao": "DUP", "principal": "s"}}, {"type": "Feature", "geometry": {"type": "MultiLineString", "coordinates": [[[-49.21716, -16.953982], [-49.216824, -16.95435], [-49.21718, -16.95396], [-49.217195, -16.953941], [-49.217207, -16.95392], [-49.217217, -16.953898], [-49.217223, -16.953875], [-49.217226, -16.953851], [-49.217226, -16.953827], [-49.217222, -16.953803], [-49.217216, -16.95378], [-49.217206, -16.953758], [-49.213371, -16.946597], [-49.213353, -16.946574], [-49.213333, -16.946552], [-49.213313, -16.94653], [-49.213292, -16.946509], [-49.21327, -16.946489], [-49.213247, -16.94647], [-49.213224, -16.946452], [-49.213199, -16.946435], [-49.213174, -16.946418], [-49.213104, -16.946355], [-49.213053, -16.946276], [-49.213024, -16.946188], [-49.21302, -16.946095], [-49.21304, -16.946005], [-49.213083, -16.945922], [-49.213147, -16.945853], [-49.213227, -16.945801], [-49.213317, -16.945771], [-49.213353, -16.945763], [-49.213388, -16.945752], [-49.213423, -16.945739], [-49.213456, -16.945724], [-49.213488, -16.945707], [-49.213519, -16.945688], [-49.213549, -16.945668], [-49.213577, -16.945645], [-49.213604, -16.945621], [-49.214319, -16.944923], [-49.214327, -16.944914], [-49.214335, -16.944906], [-49.214344, -16.944898], [-49.214352, -16.944889], [-49.214361, -16.944881], [-49.214369, -16.944873], [-49.214378, -16.944865], [-49.214386, -16.944856], [-49.214395, -16.944848], [-49.214403, -16.94484], [-49.214412, -16.944831], [-49.21442, -16.944823], [-49.214428, -16.944815], [-49.214437, -16.944806], [-49.214445, -16.944798], [-49.214453, -16.94479], [-49.214462, -16.944781], [-49.21447, -16.944773], [-49.214478, -16.944765], [-49.214487, -16.944756], [-49.214495, -16.944748], [-49.214503, -16.944739], [-49.214511, -16.944731], [-49.214519, -16.944723], [-49.214527, -16.944714], [-49.214536, -16.944706], [-49.214544, -16.944697], [-49.214552, -16.944689], [-49.21456, -16.94468], [-49.214568, -16.944672], [-49.214576, -16.944663], [-49.214782, -16.94442], [-49.214967, -16.944161], [-49.215127, -16.943888], [-49.215262, -16.943603], [-49.215372, -16.943307], [-49.215454, -16.943003], [-49.215509, -16.942694], [-49.215537, -16.942381], [-49.215536, -16.942067], [-49.215536, -16.942056], [-49.215535, -16.942044], [-49.215534, -16.942033], [-49.215534, -16.942022], [-49.215533, -16.94201], [-49.215532, -16.941999], [-49.215532, -16.941987], [-49.215531, -16.941976], [-49.21553, -16.941964], [-49.215529, -16.941952], [-49.215528, -16.941941], [-49.215527, -16.941929], [-49.215526, -16.941918], [-49.215526, -16.941906], [-49.215525, -16.941895], [-49.215524, -16.941883], [-49.215523, -16.941872], [-49.215522, -16.94186], [-49.215521, -16.941849], [-49.215519, -16.941837], [-49.215518, -16.941826], [-49.215517, -16.941814], [-49.215516, -16.941803], [-49.215515, -16.941791], [-49.215514, -16.941779], [-49.215513, -16.941768], [-49.215512, -16.941756], [-49.215511, -16.941745], [-49.21551, -16.941733], [-49.215508, -16.941721], [-49.215507, -16.94171], [-49.215362, -16.940222], [-49.215361, -16.940211], [-49.21536, -16.940199], [-49.215359, -16.940188], [-49.215357, -16.940176], [-49.215356, -16.940164], [-49.215355, -16.940153], [-49.215354, -16.940141], [-49.215353, -16.94013], [-49.215352, -16.940118], [-49.21535, -16.940107], [-49.215349, -16.940095], [-49.215348, -16.940083], [-49.215347, -16.940072], [-49.215346, -16.94006], [-49.215344, -16.940049], [-49.215343, -16.940037], [-49.215342, -16.940026], [-49.21534, -16.940014], [-49.215339, -16.940003], [-49.215338, -16.939991], [-49.215336, -16.93998], [-49.215335, -16.939968], [-49.215334, -16.939957], [-49.215332, -16.939946], [-49.215331, -16.939934], [-49.215329, -16.939923], [-49.215328, -16.939911], [-49.215326, -16.9399], [-49.215324, -16.939889], [-49.215323, -16.939877], [-49.215321, -16.939866], [-49.215271, -16.939602], [-49.215202, -16.939342], [-49.215112, -16.939088], [-49.215004, -16.938841], [-49.214877, -16.938602], [-49.214732, -16.938373], [-49.21457, -16.938155], [-49.214392, -16.937949], [-49.214199, -16.937756], [-49.21419, -16.937748], [-49.214181, -16.93774], [-49.214173, -16.937732], [-49.214164, -16.937724], [-49.214155, -16.937716], [-49.214146, -16.937709], [-49.214138, -16.937701], [-49.214129, -16.937693], [-49.21412, -16.937685], [-49.214111, -16.937677], [-49.214102, -16.937669], [-49.214093, -16.937662], [-49.214085, -16.937654], [-49.214076, -16.937646], [-49.214067, -16.937639], [-49.214058, -16.937631], [-49.214049, -16.937623], [-49.21404, -16.937615], [-49.214031, -16.937608], [-49.214022, -16.9376], [-49.214013, -16.937592], [-49.214004, -16.937585], [-49.213995, -16.937577], [-49.213986, -16.937569], [-49.213977, -16.937562], [-49.213967, -16.937554], [-49.213958, -16.937546], [-49.213949, -16.937539], [-49.21394, -16.937531], [-49.213931, -16.937523], [-49.213922, -16.937516], [-49.212904, -16.93666], [-49.212422, -16.936225], [-49.211972, -16.935758], [-49.211558, -16.935263], [-49.21118, -16.93474], [-49.210842, -16.934194], [-49.210543, -16.933626], [-49.210287, -16.933039], [-49.210075, -16.932436], [-49.209906, -16.931821], [-49.209169, -16.928685], [-49.209043, -16.928043], [-49.208965, -16.927394], [-49.208936, -16.926742], [-49.208955, -16.926089], [-49.209023, -16.925439], [-49.20914, -16.924796], [-49.209304, -16.924162], [-49.209515, -16.923542], [-49.209772, -16.922937], [-49.210607, -16.921157], [-49.210735, -16.92087], [-49.210853, -16.920579], [-49.210961, -16.920283], [-49.211057, -16.919985], [-49.211143, -16.919683], [-49.211218, -16.919379], [-49.211282, -16.919072], [-49.211334, -16.918764], [-49.211376, -16.918454], [-49.212028, -16.912801], [-49.212034, -16.912744], [-49.21204, -16.912686], [-49.212046, -16.912629], [-49.212051, -16.912571], [-49.212056, -16.912514], [-49.212061, -16.912456], [-49.212065, -16.912399], [-49.212069, -16.912341], [-49.212072, -16.912284], [-49.212519, -16.904139], [-49.212525, -16.904046], [-49.212531, -16.903953], [-49.212539, -16.90386], [-49.212548, -16.903766], [-49.212557, -16.903673], [-49.212568, -16.90358], [-49.212579, -16.903488], [-49.212592, -16.903395], [-49.212606, -16.903302], [-49.21399, -16.894195], [-49.214, -16.894131], [-49.214009, -16.894068], [-49.214017, -16.894004], [-49.214025, -16.89394], [-49.214033, -16.893876], [-49.21404, -16.893813], [-49.214046, -16.893749], [-49.214053, -16.893685], [-49.214058, -16.893621], [-49.214658, -16.886509], [-49.21466, -16.886488], [-49.214663, -16.886467], [-49.214666, -16.886446], [-49.214669, -16.886425], [-49.214673, -16.886405], [-49.214677, -16.886384], [-49.214682, -16.886364], [-49.214687, -16.886343], [-49.214693, -16.886323], [-49.2147, -16.886298], [-49.214705, -16.886274], [-49.214709, -16.886249], [-49.214713, -16.886223], [-49.214714, -16.886198], [-49.214715, -16.886173], [-49.214714, -16.886147], [-49.214712, -16.886122], [-49.214709, -16.886097], [-49.214707, -16.886082], [-49.214706, -16.886067], [-49.214705, -16.886052], [-49.214706, -16.886037], [-49.214706, -16.886022], [-49.214708, -16.886006], [-49.21471, -16.885991], [-49.214712, -16.885977], [-49.214716, -16.885962], [-49.214723, -16.885928], [-49.214728, -16.885894], [-49.21473, -16.88586], [-49.214731, -16.885825], [-49.214729, -16.885791], [-49.214725, -16.885757], [-49.214718, -16.885723], [-49.21471, -16.88569], [-49.214699, -16.885657], [-49.214594, -16.885368], [-49.21459, -16.885357], [-49.214586, -16.885346], [-49.214582, -16.885335], [-49.214578, -16.885324], [-49.214574, -16.885313], [-49.21457, -16.885302], [-49.214566, -16.885291], [-49.214562, -16.88528], [-49.214557, -16.88527], [-49.214553, -16.885259], [-49.214549, -16.885248], [-49.214545, -16.885237], [-49.214541, -16.885226], [-49.214537, -16.885215], [-49.214533, -16.885205], [-49.214529, -16.885194], [-49.214524, -16.885183], [-49.21452, -16.885172], [-49.214516, -16.885162], [-49.214511, -16.885151], [-49.214507, -16.88514], [-49.214503, -16.88513], [-49.214498, -16.885119], [-49.214494, -16.885108], [-49.214489, -16.885098], [-49.214485, -16.885087], [-49.21448, -16.885077], [-49.214475, -16.885066], [-49.214471, -16.885056], [-49.214466, -16.885046], [-49.214461, -16.885035], [-49.214424, -16.88496], [-49.214384, -16.884887], [-49.21434, -16.884815], [-49.214294, -16.884745], [-49.214245, -16.884677], [-49.214193, -16.884611], [-49.214138, -16.884547], [-49.21408, -16.884486], [-49.21402, -16.884426], [-49.214012, -16.884418], [-49.214003, -16.884411], [-49.213995, -16.884403], [-49.213986, -16.884395], [-49.213977, -16.884387], [-49.213969, -16.884379], [-49.21396, -16.884372], [-49.213951, -16.884364], [-49.213942, -16.884356], [-49.213934, -16.884348], [-49.213925, -16.884341], [-49.213916, -16.884333], [-49.213907, -16.884326], [-49.213898, -16.884318], [-49.213889, -16.884311], [-49.21388, -16.884303], [-49.213871, -16.884296], [-49.213862, -16.884288], [-49.213852, -16.884281], [-49.213843, -16.884273], [-49.213834, -16.884266], [-49.213825, -16.884258], [-49.213816, -16.884251], [-49.213806, -16.884243], [-49.213797, -16.884236], [-49.213788, -16.884229], [-49.213779, -16.884221], [-49.213769, -16.884214], [-49.21376, -16.884206], [-49.213751, -16.884199], [-49.213741, -16.884192], [-49.213413, -16.88393], [-49.213337, -16.88387], [-49.208242, -16.879819], [-49.208233, -16.879811], [-49.208223, -16.879804], [-49.208214, -16.879796], [-49.208205, -16.879789], [-49.208195, -16.879781], [-49.208186, -16.879774], [-49.208176, -16.879767], [-49.208167, -16.879759], [-49.208158, -16.879752], [-49.208148, -16.879744], [-49.208139, -16.879737], [-49.20813, -16.879729], [-49.20812, -16.879722], [-49.208111, -16.879714], [-49.208102, -16.879707], [-49.208092, -16.879699], [-49.208083, -16.879691], [-49.208074, -16.879684], [-49.208065, -16.879676], [-49.208055, -16.879669], [-49.208046, -16.879661], [-49.208037, -16.879653], [-49.208027, -16.879646], [-49.208018, -16.879638], [-49.208009, -16.87963], [-49.208, -16.879622], [-49.207991, -16.879615], [-49.207981, -16.879607], [-49.207972, -16.879599], [-49.207963, -16.879591], [-49.207954, -16.879583], [-49.207646, -16.879292], [-49.207367, -16.878976], [-49.207118, -16.878636], [-49.206903, -16.878276], [-49.206722, -16.877898], [-49.206578, -16.877507], [-49.206472, -16.877104], [-49.206403, -16.876694], [-49.206374, -16.876279], [-49.206374, -16.876268], [-49.206374, -16.876256], [-49.206373, -16.876244], [-49.206373, -16.876232], [-49.206373, -16.87622], [-49.206373, -16.876209], [-49.206373, -16.876197], [-49.206373, -16.876185], [-49.206373, -16.876173], [-49.206373, -16.876162], [-49.206373, -16.87615], [-49.206373, -16.876138], [-49.206373, -16.876126], [-49.206373, -16.876115], [-49.206373, -16.876103], [-49.206373, -16.876091], [-49.206373, -16.876079], [-49.206373, -16.876068], [-49.206373, -16.876056], [-49.206374, -16.876044], [-49.206374, -16.876033], [-49.206374, -16.876021], [-49.206374, -16.876009], [-49.206374, -16.875998], [-49.206374, -16.875986], [-49.206375, -16.875974], [-49.206375, -16.875963], [-49.206375, -16.875951], [-49.206375, -16.875939], [-49.206376, -16.875927], [-49.206376, -16.875916], [-49.206444, -16.872191], [-49.206451, -16.871965], [-49.206466, -16.87174], [-49.206489, -16.871515], [-49.206518, -16.871291], [-49.206555, -16.871068], [-49.206599, -16.870846], [-49.20665, -16.870625], [-49.206708, -16.870406], [-49.206773, -16.870189], [-49.209732, -16.860872], [-49.209766, -16.860762], [-49.209798, -16.860652], [-49.209829, -16.860541], [-49.209859, -16.86043], [-49.209887, -16.860319], [-49.209914, -16.860207], [-49.209939, -16.860096], [-49.209963, -16.859983], [-49.209985, -16.859871], [-49.210606, -16.856621]]]}, "properties": {"fid": 4, "sre": "TRE0004", "EXT_KM": 3.69, "GEOCOD": "TRE0004", "trecho": "Entr. GO-219 (Hidrolândia) / Aeroporto Antares (Ap. de Goiânia)", "rodovia": "VICINAL", "situacao": "PAV", "principal": "s"}}, {"type": "Feature", "geometry": {"type": "MultiLineString", "coordinates": [[[-49.788981, -15.997174], [-49.78754, -15.997367], [-49.785001, -16.001025], [-49.785021, -16.001316], [-49.785402, -16.002348], [-49.785802, -16.003352], [-49.785817, -16.003459], [-49.785812, -16.003555], [-49.785776, -16.003711], [-49.78241, -16.01773], [-49.781358, -16.021828], [-49.781161, -16.022326], [-49.780318, -16.023037], [-49.778135, -16.024608], [-49.777401, -16.025131]]]}, "properties": {"fid": 26, "sre": "TRE0034", "EXT_KM": null, "GEOCOD": "TRE0034", "trecho": "Entr. GO-156 / Entr. BR-070", "rodovia": "VICINAL", "situacao": null, "principal": null}}, {"type": "Feature", "geometry": {"type": "MultiLineString", "coordinates": [[[-48.336318, -14.195698], [-48.561187, -14.27043]]]}, "properties": {"fid": 27, "sre": "TRE0035", "EXT_KM": null, "GEOCOD": "TRE0035", "trecho": "Entr. GO-532 / Entr. GO-538 (Indaianópolis)", "rodovia": "VICINAL", "situacao": null, "principal": null}}, {"type": "Feature", "geometry": {"type": "MultiLineString", "coordinates": [[[-50.702338, -16.417207], [-50.555211, -16.297082]]]}, "properties": {"fid": 28, "sre": "TRE0036", "EXT_KM": null, "GEOCOD": "TRE0036", "trecho": "Entr. GO-060 / Entr. GO-324 (Córrego do Ouro)", "rodovia": "VICINAL", "situacao": null, "principal": null}}, {"type": "Feature", "geometry": {"type": "MultiLineString", "coordinates": [[[-49.326531, -17.164703], [-49.322563, -17.163004], [-49.322128, -17.162797], [-49.321815, -17.1626], [-49.321677, -17.162433], [-49.321568, -17.162092], [-49.321416, -17.161645], [-49.321135, -17.161193], [-49.321023, -17.160766], [-49.320769, -17.159541], [-49.320557, -17.158494], [-49.32046, -17.157828], [-49.320419, -17.157525], [-49.320458, -17.157264], [-49.320555, -17.156842], [-49.320356, -17.155796], [-49.320299, -17.155403], [-49.320331, -17.155174], [-49.320791, -17.153443], [-49.321033, -17.152333], [-49.321274, -17.151272], [-49.321394, -17.150416], [-49.321527, -17.149981], [-49.321912, -17.149175], [-49.322775, -17.147125], [-49.322944, -17.146738], [-49.323114, -17.146319], [-49.323183, -17.146014], [-49.323212, -17.145747], [-49.323148, -17.145479], [-49.322309, -17.144504], [-49.321489, -17.143586], [-49.319874, -17.141993], [-49.318804, -17.140883], [-49.318161, -17.140215], [-49.317805, -17.139964], [-49.31768, -17.139912], [-49.317349, -17.139833], [-49.316801, -17.139631], [-49.316491, -17.139485], [-49.316172, -17.13925], [-49.315966, -17.138993], [-49.315664, -17.138685], [-49.31551, -17.13848], [-49.315436, -17.138288], [-49.315424, -17.137782], [-49.315493, -17.137075], [-49.315562, -17.136764], [-49.315701, -17.136386], [-49.315665, -17.135991], [-49.315528, -17.135713], [-49.315293, -17.13543], [-49.315158, -17.135321], [-49.313989, -17.134881], [-49.313497, -17.134731], [-49.313087, -17.134638], [-49.312796, -17.134649], [-49.312572, -17.134806], [-49.312412, -17.134967], [-49.312106, -17.135156], [-49.311554, -17.135409], [-49.311407, -17.135459], [-49.310621, -17.135968], [-49.31019, -17.136028], [-49.30954, -17.136156], [-49.308904, -17.136189], [-49.308739, -17.136118], [-49.307928, -17.13564], [-49.30747, -17.13577], [-49.306101, -17.136312], [-49.304635, -17.134338], [-49.303549, -17.132833], [-49.303188, -17.132447], [-49.301723, -17.130442], [-49.30116, -17.129705], [-49.300872, -17.12932], [-49.300727, -17.129223], [-49.300423, -17.129163], [-49.300058, -17.12916], [-49.299766, -17.129253], [-49.296972, -17.130631], [-49.294775, -17.131797], [-49.293078, -17.132732], [-49.292818, -17.132831], [-49.29234, -17.132948], [-49.2911, -17.13311], [-49.289742, -17.133188], [-49.289324, -17.133216], [-49.2886, -17.133458], [-49.287749, -17.133814], [-49.287137, -17.134063], [-49.285906, -17.134684], [-49.285454, -17.134871], [-49.284876, -17.135019], [-49.284313, -17.135071], [-49.283896, -17.13503], [-49.283282, -17.134852], [-49.282884, -17.134887], [-49.282372, -17.135042], [-49.282073, -17.135186], [-49.281582, -17.135284], [-49.28127, -17.135351], [-49.280878, -17.135431], [-49.280554, -17.13546], [-49.279959, -17.135257], [-49.279271, -17.134513], [-49.27828, -17.133492], [-49.278006, -17.133075], [-49.276261, -17.130494], [-49.275163, -17.128899], [-49.274529, -17.127976], [-49.2743, -17.127662], [-49.273912, -17.127366], [-49.273675, -17.127217], [-49.273489, -17.127197], [-49.271839, -17.127367], [-49.270473, -17.127534], [-49.268908, -17.127737], [-49.268689, -17.127741], [-49.266936, -17.127497], [-49.266533, -17.127405], [-49.266295, -17.127403], [-49.265505, -17.127593], [-49.263692, -17.12803], [-49.263392, -17.128054], [-49.263127, -17.128076], [-49.262673, -17.128179], [-49.261674, -17.128333], [-49.261509, -17.128302], [-49.261288, -17.128183], [-49.26121, -17.128032], [-49.261073, -17.127831], [-49.260931, -17.12774], [-49.260594, -17.127705], [-49.259862, -17.12775], [-49.258761, -17.127862], [-49.2577, -17.128002], [-49.257392, -17.127995], [-49.257159, -17.127916], [-49.256967, -17.127776], [-49.256765, -17.127583], [-49.256061, -17.12687], [-49.255874, -17.126668], [-49.25543, -17.125824], [-49.254665, -17.124289], [-49.254333, -17.123641], [-49.254302, -17.123182], [-49.254258, -17.122613], [-49.25422, -17.121935], [-49.254013, -17.121207], [-49.253391, -17.119453], [-49.252475, -17.119364], [-49.251463, -17.11926], [-49.251145, -17.119267], [-49.250578, -17.119381], [-49.25016, -17.119459], [-49.249728, -17.119422], [-49.249035, -17.119115], [-49.248644, -17.118949], [-49.248203, -17.118831], [-49.247148, -17.118554], [-49.246582, -17.118492], [-49.245893, -17.118381], [-49.245466, -17.118348], [-49.244924, -17.118372], [-49.244149, -17.118366], [-49.243583, -17.118346], [-49.2434, -17.118316], [-49.243063, -17.118189], [-49.242074, -17.117746], [-49.241554, -17.117555], [-49.240974, -17.117407], [-49.240375, -17.117268], [-49.239766, -17.117057], [-49.239216, -17.116832], [-49.238623, -17.116512], [-49.23779, -17.115903], [-49.236975, -17.115375], [-49.236495, -17.115147], [-49.235726, -17.114851], [-49.235394, -17.114705], [-49.235207, -17.114605], [-49.235098, -17.114521], [-49.234995, -17.114407], [-49.234334, -17.113594], [-49.233721, -17.112756], [-49.233245, -17.112154], [-49.233129, -17.112063], [-49.232989, -17.111954], [-49.231703, -17.111138], [-49.230752, -17.110559], [-49.229895, -17.110021], [-49.229663, -17.109876], [-49.229421, -17.109718], [-49.22929, -17.109636], [-49.229083, -17.109541], [-49.228811, -17.109436], [-49.227261, -17.108909], [-49.221786, -17.106953], [-49.217357, -17.105442]]]}, "properties": {"fid": 15, "sre": "TRE0011", "EXT_KM": null, "GEOCOD": "TRE0011", "trecho": "Entr. BR-153 / Ronelândia", "rodovia": "VICINAL", "situacao": null, "principal": null}}, {"type": "Feature", "geometry": {"type": "MultiLineString", "coordinates": [[[-47.823547, -14.812614], [-47.823629, -14.812873], [-47.823626, -14.813099], [-47.823579, -14.813237], [-47.823503, -14.813367], [-47.823396, -14.813465], [-47.823285, -14.813511], [-47.822959, -14.813538], [-47.822046, -14.813611], [-47.821735, -14.81367], [-47.821265, -14.813777], [-47.82098, -14.813872], [-47.820636, -14.814002], [-47.820322, -14.814119], [-47.819613, -14.8144], [-47.819383, -14.814472], [-47.819179, -14.814517], [-47.818991, -14.814554], [-47.818625, -14.814589], [-47.818237, -14.814623], [-47.816878, -14.814718], [-47.814804, -14.814887], [-47.812563, -14.815054], [-47.812041, -14.815063], [-47.811601, -14.815065], [-47.810827, -14.815038], [-47.808569, -14.814991], [-47.806804, -14.814895], [-47.803386, -14.814749], [-47.802897, -14.81471], [-47.802335, -14.814663], [-47.801782, -14.814587], [-47.800468, -14.814375], [-47.79952, -14.814231], [-47.799243, -14.814167], [-47.799008, -14.814121], [-47.79889, -14.814047], [-47.798737, -14.813918], [-47.797558, -14.812851], [-47.796803, -14.81211], [-47.796496, -14.8119], [-47.796322, -14.811794], [-47.796152, -14.811729], [-47.795941, -14.811666], [-47.795144, -14.8115], [-47.794848, -14.811429], [-47.794576, -14.811338], [-47.794135, -14.811105], [-47.793831, -14.810962], [-47.793609, -14.810824], [-47.793285, -14.810673], [-47.792876, -14.810461], [-47.792212, -14.810186], [-47.791522, -14.80995], [-47.789701, -14.809306], [-47.788403, -14.80886], [-47.787997, -14.808711], [-47.787441, -14.808557], [-47.787059, -14.80846], [-47.786596, -14.808343], [-47.785921, -14.80821], [-47.785059, -14.808036], [-47.783673, -14.807786], [-47.783363, -14.807738], [-47.783001, -14.807713], [-47.782617, -14.807736], [-47.782229, -14.807822], [-47.781971, -14.807913], [-47.781733, -14.808017], [-47.781482, -14.808144], [-47.781269, -14.808221], [-47.781019, -14.808297], [-47.780786, -14.808325], [-47.780517, -14.808341], [-47.780052, -14.808331], [-47.778592, -14.808358], [-47.778005, -14.808365], [-47.777683, -14.808377], [-47.777409, -14.808417], [-47.776526, -14.808535], [-47.773735, -14.809], [-47.771148, -14.809404], [-47.769889, -14.809644], [-47.769558, -14.809699], [-47.769248, -14.809714], [-47.768856, -14.809705], [-47.76699, -14.809659], [-47.765127, -14.809601], [-47.764838, -14.809593], [-47.764557, -14.809593], [-47.764267, -14.809609], [-47.763467, -14.809653], [-47.762406, -14.809745], [-47.761834, -14.809773], [-47.761173, -14.809811], [-47.760578, -14.809815], [-47.760019, -14.809815], [-47.759506, -14.809803], [-47.759041, -14.809801], [-47.758874, -14.80981], [-47.758706, -14.809836], [-47.758294, -14.809901], [-47.757925, -14.809991], [-47.757594, -14.81009], [-47.757286, -14.810197], [-47.756929, -14.810338], [-47.756383, -14.810604], [-47.755903, -14.810847], [-47.755437, -14.811158], [-47.754777, -14.811657], [-47.754319, -14.812043], [-47.753657, -14.812668], [-47.753094, -14.813267], [-47.752734, -14.813627], [-47.752464, -14.81396], [-47.752136, -14.814368], [-47.751558, -14.815133], [-47.750863, -14.81604], [-47.750119, -14.817025], [-47.74897, -14.818595], [-47.747694, -14.820247], [-47.746533, -14.821762], [-47.745643, -14.822955], [-47.744997, -14.823862], [-47.744298, -14.824804], [-47.743491, -14.825907], [-47.742746, -14.826916], [-47.742085, -14.827779], [-47.741914, -14.827991], [-47.741595, -14.828355], [-47.741285, -14.828621], [-47.740835, -14.828979], [-47.739933, -14.829597], [-47.739603, -14.829819], [-47.739236, -14.830099], [-47.739038, -14.83031], [-47.738805, -14.830612], [-47.738609, -14.830879], [-47.738422, -14.831142], [-47.738301, -14.831307], [-47.738108, -14.831551], [-47.737917, -14.83175], [-47.737614, -14.832042], [-47.737312, -14.83232], [-47.736906, -14.832762], [-47.736539, -14.833042], [-47.736081, -14.833381], [-47.735629, -14.833613], [-47.735026, -14.833862], [-47.734514, -14.834009], [-47.734203, -14.834108], [-47.733851, -14.83419], [-47.733597, -14.834274], [-47.733359, -14.83437], [-47.73328, -14.834436], [-47.73327, -14.834559], [-47.733447, -14.834724], [-47.735034, -14.835508], [-47.739004, -14.837762], [-47.742288, -14.83957], [-47.744577, -14.840832], [-47.745313, -14.841247], [-47.746452, -14.841985], [-47.74805, -14.843102], [-47.750626, -14.844844], [-47.751948, -14.845831], [-47.752472, -14.846243], [-47.753126, -14.84668], [-47.754266, -14.847394], [-47.755638, -14.848334], [-47.755985, -14.848573], [-47.756251, -14.848783], [-47.756658, -14.84915], [-47.756899, -14.849375], [-47.757263, -14.849594], [-47.75793, -14.849977], [-47.758564, -14.850374], [-47.758866, -14.850605], [-47.759214, -14.850832], [-47.759678, -14.851148], [-47.760025, -14.851422], [-47.760241, -14.851648], [-47.761311, -14.853182], [-47.763694, -14.856408], [-47.765934, -14.859359], [-47.76882, -14.863263], [-47.770963, -14.866126], [-47.771875, -14.867356], [-47.771655, -14.86817], [-47.77154, -14.868716], [-47.771379, -14.869396], [-47.771013, -14.870688], [-47.770714, -14.871596], [-47.770069, -14.873598], [-47.769838, -14.874337], [-47.76926, -14.876133], [-47.768974, -14.87701], [-47.768585, -14.877663], [-47.76777, -14.878952], [-47.767557, -14.87929], [-47.767435, -14.879535], [-47.767333, -14.879815], [-47.767252, -14.880071], [-47.767196, -14.880309], [-47.767093, -14.880597], [-47.766976, -14.880825], [-47.766465, -14.881738], [-47.766356, -14.881935], [-47.766293, -14.882041], [-47.76621, -14.882115], [-47.765616, -14.882591], [-47.764145, -14.883715]]]}, "properties": {"fid": 18, "sre": "TRE0013", "EXT_KM": null, "GEOCOD": "TRE0013", "trecho": "Entr. GO-237(A) / Entr. GO-237(B)", "rodovia": "VICINAL", "situacao": null, "principal": null}}, {"type": "Feature", "geometry": {"type": "MultiLineString", "coordinates": [[[-49.349744, -15.320641], [-49.350201, -15.318858], [-49.350394, -15.318076], [-49.350721, -15.31667], [-49.350829, -15.316168], [-49.350858, -15.315856], [-49.350827, -15.315633], [-49.350726, -15.315173], [-49.350514, -15.31458], [-49.350244, -15.313864], [-49.349565, -15.311751], [-49.349241, -15.310735], [-49.34895, -15.309797], [-49.348362, -15.308206], [-49.347757, -15.30661], [-49.347295, -15.305294], [-49.345918, -15.301768], [-49.344862, -15.299212], [-49.344527, -15.298445], [-49.344359, -15.298138], [-49.344059, -15.297894], [-49.343628, -15.297534], [-49.343198, -15.297161], [-49.342847, -15.296725], [-49.342644, -15.296345], [-49.342499, -15.295958], [-49.342371, -15.295512], [-49.342322, -15.295116], [-49.342377, -15.294728], [-49.342996, -15.293605], [-49.343415, -15.292946], [-49.343874, -15.292204], [-49.344287, -15.291411], [-49.344581, -15.290738], [-49.344762, -15.290198], [-49.344838, -15.28981], [-49.344887, -15.289345], [-49.34485, -15.289122], [-49.343303, -15.283791], [-49.342377, -15.280593], [-49.342108, -15.279725], [-49.342046, -15.27933], [-49.342035, -15.278986], [-49.342143, -15.278591], [-49.342622, -15.277831], [-49.34298, -15.277273], [-49.343101, -15.276904], [-49.343118, -15.276497], [-49.343015, -15.276165], [-49.342664, -15.275423], [-49.342528, -15.275129], [-49.342431, -15.274555], [-49.342335, -15.274239], [-49.342138, -15.273855], [-49.341849, -15.273468], [-49.34154, -15.273042], [-49.34134, -15.272696], [-49.340935, -15.272044], [-49.340559, -15.271429], [-49.340475, -15.271289], [-49.34024, -15.270672], [-49.339568, -15.268919], [-49.3389, -15.267143], [-49.338752, -15.266728], [-49.338599, -15.266236], [-49.338516, -15.265943], [-49.338482, -15.26557], [-49.33848, -15.265035], [-49.338512, -15.264758], [-49.338531, -15.264388], [-49.33851, -15.264194], [-49.338382, -15.263792], [-49.338133, -15.263287], [-49.338088, -15.263111], [-49.338045, -15.26284], [-49.337994, -15.262534], [-49.337883, -15.262135], [-49.33755, -15.261492], [-49.336785, -15.260283], [-49.336246, -15.259616], [-49.335947, -15.259277], [-49.335522, -15.259031], [-49.33517, -15.258717], [-49.334936, -15.258466], [-49.334507, -15.257986], [-49.334228, -15.257487], [-49.333867, -15.256764], [-49.333583, -15.256138], [-49.333389, -15.255792], [-49.333161, -15.255574], [-49.331437, -15.254478], [-49.331288, -15.254299], [-49.329916, -15.252722], [-49.328265, -15.250786], [-49.327868, -15.25035], [-49.327615, -15.249997], [-49.327447, -15.249588], [-49.327303, -15.248778], [-49.32711, -15.247471], [-49.327056, -15.246846], [-49.327035, -15.246158], [-49.326895, -15.245584], [-49.32646, -15.244211], [-49.326301, -15.243535], [-49.326268, -15.242783], [-49.326264, -15.241541], [-49.326182, -15.241139], [-49.326048, -15.24073], [-49.32584, -15.240404], [-49.324199, -15.238124], [-49.323354, -15.237041], [-49.322926, -15.236452], [-49.322556, -15.235914], [-49.322324, -15.235447], [-49.322151, -15.23493], [-49.322069, -15.234439], [-49.322061, -15.233821], [-49.322071, -15.233401], [-49.322145, -15.233166], [-49.322284, -15.232975], [-49.322892, -15.232477], [-49.323255, -15.232155], [-49.323427, -15.23199], [-49.3235, -15.231857], [-49.323588, -15.231584], [-49.323938, -15.230402], [-49.324053, -15.230008], [-49.324135, -15.229575], [-49.324074, -15.22902], [-49.323155, -15.222389], [-49.323074, -15.221891], [-49.323063, -15.221573], [-49.323171, -15.221274], [-49.323543, -15.220704], [-49.32406, -15.22002], [-49.324306, -15.219576], [-49.324587, -15.218832], [-49.324753, -15.217869], [-49.324785, -15.217455], [-49.3247, -15.217066], [-49.324464, -15.216239], [-49.323779, -15.2141], [-49.323696, -15.21379], [-49.323664, -15.213609], [-49.323656, -15.213446], [-49.323556, -15.213197], [-49.323303, -15.212797], [-49.322137, -15.210931], [-49.321017, -15.209108], [-49.319916, -15.207322], [-49.319567, -15.206683], [-49.319186, -15.205884], [-49.318663, -15.20481], [-49.318153, -15.203767], [-49.317959, -15.203422], [-49.317909, -15.20316], [-49.31794, -15.202549], [-49.317943, -15.202205], [-49.317893, -15.201007], [-49.317845, -15.199682], [-49.317863, -15.199026], [-49.317933, -15.197581], [-49.317394, -15.196978], [-49.315606, -15.194971], [-49.314943, -15.194227], [-49.314545, -15.193905], [-49.31399, -15.193551], [-49.313363, -15.193272], [-49.312754, -15.193115], [-49.31191, -15.192892], [-49.310137, -15.192344], [-49.308625, -15.191918], [-49.30657, -15.191298], [-49.305726, -15.191036], [-49.304843, -15.190718], [-49.304195, -15.190592], [-49.30331, -15.190439], [-49.302794, -15.190269], [-49.302114, -15.189958], [-49.30168, -15.189665], [-49.300999, -15.189163], [-49.300297, -15.188741], [-49.299264, -15.188303], [-49.296619, -15.187276], [-49.295593, -15.186804], [-49.293065, -15.185517], [-49.290824, -15.184411], [-49.290203, -15.184145], [-49.289798, -15.183938], [-49.289575, -15.183917], [-49.289242, -15.183819], [-49.288784, -15.183605], [-49.288406, -15.183379], [-49.28813, -15.183346], [-49.287828, -15.183381], [-49.28744, -15.183493], [-49.287046, -15.183598], [-49.286644, -15.183825], [-49.284359, -15.184935], [-49.282298, -15.185913], [-49.282095, -15.185956], [-49.281668, -15.185953], [-49.281301, -15.185962], [-49.280781, -15.186124], [-49.28036, -15.186318], [-49.279742, -15.18646], [-49.278504, -15.186298], [-49.27743, -15.186143], [-49.276723, -15.185978], [-49.275865, -15.185723], [-49.275479, -15.185638], [-49.274987, -15.185621], [-49.274396, -15.185706], [-49.273372, -15.185851], [-49.272866, -15.185911], [-49.272276, -15.185887], [-49.271313, -15.185835], [-49.27067, -15.185805], [-49.270218, -15.185706], [-49.26972, -15.185625], [-49.269268, -15.185603], [-49.268592, -15.185674], [-49.267685, -15.185826], [-49.266982, -15.186025], [-49.266508, -15.186238], [-49.266079, -15.186559], [-49.265761, -15.186926], [-49.265655, -15.187027], [-49.265451, -15.187134], [-49.264892, -15.187308], [-49.26434, -15.187482], [-49.264077, -15.187525], [-49.263421, -15.187532], [-49.262483, -15.187531], [-49.261795, -15.187462], [-49.261389, -15.187447], [-49.261074, -15.187451], [-49.260568, -15.187491], [-49.260037, -15.187532], [-49.259669, -15.187542], [-49.259334, -15.18766], [-49.25909, -15.187792], [-49.258524, -15.188061], [-49.258254, -15.18818], [-49.257919, -15.188261], [-49.25765, -15.18822], [-49.257257, -15.188179], [-49.256942, -15.188177], [-49.256469, -15.188288], [-49.25618, -15.188387], [-49.255758, -15.18855], [-49.255496, -15.188611], [-49.255154, -15.188653], [-49.25478, -15.188644], [-49.254269, -15.188665], [-49.253901, -15.188739], [-49.253526, -15.1888], [-49.253257, -15.188868], [-49.25283, -15.188928], [-49.25266, -15.188914], [-49.252352, -15.188803], [-49.251829, -15.188608], [-49.2513, -15.188349], [-49.250836, -15.188161], [-49.250528, -15.188146], [-49.250147, -15.18813], [-49.24959, -15.18812], [-49.248954, -15.188108], [-49.248324, -15.188173], [-49.247654, -15.188302], [-49.247141, -15.188451], [-49.246391, -15.188655], [-49.245057, -15.189008], [-49.244485, -15.189144], [-49.244084, -15.18921], [-49.243828, -15.18924], [-49.243513, -15.189308], [-49.243007, -15.189399], [-49.240306, -15.190028], [-49.239234, -15.190357], [-49.238012, -15.190603], [-49.237579, -15.190676], [-49.237309, -15.190775], [-49.236444, -15.191036], [-49.235383, -15.19134], [-49.234771, -15.191507], [-49.23391, -15.191755], [-49.232802, -15.192052], [-49.231997, -15.192262], [-49.231658, -15.192346], [-49.231389, -15.192375], [-49.231127, -15.192361], [-49.231032, -15.192293], [-49.230893, -15.192139], [-49.230568, -15.191707], [-49.230302, -15.19138], [-49.230152, -15.191242], [-49.229926, -15.191082], [-49.229871, -15.190994], [-49.229828, -15.190787], [-49.22984, -15.190626], [-49.229861, -15.190381], [-49.229819, -15.190108], [-49.229693, -15.189567], [-49.229629, -15.189303], [-49.229569, -15.189073], [-49.229373, -15.188574], [-49.229141, -15.188079], [-49.228835, -15.187405], [-49.228567, -15.186883], [-49.228441, -15.186685]]]}, "properties": {"fid": 14, "sre": "TRE0010", "EXT_KM": null, "GEOCOD": "TRE0010", "trecho": "Entr. GO-230 / Entr. GO-338", "rodovia": "VICINAL", "situacao": null, "principal": null}}, {"type": "Feature", "geometry": {"type": "MultiLineString", "coordinates": [[[-48.083285, -14.149686], [-48.083747, -14.149745], [-48.084428, -14.149876], [-48.084963, -14.150001], [-48.085239, -14.150076], [-48.085758, -14.150174], [-48.086079, -14.150233], [-48.086186, -14.150143], [-48.086183, -14.149992], [-48.086129, -14.149813], [-48.086078, -14.149654], [-48.086088, -14.149471], [-48.086136, -14.149278], [-48.086218, -14.149195], [-48.086818, -14.148976], [-48.086985, -14.148971], [-48.087229, -14.149005], [-48.088081, -14.149143], [-48.08832, -14.149185], [-48.088608, -14.149276], [-48.088814, -14.149374], [-48.089015, -14.149547], [-48.089171, -14.149735], [-48.089316, -14.149856], [-48.089421, -14.149897], [-48.089702, -14.149884], [-48.090068, -14.149857], [-48.0905, -14.149842], [-48.090894, -14.149847], [-48.091206, -14.149883], [-48.092085, -14.150219], [-48.092477, -14.150339], [-48.092793, -14.150446], [-48.093109, -14.150564], [-48.093522, -14.150704], [-48.093928, -14.150773], [-48.09476, -14.150906], [-48.095572, -14.150991], [-48.095913, -14.151047], [-48.096253, -14.151146], [-48.096634, -14.151266], [-48.096953, -14.151373], [-48.097095, -14.15139], [-48.097382, -14.151398], [-48.097547, -14.151374], [-48.0977, -14.151306], [-48.097932, -14.151155], [-48.098067, -14.150946], [-48.098401, -14.150394], [-48.098609, -14.150058], [-48.098688, -14.149936], [-48.098758, -14.149861], [-48.098844, -14.149789], [-48.098926, -14.149746], [-48.099001, -14.149723], [-48.099203, -14.1497], [-48.099747, -14.149601], [-48.100399, -14.149464], [-48.100762, -14.149439], [-48.101368, -14.149377], [-48.101773, -14.149382], [-48.102547, -14.149389], [-48.102936, -14.149386], [-48.10322, -14.149379], [-48.10365, -14.149351], [-48.10391, -14.14932], [-48.104134, -14.149319], [-48.104507, -14.149357], [-48.104855, -14.149395], [-48.105078, -14.149435], [-48.105247, -14.149416], [-48.105504, -14.149322], [-48.105659, -14.149268], [-48.105928, -14.149243], [-48.106147, -14.14928], [-48.106429, -14.149372], [-48.106673, -14.149471], [-48.106964, -14.149633], [-48.107182, -14.149733], [-48.107395, -14.149789], [-48.107564, -14.149795], [-48.107763, -14.149771], [-48.108151, -14.149663], [-48.108441, -14.149567], [-48.108739, -14.149472], [-48.108923, -14.1494], [-48.109083, -14.149307], [-48.1092, -14.149186], [-48.109326, -14.149016], [-48.109432, -14.148843], [-48.109578, -14.148704], [-48.109912, -14.148472], [-48.110304, -14.148185], [-48.110446, -14.148119], [-48.110589, -14.148028], [-48.110696, -14.147924], [-48.110817, -14.147717], [-48.111066, -14.147456], [-48.11137, -14.147043], [-48.11159, -14.146713], [-48.111736, -14.14653], [-48.111841, -14.146412], [-48.111979, -14.146281], [-48.112143, -14.146178], [-48.112329, -14.146095], [-48.112596, -14.14605], [-48.112967, -14.146027], [-48.11336, -14.146115], [-48.113668, -14.14617], [-48.114082, -14.146215], [-48.114221, -14.146209], [-48.114401, -14.146108], [-48.114636, -14.145876], [-48.114857, -14.145744], [-48.115076, -14.145646], [-48.11527, -14.145541], [-48.115376, -14.14551], [-48.115462, -14.145505], [-48.115549, -14.145522], [-48.115658, -14.145575], [-48.116551, -14.146185], [-48.117454, -14.146803], [-48.117991, -14.147139], [-48.118174, -14.147292], [-48.118326, -14.147432], [-48.118467, -14.147543], [-48.118693, -14.147683], [-48.119037, -14.14786], [-48.119171, -14.147968], [-48.119422, -14.148075], [-48.119598, -14.148166], [-48.119809, -14.148339], [-48.119984, -14.14852], [-48.120147, -14.148637], [-48.120367, -14.148794], [-48.120723, -14.149044], [-48.121076, -14.149275], [-48.1213, -14.149438], [-48.121564, -14.149582], [-48.121876, -14.149677], [-48.122181, -14.14973], [-48.122486, -14.149726], [-48.12286, -14.149731]]]}, "properties": {"fid": 19, "sre": "TRE0014", "EXT_KM": null, "GEOCOD": "TRE0014", "trecho": "Entr. GO-132 (Colinas do Sul) / Lago Serra da Mesa", "rodovia": "VICINAL", "situacao": null, "principal": null}}, {"type": "Feature", "geometry": {"type": "MultiLineString", "coordinates": [[[-49.212111, -16.955395], [-49.2104, -16.951859], [-49.210164, -16.95164], [-49.209788, -16.951498], [-49.209586, -16.951382], [-49.209409, -16.951247], [-49.208799, -16.950682], [-49.208154, -16.950075], [-49.207602, -16.949664], [-49.207158, -16.949412], [-49.206842, -16.949204], [-49.206409, -16.94887], [-49.205972, -16.948398], [-49.204956, -16.94714], [-49.204282, -16.946289], [-49.20346, -16.945023], [-49.203005, -16.944334], [-49.202756, -16.943961], [-49.202407, -16.94361], [-49.200852, -16.942175], [-49.19946, -16.940883], [-49.198462, -16.939923], [-49.19828, -16.939774], [-49.198043, -16.93959], [-49.197456, -16.939207], [-49.196642, -16.938703], [-49.195734, -16.938218], [-49.194731, -16.937784], [-49.194053, -16.93751], [-49.193578, -16.937372], [-49.192845, -16.937218], [-49.19126, -16.936903], [-49.191025, -16.936839], [-49.19079, -16.936794], [-49.190498, -16.936748], [-49.190346, -16.93674], [-49.19022, -16.936755], [-49.19012, -16.936778], [-49.189999, -16.936794], [-49.189847, -16.9368], [-49.189693, -16.936801], [-49.189515, -16.936773], [-49.189367, -16.936712], [-49.188919, -16.936536], [-49.188702, -16.936455], [-49.188464, -16.936384], [-49.188301, -16.936349], [-49.18814, -16.936312], [-49.188019, -16.93627], [-49.187903, -16.936188], [-49.187513, -16.93591], [-49.187102, -16.935646], [-49.186326, -16.935312], [-49.185711, -16.934979], [-49.185128, -16.934718], [-49.184656, -16.934521], [-49.184459, -16.934395], [-49.183976, -16.934023], [-49.183604, -16.933697], [-49.183319, -16.93342], [-49.183226, -16.933328], [-49.183063, -16.933203], [-49.182498, -16.932877], [-49.18225, -16.932639], [-49.181776, -16.932145], [-49.181467, -16.931734], [-49.181268, -16.931551], [-49.181113, -16.93143], [-49.180895, -16.93134], [-49.180252, -16.931167], [-49.1792, -16.930895], [-49.178021, -16.930643], [-49.177313, -16.930515], [-49.176823, -16.930405], [-49.176467, -16.930244], [-49.174564, -16.929511], [-49.174312, -16.929404], [-49.174, -16.929301], [-49.173767, -16.929246], [-49.173405, -16.929233], [-49.173163, -16.929202], [-49.172939, -16.9292], [-49.172477, -16.92932], [-49.172307, -16.9294], [-49.171984, -16.929478], [-49.171845, -16.929496], [-49.171225, -16.929443], [-49.171051, -16.929441], [-49.170933, -16.92935], [-49.170089, -16.92842], [-49.169809, -16.928055], [-49.169677, -16.927834], [-49.169478, -16.927373], [-49.169328, -16.926512], [-49.169245, -16.925857], [-49.169195, -16.925606], [-49.169111, -16.925381], [-49.169005, -16.925246], [-49.168855, -16.925137], [-49.168605, -16.92503], [-49.168291, -16.924946], [-49.168051, -16.924908], [-49.167681, -16.924955], [-49.16606, -16.925029], [-49.165906, -16.925025], [-49.165731, -16.924973], [-49.164438, -16.924474], [-49.164302, -16.924385], [-49.16415, -16.924243], [-49.163718, -16.923689], [-49.163339, -16.923137], [-49.163216, -16.923016], [-49.163098, -16.922932], [-49.162918, -16.922875], [-49.16269, -16.922804], [-49.162301, -16.922726], [-49.162091, -16.922696], [-49.161996, -16.922704], [-49.161494, -16.922819], [-49.160933, -16.923004], [-49.160772, -16.923047], [-49.160689, -16.923094], [-49.160612, -16.923162], [-49.160421, -16.923366], [-49.160278, -16.92359], [-49.160036, -16.923899], [-49.159804, -16.924245], [-49.159627, -16.924592], [-49.159496, -16.924825], [-49.159408, -16.925221], [-49.159251, -16.926509], [-49.159209, -16.926752], [-49.159122, -16.927076], [-49.158441, -16.928713], [-49.158345, -16.928932], [-49.158332, -16.929107], [-49.158225, -16.930541], [-49.158177, -16.930812], [-49.158086, -16.931031], [-49.157644, -16.931577], [-49.157323, -16.931908], [-49.157168, -16.932026], [-49.155641, -16.932925], [-49.155386, -16.933132], [-49.154951, -16.933496], [-49.154371, -16.933959], [-49.154035, -16.934238], [-49.153686, -16.934416], [-49.152973, -16.934782], [-49.152494, -16.935026], [-49.151789, -16.93556], [-49.151609, -16.935689], [-49.151467, -16.935796], [-49.15134, -16.935847], [-49.151261, -16.935827], [-49.151162, -16.935767], [-49.15071, -16.935576], [-49.149909, -16.935239], [-49.149677, -16.935108], [-49.149613, -16.935055], [-49.149518, -16.93494], [-49.148903, -16.934091], [-49.148508, -16.93363], [-49.148244, -16.933284], [-49.148037, -16.932862], [-49.147952, -16.932675], [-49.147877, -16.932533], [-49.147558, -16.93211], [-49.147367, -16.931879], [-49.147247, -16.931715], [-49.147107, -16.93154], [-49.147011, -16.931446], [-49.146743, -16.931231], [-49.146627, -16.931161], [-49.146513, -16.931119], [-49.146362, -16.931079], [-49.146025, -16.931055], [-49.145076, -16.930991], [-49.143952, -16.930926], [-49.142869, -16.930864], [-49.142611, -16.930854], [-49.142303, -16.930866], [-49.14201, -16.930882], [-49.141305, -16.930931], [-49.140349, -16.930998], [-49.139666, -16.931066], [-49.139308, -16.931108], [-49.13899, -16.931153], [-49.138742, -16.931165], [-49.138216, -16.931208], [-49.138082, -16.931197], [-49.137884, -16.931186], [-49.137739, -16.931204], [-49.137516, -16.931254], [-49.137173, -16.931332], [-49.136884, -16.931382], [-49.136348, -16.931435], [-49.136015, -16.931456], [-49.135708, -16.931405], [-49.135391, -16.931378], [-49.135232, -16.931382], [-49.135033, -16.931451], [-49.134834, -16.931517], [-49.134609, -16.931658], [-49.134489, -16.931771], [-49.133786, -16.93208], [-49.133288, -16.932281], [-49.132735, -16.932476], [-49.132148, -16.932681], [-49.131837, -16.932702], [-49.131609, -16.932697], [-49.130652, -16.9327], [-49.130022, -16.932704], [-49.129506, -16.932713], [-49.129054, -16.932738], [-49.128613, -16.932734], [-49.12824, -16.932778], [-49.127808, -16.932803], [-49.12752, -16.9328], [-49.127238, -16.932793], [-49.126915, -16.93279], [-49.126632, -16.932811], [-49.126379, -16.932837], [-49.126175, -16.932879], [-49.126016, -16.932911], [-49.125912, -16.932895], [-49.125798, -16.932832], [-49.125759, -16.932746], [-49.125766, -16.932622], [-49.125869, -16.932178], [-49.125927, -16.931816], [-49.125941, -16.931429], [-49.126024, -16.931115], [-49.126407, -16.929996], [-49.126922, -16.928558], [-49.126974, -16.928325], [-49.126981, -16.9281], [-49.126933, -16.927975], [-49.126214, -16.927463], [-49.125899, -16.927211], [-49.12548, -16.926849], [-49.125284, -16.926652], [-49.125132, -16.926488], [-49.125059, -16.926263], [-49.124996, -16.926157], [-49.124819, -16.925955], [-49.12478, -16.925873], [-49.124708, -16.925213], [-49.124603, -16.924243], [-49.124572, -16.923875], [-49.1218, -16.923224], [-49.120998, -16.923059], [-49.120492, -16.922543], [-49.119808, -16.92247], [-49.119539, -16.922544], [-49.119043, -16.922477], [-49.117458, -16.922286], [-49.113886, -16.923719], [-49.102042, -16.929112], [-49.103464, -16.933806], [-49.096037, -16.932208], [-49.094481, -16.93099], [-49.09291, -16.931338], [-49.092381, -16.927154], [-49.092259, -16.92648], [-49.09221, -16.92592], [-49.091775, -16.92328], [-49.091536, -16.921415], [-49.091029, -16.917522], [-49.090637, -16.914118], [-49.090107, -16.909633], [-49.089565, -16.905253], [-49.089405, -16.903886], [-49.089236, -16.902442], [-49.088961, -16.900251], [-49.088968, -16.899554], [-49.08912, -16.898734], [-49.089205, -16.8982], [-49.089262, -16.897943], [-49.089244, -16.897718], [-49.089078, -16.897478], [-49.088411, -16.896187], [-49.087842, -16.895073], [-49.087764, -16.894948], [-49.087718, -16.894566], [-49.087681, -16.894312], [-49.087625, -16.894025], [-49.08667, -16.892784], [-49.086306, -16.892398], [-49.084723, -16.89097], [-49.083583, -16.889956], [-49.08141, -16.888025], [-49.081311, -16.887967], [-49.078867, -16.887333], [-49.077971, -16.887095], [-49.077883, -16.887023], [-49.075963, -16.885037], [-49.075845, -16.884926], [-49.074585, -16.882001], [-49.074362, -16.881521], [-49.074236, -16.881214], [-49.074148, -16.881065], [-49.073951, -16.880906], [-49.073547, -16.880625], [-49.07334, -16.880508], [-49.073198, -16.880292], [-49.072187, -16.878769], [-49.071658, -16.877636], [-49.071487, -16.877401], [-49.071103, -16.876831], [-49.070595, -16.876093], [-49.070265, -16.875629], [-49.07008, -16.875456], [-49.068959, -16.874463], [-49.068475, -16.874084], [-49.068297, -16.873953], [-49.068139, -16.873916], [-49.067128, -16.873849], [-49.061874, -16.873398], [-49.060011, -16.873257], [-49.059723, -16.873206], [-49.05717, -16.871606], [-49.056924, -16.871431], [-49.056685, -16.869605], [-49.056507, -16.868115], [-49.056419, -16.867448], [-49.056259, -16.866408], [-49.056147, -16.866168], [-49.055501, -16.865278], [-49.055074, -16.864835], [-49.054902, -16.864742], [-49.054699, -16.864707], [-49.053808, -16.864706], [-49.050435, -16.864719], [-49.049984, -16.864729], [-49.049806, -16.864704], [-49.049543, -16.864625], [-49.046289, -16.863218], [-49.045871, -16.863366], [-49.044858, -16.86374], [-49.044464, -16.863846], [-49.04402, -16.862319], [-49.042262, -16.862697], [-49.042092, -16.861925], [-49.042015, -16.861668], [-49.041895, -16.86154], [-49.041522, -16.861298]]]}, "properties": {"fid": 17, "sre": "TRE0012", "EXT_KM": null, "GEOCOD": "TRE0012", "trecho": "Entr. GO-219 / Entr. GO-414 (Roselândia)", "rodovia": "VICINAL", "situacao": null, "principal": null}}, {"type": "Feature", "geometry": {"type": "MultiLineString", "coordinates": [[[-48.217817, -18.331574], [-48.22095, -18.330172], [-48.221539, -18.329901], [-48.221784, -18.32971], [-48.221937, -18.329531], [-48.222159, -18.329087], [-48.222422, -18.328504], [-48.22258, -18.328262], [-48.222812, -18.328035], [-48.223129, -18.327897], [-48.226355, -18.327718], [-48.226981, -18.327795], [-48.227267, -18.3279], [-48.2276, -18.328086], [-48.228012, -18.328428], [-48.229552, -18.330165], [-48.229848, -18.330405], [-48.230072, -18.330494], [-48.230338, -18.330518], [-48.230588, -18.330451], [-48.230797, -18.330328], [-48.231355, -18.32993], [-48.231901, -18.329508], [-48.23363, -18.328087], [-48.239019, -18.324744], [-48.240887, -18.324492], [-48.241183, -18.324322], [-48.242783, -18.322495], [-48.245167, -18.317398], [-48.245415, -18.317107], [-48.245772, -18.316849], [-48.24608, -18.316731], [-48.246459, -18.316671], [-48.246726, -18.316703], [-48.246923, -18.316788], [-48.247171, -18.316997], [-48.247581, -18.317258], [-48.248056, -18.317416], [-48.248516, -18.317484], [-48.249025, -18.317526], [-48.249404, -18.317492], [-48.249657, -18.3174], [-48.249887, -18.317312], [-48.250214, -18.317142], [-48.250566, -18.316876], [-48.251384, -18.315987], [-48.251575, -18.315826], [-48.251894, -18.31556], [-48.252327, -18.315108], [-48.252601, -18.314567], [-48.252955, -18.313671], [-48.253113, -18.312975], [-48.253176, -18.312542], [-48.253151, -18.312144], [-48.253136, -18.311501], [-48.253225, -18.310962], [-48.253657, -18.310027], [-48.254953, -18.307486], [-48.255554, -18.306482], [-48.255923, -18.306243], [-48.258609, -18.30513], [-48.259198, -18.304859], [-48.259534, -18.30441], [-48.259943, -18.303962], [-48.260209, -18.303302], [-48.260799, -18.301827], [-48.262736, -18.299464], [-48.26298, -18.299031], [-48.263231, -18.298789], [-48.263445, -18.298663], [-48.263693, -18.29861], [-48.263999, -18.298623], [-48.26425, -18.298594], [-48.264674, -18.298399], [-48.264922, -18.298305], [-48.264979, -18.298268], [-48.265044, -18.298197], [-48.265103, -18.298113], [-48.265223, -18.297735], [-48.265462, -18.296944], [-48.265688, -18.296407], [-48.265922, -18.295902], [-48.266166, -18.295497], [-48.266239, -18.295372], [-48.266309, -18.295242], [-48.266343, -18.295137], [-48.266366, -18.294959], [-48.266369, -18.294821], [-48.266375, -18.294416], [-48.266425, -18.293832], [-48.266504, -18.292759], [-48.266552, -18.291748], [-48.266627, -18.29073], [-48.266672, -18.289736], [-48.266707, -18.288658], [-48.266679, -18.288274], [-48.26669, -18.288143], [-48.266721, -18.287786], [-48.266748, -18.287553], [-48.266749, -18.287313], [-48.266754, -18.28716]], [[-48.215736, -18.329659], [-48.212771, -18.331937], [-48.211958, -18.332519], [-48.211588, -18.332758], [-48.209607, -18.335521], [-48.20897, -18.336454], [-48.208708, -18.336869], [-48.208518, -18.337285], [-48.20851, -18.337809], [-48.208829, -18.338442], [-48.209548, -18.339186], [-48.211664, -18.341695], [-48.212022, -18.342154], [-48.212555, -18.343139], [-48.213017, -18.343949], [-48.213113, -18.344788], [-48.213813, -18.346718], [-48.214273, -18.347702], [-48.214464, -18.348333], [-48.215073, -18.349093], [-48.218367, -18.351113], [-48.221063, -18.35281], [-48.221681, -18.353064], [-48.222317, -18.353248], [-48.222902, -18.353256], [-48.223251, -18.353191], [-48.223599, -18.353109], [-48.226247, -18.353287], [-48.226753, -18.353321]]]}, "properties": {"fid": 41, "sre": "TRE0023", "EXT_KM": null, "GEOCOD": "TRE0023", "trecho": "Entr. GO-402 / Div. GO/MG", "rodovia": "VICINAL", "situacao": null, "principal": null}}, {"type": "Feature", "geometry": {"type": "MultiLineString", "coordinates": [[[-47.459558, -13.797394], [-47.82011, -14.041024], [-48.00575, -14.043553], [-48.072315, -14.069922]]]}, "properties": {"fid": 42, "sre": "TRE0037", "EXT_KM": null, "GEOCOD": "TRE0037", "trecho": "Entr. GO-241 (Cavalcante) / Entr. GO-132 (Colinas)", "rodovia": "VICINAL", "situacao": null, "principal": null}}, {"type": "Feature", "geometry": {"type": "MultiLineString", "coordinates": [[[-48.950129, -16.610579], [-48.949913, -16.610099], [-48.949853, -16.609609], [-48.949863, -16.609248], [-48.949988, -16.608607], [-48.949981, -16.608377], [-48.949897, -16.607409], [-48.949927, -16.607137], [-48.950052, -16.606498], [-48.950179, -16.605874], [-48.950226, -16.605573], [-48.950227, -16.605278], [-48.950144, -16.604998], [-48.950024, -16.604616], [-48.949918, -16.604311], [-48.949815, -16.604091], [-48.949378, -16.603518], [-48.949215, -16.60338], [-48.949042, -16.603273], [-48.947692, -16.602683], [-48.947062, -16.602358], [-48.946607, -16.602183], [-48.94567, -16.601847], [-48.945232, -16.601717], [-48.944779, -16.601619], [-48.944514, -16.601517], [-48.944197, -16.601386], [-48.943796, -16.60114], [-48.943474, -16.600918], [-48.942803, -16.600539], [-48.942501, -16.600411], [-48.94221, -16.600326], [-48.94201, -16.600233], [-48.941899, -16.600155], [-48.94183, -16.600043], [-48.94179, -16.599918], [-48.941785, -16.599799], [-48.941851, -16.598844], [-48.941882, -16.598196], [-48.941904, -16.597776], [-48.941937, -16.597477], [-48.942166, -16.595831], [-48.942349, -16.594434], [-48.94247, -16.593582], [-48.942617, -16.592842], [-48.942712, -16.592493], [-48.943061, -16.59157], [-48.943178, -16.591324], [-48.943334, -16.591089], [-48.944063, -16.589865], [-48.944136, -16.589673], [-48.944168, -16.589494], [-48.94416, -16.589343], [-48.944039, -16.588873], [-48.943802, -16.58816], [-48.943679, -16.587792], [-48.943654, -16.587658], [-48.943624, -16.587399], [-48.943608, -16.586933], [-48.943626, -16.586617], [-48.943661, -16.586132], [-48.943671, -16.585987], [-48.943748, -16.585723], [-48.943876, -16.585301], [-48.943937, -16.585094], [-48.943978, -16.58485], [-48.943978, -16.584631], [-48.943921, -16.584389], [-48.943844, -16.584203], [-48.94376, -16.583984], [-48.943686, -16.583801], [-48.943685, -16.583633], [-48.94377, -16.583372], [-48.943872, -16.583226], [-48.945177, -16.581357], [-48.945896, -16.580255], [-48.946085, -16.579958], [-48.946199, -16.579732], [-48.946254, -16.579539], [-48.946274, -16.579383], [-48.946213, -16.57874], [-48.946113, -16.577875], [-48.945988, -16.576611], [-48.945869, -16.575587], [-48.945877, -16.575337], [-48.945905, -16.574916], [-48.945998, -16.573462], [-48.946062, -16.572376], [-48.946138, -16.571314], [-48.946284, -16.569291], [-48.9464, -16.567228], [-48.946453, -16.56612], [-48.946424, -16.565813], [-48.946366, -16.565699], [-48.946235, -16.565564], [-48.945482, -16.564809], [-48.945056, -16.56444], [-48.944901, -16.564311], [-48.94474, -16.564176], [-48.944673, -16.564084], [-48.944616, -16.563905], [-48.94459, -16.563574], [-48.944571, -16.563421], [-48.944394, -16.562327], [-48.944265, -16.561451], [-48.944102, -16.560417], [-48.944054, -16.560226], [-48.943997, -16.560009], [-48.94328, -16.55791], [-48.942915, -16.556752], [-48.942645, -16.556084], [-48.942606, -16.555868], [-48.942602, -16.555652], [-48.942929, -16.55487], [-48.944247, -16.551773], [-48.94493, -16.550188], [-48.945708, -16.548513], [-48.946614, -16.546486], [-48.947742, -16.544018], [-48.949287, -16.540634], [-48.949504, -16.540141], [-48.949625, -16.539886], [-48.949795, -16.539445], [-48.949971, -16.538929], [-48.950295, -16.537852], [-48.950695, -16.536201], [-48.950824, -16.535719], [-48.95085, -16.535515], [-48.950829, -16.535287], [-48.950749, -16.53507], [-48.950067, -16.533221], [-48.949918, -16.532793], [-48.949879, -16.532571], [-48.949881, -16.532355], [-48.949918, -16.532174], [-48.950661, -16.53105], [-48.95126, -16.530129], [-48.951381, -16.52992], [-48.951519, -16.529654], [-48.951551, -16.529438], [-48.951524, -16.52917], [-48.951388, -16.528669], [-48.951101, -16.527944], [-48.95098, -16.527624], [-48.9509, -16.527407], [-48.950873, -16.527151], [-48.950905, -16.526941], [-48.951002, -16.526709], [-48.951578, -16.525737], [-48.951751, -16.525483], [-48.951854, -16.52529], [-48.951933, -16.525064], [-48.951994, -16.524814], [-48.952009, -16.524547], [-48.951857, -16.523909], [-48.951293, -16.522055], [-48.951132, -16.52159], [-48.951023, -16.521382], [-48.950825, -16.521132], [-48.95065, -16.520974], [-48.949925, -16.520376], [-48.949289, -16.519793], [-48.948933, -16.519459], [-48.948241, -16.518807], [-48.947982, -16.51854], [-48.947819, -16.518354], [-48.947604, -16.518065], [-48.947435, -16.517836], [-48.947142, -16.517372], [-48.94683, -16.516812], [-48.946374, -16.515943], [-48.946085, -16.51536], [-48.945925, -16.514893], [-48.945654, -16.514355], [-48.945393, -16.513892], [-48.945145, -16.513458], [-48.94493, -16.513115], [-48.944744, -16.512919], [-48.943895, -16.512104], [-48.943209, -16.511449], [-48.942611, -16.510917], [-48.942433, -16.510696], [-48.942379, -16.5105], [-48.942338, -16.510246], [-48.94236, -16.510053], [-48.942425, -16.509516], [-48.942524, -16.50906], [-48.94262, -16.508685], [-48.942827, -16.508025], [-48.943648, -16.505856], [-48.943858, -16.505522], [-48.944759, -16.504462], [-48.945076, -16.504044], [-48.945668, -16.503215], [-48.945968, -16.502723], [-48.94607, -16.502536], [-48.946382, -16.50209], [-48.946656, -16.501729], [-48.947058, -16.501085], [-48.947567, -16.500288], [-48.947795, -16.499921], [-48.948042, -16.499423], [-48.948302, -16.498817], [-48.948654, -16.497848], [-48.94886, -16.497355], [-48.949247, -16.496376], [-48.949536, -16.49581], [-48.949758, -16.495408], [-48.950027, -16.495087], [-48.950289, -16.494805], [-48.950538, -16.494648], [-48.950817, -16.494498], [-48.951254, -16.49436], [-48.952815, -16.493915], [-48.953169, -16.493821], [-48.953331, -16.493762], [-48.953463, -16.493678], [-48.953603, -16.493538], [-48.953737, -16.493258], [-48.953901, -16.492862], [-48.954864, -16.490601], [-48.955034, -16.490137], [-48.955258, -16.489531], [-48.955608, -16.488226], [-48.955706, -16.487835], [-48.955744, -16.487579], [-48.955717, -16.487306], [-48.955176, -16.485516], [-48.954818, -16.484295], [-48.953387, -16.479699], [-48.952988, -16.478393], [-48.952327, -16.4763], [-48.952235, -16.476026], [-48.952058, -16.474984], [-48.951989, -16.474227], [-48.951752, -16.472672], [-48.951384, -16.470087], [-48.951257, -16.469313], [-48.951156, -16.46888], [-48.950737, -16.467795], [-48.949789, -16.465512], [-48.949703, -16.465261], [-48.94959, -16.464731], [-48.94957, -16.464475], [-48.949502, -16.464207], [-48.949149, -16.463021], [-48.948936, -16.462507], [-48.948798, -16.46217], [-48.948642, -16.461901], [-48.948301, -16.46133], [-48.948033, -16.460986], [-48.947906, -16.460768], [-48.947714, -16.460471], [-48.947593, -16.460231], [-48.947477, -16.460031], [-48.946977, -16.459423], [-48.946343, -16.458621], [-48.945937, -16.458088], [-48.944681, -16.456433], [-48.944042, -16.455608], [-48.943728, -16.455184], [-48.943571, -16.454972], [-48.943556, -16.454699], [-48.943624, -16.454489], [-48.94476, -16.452834], [-48.945126, -16.452252], [-48.945489, -16.451921], [-48.949597, -16.448964], [-48.949752, -16.448801], [-48.949873, -16.448535], [-48.950896, -16.445861], [-48.951132, -16.445272], [-48.951361, -16.444831], [-48.951672, -16.444362], [-48.953278, -16.442399], [-48.954191, -16.441265], [-48.955308, -16.439843], [-48.956175, -16.438629], [-48.957861, -16.436275], [-48.958621, -16.435134], [-48.958944, -16.434665], [-48.959225, -16.434281], [-48.959498, -16.434016], [-48.960075, -16.433522], [-48.960533, -16.433157], [-48.961025, -16.432854], [-48.961415, -16.43271], [-48.962041, -16.432546], [-48.962484, -16.432465], [-48.962915, -16.432361], [-48.963223, -16.432188], [-48.96392, -16.431472], [-48.964605, -16.430797], [-48.965236, -16.430138], [-48.966647, -16.428679], [-48.967201, -16.428127], [-48.967576, -16.427767], [-48.967814, -16.42749], [-48.968673, -16.426464], [-48.969192, -16.425877], [-48.969579, -16.42546], [-48.969746, -16.425303], [-48.970198, -16.424858], [-48.970685, -16.424459], [-48.970965, -16.424234], [-48.971243, -16.424055], [-48.971487, -16.423853], [-48.971708, -16.423588], [-48.971893, -16.423322], [-48.972175, -16.422847], [-48.972343, -16.422531], [-48.972759, -16.421659], [-48.972908, -16.421433], [-48.973057, -16.421298], [-48.973509, -16.421149], [-48.974313, -16.420872], [-48.974786, -16.42072], [-48.975156, -16.420582], [-48.975516, -16.42046], [-48.975732, -16.420363], [-48.975871, -16.420253], [-48.976065, -16.42007]]]}, "properties": {"fid": 22, "sre": "TRE0038", "EXT_KM": null, "GEOCOD": "TRE0038", "trecho": "São Vicente / Bonfinópolis", "rodovia": "VICINAL", "situacao": null, "principal": null}}, {"type": "Feature", "geometry": {"type": "MultiLineString", "coordinates": [[[-48.934155, -16.955116], [-48.933217, -16.951511], [-48.929366, -16.937336], [-48.925646, -16.923516], [-48.925633, -16.923163], [-48.925771, -16.922795], [-48.930339, -16.911709], [-48.93045, -16.911485], [-48.930883, -16.910807], [-48.93101, -16.910608], [-48.93108, -16.910303], [-48.931084, -16.909966], [-48.931204, -16.905092], [-48.931279, -16.904322], [-48.931523, -16.90336], [-48.931595, -16.902911], [-48.931467, -16.902396], [-48.931208, -16.901687], [-48.93088, -16.901105], [-48.930618, -16.900717], [-48.930054, -16.90039], [-48.929191, -16.899931], [-48.928129, -16.899439], [-48.927199, -16.899012], [-48.926334, -16.898746], [-48.924934, -16.898603], [-48.923501, -16.898492], [-48.922401, -16.89832], [-48.92231, -16.898247], [-48.92228, -16.897934], [-48.922165, -16.897025], [-48.922113, -16.896494], [-48.921751, -16.892154], [-48.921825, -16.889986], [-48.921952, -16.887546], [-48.921887, -16.887368], [-48.92174, -16.887078], [-48.920605, -16.885653], [-48.920109, -16.885182], [-48.919496, -16.884806], [-48.918818, -16.884253], [-48.918439, -16.883847], [-48.918011, -16.883281], [-48.917002, -16.882146], [-48.91669, -16.881677], [-48.916547, -16.881001], [-48.916487, -16.880374], [-48.916399, -16.879313], [-48.91639, -16.878574], [-48.916343, -16.878381], [-48.916196, -16.878042], [-48.916001, -16.877606], [-48.915441, -16.873858], [-48.915278, -16.873503], [-48.914792, -16.872197], [-48.914147, -16.871724], [-48.908444, -16.869504], [-48.907716, -16.868983], [-48.906342, -16.866463], [-48.905886, -16.865494], [-48.904828, -16.864584], [-48.902644, -16.862955], [-48.901387, -16.861979], [-48.900595, -16.8612], [-48.89995, -16.859201], [-48.899113, -16.85643], [-48.898395, -16.855009], [-48.897606, -16.853909], [-48.896744, -16.85345], [-48.895214, -16.853049], [-48.893222, -16.852129], [-48.891826, -16.851665], [-48.890233, -16.850942], [-48.888703, -16.850476], [-48.887044, -16.849688], [-48.876733, -16.840972], [-48.876138, -16.840452], [-48.874414, -16.83947], [-48.870966, -16.837571], [-48.866778, -16.836243], [-48.861321, -16.834965], [-48.860194, -16.834375], [-48.85855, -16.832238], [-48.857429, -16.831069], [-48.856071, -16.83022], [-48.84608, -16.822855], [-48.844356, -16.821938], [-48.842967, -16.820895], [-48.841712, -16.81979], [-48.840517, -16.819263], [-48.839521, -16.818931], [-48.839542, -16.817004], [-48.838752, -16.816096], [-48.837091, -16.815565], [-48.835959, -16.81536], [-48.834954, -16.815735], [-48.833688, -16.815593], [-48.832494, -16.815002], [-48.831436, -16.81422], [-48.831262, -16.811905], [-48.830479, -16.810355], [-48.82903, -16.808733], [-48.828518, -16.806865], [-48.828608, -16.804746], [-48.828962, -16.803015], [-48.828583, -16.801147], [-48.827996, -16.79992], [-48.827414, -16.798372], [-48.827386, -16.797198], [-48.828665, -16.794858], [-48.828656, -16.793688], [-48.828442, -16.79154], [-48.827881, -16.790988], [-48.826255, -16.790297], [-48.824514, -16.789427], [-48.823437, -16.788853], [-48.823191, -16.788465], [-48.822073, -16.785626], [-48.820293, -16.781576], [-48.81945, -16.779447], [-48.819225, -16.778706], [-48.819138, -16.77758], [-48.819284, -16.776522], [-48.819393, -16.775688], [-48.819566, -16.775175], [-48.820036, -16.774859], [-48.82061, -16.774255], [-48.821048, -16.773906], [-48.821488, -16.773268], [-48.821629, -16.772659], [-48.821611, -16.771842], [-48.821414, -16.771581], [-48.821208, -16.771367], [-48.820836, -16.770959], [-48.820606, -16.770763], [-48.820445, -16.770582], [-48.818859, -16.768793], [-48.81843, -16.76823], [-48.81763, -16.766929], [-48.816499, -16.765162], [-48.81508, -16.762999], [-48.814902, -16.762727], [-48.814841, -16.76249], [-48.814781, -16.762237], [-48.814766, -16.761992], [-48.814761, -16.761634], [-48.814773, -16.761311], [-48.814804, -16.760971], [-48.814852, -16.760744], [-48.814984, -16.760283], [-48.815655, -16.757924], [-48.816648, -16.754311], [-48.81763, -16.750759], [-48.817885, -16.749854], [-48.817961, -16.74961], [-48.817973, -16.749331], [-48.817877, -16.749051], [-48.817745, -16.748691], [-48.816548, -16.746347], [-48.815651, -16.744757], [-48.81557, -16.744669], [-48.81531, -16.744492], [-48.813018, -16.742634], [-48.812856, -16.742528], [-48.811235, -16.741664], [-48.811109, -16.741549], [-48.809424, -16.739933], [-48.809388, -16.739889], [-48.809379, -16.739756], [-48.809411, -16.739538], [-48.809821, -16.735312], [-48.809866, -16.734963], [-48.809863, -16.734858], [-48.809851, -16.734714], [-48.809795, -16.734408], [-48.809749, -16.734102], [-48.809732, -16.733975], [-48.809711, -16.733861], [-48.809703, -16.733792], [-48.8097, -16.733643], [-48.809743, -16.733482], [-48.809762, -16.733364], [-48.80986, -16.733073], [-48.809935, -16.732895], [-48.809959, -16.732808], [-48.810009, -16.732721], [-48.810203, -16.73247], [-48.810419, -16.732206], [-48.810791, -16.731708], [-48.81104, -16.731387], [-48.811633, -16.730608], [-48.812409, -16.729655], [-48.812437, -16.729599], [-48.812453, -16.729372], [-48.812543, -16.728247], [-48.812481, -16.728124], [-48.811971, -16.727202], [-48.810684, -16.724861], [-48.809906, -16.723535], [-48.809475, -16.722827], [-48.809048, -16.722504], [-48.808874, -16.722297], [-48.808342, -16.721667], [-48.808235, -16.721518], [-48.807526, -16.720401], [-48.807495, -16.720335], [-48.807456, -16.720173], [-48.80719, -16.719254], [-48.807177, -16.719193], [-48.807387, -16.718326], [-48.8076, -16.717503], [-48.808047, -16.715653], [-48.808541, -16.71361], [-48.808912, -16.712069], [-48.808965, -16.711843], [-48.809022, -16.711599], [-48.80906, -16.711442], [-48.809102, -16.711285], [-48.809196, -16.711033], [-48.809275, -16.710864], [-48.810353, -16.709657], [-48.811292, -16.708593], [-48.811316, -16.708419], [-48.811314, -16.7082], [-48.811221, -16.703637], [-48.811181, -16.701974], [-48.811179, -16.698966], [-48.811017, -16.690984], [-48.810999, -16.689325], [-48.80664, -16.68555], [-48.806048, -16.685029], [-48.804987, -16.684284], [-48.802876, -16.682804], [-48.800597, -16.681226], [-48.800278, -16.68062], [-48.798541, -16.677257], [-48.798515, -16.677144], [-48.798476, -16.676576], [-48.798142, -16.674939], [-48.797238, -16.670844], [-48.797056, -16.6701], [-48.796864, -16.669451], [-48.79675, -16.669153], [-48.796528, -16.668706], [-48.795015, -16.665433], [-48.794971, -16.665284], [-48.794939, -16.664943], [-48.794088, -16.660184], [-48.793468, -16.656546], [-48.793145, -16.654683], [-48.793111, -16.654464], [-48.793096, -16.654254], [-48.79269, -16.650976], [-48.792665, -16.650722], [-48.79264, -16.650582], [-48.792681, -16.650146], [-48.792907, -16.648629], [-48.792344, -16.647165], [-48.792219, -16.646998], [-48.791841, -16.64682], [-48.788148, -16.645357], [-48.787841, -16.645354], [-48.78263, -16.64563], [-48.78244, -16.645628], [-48.778696, -16.645352], [-48.773928, -16.643293], [-48.770592, -16.641668], [-48.770457, -16.641588], [-48.770215, -16.641341], [-48.766318, -16.637457], [-48.765621, -16.63669], [-48.761239, -16.6315], [-48.758867, -16.62869], [-48.757323, -16.627125]]]}, "properties": {"fid": 35, "sre": "TRE0022", "EXT_KM": null, "GEOCOD": "TRE0022", "trecho": "Entr. GO-010 / Entr. GO-147", "rodovia": "VICINAL", "situacao": null, "principal": null}}, {"type": "Feature", "geometry": {"type": "MultiLineString", "coordinates": [[[-48.907344, -18.255955], [-48.905179, -18.252641], [-48.904952, -18.252187], [-48.903675, -18.251672], [-48.903422, -18.251572], [-48.903174, -18.251465], [-48.903094, -18.251398], [-48.903054, -18.251285], [-48.903128, -18.250884], [-48.903194, -18.250643], [-48.903255, -18.25051], [-48.903341, -18.25043], [-48.903468, -18.250376], [-48.903649, -18.250336], [-48.903856, -18.250376], [-48.904096, -18.250476], [-48.904243, -18.250583], [-48.90437, -18.250677], [-48.904544, -18.250724], [-48.904691, -18.250737], [-48.904845, -18.25073], [-48.905012, -18.25069], [-48.905166, -18.25059], [-48.905419, -18.250403], [-48.90558, -18.250222], [-48.905733, -18.250089], [-48.90588, -18.249969], [-48.906014, -18.249882], [-48.906195, -18.249808], [-48.906362, -18.249801], [-48.906676, -18.249828], [-48.906883, -18.249862], [-48.907043, -18.249908], [-48.90723, -18.249955], [-48.907344, -18.250015], [-48.907471, -18.250055], [-48.907604, -18.250062], [-48.907812, -18.250069], [-48.908019, -18.249995], [-48.908206, -18.249862], [-48.908406, -18.249695], [-48.9087, -18.249467], [-48.908967, -18.249287], [-48.909235, -18.2492], [-48.909342, -18.24912], [-48.909469, -18.248993], [-48.909669, -18.248829], [-48.909769, -18.248706], [-48.909829, -18.248622], [-48.909866, -18.248539], [-48.9099, -18.248415], [-48.909923, -18.248251], [-48.909933, -18.248134], [-48.909966, -18.247887], [-48.910077, -18.247212], [-48.910177, -18.246604], [-48.910227, -18.24634], [-48.91025, -18.246113], [-48.910284, -18.245789], [-48.910334, -18.245452], [-48.910357, -18.245305], [-48.910384, -18.245071], [-48.910417, -18.24486], [-48.910511, -18.244369], [-48.910568, -18.243905], [-48.910628, -18.243634], [-48.91066, -18.243343], [-48.910683, -18.243116], [-48.910716, -18.242879], [-48.91077, -18.242629], [-48.910803, -18.242498], [-48.91089, -18.241977], [-48.910964, -18.241636], [-48.911091, -18.241068], [-48.911244, -18.24031], [-48.911298, -18.240049], [-48.911388, -18.239829], [-48.911525, -18.239679], [-48.911819, -18.239371], [-48.912175, -18.239004], [-48.911914, -18.239164], [-48.911714, -18.239264], [-48.9114, -18.239298], [-48.910833, -18.239324], [-48.909955, -18.239341], [-48.907643, -18.239411], [-48.906089, -18.239458], [-48.905588, -18.239478], [-48.905251, -18.239481], [-48.90501, -18.239451], [-48.9049, -18.239421], [-48.904816, -18.239395], [-48.90475, -18.239344], [-48.904529, -18.239151], [-48.904295, -18.23892], [-48.903914, -18.238526], [-48.903727, -18.238352], [-48.90357, -18.238255], [-48.903343, -18.238168], [-48.903096, -18.238118], [-48.902601, -18.238068], [-48.899848, -18.237818], [-48.89927, -18.237774], [-48.89897, -18.237741], [-48.89843, -18.237674], [-48.897396, -18.23757], [-48.896812, -18.237544], [-48.895751, -18.237433], [-48.89461, -18.237323], [-48.893396, -18.23722], [-48.892814, -18.237176], [-48.89239, -18.237126], [-48.892134, -18.237103], [-48.89169, -18.237126], [-48.891403, -18.237136], [-48.890912, -18.23719], [-48.889722, -18.237323], [-48.889114, -18.23737], [-48.888409, -18.237467], [-48.887611, -18.237557], [-48.886669, -18.237654], [-48.885914, -18.237734], [-48.884527, -18.237868], [-48.88426, -18.237891], [-48.883969, -18.237928], [-48.883582, -18.237991], [-48.883261, -18.238031], [-48.880886, -18.238265], [-48.880609, -18.238296], [-48.880612, -18.238294]], [[-48.873911, -18.259143], [-48.873768, -18.258902], [-48.873564, -18.258678], [-48.873377, -18.258471], [-48.87331, -18.258394], [-48.873233, -18.258341], [-48.873146, -18.258317], [-48.873036, -18.258294], [-48.872919, -18.258284], [-48.872822, -18.258274], [-48.872749, -18.258261], [-48.872652, -18.258247], [-48.872568, -18.258217], [-48.872475, -18.258167], [-48.872398, -18.25811], [-48.872284, -18.258], [-48.872181, -18.257863], [-48.872117, -18.257763], [-48.872047, -18.257669], [-48.871987, -18.257592], [-48.871894, -18.257492], [-48.87181, -18.257399], [-48.871743, -18.257325], [-48.871686, -18.257258], [-48.871663, -18.257208], [-48.871623, -18.257115], [-48.8716, -18.257041], [-48.87162, -18.256948], [-48.87169, -18.256861], [-48.87188, -18.256737], [-48.873467, -18.255755], [-48.87486, -18.254863], [-48.875831, -18.254282], [-48.875891, -18.254245], [-48.875958, -18.254171], [-48.875988, -18.254095], [-48.876028, -18.253991], [-48.876085, -18.253687], [-48.876218, -18.253166], [-48.876399, -18.252437], [-48.876506, -18.251923], [-48.876592, -18.251512], [-48.876653, -18.251265], [-48.876743, -18.251104], [-48.87681, -18.250934], [-48.87693, -18.250313], [-48.877117, -18.249451], [-48.877261, -18.248803], [-48.877361, -18.248288], [-48.877414, -18.248071], [-48.877441, -18.2479], [-48.877491, -18.247767], [-48.877531, -18.247606], [-48.877515, -18.247439], [-48.877444, -18.247323], [-48.877378, -18.247276], [-48.877241, -18.247262], [-48.876943, -18.247252], [-48.876706, -18.247249], [-48.876559, -18.247239], [-48.876452, -18.247226], [-48.876369, -18.247202], [-48.876232, -18.247162], [-48.876151, -18.247122], [-48.876015, -18.246982], [-48.875761, -18.246738], [-48.875163, -18.246163], [-48.875049, -18.24606], [-48.875007, -18.246013], [-48.874991, -18.245981], [-48.874977, -18.245943], [-48.874974, -18.245913], [-48.874974, -18.245874], [-48.874986, -18.245836], [-48.875006, -18.245791], [-48.875037, -18.245747], [-48.875086, -18.245704], [-48.875179, -18.245639], [-48.875689, -18.24532], [-48.875946, -18.245166], [-48.876003, -18.245123], [-48.876063, -18.245076], [-48.876116, -18.245027], [-48.876182, -18.244979], [-48.876255, -18.244909], [-48.87632, -18.244825], [-48.876478, -18.24459], [-48.87666, -18.244331], [-48.876819, -18.244063], [-48.877094, -18.243606], [-48.877897, -18.242356], [-48.878438, -18.241481], [-48.879086, -18.240358], [-48.879329, -18.239999], [-48.879589, -18.239637], [-48.87987, -18.239253], [-48.880308, -18.238678], [-48.880396, -18.238578], [-48.880445, -18.238518], [-48.880481, -18.238459], [-48.880538, -18.238377], [-48.880609, -18.238296], [-48.878507, -18.238533], [-48.877615, -18.238619], [-48.877321, -18.238636], [-48.877074, -18.23864], [-48.876937, -18.238653], [-48.876723, -18.2387], [-48.876091, -18.238787], [-48.875807, -18.238833], [-48.875597, -18.238907], [-48.87465, -18.239228], [-48.874025, -18.239421], [-48.873494, -18.239568], [-48.872786, -18.239829], [-48.872418, -18.239929], [-48.872234, -18.239983], [-48.872061, -18.240003], [-48.87187, -18.239996], [-48.87168, -18.239939], [-48.871453, -18.239849], [-48.871332, -18.239772], [-48.871235, -18.239648], [-48.871058, -18.239281], [-48.870729, -18.238493], [-48.870459, -18.237794], [-48.870186, -18.236999], [-48.870063, -18.236729], [-48.870019, -18.236571], [-48.869976, -18.236435], [-48.869919, -18.236298], [-48.869889, -18.236214], [-48.869762, -18.236114], [-48.869575, -18.236017], [-48.869264, -18.23588], [-48.86898, -18.235796], [-48.868666, -18.23573], [-48.868379, -18.23569], [-48.867363, -18.235422], [-48.867166, -18.235372], [-48.867006, -18.235352], [-48.866845, -18.235359], [-48.863576, -18.235733], [-48.863336, -18.23576], [-48.863232, -18.2358], [-48.863159, -18.235833], [-48.863035, -18.235907], [-48.862808, -18.23604], [-48.862113, -18.236404], [-48.861883, -18.236511], [-48.861779, -18.236555], [-48.861502, -18.236635], [-48.860994, -18.236782], [-48.860013, -18.237106], [-48.859312, -18.237313], [-48.858994, -18.237423], [-48.858396, -18.237611], [-48.858162, -18.237694], [-48.858015, -18.237717], [-48.857785, -18.237734], [-48.857447, -18.237741], [-48.856873, -18.237781], [-48.856594, -18.237796]], [[-48.862631, -18.263606], [-48.862643, -18.263529], [-48.862634, -18.263342], [-48.862599, -18.262306], [-48.862562, -18.261495], [-48.862536, -18.260726], [-48.862536, -18.260626], [-48.862519, -18.260469], [-48.862492, -18.259734], [-48.862459, -18.258942], [-48.862435, -18.258177], [-48.862392, -18.257415], [-48.862379, -18.25667], [-48.86237, -18.256313], [-48.862367, -18.256243], [-48.862357, -18.256173], [-48.862344, -18.256121], [-48.862322, -18.256062], [-48.862297, -18.256026], [-48.862255, -18.255982], [-48.86219, -18.255942], [-48.862123, -18.255924], [-48.862004, -18.2559], [-48.861391, -18.255778], [-48.860665, -18.255656], [-48.860226, -18.255613], [-48.860113, -18.2556], [-48.860053, -18.255591], [-48.859976, -18.255575], [-48.859926, -18.255558], [-48.859879, -18.255526], [-48.859819, -18.255473], [-48.859769, -18.255423], [-48.859477, -18.255113], [-48.859134, -18.254688], [-48.858811, -18.254315], [-48.858161, -18.253568], [-48.85719, -18.252432], [-48.856885, -18.252072], [-48.856851, -18.252042], [-48.856805, -18.251981], [-48.856791, -18.251941], [-48.856777, -18.251891], [-48.856773, -18.251843], [-48.85677, -18.25179], [-48.856776, -18.251621], [-48.85678, -18.251408], [-48.856784, -18.251226], [-48.856796, -18.250727], [-48.856804, -18.250653], [-48.856814, -18.250563], [-48.856838, -18.250468], [-48.856865, -18.250357]]]}, "properties": {"fid": 37, "sre": "TRE0025", "EXT_KM": null, "GEOCOD": "TRE0025", "trecho": "Entr. GO-505 / Corumbazul", "rodovia": "VICINAL", "situacao": null, "principal": null}}]}