{"type": "FeatureCollection", "features": [{"type": "Feature", "geometry": {"crs": {"type": "name", "properties": {"name": "EPSG:4674"}}, "type": "MultiPoint", "coordinates": [[-49.43931, -16.756302]]}, "properties": {"CD_MUN": "5200050", "GEOCOD": "LOC0001", "NM_MUN": "Abadia de Goiás", "RG_PLAN": "Metropolitana de Goiânia", "ID_LOCAL": 9, "NOME_ACEN": "Abadia de Goiás", "POPULACAO": 3963}}, {"type": "Feature", "geometry": {"crs": {"type": "name", "properties": {"name": "EPSG:4674"}}, "type": "MultiPoint", "coordinates": [[-48.707573, -16.191095]]}, "properties": {"CD_MUN": "5200100", "GEOCOD": "LOC0002", "NM_MUN": "Abadiânia", "RG_PLAN": "Entorno Distrito Federal", "ID_LOCAL": 11, "NOME_ACEN": "Abadiânia", "POPULACAO": 7604}}, {"type": "Feature", "geometry": {"crs": {"type": "name", "properties": {"name": "EPSG:4674"}}, "type": "MultiPoint", "coordinates": [[-50.379901, -17.39115]]}, "properties": {"CD_MUN": "5200134", "GEOCOD": "LOC0003", "NM_MUN": "Acreúna", "RG_PLAN": "Sudoeste Goiano", "ID_LOCAL": 12, "NOME_ACEN": "Acreúna", "POPULACAO": 16424}}, {"type": "Feature", "geometry": {"crs": {"type": "name", "properties": {"name": "EPSG:4674"}}, "type": "MultiPoint", "coordinates": [[-50.165824, -16.415297]]}, "properties": {"CD_MUN": "5200159", "GEOCOD": "LOC0004", "NM_MUN": "Adelândia", "RG_PLAN": "Oeste Goiano", "ID_LOCAL": 13, "NOME_ACEN": "Adelândia", "POPULACAO": 3414}}, {"type": "Feature", "geometry": {"crs": {"type": "name", "properties": {"name": "EPSG:4674"}}, "type": "MultiPoint", "coordinates": [[-49.059171, -14.445779]]}, "properties": {"CD_MUN": "5221601", "GEOCOD": "LOC0005", "NM_MUN": "Uruaçu", "RG_PLAN": "Norte Goiano", "ID_LOCAL": 441, "NOME_ACEN": "Água Branca", "POPULACAO": 0}}, {"type": "Feature", "geometry": {"crs": {"type": "name", "properties": {"name": "EPSG:4674"}}, "type": "MultiPoint", "coordinates": [[-47.781684, -14.98408]]}, "properties": {"CD_MUN": "5200175", "GEOCOD": "LOC0006", "NM_MUN": "Água Fria de Goiás", "RG_PLAN": "Entorno Distrito Federal", "ID_LOCAL": 14, "NOME_ACEN": "Água Fria de Goiás", "POPULACAO": 2082}}, {"type": "Feature", "geometry": {"crs": {"type": "name", "properties": {"name": "EPSG:4674"}}, "type": "MultiPoint", "coordinates": [[-48.763152, -18.076057]]}, "properties": {"CD_MUN": "5200209", "GEOCOD": "LOC0007", "NM_MUN": "Água Limpa", "RG_PLAN": "Sul Goiano", "ID_LOCAL": 15, "NOME_ACEN": "Água Limpa", "POPULACAO": 1447}}, {"type": "Feature", "geometry": {"crs": {"type": "name", "properties": {"name": "EPSG:4674"}}, "type": "MultiPoint", "coordinates": [[-46.640125, -13.93712]]}, "properties": {"CD_MUN": "5209903", "GEOCOD": "LOC0008", "NM_MUN": "Iaciara", "RG_PLAN": "Nordeste Goiano", "ID_LOCAL": 472, "NOME_ACEN": "Água Quente", "POPULACAO": 738}}, {"type": "Feature", "geometry": {"crs": {"type": "name", "properties": {"name": "EPSG:4674"}}, "type": "MultiPoint", "coordinates": [[-50.581284, -15.645311]]}, "properties": {"CD_MUN": "5208905", "GEOCOD": "LOC0009", "NM_MUN": "Goiás", "RG_PLAN": "Noroeste Goiano", "ID_LOCAL": 409, "NOME_ACEN": "Águas de São João", "POPULACAO": 211}}, {"type": "Feature", "geometry": {"crs": {"type": "name", "properties": {"name": "EPSG:4674"}}, "type": "MultiPoint", "coordinates": [[-48.280427, -15.735326]]}, "properties": {"CD_MUN": "5200258", "GEOCOD": "LOC0010", "NM_MUN": "Águas Lindas de Goiás", "RG_PLAN": "Entorno Distrito Federal", "ID_LOCAL": 6, "NOME_ACEN": "Águas Lindas de Goiás", "POPULACAO": 131541}}, {"type": "Feature", "geometry": {"crs": {"type": "name", "properties": {"name": "EPSG:4674"}}, "type": "MultiPoint", "coordinates": [[-48.50576, -16.08933]]}, "properties": {"CD_MUN": "5200308", "GEOCOD": "LOC0011", "NM_MUN": "Alexânia", "RG_PLAN": "Entorno Distrito Federal", "ID_LOCAL": 16, "NOME_ACEN": "Alexânia", "POPULACAO": 15864}}, {"type": "Feature", "geometry": {"crs": {"type": "name", "properties": {"name": "EPSG:4674"}}, "type": "MultiPoint", "coordinates": [[-48.255644, -16.690695]]}, "properties": {"CD_MUN": "5220603", "GEOCOD": "LOC0012", "NM_MUN": "Silvânia", "RG_PLAN": "Sudeste Goiano", "ID_LOCAL": 621, "NOME_ACEN": "Almeida", "POPULACAO": 0}}, {"type": "Feature", "geometry": {"crs": {"type": "name", "properties": {"name": "EPSG:4674"}}, "type": "MultiPoint", "coordinates": [[-49.687435, -18.498091]]}, "properties": {"CD_MUN": "5204250", "GEOCOD": "LOC0013", "NM_MUN": "Cachoeira Dourada", "RG_PLAN": "Sul Goiano", "ID_LOCAL": 260, "NOME_ACEN": "Almerindonópolis", "POPULACAO": 1104}}, {"type": "Feature", "geometry": {"crs": {"type": "name", "properties": {"name": "EPSG:4674"}}, "type": "MultiPoint", "coordinates": [[-49.481033, -17.727751]]}, "properties": {"CD_MUN": "5200506", "GEOCOD": "LOC0014", "NM_MUN": "Aloândia", "RG_PLAN": "Sul Goiano", "ID_LOCAL": 17, "NOME_ACEN": "Aloândia", "POPULACAO": 1761}}, {"type": "Feature", "geometry": {"crs": {"type": "name", "properties": {"name": "EPSG:4674"}}, "type": "MultiPoint", "coordinates": [[-48.160467, -17.150188]]}, "properties": {"CD_MUN": "5215306", "GEOCOD": "LOC0015", "NM_MUN": "Orizona", "RG_PLAN": "Sudeste Goiano", "ID_LOCAL": 272, "NOME_ACEN": "Alto Alvorada", "POPULACAO": 153}}, {"type": "Feature", "geometry": {"crs": {"type": "name", "properties": {"name": "EPSG:4674"}}, "type": "MultiPoint", "coordinates": [[-50.790755, -16.055006]]}, "properties": {"CD_MUN": "5215207", "GEOCOD": "LOC0016", "NM_MUN": "Novo Brasil", "RG_PLAN": "Oeste Goiano", "ID_LOCAL": 630, "NOME_ACEN": "Alto Caranda", "POPULACAO": 0}}, {"type": "Feature", "geometry": {"crs": {"type": "name", "properties": {"name": "EPSG:4674"}}, "type": "MultiPoint", "coordinates": [[-49.33606, -14.197691]]}, "properties": {"CD_MUN": "5200555", "GEOCOD": "LOC0017", "NM_MUN": "Alto Horizonte", "RG_PLAN": "Norte Goiano", "ID_LOCAL": 18, "NOME_ACEN": "Alto Horizonte", "POPULACAO": 2442}}, {"type": "Feature", "geometry": {"crs": {"type": "name", "properties": {"name": "EPSG:4674"}}, "type": "MultiPoint", "coordinates": [[-47.521791, -14.136303]]}, "properties": {"CD_MUN": "5200605", "GEOCOD": "LOC0018", "NM_MUN": "Alto Paraíso de Goiás", "RG_PLAN": "Nordeste Goiano", "ID_LOCAL": 19, "NOME_ACEN": "Alto Paraíso de Goiás", "POPULACAO": 4595}}, {"type": "Feature", "geometry": {"crs": {"type": "name", "properties": {"name": "EPSG:4674"}}, "type": "MultiPoint", "coordinates": [[-49.500619, -15.894503]]}, "properties": {"CD_MUN": "5211800", "GEOCOD": "LOC0019", "NM_MUN": "Jaraguá", "RG_PLAN": "Centro Goiano", "ID_LOCAL": 384, "NOME_ACEN": "Alvelândia", "POPULACAO": 195}}, {"type": "Feature", "geometry": {"crs": {"type": "name", "properties": {"name": "EPSG:4674"}}, "type": "MultiPoint", "coordinates": [[-46.494647, -14.480544]]}, "properties": {"CD_MUN": "5200803", "GEOCOD": "LOC0020", "NM_MUN": "Alvorada do Norte", "RG_PLAN": "Nordeste Goiano", "ID_LOCAL": 20, "NOME_ACEN": "Alvorada do Norte", "POPULACAO": 7070}}, {"type": "Feature", "geometry": {"crs": {"type": "name", "properties": {"name": "EPSG:4674"}}, "type": "MultiPoint", "coordinates": [[-46.509508, -14.483843]]}, "properties": {"CD_MUN": "5200803", "GEOCOD": "LOC0021", "NM_MUN": "Alvorada do Norte", "RG_PLAN": "Nordeste Goiano", "ID_LOCAL": 467, "NOME_ACEN": "Alvoradinha", "POPULACAO": 7070}}, {"type": "Feature", "geometry": {"crs": {"type": "name", "properties": {"name": "EPSG:4674"}}, "type": "MultiPoint", "coordinates": [[-49.298105, -13.928135]]}, "properties": {"CD_MUN": "5200829", "GEOCOD": "LOC0022", "NM_MUN": "Amaralina", "RG_PLAN": "Norte Goiano", "ID_LOCAL": 2, "NOME_ACEN": "Amaralina", "POPULACAO": 1143}}, {"type": "Feature", "geometry": {"crs": {"type": "name", "properties": {"name": "EPSG:4674"}}, "type": "MultiPoint", "coordinates": [[-49.164451, -13.983952]]}, "properties": {"CD_MUN": "5212808", "GEOCOD": "LOC0023", "NM_MUN": "Mara Rosa", "RG_PLAN": "Norte Goiano", "ID_LOCAL": 502, "NOME_ACEN": "Amaro Leite", "POPULACAO": 0}}, {"type": "Feature", "geometry": {"crs": {"type": "name", "properties": {"name": "EPSG:4674"}}, "type": "MultiPoint", "coordinates": [[-49.294858, -14.117251]]}, "properties": {"CD_MUN": "5212808", "GEOCOD": "LOC0024", "NM_MUN": "Mara Rosa", "RG_PLAN": "Norte Goiano", "ID_LOCAL": 431, "NOME_ACEN": "Amarolândia", "POPULACAO": 0}}, {"type": "Feature", "geometry": {"crs": {"type": "name", "properties": {"name": "EPSG:4674"}}, "type": "MultiPoint", "coordinates": [[-49.982643, -16.254342]]}, "properties": {"CD_MUN": "5200852", "GEOCOD": "LOC0025", "NM_MUN": "Americano do Brasil", "RG_PLAN": "Oeste Goiano", "ID_LOCAL": 21, "NOME_ACEN": "Americano do Brasil", "POPULACAO": 4371}}, {"type": "Feature", "geometry": {"crs": {"type": "name", "properties": {"name": "EPSG:4674"}}, "type": "MultiPoint", "coordinates": [[-51.096639, -16.617386]]}, "properties": {"CD_MUN": "5200902", "GEOCOD": "LOC0026", "NM_MUN": "Amorinópolis", "RG_PLAN": "Oeste Goiano", "ID_LOCAL": 22, "NOME_ACEN": "Amorinópolis", "POPULACAO": 2307}}, {"type": "Feature", "geometry": {"crs": {"type": "name", "properties": {"name": "EPSG:4674"}}, "type": "MultiPoint", "coordinates": [[-48.949646, -16.329492]]}, "properties": {"CD_MUN": "5201108", "GEOCOD": "LOC0027", "NM_MUN": "Anápolis", "RG_PLAN": "Centro Goiano", "ID_LOCAL": 23, "NOME_ACEN": "Anápolis", "POPULACAO": 325544}}, {"type": "Feature", "geometry": {"crs": {"type": "name", "properties": {"name": "EPSG:4674"}}, "type": "MultiPoint", "coordinates": [[-48.945642, -15.059843]]}, "properties": {"CD_MUN": "5203203", "GEOCOD": "LOC0028", "NM_MUN": "Barro Alto", "RG_PLAN": "Centro Goiano", "ID_LOCAL": 648, "NOME_ACEN": "Anglo American", "POPULACAO": 0}}, {"type": "Feature", "geometry": {"crs": {"type": "name", "properties": {"name": "EPSG:4674"}}, "type": "MultiPoint", "coordinates": [[-48.945642, -15.059843]]}, "properties": {"CD_MUN": "5203203", "GEOCOD": "LOC0029", "NM_MUN": "Barro Alto", "RG_PLAN": "Centro Goiano", "ID_LOCAL": 649, "NOME_ACEN": "Anglo American", "POPULACAO": 0}}, {"type": "Feature", "geometry": {"crs": {"type": "name", "properties": {"name": "EPSG:4674"}}, "type": "MultiPoint", "coordinates": [[-48.217213, -18.331832]]}, "properties": {"CD_MUN": "5201207", "GEOCOD": "LOC0030", "NM_MUN": "Anhanguera", "RG_PLAN": "Sudeste Goiano", "ID_LOCAL": 24, "NOME_ACEN": "Anhanguera", "POPULACAO": 919}}, {"type": "Feature", "geometry": {"crs": {"type": "name", "properties": {"name": "EPSG:4674"}}, "type": "MultiPoint", "coordinates": [[-49.955101, -16.463523]]}, "properties": {"CD_MUN": "5201306", "GEOCOD": "LOC0031", "NM_MUN": "Anicuns", "RG_PLAN": "Oeste Goiano", "ID_LOCAL": 25, "NOME_ACEN": "Anicuns", "POPULACAO": 14591}}, {"type": "Feature", "geometry": {"crs": {"type": "name", "properties": {"name": "EPSG:4674"}}, "type": "MultiPoint", "coordinates": [[-49.241124, -16.820746]]}, "properties": {"CD_MUN": "5201405", "GEOCOD": "LOC0032", "NM_MUN": "Aparecida de Goiânia", "RG_PLAN": "Metropolitana de Goiânia", "ID_LOCAL": 26, "NOME_ACEN": "Aparecida de Goiânia", "POPULACAO": 475303}}, {"type": "Feature", "geometry": {"crs": {"type": "name", "properties": {"name": "EPSG:4674"}}, "type": "MultiPoint", "coordinates": [[-49.827473, -15.002565]]}, "properties": {"CD_MUN": "5210901", "GEOCOD": "LOC0033", "NM_MUN": "Itapaci", "RG_PLAN": "Centro Goiano", "ID_LOCAL": 366, "NOME_ACEN": "Aparecida de Goiás", "POPULACAO": 67}}, {"type": "Feature", "geometry": {"crs": {"type": "name", "properties": {"name": "EPSG:4674"}}, "type": "MultiPoint", "coordinates": [[-48.500492, -15.881155]]}, "properties": {"CD_MUN": "5205802", "GEOCOD": "LOC0034", "NM_MUN": "Corumbá de Goiás", "RG_PLAN": "Entorno Distrito Federal", "ID_LOCAL": 362, "NOME_ACEN": "Aparecida de Loyola", "POPULACAO": 252}}, {"type": "Feature", "geometry": {"crs": {"type": "name", "properties": {"name": "EPSG:4674"}}, "type": "MultiPoint", "coordinates": [[-50.487335, -16.350345]]}, "properties": {"CD_MUN": "5219001", "GEOCOD": "LOC0035", "NM_MUN": "Sanclerlândia", "RG_PLAN": "Oeste Goiano", "ID_LOCAL": 312, "NOME_ACEN": "Aparecida do Fartura", "POPULACAO": 401}}, {"type": "Feature", "geometry": {"crs": {"type": "name", "properties": {"name": "EPSG:4674"}}, "type": "MultiPoint", "coordinates": [[-51.357508, -15.941735]]}, "properties": {"CD_MUN": "5213707", "GEOCOD": "LOC0036", "NM_MUN": "Montes Claros de Goiás", "RG_PLAN": "Oeste Goiano", "ID_LOCAL": 420, "NOME_ACEN": "Aparecida do Rio Claro", "POPULACAO": 341}}, {"type": "Feature", "geometry": {"crs": {"type": "name", "properties": {"name": "EPSG:4674"}}, "type": "MultiPoint", "coordinates": [[-51.148982, -18.297371]]}, "properties": {"CD_MUN": "5201454", "GEOCOD": "LOC0037", "NM_MUN": "Aparecida do Rio Doce", "RG_PLAN": "Sudoeste Goiano", "ID_LOCAL": 27, "NOME_ACEN": "Aparecida do Rio Doce", "POPULACAO": 2088}}, {"type": "Feature", "geometry": {"crs": {"type": "name", "properties": {"name": "EPSG:4674"}}, "type": "MultiPoint", "coordinates": [[-51.923939, -18.965897]]}, "properties": {"CD_MUN": "5201504", "GEOCOD": "LOC0038", "NM_MUN": "Aporé", "RG_PLAN": "Sudoeste Goiano", "ID_LOCAL": 28, "NOME_ACEN": "Aporé", "POPULACAO": 2291}}, {"type": "Feature", "geometry": {"crs": {"type": "name", "properties": {"name": "EPSG:4674"}}, "type": "MultiPoint", "coordinates": [[-49.68372, -16.358]]}, "properties": {"CD_MUN": "5201603", "GEOCOD": "LOC0039", "NM_MUN": "Araçu", "RG_PLAN": "Noroeste Goiano", "ID_LOCAL": 29, "NOME_ACEN": "Araçu", "POPULACAO": 3343}}, {"type": "Feature", "geometry": {"crs": {"type": "name", "properties": {"name": "EPSG:4674"}}, "type": "MultiPoint", "coordinates": [[-48.731008, -13.719134]]}, "properties": {"CD_MUN": "5204706", "GEOCOD": "LOC0040", "NM_MUN": "Campinorte", "RG_PLAN": "Norte Goiano", "ID_LOCAL": 486, "NOME_ACEN": "Araculândia", "POPULACAO": 0}}, {"type": "Feature", "geometry": {"crs": {"type": "name", "properties": {"name": "EPSG:4674"}}, "type": "MultiPoint", "coordinates": [[-52.248388, -15.896123]]}, "properties": {"CD_MUN": "5201702", "GEOCOD": "LOC0041", "NM_MUN": "Aragarças", "RG_PLAN": "Oeste Goiano", "ID_LOCAL": 30, "NOME_ACEN": "Aragarças", "POPULACAO": 16776}}, {"type": "Feature", "geometry": {"crs": {"type": "name", "properties": {"name": "EPSG:4674"}}, "type": "MultiPoint", "coordinates": [[-49.448598, -16.908869]]}, "properties": {"CD_MUN": "5201801", "GEOCOD": "LOC0042", "NM_MUN": "Aragoiânia", "RG_PLAN": "Metropolitana de Goiânia", "ID_LOCAL": 31, "NOME_ACEN": "Aragoiânia", "POPULACAO": 5146}}, {"type": "Feature", "geometry": {"crs": {"type": "name", "properties": {"name": "EPSG:4674"}}, "type": "MultiPoint", "coordinates": [[-50.621213, -15.092984]]}, "properties": {"CD_MUN": "5202155", "GEOCOD": "LOC0043", "NM_MUN": "Araguapaz", "RG_PLAN": "Noroeste Goiano", "ID_LOCAL": 32, "NOME_ACEN": "Araguapaz", "POPULACAO": 5218}}, {"type": "Feature", "geometry": {"crs": {"type": "name", "properties": {"name": "EPSG:4674"}}, "type": "MultiPoint", "coordinates": [[-47.62887, -13.57725]]}, "properties": {"CD_MUN": "5205307", "GEOCOD": "LOC0044", "NM_MUN": "Cavalcante", "RG_PLAN": "Nordeste Goiano", "ID_LOCAL": 482, "NOME_ACEN": "Araí", "POPULACAO": 259}}, {"type": "Feature", "geometry": {"crs": {"type": "name", "properties": {"name": "EPSG:4674"}}, "type": "MultiPoint", "coordinates": [[-50.194793, -17.530087]]}, "properties": {"CD_MUN": "5200134", "GEOCOD": "LOC0045", "NM_MUN": "Acreúna", "RG_PLAN": "Sudoeste Goiano", "ID_LOCAL": 288, "NOME_ACEN": "Arantina", "POPULACAO": 970}}, {"type": "Feature", "geometry": {"crs": {"type": "name", "properties": {"name": "EPSG:4674"}}, "type": "MultiPoint", "coordinates": [[-48.381107, -18.22948]]}, "properties": {"CD_MUN": "5205901", "GEOCOD": "LOC0046", "NM_MUN": "Corumbaíba", "RG_PLAN": "Sudeste Goiano", "ID_LOCAL": 262, "NOME_ACEN": "Areião", "POPULACAO": 0}}, {"type": "Feature", "geometry": {"crs": {"type": "name", "properties": {"name": "EPSG:4674"}}, "type": "MultiPoint", "coordinates": [[-50.079717, -15.983932]]}, "properties": {"CD_MUN": "5208905", "GEOCOD": "LOC0047", "NM_MUN": "Goiás", "RG_PLAN": "Noroeste Goiano", "ID_LOCAL": 616, "NOME_ACEN": "Areias", "POPULACAO": 0}}, {"type": "Feature", "geometry": {"crs": {"type": "name", "properties": {"name": "EPSG:4674"}}, "type": "MultiPoint", "coordinates": [[-51.562166, -16.383721]]}, "properties": {"CD_MUN": "5202353", "GEOCOD": "LOC0048", "NM_MUN": "Arenópolis", "RG_PLAN": "Oeste Goiano", "ID_LOCAL": 33, "NOME_ACEN": "Arenópolis", "POPULACAO": 2116}}, {"type": "Feature", "geometry": {"crs": {"type": "name", "properties": {"name": "EPSG:4674"}}, "type": "MultiPoint", "coordinates": [[-49.229235, -15.525232]]}, "properties": {"CD_MUN": "5211800", "GEOCOD": "LOC0049", "NM_MUN": "Jaraguá", "RG_PLAN": "Centro Goiano", "ID_LOCAL": 397, "NOME_ACEN": "Arturlândia", "POPULACAO": 562}}, {"type": "Feature", "geometry": {"crs": {"type": "name", "properties": {"name": "EPSG:4674"}}, "type": "MultiPoint", "coordinates": [[-51.080493, -14.919209]]}, "properties": {"CD_MUN": "5202502", "GEOCOD": "LOC0050", "NM_MUN": "Aruanã", "RG_PLAN": "Noroeste Goiano", "ID_LOCAL": 34, "NOME_ACEN": "Aruanã", "POPULACAO": 5249}}, {"type": "Feature", "geometry": {"crs": {"type": "name", "properties": {"name": "EPSG:4674"}}, "type": "MultiPoint", "coordinates": [[-50.463719, -16.680294]]}, "properties": {"CD_MUN": "5202601", "GEOCOD": "LOC0051", "NM_MUN": "Aurilândia", "RG_PLAN": "Oeste Goiano", "ID_LOCAL": 35, "NOME_ACEN": "Aurilândia", "POPULACAO": 2762}}, {"type": "Feature", "geometry": {"crs": {"type": "name", "properties": {"name": "EPSG:4674"}}, "type": "MultiPoint", "coordinates": [[-50.004255, -14.844702]]}, "properties": {"CD_MUN": "5206404", "GEOCOD": "LOC0052", "NM_MUN": "Crixás", "RG_PLAN": "Norte Goiano", "ID_LOCAL": 427, "NOME_ACEN": "Auriverde", "POPULACAO": 422}}, {"type": "Feature", "geometry": {"crs": {"type": "name", "properties": {"name": "EPSG:4674"}}, "type": "MultiPoint", "coordinates": [[-49.753487, -16.463099]]}, "properties": {"CD_MUN": "5202809", "GEOCOD": "LOC0053", "NM_MUN": "Avelinópolis", "RG_PLAN": "Oeste Goiano", "ID_LOCAL": 36, "NOME_ACEN": "Avelinópolis", "POPULACAO": 1804}}, {"type": "Feature", "geometry": {"crs": {"type": "name", "properties": {"name": "EPSG:4674"}}, "type": "MultiPoint", "coordinates": [[-50.1067, -13.03152]]}, "properties": {"CD_MUN": "5220207", "GEOCOD": "LOC0054", "NM_MUN": "São Miguel do Araguaia", "RG_PLAN": "Norte Goiano", "ID_LOCAL": 516, "NOME_ACEN": "Babaçu", "POPULACAO": 0}}, {"type": "Feature", "geometry": {"crs": {"type": "name", "properties": {"name": "EPSG:4674"}}, "type": "MultiPoint", "coordinates": [[-50.884615, -16.14399]]}, "properties": {"CD_MUN": "5207600", "GEOCOD": "LOC0055", "NM_MUN": "Fazenda Nova", "RG_PLAN": "Oeste Goiano", "ID_LOCAL": 295, "NOME_ACEN": "Bacilândia", "POPULACAO": 448}}, {"type": "Feature", "geometry": {"crs": {"type": "name", "properties": {"name": "EPSG:4674"}}, "type": "MultiPoint", "coordinates": [[-49.970492, -16.342617]]}, "properties": {"CD_MUN": "5201306", "GEOCOD": "LOC0056", "NM_MUN": "Anicuns", "RG_PLAN": "Oeste Goiano", "ID_LOCAL": 562, "NOME_ACEN": "Baixa Fria", "POPULACAO": 0}}, {"type": "Feature", "geometry": {"crs": {"type": "name", "properties": {"name": "EPSG:4674"}}, "type": "MultiPoint", "coordinates": [[-52.544225, -16.198697]]}, "properties": {"CD_MUN": "5203104", "GEOCOD": "LOC0057", "NM_MUN": "Baliza", "RG_PLAN": "Oeste Goiano", "ID_LOCAL": 37, "NOME_ACEN": "Baliza", "POPULACAO": 1043}}, {"type": "Feature", "geometry": {"crs": {"type": "name", "properties": {"name": "EPSG:4674"}}, "type": "MultiPoint", "coordinates": [[-50.796044, -13.689591]]}, "properties": {"CD_MUN": "5214838", "GEOCOD": "LOC0058", "NM_MUN": "Nova Crixás", "RG_PLAN": "Norte Goiano", "ID_LOCAL": 505, "NOME_ACEN": "Bandeirantes", "POPULACAO": 886}}, {"type": "Feature", "geometry": {"crs": {"type": "name", "properties": {"name": "EPSG:4674"}}, "type": "MultiPoint", "coordinates": [[-46.274594, -14.283223]]}, "properties": {"CD_MUN": "5218300", "GEOCOD": "LOC0059", "NM_MUN": "Posse", "RG_PLAN": "Nordeste Goiano", "ID_LOCAL": 470, "NOME_ACEN": "Barbosilândia", "POPULACAO": 565}}, {"type": "Feature", "geometry": {"crs": {"type": "name", "properties": {"name": "EPSG:4674"}}, "type": "MultiPoint", "coordinates": [[-49.102005, -16.780182]]}, "properties": {"CD_MUN": "5220454", "GEOCOD": "LOC0060", "NM_MUN": "Senador Canedo", "RG_PLAN": "Metropolitana de Goiânia", "ID_LOCAL": 548, "NOME_ACEN": "Barcelona", "POPULACAO": 0}}, {"type": "Feature", "geometry": {"crs": {"type": "name", "properties": {"name": "EPSG:4674"}}, "type": "MultiPoint", "coordinates": [[-48.918763, -14.971461]]}, "properties": {"CD_MUN": "5203203", "GEOCOD": "LOC0061", "NM_MUN": "Barro Alto", "RG_PLAN": "Centro Goiano", "ID_LOCAL": 38, "NOME_ACEN": "Barro Alto", "POPULACAO": 4239}}, {"type": "Feature", "geometry": {"crs": {"type": "name", "properties": {"name": "EPSG:4674"}}, "type": "MultiPoint", "coordinates": [[-48.585735, -14.357393]]}, "properties": {"CD_MUN": "5214606", "GEOCOD": "LOC0062", "NM_MUN": "Niquelândia", "RG_PLAN": "Norte Goiano", "ID_LOCAL": 603, "NOME_ACEN": "Baunilha", "POPULACAO": 0}}, {"type": "Feature", "geometry": {"crs": {"type": "name", "properties": {"name": "EPSG:4674"}}, "type": "MultiPoint", "coordinates": [[-48.956736, -16.972679]]}, "properties": {"CD_MUN": "5203302", "GEOCOD": "LOC0063", "NM_MUN": "Bela Vista de Goiás", "RG_PLAN": "Metropolitana de Goiânia", "ID_LOCAL": 39, "NOME_ACEN": "Bela Vista de Goiás", "POPULACAO": 14296}}, {"type": "Feature", "geometry": {"crs": {"type": "name", "properties": {"name": "EPSG:4674"}}, "type": "MultiPoint", "coordinates": [[-51.322521, -15.920468]]}, "properties": {"CD_MUN": "5212204", "GEOCOD": "LOC0064", "NM_MUN": "Jussara", "RG_PLAN": "Oeste Goiano", "ID_LOCAL": 422, "NOME_ACEN": "Betânia", "POPULACAO": 323}}, {"type": "Feature", "geometry": {"crs": {"type": "name", "properties": {"name": "EPSG:4674"}}, "type": "MultiPoint", "coordinates": [[-47.106023, -15.492507]]}, "properties": {"CD_MUN": "5208004", "GEOCOD": "LOC0065", "NM_MUN": "Formosa", "RG_PLAN": "Entorno Distrito Federal", "ID_LOCAL": 353, "NOME_ACEN": "Bezerra", "POPULACAO": 1603}}, {"type": "Feature", "geometry": {"crs": {"type": "name", "properties": {"name": "EPSG:4674"}}, "type": "MultiPoint", "coordinates": [[-47.108229, -15.264581]]}, "properties": {"CD_MUN": "5208004", "GEOCOD": "LOC0066", "NM_MUN": "Formosa", "RG_PLAN": "Entorno Distrito Federal", "ID_LOCAL": 351, "NOME_ACEN": "Boa Esperança", "POPULACAO": 0}}, {"type": "Feature", "geometry": {"crs": {"type": "name", "properties": {"name": "EPSG:4674"}}, "type": "MultiPoint", "coordinates": [[-46.231692, -14.466607]]}, "properties": {"CD_MUN": "5206701", "GEOCOD": "LOC0067", "NM_MUN": "Damianópolis", "RG_PLAN": "Nordeste Goiano", "ID_LOCAL": 462, "NOME_ACEN": "Boa Esperança", "POPULACAO": 0}}, {"type": "Feature", "geometry": {"crs": {"type": "name", "properties": {"name": "EPSG:4674"}}, "type": "MultiPoint", "coordinates": [[-48.803767, -17.872519]]}, "properties": {"CD_MUN": "5218789", "GEOCOD": "LOC0068", "NM_MUN": "Rio Quente", "RG_PLAN": "Sul Goiano", "ID_LOCAL": 627, "NOME_ACEN": "Boa Esperança", "POPULACAO": 0}}, {"type": "Feature", "geometry": {"crs": {"type": "name", "properties": {"name": "EPSG:4674"}}, "type": "MultiPoint", "coordinates": [[-49.912189, -16.282256]]}, "properties": {"CD_MUN": "5201306", "GEOCOD": "LOC0069", "NM_MUN": "Anicuns", "RG_PLAN": "Oeste Goiano", "ID_LOCAL": 563, "NOME_ACEN": "Boa Vista", "POPULACAO": 0}}, {"type": "Feature", "geometry": {"crs": {"type": "name", "properties": {"name": "EPSG:4674"}}, "type": "MultiPoint", "coordinates": [[-46.495352, -14.414464]]}, "properties": {"CD_MUN": "5220686", "GEOCOD": "LOC0070", "NM_MUN": "Simolândia", "RG_PLAN": "Nordeste Goiano", "ID_LOCAL": 583, "NOME_ACEN": "Boi Gordo", "POPULACAO": 0}}, {"type": "Feature", "geometry": {"crs": {"type": "name", "properties": {"name": "EPSG:4674"}}, "type": "MultiPoint", "coordinates": [[-52.173253, -16.202652]]}, "properties": {"CD_MUN": "5203401", "GEOCOD": "LOC0071", "NM_MUN": "Bom Jardim de Goiás", "RG_PLAN": "Oeste Goiano", "ID_LOCAL": 40, "NOME_ACEN": "Bom Jardim de Goiás", "POPULACAO": 6102}}, {"type": "Feature", "geometry": {"crs": {"type": "name", "properties": {"name": "EPSG:4674"}}, "type": "MultiPoint", "coordinates": [[-49.653498, -15.086077]]}, "properties": {"CD_MUN": "5210158", "GEOCOD": "LOC0072", "NM_MUN": "Ipiranga de Goiás", "RG_PLAN": "Centro Goiano", "ID_LOCAL": 368, "NOME_ACEN": "Bom Jesus", "POPULACAO": 374}}, {"type": "Feature", "geometry": {"crs": {"type": "name", "properties": {"name": "EPSG:4674"}}, "type": "MultiPoint", "coordinates": [[-49.186879, -15.774762]]}, "properties": {"CD_MUN": "5211800", "GEOCOD": "LOC0073", "NM_MUN": "Jaraguá", "RG_PLAN": "Centro Goiano", "ID_LOCAL": 381, "NOME_ACEN": "Bom Jesus", "POPULACAO": 0}}, {"type": "Feature", "geometry": {"crs": {"type": "name", "properties": {"name": "EPSG:4674"}}, "type": "MultiPoint", "coordinates": [[-48.280441, -15.047536]]}, "properties": {"CD_MUN": "5213053", "GEOCOD": "LOC0074", "NM_MUN": "Mimoso de Goiás", "RG_PLAN": "Entorno Distrito Federal", "ID_LOCAL": 607, "NOME_ACEN": "Bom Jesus", "POPULACAO": 0}}, {"type": "Feature", "geometry": {"crs": {"type": "name", "properties": {"name": "EPSG:4674"}}, "type": "MultiPoint", "coordinates": [[-49.741494, -18.220883]]}, "properties": {"CD_MUN": "5203500", "GEOCOD": "LOC0075", "NM_MUN": "Bom Jesus de Goiás", "RG_PLAN": "Sul Goiano", "ID_LOCAL": 41, "NOME_ACEN": "Bom Jesus de Goiás", "POPULACAO": 18218}}, {"type": "Feature", "geometry": {"crs": {"type": "name", "properties": {"name": "EPSG:4674"}}, "type": "MultiPoint", "coordinates": [[-48.966373, -16.623073]]}, "properties": {"CD_MUN": "5203559", "GEOCOD": "LOC0076", "NM_MUN": "Bonfinópolis", "RG_PLAN": "Metropolitana de Goiânia", "ID_LOCAL": 42, "NOME_ACEN": "Bonfinópolis", "POPULACAO": 6167}}, {"type": "Feature", "geometry": {"crs": {"type": "name", "properties": {"name": "EPSG:4674"}}, "type": "MultiPoint", "coordinates": [[-49.832143, -13.651549]]}, "properties": {"CD_MUN": "5203575", "GEOCOD": "LOC0077", "NM_MUN": "Bonópolis", "RG_PLAN": "Norte Goiano", "ID_LOCAL": 1, "NOME_ACEN": "Bonópolis", "POPULACAO": 1265}}, {"type": "Feature", "geometry": {"crs": {"type": "name", "properties": {"name": "EPSG:4674"}}, "type": "MultiPoint", "coordinates": [[-49.790112, -15.239566]]}, "properties": {"CD_MUN": "5218904", "GEOCOD": "LOC0078", "NM_MUN": "Rubiataba", "RG_PLAN": "Centro Goiano", "ID_LOCAL": 519, "NOME_ACEN": "Bragolândia", "POPULACAO": 0}}, {"type": "Feature", "geometry": {"crs": {"type": "name", "properties": {"name": "EPSG:4674"}}, "type": "MultiPoint", "coordinates": [[-50.403255, -16.388582]]}, "properties": {"CD_MUN": "5220108", "GEOCOD": "LOC0079", "NM_MUN": "São Luís de Montes Belos", "RG_PLAN": "Oeste Goiano", "ID_LOCAL": 301, "NOME_ACEN": "Brasilândia", "POPULACAO": 199}}, {"type": "Feature", "geometry": {"crs": {"type": "name", "properties": {"name": "EPSG:4674"}}, "type": "MultiPoint", "coordinates": [[-49.637919, -15.506244]]}, "properties": {"CD_MUN": "5221700", "GEOCOD": "LOC0080", "NM_MUN": "Uruana", "RG_PLAN": "Centro Goiano", "ID_LOCAL": 394, "NOME_ACEN": "Brasilândia", "POPULACAO": 98}}, {"type": "Feature", "geometry": {"crs": {"type": "name", "properties": {"name": "EPSG:4674"}}, "type": "MultiPoint", "coordinates": [[-47.607614, -15.484156]]}, "properties": {"CD_MUN": "5217609", "GEOCOD": "LOC0081", "NM_MUN": "Planaltina", "RG_PLAN": "Entorno Distrito Federal", "ID_LOCAL": 564, "NOME_ACEN": "Brasilinha 17", "POPULACAO": 0}}, {"type": "Feature", "geometry": {"crs": {"type": "name", "properties": {"name": "EPSG:4674"}}, "type": "MultiPoint", "coordinates": [[-49.388875, -16.430232]]}, "properties": {"CD_MUN": "5203609", "GEOCOD": "LOC0082", "NM_MUN": "Brazabrantes", "RG_PLAN": "Metropolitana de Goiânia", "ID_LOCAL": 43, "NOME_ACEN": "Brazabrantes", "POPULACAO": 2096}}, {"type": "Feature", "geometry": {"crs": {"type": "name", "properties": {"name": "EPSG:4674"}}, "type": "MultiPoint", "coordinates": [[-46.768861, -13.168895]]}, "properties": {"CD_MUN": "5213509", "GEOCOD": "LOC0083", "NM_MUN": "Monte Alegre de Goiás", "RG_PLAN": "Nordeste Goiano", "ID_LOCAL": 471, "NOME_ACEN": "Brejo", "POPULACAO": 0}}, {"type": "Feature", "geometry": {"crs": {"type": "name", "properties": {"name": "EPSG:4674"}}, "type": "MultiPoint", "coordinates": [[-49.657919, -18.151313]]}, "properties": {"CD_MUN": "5203500", "GEOCOD": "LOC0084", "NM_MUN": "Bom Jesus de Goiás", "RG_PLAN": "Sul Goiano", "ID_LOCAL": 257, "NOME_ACEN": "Brejo Bonito", "POPULACAO": 227}}, {"type": "Feature", "geometry": {"crs": {"type": "name", "properties": {"name": "EPSG:4674"}}, "type": "MultiPoint", "coordinates": [[-51.165638, -15.24825]]}, "properties": {"CD_MUN": "5203807", "GEOCOD": "LOC0085", "NM_MUN": "Britânia", "RG_PLAN": "Oeste Goiano", "ID_LOCAL": 44, "NOME_ACEN": "Britânia", "POPULACAO": 4085}}, {"type": "Feature", "geometry": {"crs": {"type": "name", "properties": {"name": "EPSG:4674"}}, "type": "MultiPoint", "coordinates": [[-50.308467, -15.804844]]}, "properties": {"CD_MUN": "5208905", "GEOCOD": "LOC0086", "NM_MUN": "Goiás", "RG_PLAN": "Noroeste Goiano", "ID_LOCAL": 413, "NOME_ACEN": "Buenolândia", "POPULACAO": 104}}, {"type": "Feature", "geometry": {"crs": {"type": "name", "properties": {"name": "EPSG:4674"}}, "type": "MultiPoint", "coordinates": [[-46.217836, -14.374333]]}, "properties": {"CD_MUN": "5203962", "GEOCOD": "LOC0087", "NM_MUN": "Buritinópolis", "RG_PLAN": "Nordeste Goiano", "ID_LOCAL": 465, "NOME_ACEN": "Buriti", "POPULACAO": 0}}, {"type": "Feature", "geometry": {"crs": {"type": "name", "properties": {"name": "EPSG:4674"}}, "type": "MultiPoint", "coordinates": [[-48.167207, -13.528949]]}, "properties": {"CD_MUN": "5213087", "GEOCOD": "LOC0088", "NM_MUN": "Minaçu", "RG_PLAN": "Norte Goiano", "ID_LOCAL": 490, "NOME_ACEN": "Buriti", "POPULACAO": 65}}, {"type": "Feature", "geometry": {"crs": {"type": "name", "properties": {"name": "EPSG:4674"}}, "type": "MultiPoint", "coordinates": [[-49.041679, -18.131363]]}, "properties": {"CD_MUN": "5203906", "GEOCOD": "LOC0089", "NM_MUN": "Buriti Alegre", "RG_PLAN": "Sul Goiano", "ID_LOCAL": 45, "NOME_ACEN": "Buriti Alegre", "POPULACAO": 7284}}, {"type": "Feature", "geometry": {"crs": {"type": "name", "properties": {"name": "EPSG:4674"}}, "type": "MultiPoint", "coordinates": [[-50.429577, -16.18316]]}, "properties": {"CD_MUN": "5203939", "GEOCOD": "LOC0090", "NM_MUN": "Buriti de Goiás", "RG_PLAN": "Oeste Goiano", "ID_LOCAL": 46, "NOME_ACEN": "Buriti de Goiás", "POPULACAO": 1487}}, {"type": "Feature", "geometry": {"crs": {"type": "name", "properties": {"name": "EPSG:4674"}}, "type": "MultiPoint", "coordinates": [[-46.430875, -14.458354]]}, "properties": {"CD_MUN": "5203962", "GEOCOD": "LOC0091", "NM_MUN": "Buritinópolis", "RG_PLAN": "Nordeste Goiano", "ID_LOCAL": 47, "NOME_ACEN": "Buritinópolis", "POPULACAO": 1842}}, {"type": "Feature", "geometry": {"crs": {"type": "name", "properties": {"name": "EPSG:4674"}}, "type": "MultiPoint", "coordinates": [[-48.009148, -16.954965]]}, "properties": {"CD_MUN": "5215306", "GEOCOD": "LOC0092", "NM_MUN": "Orizona", "RG_PLAN": "Sudeste Goiano", "ID_LOCAL": 343, "NOME_ACEN": "Buritizinho", "POPULACAO": 347}}, {"type": "Feature", "geometry": {"crs": {"type": "name", "properties": {"name": "EPSG:4674"}}, "type": "MultiPoint", "coordinates": [[-46.924076, -15.802303]]}, "properties": {"CD_MUN": "5204003", "GEOCOD": "LOC0093", "NM_MUN": "Cabeceiras", "RG_PLAN": "Entorno Distrito Federal", "ID_LOCAL": 48, "NOME_ACEN": "Cabeceiras", "POPULACAO": 5261}}, {"type": "Feature", "geometry": {"crs": {"type": "name", "properties": {"name": "EPSG:4674"}}, "type": "MultiPoint", "coordinates": [[-46.816273, -15.879891]]}, "properties": {"CD_MUN": "5204003", "GEOCOD": "LOC0094", "NM_MUN": "Cabeceiras", "RG_PLAN": "Entorno Distrito Federal", "ID_LOCAL": 356, "NOME_ACEN": "Cabeceiras da Mata", "POPULACAO": 156}}, {"type": "Feature", "geometry": {"crs": {"type": "name", "properties": {"name": "EPSG:4674"}}, "type": "MultiPoint", "coordinates": [[-48.122302, -16.901661]]}, "properties": {"CD_MUN": "5215306", "GEOCOD": "LOC0095", "NM_MUN": "Orizona", "RG_PLAN": "Sudeste Goiano", "ID_LOCAL": 342, "NOME_ACEN": "Cachoeira", "POPULACAO": 146}}, {"type": "Feature", "geometry": {"crs": {"type": "name", "properties": {"name": "EPSG:4674"}}, "type": "MultiPoint", "coordinates": [[-50.944478, -18.755321]]}, "properties": {"CD_MUN": "5204102", "GEOCOD": "LOC0096", "NM_MUN": "Cachoeira Alta", "RG_PLAN": "Sudoeste Goiano", "ID_LOCAL": 49, "NOME_ACEN": "Cachoeira Alta", "POPULACAO": 5965}}, {"type": "Feature", "geometry": {"crs": {"type": "name", "properties": {"name": "EPSG:4674"}}, "type": "MultiPoint", "coordinates": [[-50.649416, -16.669526]]}, "properties": {"CD_MUN": "5204201", "GEOCOD": "LOC0097", "NM_MUN": "Cachoeira de Goiás", "RG_PLAN": "Oeste Goiano", "ID_LOCAL": 50, "NOME_ACEN": "Cachoeira de Goiás", "POPULACAO": 1106}}, {"type": "Feature", "geometry": {"crs": {"type": "name", "properties": {"name": "EPSG:4674"}}, "type": "MultiPoint", "coordinates": [[-49.473337, -18.494766]]}, "properties": {"CD_MUN": "5204250", "GEOCOD": "LOC0098", "NM_MUN": "Cachoeira Dourada", "RG_PLAN": "Sul Goiano", "ID_LOCAL": 51, "NOME_ACEN": "Cachoeira Dourada", "POPULACAO": 5085}}, {"type": "Feature", "geometry": {"crs": {"type": "name", "properties": {"name": "EPSG:4674"}}, "type": "MultiPoint", "coordinates": [[-50.22446, -12.968822]]}, "properties": {"CD_MUN": "5220207", "GEOCOD": "LOC0099", "NM_MUN": "São Miguel do Araguaia", "RG_PLAN": "Norte Goiano", "ID_LOCAL": 511, "NOME_ACEN": "Cachorro Sentado", "POPULACAO": 0}}, {"type": "Feature", "geometry": {"crs": {"type": "name", "properties": {"name": "EPSG:4674"}}, "type": "MultiPoint", "coordinates": [[-51.133303, -18.572545]]}, "properties": {"CD_MUN": "5204300", "GEOCOD": "LOC0100", "NM_MUN": "Caçu", "RG_PLAN": "Sudoeste Goiano", "ID_LOCAL": 52, "NOME_ACEN": "Caçu", "POPULACAO": 8543}}, {"type": "Feature", "geometry": {"crs": {"type": "name", "properties": {"name": "EPSG:4674"}}, "type": "MultiPoint", "coordinates": [[-49.235036, -15.173951]]}, "properties": {"CD_MUN": "5208608", "GEOCOD": "LOC0101", "NM_MUN": "Goianésia", "RG_PLAN": "Centro Goiano", "ID_LOCAL": 375, "NOME_ACEN": "Cafelândia", "POPULACAO": 250}}, {"type": "Feature", "geometry": {"crs": {"type": "name", "properties": {"name": "EPSG:4674"}}, "type": "MultiPoint", "coordinates": [[-51.809884, -16.963129]]}, "properties": {"CD_MUN": "5204409", "GEOCOD": "LOC0102", "NM_MUN": "Caiapônia", "RG_PLAN": "Oeste Goiano", "ID_LOCAL": 53, "NOME_ACEN": "Caiapônia", "POPULACAO": 11493}}, {"type": "Feature", "geometry": {"crs": {"type": "name", "properties": {"name": "EPSG:4674"}}, "type": "MultiPoint", "coordinates": [[-50.160322, -15.527698]]}, "properties": {"CD_MUN": "5207535", "GEOCOD": "LOC0103", "NM_MUN": "Faina", "RG_PLAN": "Noroeste Goiano", "ID_LOCAL": 405, "NOME_ACEN": "Caiçara", "POPULACAO": 439}}, {"type": "Feature", "geometry": {"crs": {"type": "name", "properties": {"name": "EPSG:4674"}}, "type": "MultiPoint", "coordinates": [[-46.570935, -13.368621]]}, "properties": {"CD_MUN": "5208301", "GEOCOD": "LOC0104", "NM_MUN": "Divinópolis de Goiás", "RG_PLAN": "Nordeste Goiano", "ID_LOCAL": 559, "NOME_ACEN": "Caiçara", "POPULACAO": 0}}, {"type": "Feature", "geometry": {"crs": {"type": "name", "properties": {"name": "EPSG:4674"}}, "type": "MultiPoint", "coordinates": [[-49.198519, -13.102819]]}, "properties": {"CD_MUN": "5218003", "GEOCOD": "LOC0105", "NM_MUN": "Porangatu", "RG_PLAN": "Norte Goiano", "ID_LOCAL": 499, "NOME_ACEN": "Cajueiro/Asinápols", "POPULACAO": 245}}, {"type": "Feature", "geometry": {"crs": {"type": "name", "properties": {"name": "EPSG:4674"}}, "type": "MultiPoint", "coordinates": [[-49.915642, -15.901764]]}, "properties": {"CD_MUN": "5208905", "GEOCOD": "LOC0106", "NM_MUN": "Goiás", "RG_PLAN": "Noroeste Goiano", "ID_LOCAL": 385, "NOME_ACEN": "Calcilândia", "POPULACAO": 182}}, {"type": "Feature", "geometry": {"crs": {"type": "name", "properties": {"name": "EPSG:4674"}}, "type": "MultiPoint", "coordinates": [[-48.622977, -17.742665]]}, "properties": {"CD_MUN": "5204508", "GEOCOD": "LOC0107", "NM_MUN": "Caldas Novas", "RG_PLAN": "Sul Goiano", "ID_LOCAL": 54, "NOME_ACEN": "Caldas Novas", "POPULACAO": 60070}}, {"type": "Feature", "geometry": {"crs": {"type": "name", "properties": {"name": "EPSG:4674"}}, "type": "MultiPoint", "coordinates": [[-49.004065, -16.712017]]}, "properties": {"CD_MUN": "5204557", "GEOCOD": "LOC0108", "NM_MUN": "Caldazinha", "RG_PLAN": "Metropolitana de Goiânia", "ID_LOCAL": 55, "NOME_ACEN": "Caldazinha", "POPULACAO": 1739}}, {"type": "Feature", "geometry": {"crs": {"type": "name", "properties": {"name": "EPSG:4674"}}, "type": "MultiPoint", "coordinates": [[-49.69422, -16.760967]]}, "properties": {"CD_MUN": "5204607", "GEOCOD": "LOC0109", "NM_MUN": "Campestre de Goiás", "RG_PLAN": "Oeste Goiano", "ID_LOCAL": 56, "NOME_ACEN": "Campestre de Goiás", "POPULACAO": 2276}}, {"type": "Feature", "geometry": {"crs": {"type": "name", "properties": {"name": "EPSG:4674"}}, "type": "MultiPoint", "coordinates": [[-48.56645, -13.790112]]}, "properties": {"CD_MUN": "5204656", "GEOCOD": "LOC0110", "NM_MUN": "Campinaçu", "RG_PLAN": "Norte Goiano", "ID_LOCAL": 57, "NOME_ACEN": "Campinaçu", "POPULACAO": 2119}}, {"type": "Feature", "geometry": {"crs": {"type": "name", "properties": {"name": "EPSG:4674"}}, "type": "MultiPoint", "coordinates": [[-49.149687, -14.31448]]}, "properties": {"CD_MUN": "5204706", "GEOCOD": "LOC0111", "NM_MUN": "Campinorte", "RG_PLAN": "Norte Goiano", "ID_LOCAL": 58, "NOME_ACEN": "Campinorte", "POPULACAO": 7058}}, {"type": "Feature", "geometry": {"crs": {"type": "name", "properties": {"name": "EPSG:4674"}}, "type": "MultiPoint", "coordinates": [[-51.110956, -15.911659]]}, "properties": {"CD_MUN": "5212204", "GEOCOD": "LOC0112", "NM_MUN": "Jussara", "RG_PLAN": "Oeste Goiano", "ID_LOCAL": 423, "NOME_ACEN": "Campo Alegre", "POPULACAO": 147}}, {"type": "Feature", "geometry": {"crs": {"type": "name", "properties": {"name": "EPSG:4674"}}, "type": "MultiPoint", "coordinates": [[-47.770921, -17.627651]]}, "properties": {"CD_MUN": "5204805", "GEOCOD": "LOC0113", "NM_MUN": "Campo Alegre de Goiás", "RG_PLAN": "Sudeste Goiano", "ID_LOCAL": 59, "NOME_ACEN": "Campo Alegre de Goiás", "POPULACAO": 4160}}, {"type": "Feature", "geometry": {"crs": {"type": "name", "properties": {"name": "EPSG:4674"}}, "type": "MultiPoint", "coordinates": [[-50.399482, -16.159152]]}, "properties": {"CD_MUN": "5203939", "GEOCOD": "LOC0114", "NM_MUN": "Buriti de Goiás", "RG_PLAN": "Oeste Goiano", "ID_LOCAL": 297, "NOME_ACEN": "Campo das Perdizes", "POPULACAO": 340}}, {"type": "Feature", "geometry": {"crs": {"type": "name", "properties": {"name": "EPSG:4674"}}, "type": "MultiPoint", "coordinates": [[-48.467248, -13.701758]]}, "properties": {"CD_MUN": "5204656", "GEOCOD": "LOC0115", "NM_MUN": "Campinaçu", "RG_PLAN": "Norte Goiano", "ID_LOCAL": 524, "NOME_ACEN": "Campo Limpo", "POPULACAO": 0}}, {"type": "Feature", "geometry": {"crs": {"type": "name", "properties": {"name": "EPSG:4674"}}, "type": "MultiPoint", "coordinates": [[-49.093553, -16.29689]]}, "properties": {"CD_MUN": "5204854", "GEOCOD": "LOC0116", "NM_MUN": "Campo Limpo de Goiás", "RG_PLAN": "Centro Goiano", "ID_LOCAL": 243, "NOME_ACEN": "Campo Limpo de Goiás", "POPULACAO": 4534}}, {"type": "Feature", "geometry": {"crs": {"type": "name", "properties": {"name": "EPSG:4674"}}, "type": "MultiPoint", "coordinates": [[-51.275449, -16.560407]]}, "properties": {"CD_MUN": "5211602", "GEOCOD": "LOC0117", "NM_MUN": "Ivolândia", "RG_PLAN": "Oeste Goiano", "ID_LOCAL": 292, "NOME_ACEN": "Campolândia", "POPULACAO": 82}}, {"type": "Feature", "geometry": {"crs": {"type": "name", "properties": {"name": "EPSG:4674"}}, "type": "MultiPoint", "coordinates": [[-48.291957, -16.935992]]}, "properties": {"CD_MUN": "5215306", "GEOCOD": "LOC0118", "NM_MUN": "Orizona", "RG_PLAN": "Sudeste Goiano", "ID_LOCAL": 341, "NOME_ACEN": "Campolino", "POPULACAO": 165}}, {"type": "Feature", "geometry": {"crs": {"type": "name", "properties": {"name": "EPSG:4674"}}, "type": "MultiPoint", "coordinates": [[-46.762714, -13.035724]]}, "properties": {"CD_MUN": "5204904", "GEOCOD": "LOC0119", "NM_MUN": "Campos Belos", "RG_PLAN": "Nordeste Goiano", "ID_LOCAL": 60, "NOME_ACEN": "Campos Belos", "POPULACAO": 15926}}, {"type": "Feature", "geometry": {"crs": {"type": "name", "properties": {"name": "EPSG:4674"}}, "type": "MultiPoint", "coordinates": [[-47.522177, -16.08262]]}, "properties": {"CD_MUN": "5206206", "GEOCOD": "LOC0120", "NM_MUN": "Cristalina", "RG_PLAN": "Entorno Distrito Federal", "ID_LOCAL": 554, "NOME_ACEN": "Campos Lindos", "POPULACAO": 3586}}, {"type": "Feature", "geometry": {"crs": {"type": "name", "properties": {"name": "EPSG:4674"}}, "type": "MultiPoint", "coordinates": [[-49.656599, -14.268194]]}, "properties": {"CD_MUN": "5204953", "GEOCOD": "LOC0121", "NM_MUN": "Campos Verdes", "RG_PLAN": "Norte Goiano", "ID_LOCAL": 61, "NOME_ACEN": "Campos Verdes", "POPULACAO": 5789}}, {"type": "Feature", "geometry": {"crs": {"type": "name", "properties": {"name": "EPSG:4674"}}, "type": "MultiPoint", "coordinates": [[-51.741721, -16.093128]]}, "properties": {"CD_MUN": "5202353", "GEOCOD": "LOC0122", "NM_MUN": "Arenópolis", "RG_PLAN": "Oeste Goiano", "ID_LOCAL": 547, "NOME_ACEN": "Campos Verdes", "POPULACAO": 0}}, {"type": "Feature", "geometry": {"crs": {"type": "name", "properties": {"name": "EPSG:4674"}}, "type": "MultiPoint", "coordinates": [[-48.185218, -13.392863]]}, "properties": {"CD_MUN": "5213087", "GEOCOD": "LOC0123", "NM_MUN": "Minaçu", "RG_PLAN": "Norte Goiano", "ID_LOCAL": 492, "NOME_ACEN": "Cana Brava", "POPULACAO": 0}}, {"type": "Feature", "geometry": {"crs": {"type": "name", "properties": {"name": "EPSG:4674"}}, "type": "MultiPoint", "coordinates": [[-46.861348, -13.711851]]}, "properties": {"CD_MUN": "5214903", "GEOCOD": "LOC0124", "NM_MUN": "Nova Roma", "RG_PLAN": "Nordeste Goiano", "ID_LOCAL": 540, "NOME_ACEN": "Canabrava", "POPULACAO": 0}}, {"type": "Feature", "geometry": {"crs": {"type": "name", "properties": {"name": "EPSG:4674"}}, "type": "MultiPoint", "coordinates": [[-51.26322, -15.598069]]}, "properties": {"CD_MUN": "5212204", "GEOCOD": "LOC0125", "NM_MUN": "Jussara", "RG_PLAN": "Oeste Goiano", "ID_LOCAL": 418, "NOME_ACEN": "Canadá", "POPULACAO": 79}}, {"type": "Feature", "geometry": {"crs": {"type": "name", "properties": {"name": "EPSG:4674"}}, "type": "MultiPoint", "coordinates": [[-48.695489, -13.731949]]}, "properties": {"CD_MUN": "5204656", "GEOCOD": "LOC0126", "NM_MUN": "Campinaçu", "RG_PLAN": "Norte Goiano", "ID_LOCAL": 567, "NOME_ACEN": "Canalina", "POPULACAO": 0}}, {"type": "Feature", "geometry": {"crs": {"type": "name", "properties": {"name": "EPSG:4674"}}, "type": "MultiPoint", "coordinates": [[-49.069872, -14.747872]]}, "properties": {"CD_MUN": "5219456", "GEOCOD": "LOC0127", "NM_MUN": "Santa Rita do Novo Destino", "RG_PLAN": "Centro Goiano", "ID_LOCAL": 530, "NOME_ACEN": "Cancela", "POPULACAO": 0}}, {"type": "Feature", "geometry": {"crs": {"type": "name", "properties": {"name": "EPSG:4674"}}, "type": "MultiPoint", "coordinates": [[-50.982297, -14.60388]]}, "properties": {"CD_MUN": "5202502", "GEOCOD": "LOC0128", "NM_MUN": "Aruanã", "RG_PLAN": "Noroeste Goiano", "ID_LOCAL": 425, "NOME_ACEN": "Cangas", "POPULACAO": 0}}, {"type": "Feature", "geometry": {"crs": {"type": "name", "properties": {"name": "EPSG:4674"}}, "type": "MultiPoint", "coordinates": [[-46.31946, -14.262086]]}, "properties": {"CD_MUN": "5218300", "GEOCOD": "LOC0129", "NM_MUN": "Posse", "RG_PLAN": "Nordeste Goiano", "ID_LOCAL": 586, "NOME_ACEN": "Cantinho", "POPULACAO": 0}}, {"type": "Feature", "geometry": {"crs": {"type": "name", "properties": {"name": "EPSG:4674"}}, "type": "MultiPoint", "coordinates": [[-47.62104, -14.894049]]}, "properties": {"CD_MUN": "5200175", "GEOCOD": "LOC0130", "NM_MUN": "Água Fria de Goiás", "RG_PLAN": "Entorno Distrito Federal", "ID_LOCAL": 527, "NOME_ACEN": "Capão da Onça", "POPULACAO": 0}}, {"type": "Feature", "geometry": {"crs": {"type": "name", "properties": {"name": "EPSG:4674"}}, "type": "MultiPoint", "coordinates": [[-47.818645, -14.04093]]}, "properties": {"CD_MUN": "5205307", "GEOCOD": "LOC0131", "NM_MUN": "Cavalcante", "RG_PLAN": "Nordeste Goiano", "ID_LOCAL": 523, "NOME_ACEN": "Capela", "POPULACAO": 0}}, {"type": "Feature", "geometry": {"crs": {"type": "name", "properties": {"name": "EPSG:4674"}}, "type": "MultiPoint", "coordinates": [[-48.997862, -15.651491]]}, "properties": {"CD_MUN": "5217302", "GEOCOD": "LOC0132", "NM_MUN": "Pirenópolis", "RG_PLAN": "Entorno Distrito Federal", "ID_LOCAL": 643, "NOME_ACEN": "Capela", "POPULACAO": 0}}, {"type": "Feature", "geometry": {"crs": {"type": "name", "properties": {"name": "EPSG:4674"}}, "type": "MultiPoint", "coordinates": [[-49.838857, -16.347229]]}, "properties": {"CD_MUN": "5201306", "GEOCOD": "LOC0133", "NM_MUN": "Anicuns", "RG_PLAN": "Oeste Goiano", "ID_LOCAL": 316, "NOME_ACEN": "Capelinha", "POPULACAO": 321}}, {"type": "Feature", "geometry": {"crs": {"type": "name", "properties": {"name": "EPSG:4674"}}, "type": "MultiPoint", "coordinates": [[-48.970522, -13.034608]]}, "properties": {"CD_MUN": "5218003", "GEOCOD": "LOC0134", "NM_MUN": "Porangatu", "RG_PLAN": "Norte Goiano", "ID_LOCAL": 485, "NOME_ACEN": "Capelinha", "POPULACAO": 0}}, {"type": "Feature", "geometry": {"crs": {"type": "name", "properties": {"name": "EPSG:4674"}}, "type": "MultiPoint", "coordinates": [[-48.864722, -16.614151]]}, "properties": {"CD_MUN": "5212303", "GEOCOD": "LOC0135", "NM_MUN": "Leopoldo de Bulhões", "RG_PLAN": "Sudeste Goiano", "ID_LOCAL": 593, "NOME_ACEN": "Capelinha", "POPULACAO": 213}}, {"type": "Feature", "geometry": {"crs": {"type": "name", "properties": {"name": "EPSG:4674"}}, "type": "MultiPoint", "coordinates": [[-49.126682, -13.916682]]}, "properties": {"CD_MUN": "5212808", "GEOCOD": "LOC0136", "NM_MUN": "Mara Rosa", "RG_PLAN": "Norte Goiano", "ID_LOCAL": 610, "NOME_ACEN": "Capelinha", "POPULACAO": 0}}, {"type": "Feature", "geometry": {"crs": {"type": "name", "properties": {"name": "EPSG:4674"}}, "type": "MultiPoint", "coordinates": [[-49.412903, -13.525102]]}, "properties": {"CD_MUN": "5218003", "GEOCOD": "LOC0137", "NM_MUN": "Porangatu", "RG_PLAN": "Norte Goiano", "ID_LOCAL": 497, "NOME_ACEN": "Capelinha do Cruzeiro", "POPULACAO": 0}}, {"type": "Feature", "geometry": {"crs": {"type": "name", "properties": {"name": "EPSG:4674"}}, "type": "MultiPoint", "coordinates": [[-46.940676, -13.807845]]}, "properties": {"CD_MUN": "5214903", "GEOCOD": "LOC0138", "NM_MUN": "Nova Roma", "RG_PLAN": "Nordeste Goiano", "ID_LOCAL": 631, "NOME_ACEN": "Capim Branco", "POPULACAO": 0}}, {"type": "Feature", "geometry": {"crs": {"type": "name", "properties": {"name": "EPSG:4674"}}, "type": "MultiPoint", "coordinates": [[-48.482266, -17.107873]]}, "properties": {"CD_MUN": "5217401", "GEOCOD": "LOC0139", "NM_MUN": "Pires do Rio", "RG_PLAN": "Sudeste Goiano", "ID_LOCAL": 595, "NOME_ACEN": "Capinzal", "POPULACAO": 0}}, {"type": "Feature", "geometry": {"crs": {"type": "name", "properties": {"name": "EPSG:4674"}}, "type": "MultiPoint", "coordinates": [[-50.046072, -16.897548]]}, "properties": {"CD_MUN": "5215702", "GEOCOD": "LOC0140", "NM_MUN": "Palmeiras de Goiás", "RG_PLAN": "Oeste Goiano", "ID_LOCAL": 611, "NOME_ACEN": "Capivari", "POPULACAO": 0}}, {"type": "Feature", "geometry": {"crs": {"type": "name", "properties": {"name": "EPSG:4674"}}, "type": "MultiPoint", "coordinates": [[-48.395021, -16.903267]]}, "properties": {"CD_MUN": "5222005", "GEOCOD": "LOC0141", "NM_MUN": "Vianópolis", "RG_PLAN": "Sudeste Goiano", "ID_LOCAL": 340, "NOME_ACEN": "Caraíba", "POPULACAO": 221}}, {"type": "Feature", "geometry": {"crs": {"type": "name", "properties": {"name": "EPSG:4674"}}, "type": "MultiPoint", "coordinates": [[-50.076959, -17.190291]]}, "properties": {"CD_MUN": "5209952", "GEOCOD": "LOC0142", "NM_MUN": "Indiara", "RG_PLAN": "Sul Goiano", "ID_LOCAL": 561, "NOME_ACEN": "Carlândia", "POPULACAO": 612}}, {"type": "Feature", "geometry": {"crs": {"type": "name", "properties": {"name": "EPSG:4674"}}, "type": "MultiPoint", "coordinates": [[-49.770474, -15.428639]]}, "properties": {"CD_MUN": "5205000", "GEOCOD": "LOC0143", "NM_MUN": "Carmo do Rio Verde", "RG_PLAN": "Centro Goiano", "ID_LOCAL": 390, "NOME_ACEN": "Carmo do Cedro", "POPULACAO": 238}}, {"type": "Feature", "geometry": {"crs": {"type": "name", "properties": {"name": "EPSG:4674"}}, "type": "MultiPoint", "coordinates": [[-49.699335, -15.359051]]}, "properties": {"CD_MUN": "5205000", "GEOCOD": "LOC0144", "NM_MUN": "Carmo do Rio Verde", "RG_PLAN": "Centro Goiano", "ID_LOCAL": 62, "NOME_ACEN": "Carmo do Rio Verde", "POPULACAO": 6777}}, {"type": "Feature", "geometry": {"crs": {"type": "name", "properties": {"name": "EPSG:4674"}}, "type": "MultiPoint", "coordinates": [[-50.220983, -18.088997]]}, "properties": {"CD_MUN": "5205059", "GEOCOD": "LOC0145", "NM_MUN": "Castelândia", "RG_PLAN": "Sudoeste Goiano", "ID_LOCAL": 63, "NOME_ACEN": "Castelândia", "POPULACAO": 3205}}, {"type": "Feature", "geometry": {"crs": {"type": "name", "properties": {"name": "EPSG:4674"}}, "type": "MultiPoint", "coordinates": [[-49.509122, -15.354841]]}, "properties": {"CD_MUN": "5218607", "GEOCOD": "LOC0146", "NM_MUN": "Rialma", "RG_PLAN": "Centro Goiano", "ID_LOCAL": 393, "NOME_ACEN": "Castrinópolis", "POPULACAO": 92}}, {"type": "Feature", "geometry": {"crs": {"type": "name", "properties": {"name": "EPSG:4674"}}, "type": "MultiPoint", "coordinates": [[-47.943177, -18.170429]]}, "properties": {"CD_MUN": "5205109", "GEOCOD": "LOC0147", "NM_MUN": "Catalão", "RG_PLAN": "Sudeste Goiano", "ID_LOCAL": 64, "NOME_ACEN": "Catalão", "POPULACAO": 68234}}, {"type": "Feature", "geometry": {"crs": {"type": "name", "properties": {"name": "EPSG:4674"}}, "type": "MultiPoint", "coordinates": [[-49.493178, -16.447362]]}, "properties": {"CD_MUN": "5205208", "GEOCOD": "LOC0148", "NM_MUN": "Caturaí", "RG_PLAN": "Metropolitana de Goiânia", "ID_LOCAL": 65, "NOME_ACEN": "Caturaí", "POPULACAO": 3057}}, {"type": "Feature", "geometry": {"crs": {"type": "name", "properties": {"name": "EPSG:4674"}}, "type": "MultiPoint", "coordinates": [[-47.459902, -13.797055]]}, "properties": {"CD_MUN": "5205307", "GEOCOD": "LOC0149", "NM_MUN": "Cavalcante", "RG_PLAN": "Nordeste Goiano", "ID_LOCAL": 66, "NOME_ACEN": "Cavalcante", "POPULACAO": 3976}}, {"type": "Feature", "geometry": {"crs": {"type": "name", "properties": {"name": "EPSG:4674"}}, "type": "MultiPoint", "coordinates": [[-47.999073, -17.253751]]}, "properties": {"CD_MUN": "5210109", "GEOCOD": "LOC0150", "NM_MUN": "Ipameri", "RG_PLAN": "Sudeste Goiano", "ID_LOCAL": 269, "NOME_ACEN": "Cavaleiros", "POPULACAO": 101}}, {"type": "Feature", "geometry": {"crs": {"type": "name", "properties": {"name": "EPSG:4674"}}, "type": "MultiPoint", "coordinates": [[-49.043295, -16.012273]]}, "properties": {"CD_MUN": "5217302", "GEOCOD": "LOC0151", "NM_MUN": "Pirenópolis", "RG_PLAN": "Entorno Distrito Federal", "ID_LOCAL": 318, "NOME_ACEN": "Caxambú", "POPULACAO": 0}}, {"type": "Feature", "geometry": {"crs": {"type": "name", "properties": {"name": "EPSG:4674"}}, "type": "MultiPoint", "coordinates": [[-49.085503, -14.014595]]}, "properties": {"CD_MUN": "5204706", "GEOCOD": "LOC0152", "NM_MUN": "Campinorte", "RG_PLAN": "Norte Goiano", "ID_LOCAL": 432, "NOME_ACEN": "Caxias", "POPULACAO": 0}}, {"type": "Feature", "geometry": {"crs": {"type": "name", "properties": {"name": "EPSG:4674"}}, "type": "MultiPoint", "coordinates": [[-50.499479, -16.272793]]}, "properties": {"CD_MUN": "5205703", "GEOCOD": "LOC0153", "NM_MUN": "Córrego do Ouro", "RG_PLAN": "Oeste Goiano", "ID_LOCAL": 569, "NOME_ACEN": "Cedro", "POPULACAO": 0}}, {"type": "Feature", "geometry": {"crs": {"type": "name", "properties": {"name": "EPSG:4674"}}, "type": "MultiPoint", "coordinates": [[-49.596563, -14.606732]]}, "properties": {"CD_MUN": "5219704", "GEOCOD": "LOC0154", "NM_MUN": "Santa Terezinha de Goiás", "RG_PLAN": "Norte Goiano", "ID_LOCAL": 435, "NOME_ACEN": "Cedrolina", "POPULACAO": 102}}, {"type": "Feature", "geometry": {"crs": {"type": "name", "properties": {"name": "EPSG:4674"}}, "type": "MultiPoint", "coordinates": [[-49.481515, -15.500415]]}, "properties": {"CD_MUN": "5218706", "GEOCOD": "LOC0155", "NM_MUN": "Rianápolis", "RG_PLAN": "Centro Goiano", "ID_LOCAL": 399, "NOME_ACEN": "Cerenópolis", "POPULACAO": 0}}, {"type": "Feature", "geometry": {"crs": {"type": "name", "properties": {"name": "EPSG:4674"}}, "type": "MultiPoint", "coordinates": [[-49.603121, -15.310089]]}, "properties": {"CD_MUN": "5205406", "GEOCOD": "LOC0156", "NM_MUN": "Ceres", "RG_PLAN": "Centro Goiano", "ID_LOCAL": 67, "NOME_ACEN": "Ceres", "POPULACAO": 17732}}, {"type": "Feature", "geometry": {"crs": {"type": "name", "properties": {"name": "EPSG:4674"}}, "type": "MultiPoint", "coordinates": [[-49.422705, -15.061575]]}, "properties": {"CD_MUN": "5214861", "GEOCOD": "LOC0157", "NM_MUN": "Nova Glória", "RG_PLAN": "Centro Goiano", "ID_LOCAL": 373, "NOME_ACEN": "Ceres Açu", "POPULACAO": 177}}, {"type": "Feature", "geometry": {"crs": {"type": "name", "properties": {"name": "EPSG:4674"}}, "type": "MultiPoint", "coordinates": [[-49.58601, -15.119211]]}, "properties": {"CD_MUN": "5214861", "GEOCOD": "LOC0158", "NM_MUN": "Nova Glória", "RG_PLAN": "Centro Goiano", "ID_LOCAL": 369, "NOME_ACEN": "Ceres D'arc", "POPULACAO": 0}}, {"type": "Feature", "geometry": {"crs": {"type": "name", "properties": {"name": "EPSG:4674"}}, "type": "MultiPoint", "coordinates": [[-51.013747, -15.826238]]}, "properties": {"CD_MUN": "5212204", "GEOCOD": "LOC0159", "NM_MUN": "Jussara", "RG_PLAN": "Oeste Goiano", "ID_LOCAL": 415, "NOME_ACEN": "Cesário", "POPULACAO": 0}}, {"type": "Feature", "geometry": {"crs": {"type": "name", "properties": {"name": "EPSG:4674"}}, "type": "MultiPoint", "coordinates": [[-49.773017, -16.976833]]}, "properties": {"CD_MUN": "5205455", "GEOCOD": "LOC0160", "NM_MUN": "Cezarina", "RG_PLAN": "Sul Goiano", "ID_LOCAL": 68, "NOME_ACEN": "Cezarina", "POPULACAO": 5127}}, {"type": "Feature", "geometry": {"crs": {"type": "name", "properties": {"name": "EPSG:4674"}}, "type": "MultiPoint", "coordinates": [[-48.682199, -16.109007]]}, "properties": {"CD_MUN": "5205802", "GEOCOD": "LOC0161", "NM_MUN": "Corumbá de Goiás", "RG_PLAN": "Entorno Distrito Federal", "ID_LOCAL": 532, "NOME_ACEN": "Chapada", "POPULACAO": 0}}, {"type": "Feature", "geometry": {"crs": {"type": "name", "properties": {"name": "EPSG:4674"}}, "type": "MultiPoint", "coordinates": [[-52.665929, -18.393615]]}, "properties": {"CD_MUN": "5205471", "GEOCOD": "LOC0162", "NM_MUN": "Chapadão do Céu", "RG_PLAN": "Sudoeste Goiano", "ID_LOCAL": 69, "NOME_ACEN": "Chapadão do Céu", "POPULACAO": 4355}}, {"type": "Feature", "geometry": {"crs": {"type": "name", "properties": {"name": "EPSG:4674"}}, "type": "MultiPoint", "coordinates": [[-50.518083, -12.953071]]}, "properties": {"CD_MUN": "5220207", "GEOCOD": "LOC0163", "NM_MUN": "São Miguel do Araguaia", "RG_PLAN": "Norte Goiano", "ID_LOCAL": 510, "NOME_ACEN": "Chapéu de Palha", "POPULACAO": 0}}, {"type": "Feature", "geometry": {"crs": {"type": "name", "properties": {"name": "EPSG:4674"}}, "type": "MultiPoint", "coordinates": [[-50.080044, -16.335969]]}, "properties": {"CD_MUN": "5201306", "GEOCOD": "LOC0164", "NM_MUN": "Anicuns", "RG_PLAN": "Oeste Goiano", "ID_LOCAL": 299, "NOME_ACEN": "Choupana", "POPULACAO": 316}}, {"type": "Feature", "geometry": {"crs": {"type": "name", "properties": {"name": "EPSG:4674"}}, "type": "MultiPoint", "coordinates": [[-50.115258, -15.423506]]}, "properties": {"CD_MUN": "5211206", "GEOCOD": "LOC0165", "NM_MUN": "Itapuranga", "RG_PLAN": "Noroeste Goiano", "ID_LOCAL": 404, "NOME_ACEN": "Cibele", "POPULACAO": 189}}, {"type": "Feature", "geometry": {"crs": {"type": "name", "properties": {"name": "EPSG:4674"}}, "type": "MultiPoint", "coordinates": [[-51.140147, -15.257787]]}, "properties": {"CD_MUN": "5203807", "GEOCOD": "LOC0166", "NM_MUN": "Britânia", "RG_PLAN": "Oeste Goiano", "ID_LOCAL": 518, "NOME_ACEN": "Cicerlândia", "POPULACAO": 0}}, {"type": "Feature", "geometry": {"crs": {"type": "name", "properties": {"name": "EPSG:4674"}}, "type": "MultiPoint", "coordinates": [[-48.329612, -15.865342]]}, "properties": {"CD_MUN": "5219753", "GEOCOD": "LOC0167", "NM_MUN": "Santo Antônio do Descoberto", "RG_PLAN": "Entorno Distrito Federal", "ID_LOCAL": 364, "NOME_ACEN": "Cidade Eclética", "POPULACAO": 417}}, {"type": "Feature", "geometry": {"crs": {"type": "name", "properties": {"name": "EPSG:4674"}}, "type": "MultiPoint", "coordinates": [[-47.946602, -16.102123]]}, "properties": {"CD_MUN": "5205497", "GEOCOD": "LOC0168", "NM_MUN": "Cidade Ocidental", "RG_PLAN": "Entorno Distrito Federal", "ID_LOCAL": 70, "NOME_ACEN": "Cidade Ocidental", "POPULACAO": 37958}}, {"type": "Feature", "geometry": {"crs": {"type": "name", "properties": {"name": "EPSG:4674"}}, "type": "MultiPoint", "coordinates": [[-49.375649, -15.359251]]}, "properties": {"CD_MUN": "5219357", "GEOCOD": "LOC0169", "NM_MUN": "Santa Isabel", "RG_PLAN": "Centro Goiano", "ID_LOCAL": 392, "NOME_ACEN": "Cirilândia", "POPULACAO": 820}}, {"type": "Feature", "geometry": {"crs": {"type": "name", "properties": {"name": "EPSG:4674"}}, "type": "MultiPoint", "coordinates": [[-47.874594, -17.995697]]}, "properties": {"CD_MUN": "5205109", "GEOCOD": "LOC0170", "NM_MUN": "Catalão", "RG_PLAN": "Sudeste Goiano", "ID_LOCAL": 568, "NOME_ACEN": "Cisterna", "POPULACAO": 0}}, {"type": "Feature", "geometry": {"crs": {"type": "name", "properties": {"name": "EPSG:4674"}}, "type": "MultiPoint", "coordinates": [[-49.773743, -16.565706]]}, "properties": {"CD_MUN": "5214408", "GEOCOD": "LOC0171", "NM_MUN": "Nazário", "RG_PLAN": "Oeste Goiano", "ID_LOCAL": 327, "NOME_ACEN": "Claudinápolis", "POPULACAO": 817}}, {"type": "Feature", "geometry": {"crs": {"type": "name", "properties": {"name": "EPSG:4674"}}, "type": "MultiPoint", "coordinates": [[-47.80568, -18.156665]]}, "properties": {"CD_MUN": "5215504", "GEOCOD": "LOC0172", "NM_MUN": "Ouvidor", "RG_PLAN": "Sudeste Goiano", "ID_LOCAL": 647, "NOME_ACEN": "CMOC Brasil - Nióbio", "POPULACAO": 1}}, {"type": "Feature", "geometry": {"crs": {"type": "name", "properties": {"name": "EPSG:4674"}}, "type": "MultiPoint", "coordinates": [[-51.354329, -16.329592]]}, "properties": {"CD_MUN": "5210208", "GEOCOD": "LOC0173", "NM_MUN": "Iporá", "RG_PLAN": "Oeste Goiano", "ID_LOCAL": 541, "NOME_ACEN": "Cocalândia", "POPULACAO": 0}}, {"type": "Feature", "geometry": {"crs": {"type": "name", "properties": {"name": "EPSG:4674"}}, "type": "MultiPoint", "coordinates": [[-48.766059, -15.780551]]}, "properties": {"CD_MUN": "5205513", "GEOCOD": "LOC0174", "NM_MUN": "Cocalzinho de Goiás", "RG_PLAN": "Entorno Distrito Federal", "ID_LOCAL": 71, "NOME_ACEN": "Cocalzinho de Goiás", "POPULACAO": 6096}}, {"type": "Feature", "geometry": {"crs": {"type": "name", "properties": {"name": "EPSG:4674"}}, "type": "MultiPoint", "coordinates": [[-48.343871, -14.15708]]}, "properties": {"CD_MUN": "5214606", "GEOCOD": "LOC0175", "NM_MUN": "Niquelândia", "RG_PLAN": "Norte Goiano", "ID_LOCAL": 514, "NOME_ACEN": "Codemin", "POPULACAO": 0}}, {"type": "Feature", "geometry": {"crs": {"type": "name", "properties": {"name": "EPSG:4674"}}, "type": "MultiPoint", "coordinates": [[-48.969267, -14.078094]]}, "properties": {"CD_MUN": "5204706", "GEOCOD": "LOC0176", "NM_MUN": "Campinorte", "RG_PLAN": "Norte Goiano", "ID_LOCAL": 439, "NOME_ACEN": "Colinaçu", "POPULACAO": 390}}, {"type": "Feature", "geometry": {"crs": {"type": "name", "properties": {"name": "EPSG:4674"}}, "type": "MultiPoint", "coordinates": [[-48.075884, -14.151895]]}, "properties": {"CD_MUN": "5205521", "GEOCOD": "LOC0177", "NM_MUN": "Colinas do Sul", "RG_PLAN": "Nordeste Goiano", "ID_LOCAL": 72, "NOME_ACEN": "Colinas do Sul", "POPULACAO": 2489}}, {"type": "Feature", "geometry": {"crs": {"type": "name", "properties": {"name": "EPSG:4674"}}, "type": "MultiPoint", "coordinates": [[-48.844346, -16.822403]]}, "properties": {"CD_MUN": "5203302", "GEOCOD": "LOC0178", "NM_MUN": "Bela Vista de Goiás", "RG_PLAN": "Metropolitana de Goiânia", "ID_LOCAL": 550, "NOME_ACEN": "Conceição", "POPULACAO": 0}}, {"type": "Feature", "geometry": {"crs": {"type": "name", "properties": {"name": "EPSG:4674"}}, "type": "MultiPoint", "coordinates": [[-46.380116, -14.698071]]}, "properties": {"CD_MUN": "5220702", "GEOCOD": "LOC0179", "NM_MUN": "Sítio d'Abadia", "RG_PLAN": "Nordeste Goiano", "ID_LOCAL": 555, "NOME_ACEN": "Conceição", "POPULACAO": 0}}, {"type": "Feature", "geometry": {"crs": {"type": "name", "properties": {"name": "EPSG:4674"}}, "type": "MultiPoint", "coordinates": [[-49.405015, -16.537998]]}, "properties": {"CD_MUN": "5208806", "GEOCOD": "LOC0180", "NM_MUN": "Goianira", "RG_PLAN": "Metropolitana de Goiânia", "ID_LOCAL": 326, "NOME_ACEN": "Cora Coralina", "POPULACAO": 0}}, {"type": "Feature", "geometry": {"crs": {"type": "name", "properties": {"name": "EPSG:4674"}}, "type": "MultiPoint", "coordinates": [[-47.058262, -14.038174]]}, "properties": {"CD_MUN": "5214903", "GEOCOD": "LOC0181", "NM_MUN": "Nova Roma", "RG_PLAN": "Nordeste Goiano", "ID_LOCAL": 460, "NOME_ACEN": "Cormari", "POPULACAO": 0}}, {"type": "Feature", "geometry": {"crs": {"type": "name", "properties": {"name": "EPSG:4674"}}, "type": "MultiPoint", "coordinates": [[-50.552168, -16.296195]]}, "properties": {"CD_MUN": "5205703", "GEOCOD": "LOC0182", "NM_MUN": "Córrego do Ouro", "RG_PLAN": "Oeste Goiano", "ID_LOCAL": 73, "NOME_ACEN": "Córrego do Ouro", "POPULACAO": 1571}}, {"type": "Feature", "geometry": {"crs": {"type": "name", "properties": {"name": "EPSG:4674"}}, "type": "MultiPoint", "coordinates": [[-48.545922, -17.975716]]}, "properties": {"CD_MUN": "5204508", "GEOCOD": "LOC0183", "NM_MUN": "Caldas Novas", "RG_PLAN": "Sul Goiano", "ID_LOCAL": 274, "NOME_ACEN": "Corumbá", "POPULACAO": 0}}, {"type": "Feature", "geometry": {"crs": {"type": "name", "properties": {"name": "EPSG:4674"}}, "type": "MultiPoint", "coordinates": [[-48.808584, -15.919439]]}, "properties": {"CD_MUN": "5205802", "GEOCOD": "LOC0184", "NM_MUN": "Corumbá de Goiás", "RG_PLAN": "Entorno Distrito Federal", "ID_LOCAL": 74, "NOME_ACEN": "Corumbá de Goiás", "POPULACAO": 5448}}, {"type": "Feature", "geometry": {"crs": {"type": "name", "properties": {"name": "EPSG:4674"}}, "type": "MultiPoint", "coordinates": [[-48.562823, -18.13254]]}, "properties": {"CD_MUN": "5205901", "GEOCOD": "LOC0185", "NM_MUN": "Corumbaíba", "RG_PLAN": "Sudeste Goiano", "ID_LOCAL": 75, "NOME_ACEN": "Corumbaíba", "POPULACAO": 6107}}, {"type": "Feature", "geometry": {"crs": {"type": "name", "properties": {"name": "EPSG:4674"}}, "type": "MultiPoint", "coordinates": [[-48.070796, -17.099236]]}, "properties": {"CD_MUN": "5215306", "GEOCOD": "LOC0186", "NM_MUN": "Orizona", "RG_PLAN": "Sudeste Goiano", "ID_LOCAL": 271, "NOME_ACEN": "Corumbajuba", "POPULACAO": 179}}, {"type": "Feature", "geometry": {"crs": {"type": "name", "properties": {"name": "EPSG:4674"}}, "type": "MultiPoint", "coordinates": [[-48.856029, -18.239174]]}, "properties": {"CD_MUN": "5203906", "GEOCOD": "LOC0187", "NM_MUN": "Buriti Alegre", "RG_PLAN": "Sul Goiano", "ID_LOCAL": 261, "NOME_ACEN": "Corumbazul", "POPULACAO": 241}}, {"type": "Feature", "geometry": {"crs": {"type": "name", "properties": {"name": "EPSG:4674"}}, "type": "MultiPoint", "coordinates": [[-47.612444, -16.762974]]}, "properties": {"CD_MUN": "5206206", "GEOCOD": "LOC0188", "NM_MUN": "Cristalina", "RG_PLAN": "Entorno Distrito Federal", "ID_LOCAL": 76, "NOME_ACEN": "Cristalina", "POPULACAO": 26706}}, {"type": "Feature", "geometry": {"crs": {"type": "name", "properties": {"name": "EPSG:4674"}}, "type": "MultiPoint", "coordinates": [[-48.709806, -17.201989]]}, "properties": {"CD_MUN": "5206305", "GEOCOD": "LOC0189", "NM_MUN": "Cristianópolis", "RG_PLAN": "Sudeste Goiano", "ID_LOCAL": 77, "NOME_ACEN": "Cristianópolis", "POPULACAO": 2470}}, {"type": "Feature", "geometry": {"crs": {"type": "name", "properties": {"name": "EPSG:4674"}}, "type": "MultiPoint", "coordinates": [[-47.159723, -15.356366]]}, "properties": {"CD_MUN": "5208004", "GEOCOD": "LOC0190", "NM_MUN": "Formosa", "RG_PLAN": "Entorno Distrito Federal", "ID_LOCAL": 352, "NOME_ACEN": "Crixalândia", "POPULACAO": 0}}, {"type": "Feature", "geometry": {"crs": {"type": "name", "properties": {"name": "EPSG:4674"}}, "type": "MultiPoint", "coordinates": [[-49.968144, -14.545484]]}, "properties": {"CD_MUN": "5206404", "GEOCOD": "LOC0191", "NM_MUN": "Crixás", "RG_PLAN": "Norte Goiano", "ID_LOCAL": 78, "NOME_ACEN": "Crixás", "POPULACAO": 11094}}, {"type": "Feature", "geometry": {"crs": {"type": "name", "properties": {"name": "EPSG:4674"}}, "type": "MultiPoint", "coordinates": [[-49.372079, -17.28931]]}, "properties": {"CD_MUN": "5206503", "GEOCOD": "LOC0192", "NM_MUN": "Cromínia", "RG_PLAN": "Sul Goiano", "ID_LOCAL": 79, "NOME_ACEN": "Cromínia", "POPULACAO": 2726}}, {"type": "Feature", "geometry": {"crs": {"type": "name", "properties": {"name": "EPSG:4674"}}, "type": "MultiPoint", "coordinates": [[-49.94814, -15.199651]]}, "properties": {"CD_MUN": "5218904", "GEOCOD": "LOC0193", "NM_MUN": "Rubiataba", "RG_PLAN": "Centro Goiano", "ID_LOCAL": 367, "NOME_ACEN": "Cruzeirinho", "POPULACAO": 0}}, {"type": "Feature", "geometry": {"crs": {"type": "name", "properties": {"name": "EPSG:4674"}}, "type": "MultiPoint", "coordinates": [[-49.529295, -15.65584]]}, "properties": {"CD_MUN": "5211800", "GEOCOD": "LOC0194", "NM_MUN": "Jaraguá", "RG_PLAN": "Centro Goiano", "ID_LOCAL": 635, "NOME_ACEN": "Cruzeirinho", "POPULACAO": 0}}, {"type": "Feature", "geometry": {"crs": {"type": "name", "properties": {"name": "EPSG:4674"}}, "type": "MultiPoint", "coordinates": [[-48.186879, -16.69767]]}, "properties": {"CD_MUN": "5212501", "GEOCOD": "LOC0195", "NM_MUN": "Luziânia", "RG_PLAN": "Entorno Distrito Federal", "ID_LOCAL": 346, "NOME_ACEN": "Cruzeiro", "POPULACAO": 0}}, {"type": "Feature", "geometry": {"crs": {"type": "name", "properties": {"name": "EPSG:4674"}}, "type": "MultiPoint", "coordinates": [[-50.698897, -15.910125]]}, "properties": {"CD_MUN": "5215207", "GEOCOD": "LOC0196", "NM_MUN": "Novo Brasil", "RG_PLAN": "Oeste Goiano", "ID_LOCAL": 411, "NOME_ACEN": "Cruzeiro", "POPULACAO": 0}}, {"type": "Feature", "geometry": {"crs": {"type": "name", "properties": {"name": "EPSG:4674"}}, "type": "MultiPoint", "coordinates": [[-49.597728, -14.668858]]}, "properties": {"CD_MUN": "5216908", "GEOCOD": "LOC0197", "NM_MUN": "Pilar de Goiás", "RG_PLAN": "Centro Goiano", "ID_LOCAL": 628, "NOME_ACEN": "Cruzeiro", "POPULACAO": 0}}, {"type": "Feature", "geometry": {"crs": {"type": "name", "properties": {"name": "EPSG:4674"}}, "type": "MultiPoint", "coordinates": [[-48.967867, -13.814624]]}, "properties": {"CD_MUN": "5208103", "GEOCOD": "LOC0198", "NM_MUN": "Formoso", "RG_PLAN": "Norte Goiano", "ID_LOCAL": 605, "NOME_ACEN": "Cruzeiro Bonito", "POPULACAO": 0}}, {"type": "Feature", "geometry": {"crs": {"type": "name", "properties": {"name": "EPSG:4674"}}, "type": "MultiPoint", "coordinates": [[-49.65017, -13.500251]]}, "properties": {"CD_MUN": "5203575", "GEOCOD": "LOC0199", "NM_MUN": "Bonópolis", "RG_PLAN": "Norte Goiano", "ID_LOCAL": 496, "NOME_ACEN": "Cruzeiro do Norte", "POPULACAO": 372}}, {"type": "Feature", "geometry": {"crs": {"type": "name", "properties": {"name": "EPSG:4674"}}, "type": "MultiPoint", "coordinates": [[-49.797518, -15.575305]]}, "properties": {"CD_MUN": "5211206", "GEOCOD": "LOC0200", "NM_MUN": "Itapuranga", "RG_PLAN": "Noroeste Goiano", "ID_LOCAL": 637, "NOME_ACEN": "Cruzeiro Dourado", "POPULACAO": 0}}, {"type": "Feature", "geometry": {"crs": {"type": "name", "properties": {"name": "EPSG:4674"}}, "type": "MultiPoint", "coordinates": [[-49.570387, -15.617246]]}, "properties": {"CD_MUN": "5221700", "GEOCOD": "LOC0201", "NM_MUN": "Uruana", "RG_PLAN": "Centro Goiano", "ID_LOCAL": 617, "NOME_ACEN": "Cruzelândia", "POPULACAO": 123}}, {"type": "Feature", "geometry": {"crs": {"type": "name", "properties": {"name": "EPSG:4674"}}, "type": "MultiPoint", "coordinates": [[-48.150161, -18.267741]]}, "properties": {"CD_MUN": "5206602", "GEOCOD": "LOC0202", "NM_MUN": "Cumari", "RG_PLAN": "Sudeste Goiano", "ID_LOCAL": 80, "NOME_ACEN": "Cumari", "POPULACAO": 2440}}, {"type": "Feature", "geometry": {"crs": {"type": "name", "properties": {"name": "EPSG:4674"}}, "type": "MultiPoint", "coordinates": [[-46.175169, -14.559951]]}, "properties": {"CD_MUN": "5206701", "GEOCOD": "LOC0203", "NM_MUN": "Damianópolis", "RG_PLAN": "Nordeste Goiano", "ID_LOCAL": 81, "NOME_ACEN": "Damianópolis", "POPULACAO": 1846}}, {"type": "Feature", "geometry": {"crs": {"type": "name", "properties": {"name": "EPSG:4674"}}, "type": "MultiPoint", "coordinates": [[-49.370155, -16.254186]]}, "properties": {"CD_MUN": "5206800", "GEOCOD": "LOC0204", "NM_MUN": "Damolândia", "RG_PLAN": "Centro Goiano", "ID_LOCAL": 82, "NOME_ACEN": "Damolândia", "POPULACAO": 2136}}, {"type": "Feature", "geometry": {"crs": {"type": "name", "properties": {"name": "EPSG:4674"}}, "type": "MultiPoint", "coordinates": [[-50.130266, -15.960551]]}, "properties": {"CD_MUN": "5208905", "GEOCOD": "LOC0205", "NM_MUN": "Goiás", "RG_PLAN": "Noroeste Goiano", "ID_LOCAL": 414, "NOME_ACEN": "Davidópolis", "POPULACAO": 1158}}, {"type": "Feature", "geometry": {"crs": {"type": "name", "properties": {"name": "EPSG:4674"}}, "type": "MultiPoint", "coordinates": [[-47.559466, -18.151832]]}, "properties": {"CD_MUN": "5206909", "GEOCOD": "LOC0206", "NM_MUN": "Davinópolis", "RG_PLAN": "Sudeste Goiano", "ID_LOCAL": 83, "NOME_ACEN": "Davinópolis", "POPULACAO": 1356}}, {"type": "Feature", "geometry": {"crs": {"type": "name", "properties": {"name": "EPSG:4674"}}, "type": "MultiPoint", "coordinates": [[-50.31646, -18.351032]]}, "properties": {"CD_MUN": "5218508", "GEOCOD": "LOC0207", "NM_MUN": "Quirinópolis", "RG_PLAN": "Sudoeste Goiano", "ID_LOCAL": 255, "NOME_ACEN": "Denislópolis", "POPULACAO": 105}}, {"type": "Feature", "geometry": {"crs": {"type": "name", "properties": {"name": "EPSG:4674"}}, "type": "MultiPoint", "coordinates": [[-49.932031, -15.390189]]}, "properties": {"CD_MUN": "5211206", "GEOCOD": "LOC0208", "NM_MUN": "Itapuranga", "RG_PLAN": "Noroeste Goiano", "ID_LOCAL": 388, "NOME_ACEN": "Diolândia", "POPULACAO": 529}}, {"type": "Feature", "geometry": {"crs": {"type": "name", "properties": {"name": "EPSG:4674"}}, "type": "MultiPoint", "coordinates": [[-51.255492, -16.23721]]}, "properties": {"CD_MUN": "5207105", "GEOCOD": "LOC0209", "NM_MUN": "Diorama", "RG_PLAN": "Oeste Goiano", "ID_LOCAL": 84, "NOME_ACEN": "Diorama", "POPULACAO": 1395}}, {"type": "Feature", "geometry": {"crs": {"type": "name", "properties": {"name": "EPSG:4674"}}, "type": "MultiPoint", "coordinates": [[-46.395265, -13.294976]]}, "properties": {"CD_MUN": "5208301", "GEOCOD": "LOC0210", "NM_MUN": "Divinópolis de Goiás", "RG_PLAN": "Nordeste Goiano", "ID_LOCAL": 85, "NOME_ACEN": "Divinópolis de Goiás", "POPULACAO": 3116}}, {"type": "Feature", "geometry": {"crs": {"type": "name", "properties": {"name": "EPSG:4674"}}, "type": "MultiPoint", "coordinates": [[-49.327763, -17.482938]]}, "properties": {"CD_MUN": "5217708", "GEOCOD": "LOC0211", "NM_MUN": "Pontalina", "RG_PLAN": "Sul Goiano", "ID_LOCAL": 279, "NOME_ACEN": "Dois Irmãos", "POPULACAO": 0}}, {"type": "Feature", "geometry": {"crs": {"type": "name", "properties": {"name": "EPSG:4674"}}, "type": "MultiPoint", "coordinates": [[-48.699608, -15.208934]]}, "properties": {"CD_MUN": "5222302", "GEOCOD": "LOC0212", "NM_MUN": "Vila Propício", "RG_PLAN": "Centro Goiano", "ID_LOCAL": 358, "NOME_ACEN": "Dois Irmãos", "POPULACAO": 949}}, {"type": "Feature", "geometry": {"crs": {"type": "name", "properties": {"name": "EPSG:4674"}}, "type": "MultiPoint", "coordinates": [[-47.704974, -16.926573]]}, "properties": {"CD_MUN": "5210109", "GEOCOD": "LOC0213", "NM_MUN": "Ipameri", "RG_PLAN": "Sudeste Goiano", "ID_LOCAL": 347, "NOME_ACEN": "Domiciano Ribeiro", "POPULACAO": 2256}}, {"type": "Feature", "geometry": {"crs": {"type": "name", "properties": {"name": "EPSG:4674"}}, "type": "MultiPoint", "coordinates": [[-52.319329, -16.721554]]}, "properties": {"CD_MUN": "5207253", "GEOCOD": "LOC0214", "NM_MUN": "Doverlândia", "RG_PLAN": "Oeste Goiano", "ID_LOCAL": 86, "NOME_ACEN": "Doverlândia", "POPULACAO": 5073}}, {"type": "Feature", "geometry": {"crs": {"type": "name", "properties": {"name": "EPSG:4674"}}, "type": "MultiPoint", "coordinates": [[-49.387248, -14.776028]]}, "properties": {"CD_MUN": "5209804", "GEOCOD": "LOC0215", "NM_MUN": "Hidrolina", "RG_PLAN": "Centro Goiano", "ID_LOCAL": 442, "NOME_ACEN": "Dutralândia", "POPULACAO": 0}}, {"type": "Feature", "geometry": {"crs": {"type": "name", "properties": {"name": "EPSG:4674"}}, "type": "MultiPoint", "coordinates": [[-49.663701, -17.425141]]}, "properties": {"CD_MUN": "5207352", "GEOCOD": "LOC0216", "NM_MUN": "Edealina", "RG_PLAN": "Sul Goiano", "ID_LOCAL": 87, "NOME_ACEN": "Edealina", "POPULACAO": 2557}}, {"type": "Feature", "geometry": {"crs": {"type": "name", "properties": {"name": "EPSG:4674"}}, "type": "MultiPoint", "coordinates": [[-49.927294, -17.336036]]}, "properties": {"CD_MUN": "5207402", "GEOCOD": "LOC0217", "NM_MUN": "Edéia", "RG_PLAN": "Sul Goiano", "ID_LOCAL": 88, "NOME_ACEN": "Edéia", "POPULACAO": 8511}}, {"type": "Feature", "geometry": {"crs": {"type": "name", "properties": {"name": "EPSG:4674"}}, "type": "MultiPoint", "coordinates": [[-48.537659, -15.77748]]}, "properties": {"CD_MUN": "5205513", "GEOCOD": "LOC0218", "NM_MUN": "Cocalzinho de Goiás", "RG_PLAN": "Entorno Distrito Federal", "ID_LOCAL": 363, "NOME_ACEN": "Edilândia", "POPULACAO": 700}}, {"type": "Feature", "geometry": {"crs": {"type": "name", "properties": {"name": "EPSG:4674"}}, "type": "MultiPoint", "coordinates": [[-48.401975, -17.062603]]}, "properties": {"CD_MUN": "5215306", "GEOCOD": "LOC0219", "NM_MUN": "Orizona", "RG_PLAN": "Sudeste Goiano", "ID_LOCAL": 644, "NOME_ACEN": "Egerineu Teixeira", "POPULACAO": 0}}, {"type": "Feature", "geometry": {"crs": {"type": "name", "properties": {"name": "EPSG:4674"}}, "type": "MultiPoint", "coordinates": [[-49.969008, -15.073868]]}, "properties": {"CD_MUN": "5214705", "GEOCOD": "LOC0220", "NM_MUN": "Nova América", "RG_PLAN": "Centro Goiano", "ID_LOCAL": 365, "NOME_ACEN": "Embiara", "POPULACAO": 0}}, {"type": "Feature", "geometry": {"crs": {"type": "name", "properties": {"name": "EPSG:4674"}}, "type": "MultiPoint", "coordinates": [[-47.473167, -13.580636]]}, "properties": {"CD_MUN": "5205307", "GEOCOD": "LOC0221", "NM_MUN": "Cavalcante", "RG_PLAN": "Nordeste Goiano", "ID_LOCAL": 483, "NOME_ACEN": "Engenho", "POPULACAO": 0}}, {"type": "Feature", "geometry": {"crs": {"type": "name", "properties": {"name": "EPSG:4674"}}, "type": "MultiPoint", "coordinates": [[-48.91291, -18.252138]]}, "properties": {"CD_MUN": "5203906", "GEOCOD": "LOC0222", "NM_MUN": "Buriti Alegre", "RG_PLAN": "Sul Goiano", "ID_LOCAL": 551, "NOME_ACEN": "Enseada das Garças", "POPULACAO": 0}}, {"type": "Feature", "geometry": {"crs": {"type": "name", "properties": {"name": "EPSG:4674"}}, "type": "MultiPoint", "coordinates": [[-49.437452, -15.038071]]}, "properties": {"CD_MUN": "5214861", "GEOCOD": "LOC0223", "NM_MUN": "Nova Glória", "RG_PLAN": "Centro Goiano", "ID_LOCAL": 372, "NOME_ACEN": "Espírito Santo", "POPULACAO": 491}}, {"type": "Feature", "geometry": {"crs": {"type": "name", "properties": {"name": "EPSG:4674"}}, "type": "MultiPoint", "coordinates": [[-51.88105, -17.566318]]}, "properties": {"CD_MUN": "5211909", "GEOCOD": "LOC0224", "NM_MUN": "Jataí", "RG_PLAN": "Sudoeste Goiano", "ID_LOCAL": 289, "NOME_ACEN": "Estância", "POPULACAO": 212}}, {"type": "Feature", "geometry": {"crs": {"type": "name", "properties": {"name": "EPSG:4674"}}, "type": "MultiPoint", "coordinates": [[-46.565795, -13.687403]]}, "properties": {"CD_MUN": "5219803", "GEOCOD": "LOC0225", "NM_MUN": "São Domingos", "RG_PLAN": "Nordeste Goiano", "ID_LOCAL": 473, "NOME_ACEN": "Estiva", "POPULACAO": 833}}, {"type": "Feature", "geometry": {"crs": {"type": "name", "properties": {"name": "EPSG:4674"}}, "type": "MultiPoint", "coordinates": [[-49.07028, -13.868187]]}, "properties": {"CD_MUN": "5207501", "GEOCOD": "LOC0226", "NM_MUN": "Estrela do Norte", "RG_PLAN": "Norte Goiano", "ID_LOCAL": 89, "NOME_ACEN": "Estrela do Norte", "POPULACAO": 2774}}, {"type": "Feature", "geometry": {"crs": {"type": "name", "properties": {"name": "EPSG:4674"}}, "type": "MultiPoint", "coordinates": [[-51.267269, -16.479842]]}, "properties": {"CD_MUN": "5211602", "GEOCOD": "LOC0227", "NM_MUN": "Ivolândia", "RG_PLAN": "Oeste Goiano", "ID_LOCAL": 291, "NOME_ACEN": "Estrela do Norte", "POPULACAO": 0}}, {"type": "Feature", "geometry": {"crs": {"type": "name", "properties": {"name": "EPSG:4674"}}, "type": "MultiPoint", "coordinates": [[-46.647021, -14.050428]]}, "properties": {"CD_MUN": "5209903", "GEOCOD": "LOC0228", "NM_MUN": "Iaciara", "RG_PLAN": "Nordeste Goiano", "ID_LOCAL": 618, "NOME_ACEN": "Extrema", "POPULACAO": 1}}, {"type": "Feature", "geometry": {"crs": {"type": "name", "properties": {"name": "EPSG:4674"}}, "type": "MultiPoint", "coordinates": [[-46.591337, -14.385066]]}, "properties": {"CD_MUN": "5220686", "GEOCOD": "LOC0229", "NM_MUN": "Simolândia", "RG_PLAN": "Nordeste Goiano", "ID_LOCAL": 619, "NOME_ACEN": "Extrema", "POPULACAO": 1}}, {"type": "Feature", "geometry": {"crs": {"type": "name", "properties": {"name": "EPSG:4674"}}, "type": "MultiPoint", "coordinates": [[-50.363965, -15.446525]]}, "properties": {"CD_MUN": "5207535", "GEOCOD": "LOC0230", "NM_MUN": "Faina", "RG_PLAN": "Noroeste Goiano", "ID_LOCAL": 90, "NOME_ACEN": "Faina", "POPULACAO": 3143}}, {"type": "Feature", "geometry": {"crs": {"type": "name", "properties": {"name": "EPSG:4674"}}, "type": "MultiPoint", "coordinates": [[-50.778552, -16.186516]]}, "properties": {"CD_MUN": "5207600", "GEOCOD": "LOC0231", "NM_MUN": "Fazenda Nova", "RG_PLAN": "Oeste Goiano", "ID_LOCAL": 91, "NOME_ACEN": "Fazenda Nova", "POPULACAO": 3658}}, {"type": "Feature", "geometry": {"crs": {"type": "name", "properties": {"name": "EPSG:4674"}}, "type": "MultiPoint", "coordinates": [[-51.831395, -18.179337]]}, "properties": {"CD_MUN": "5211909", "GEOCOD": "LOC0232", "NM_MUN": "Jataí", "RG_PLAN": "Sudoeste Goiano", "ID_LOCAL": 250, "NOME_ACEN": "Felicidade", "POPULACAO": 0}}, {"type": "Feature", "geometry": {"crs": {"type": "name", "properties": {"name": "EPSG:4674"}}, "type": "MultiPoint", "coordinates": [[-49.544788, -13.962806]]}, "properties": {"CD_MUN": "5200829", "GEOCOD": "LOC0233", "NM_MUN": "Amaralina", "RG_PLAN": "Norte Goiano", "ID_LOCAL": 578, "NOME_ACEN": "Ficolânda", "POPULACAO": 0}}, {"type": "Feature", "geometry": {"crs": {"type": "name", "properties": {"name": "EPSG:4674"}}, "type": "MultiPoint", "coordinates": [[-50.004998, -16.574086]]}, "properties": {"CD_MUN": "5221502", "GEOCOD": "LOC0234", "NM_MUN": "Turvânia", "RG_PLAN": "Oeste Goiano", "ID_LOCAL": 612, "NOME_ACEN": "Fio", "POPULACAO": 0}}, {"type": "Feature", "geometry": {"crs": {"type": "name", "properties": {"name": "EPSG:4674"}}, "type": "MultiPoint", "coordinates": [[-50.299718, -16.575705]]}, "properties": {"CD_MUN": "5207808", "GEOCOD": "LOC0235", "NM_MUN": "Firminópolis", "RG_PLAN": "Oeste Goiano", "ID_LOCAL": 92, "NOME_ACEN": "Firminópolis", "POPULACAO": 8212}}, {"type": "Feature", "geometry": {"crs": {"type": "name", "properties": {"name": "EPSG:4674"}}, "type": "MultiPoint", "coordinates": [[-47.040564, -14.455938]]}, "properties": {"CD_MUN": "5207907", "GEOCOD": "LOC0236", "NM_MUN": "Flores de Goiás", "RG_PLAN": "Nordeste Goiano", "ID_LOCAL": 93, "NOME_ACEN": "Flores de Goiás", "POPULACAO": 2875}}, {"type": "Feature", "geometry": {"crs": {"type": "name", "properties": {"name": "EPSG:4674"}}, "type": "MultiPoint", "coordinates": [[-47.337542, -15.542918]]}, "properties": {"CD_MUN": "5208004", "GEOCOD": "LOC0237", "NM_MUN": "Formosa", "RG_PLAN": "Entorno Distrito Federal", "ID_LOCAL": 94, "NOME_ACEN": "Formosa", "POPULACAO": 78998}}, {"type": "Feature", "geometry": {"crs": {"type": "name", "properties": {"name": "EPSG:4674"}}, "type": "MultiPoint", "coordinates": [[-48.878132, -13.653775]]}, "properties": {"CD_MUN": "5208103", "GEOCOD": "LOC0238", "NM_MUN": "Formoso", "RG_PLAN": "Norte Goiano", "ID_LOCAL": 95, "NOME_ACEN": "Formoso", "POPULACAO": 3681}}, {"type": "Feature", "geometry": {"crs": {"type": "name", "properties": {"name": "EPSG:4674"}}, "type": "MultiPoint", "coordinates": [[-47.28885, -14.308661]]}, "properties": {"CD_MUN": "5220009", "GEOCOD": "LOC0239", "NM_MUN": "São João d'Aliança", "RG_PLAN": "Nordeste Goiano", "ID_LOCAL": 457, "NOME_ACEN": "Forte", "POPULACAO": 118}}, {"type": "Feature", "geometry": {"crs": {"type": "name", "properties": {"name": "EPSG:4674"}}, "type": "MultiPoint", "coordinates": [[-49.633018, -15.633864]]}, "properties": {"CD_MUN": "5221700", "GEOCOD": "LOC0240", "NM_MUN": "Uruana", "RG_PLAN": "Centro Goiano", "ID_LOCAL": 403, "NOME_ACEN": "Francinópolis", "POPULACAO": 121}}, {"type": "Feature", "geometry": {"crs": {"type": "name", "properties": {"name": "EPSG:4674"}}, "type": "MultiPoint", "coordinates": [[-49.707916, -17.148079]]}, "properties": {"CD_MUN": "5205455", "GEOCOD": "LOC0241", "NM_MUN": "Cezarina", "RG_PLAN": "Sul Goiano", "ID_LOCAL": 281, "NOME_ACEN": "Gameleira", "POPULACAO": 0}}, {"type": "Feature", "geometry": {"crs": {"type": "name", "properties": {"name": "EPSG:4674"}}, "type": "MultiPoint", "coordinates": [[-48.645203, -16.488475]]}, "properties": {"CD_MUN": "5208152", "GEOCOD": "LOC0242", "NM_MUN": "Gameleira de Goiás", "RG_PLAN": "Sudeste Goiano", "ID_LOCAL": 244, "NOME_ACEN": "Gameleira de Goiás", "POPULACAO": 1005}}, {"type": "Feature", "geometry": {"crs": {"type": "name", "properties": {"name": "EPSG:4674"}}, "type": "MultiPoint", "coordinates": [[-49.648585, -17.117372]]}, "properties": {"CD_MUN": "5221908", "GEOCOD": "LOC0243", "NM_MUN": "Varjão", "RG_PLAN": "Sul Goiano", "ID_LOCAL": 283, "NOME_ACEN": "Gessianópolis", "POPULACAO": 0}}, {"type": "Feature", "geometry": {"crs": {"type": "name", "properties": {"name": "EPSG:4674"}}, "type": "MultiPoint", "coordinates": [[-48.40716, -15.7376]]}, "properties": {"CD_MUN": "5205513", "GEOCOD": "LOC0244", "NM_MUN": "Cocalzinho de Goiás", "RG_PLAN": "Entorno Distrito Federal", "ID_LOCAL": 513, "NOME_ACEN": "Girassol", "POPULACAO": 3469}}, {"type": "Feature", "geometry": {"crs": {"type": "name", "properties": {"name": "EPSG:4674"}}, "type": "MultiPoint", "coordinates": [[-49.115505, -16.378569]]}, "properties": {"CD_MUN": "5201108", "GEOCOD": "LOC0245", "NM_MUN": "Anápolis", "RG_PLAN": "Centro Goiano", "ID_LOCAL": 323, "NOME_ACEN": "Goialândia", "POPULACAO": 0}}, {"type": "Feature", "geometry": {"crs": {"type": "name", "properties": {"name": "EPSG:4674"}}, "type": "MultiPoint", "coordinates": [[-49.021541, -16.506626]]}, "properties": {"CD_MUN": "5208400", "GEOCOD": "LOC0246", "NM_MUN": "Goianápolis", "RG_PLAN": "Metropolitana de Goiânia", "ID_LOCAL": 96, "NOME_ACEN": "Goianápolis", "POPULACAO": 10109}}, {"type": "Feature", "geometry": {"crs": {"type": "name", "properties": {"name": "EPSG:4674"}}, "type": "MultiPoint", "coordinates": [[-48.08769, -18.138509]]}, "properties": {"CD_MUN": "5208509", "GEOCOD": "LOC0247", "NM_MUN": "Goiandira", "RG_PLAN": "Sudeste Goiano", "ID_LOCAL": 97, "NOME_ACEN": "Goiandira", "POPULACAO": 4252}}, {"type": "Feature", "geometry": {"crs": {"type": "name", "properties": {"name": "EPSG:4674"}}, "type": "MultiPoint", "coordinates": [[-49.117034, -15.326656]]}, "properties": {"CD_MUN": "5208608", "GEOCOD": "LOC0248", "NM_MUN": "Goianésia", "RG_PLAN": "Centro Goiano", "ID_LOCAL": 98, "NOME_ACEN": "Goianésia", "POPULACAO": 49742}}, {"type": "Feature", "geometry": {"crs": {"type": "name", "properties": {"name": "EPSG:4674"}}, "type": "MultiPoint", "coordinates": [[-49.258271, -16.67467]]}, "properties": {"CD_MUN": "5208707", "GEOCOD": "LOC0249", "NM_MUN": "Goiânia", "RG_PLAN": "Metropolitana de Goiânia", "ID_LOCAL": 99, "NOME_ACEN": "Goiânia", "POPULACAO": 1244645}}, {"type": "Feature", "geometry": {"crs": {"type": "name", "properties": {"name": "EPSG:4674"}}, "type": "MultiPoint", "coordinates": [[-49.421606, -16.502409]]}, "properties": {"CD_MUN": "5208806", "GEOCOD": "LOC0250", "NM_MUN": "Goianira", "RG_PLAN": "Metropolitana de Goiânia", "ID_LOCAL": 100, "NOME_ACEN": "Goianira", "POPULACAO": 23548}}, {"type": "Feature", "geometry": {"crs": {"type": "name", "properties": {"name": "EPSG:4674"}}, "type": "MultiPoint", "coordinates": [[-50.130661, -15.94804]]}, "properties": {"CD_MUN": "5208905", "GEOCOD": "LOC0251", "NM_MUN": "Goiás", "RG_PLAN": "Noroeste Goiano", "ID_LOCAL": 101, "NOME_ACEN": "Goiás", "POPULACAO": 15601}}, {"type": "Feature", "geometry": {"crs": {"type": "name", "properties": {"name": "EPSG:4674"}}, "type": "MultiPoint", "coordinates": [[-49.843987, -15.283151]]}, "properties": {"CD_MUN": "5218904", "GEOCOD": "LOC0252", "NM_MUN": "Rubiataba", "RG_PLAN": "Centro Goiano", "ID_LOCAL": 613, "NOME_ACEN": "Goiataba", "POPULACAO": 0}}, {"type": "Feature", "geometry": {"crs": {"type": "name", "properties": {"name": "EPSG:4674"}}, "type": "MultiPoint", "coordinates": [[-49.366245, -18.014118]]}, "properties": {"CD_MUN": "5209101", "GEOCOD": "LOC0253", "NM_MUN": "Goiatuba", "RG_PLAN": "Sul Goiano", "ID_LOCAL": 102, "NOME_ACEN": "Goiatuba", "POPULACAO": 27737}}, {"type": "Feature", "geometry": {"crs": {"type": "name", "properties": {"name": "EPSG:4674"}}, "type": "MultiPoint", "coordinates": [[-48.839148, -16.57571]]}, "properties": {"CD_MUN": "5212303", "GEOCOD": "LOC0254", "NM_MUN": "Leopoldo de Bulhões", "RG_PLAN": "Sudeste Goiano", "ID_LOCAL": 592, "NOME_ACEN": "Goiavista", "POPULACAO": 114}}, {"type": "Feature", "geometry": {"crs": {"type": "name", "properties": {"name": "EPSG:4674"}}, "type": "MultiPoint", "coordinates": [[-51.116314, -16.52294]]}, "properties": {"CD_MUN": "5200902", "GEOCOD": "LOC0255", "NM_MUN": "Amorinópolis", "RG_PLAN": "Oeste Goiano", "ID_LOCAL": 293, "NOME_ACEN": "Goiporá", "POPULACAO": 297}}, {"type": "Feature", "geometry": {"crs": {"type": "name", "properties": {"name": "EPSG:4674"}}, "type": "MultiPoint", "coordinates": [[-50.137165, -18.44702]]}, "properties": {"CD_MUN": "5209150", "GEOCOD": "LOC0256", "NM_MUN": "Gouvelândia", "RG_PLAN": "Sudoeste Goiano", "ID_LOCAL": 103, "NOME_ACEN": "Gouvelândia", "POPULACAO": 3466}}, {"type": "Feature", "geometry": {"crs": {"type": "name", "properties": {"name": "EPSG:4674"}}, "type": "MultiPoint", "coordinates": [[-49.033675, -13.116089]]}, "properties": {"CD_MUN": "5218003", "GEOCOD": "LOC0257", "NM_MUN": "Porangatu", "RG_PLAN": "Norte Goiano", "ID_LOCAL": 494, "NOME_ACEN": "Grupelândia", "POPULACAO": 156}}, {"type": "Feature", "geometry": {"crs": {"type": "name", "properties": {"name": "EPSG:4674"}}, "type": "MultiPoint", "coordinates": [[-49.53825, -16.829879]]}, "properties": {"CD_MUN": "5209200", "GEOCOD": "LOC0258", "NM_MUN": "Guapó", "RG_PLAN": "Metropolitana de Goiânia", "ID_LOCAL": 104, "NOME_ACEN": "Guapó", "POPULACAO": 10196}}, {"type": "Feature", "geometry": {"crs": {"type": "name", "properties": {"name": "EPSG:4674"}}, "type": "MultiPoint", "coordinates": [[-50.030369, -15.631231]]}, "properties": {"CD_MUN": "5209291", "GEOCOD": "LOC0259", "NM_MUN": "Guaraíta", "RG_PLAN": "Noroeste Goiano", "ID_LOCAL": 105, "NOME_ACEN": "Guaraíta", "POPULACAO": 1478}}, {"type": "Feature", "geometry": {"crs": {"type": "name", "properties": {"name": "EPSG:4674"}}, "type": "MultiPoint", "coordinates": [[-46.478458, -13.943775]]}, "properties": {"CD_MUN": "5209408", "GEOCOD": "LOC0260", "NM_MUN": "Guarani de Goiás", "RG_PLAN": "Nordeste Goiano", "ID_LOCAL": 106, "NOME_ACEN": "Guarani de Goiás", "POPULACAO": 1743}}, {"type": "Feature", "geometry": {"crs": {"type": "name", "properties": {"name": "EPSG:4674"}}, "type": "MultiPoint", "coordinates": [[-49.701378, -14.732086]]}, "properties": {"CD_MUN": "5209457", "GEOCOD": "LOC0261", "NM_MUN": "Guarinos", "RG_PLAN": "Centro Goiano", "ID_LOCAL": 107, "NOME_ACEN": "Guarinos", "POPULACAO": 1174}}, {"type": "Feature", "geometry": {"crs": {"type": "name", "properties": {"name": "EPSG:4674"}}, "type": "MultiPoint", "coordinates": [[-46.429713, -13.225676]]}, "properties": {"CD_MUN": "5208301", "GEOCOD": "LOC0262", "NM_MUN": "Divinópolis de Goiás", "RG_PLAN": "Nordeste Goiano", "ID_LOCAL": 574, "NOME_ACEN": "Guariroba", "POPULACAO": 0}}, {"type": "Feature", "geometry": {"crs": {"type": "name", "properties": {"name": "EPSG:4674"}}, "type": "MultiPoint", "coordinates": [[-49.824098, -15.722389]]}, "properties": {"CD_MUN": "5209606", "GEOCOD": "LOC0263", "NM_MUN": "Heitoraí", "RG_PLAN": "Noroeste Goiano", "ID_LOCAL": 108, "NOME_ACEN": "Heitoraí", "POPULACAO": 2468}}, {"type": "Feature", "geometry": {"crs": {"type": "name", "properties": {"name": "EPSG:4674"}}, "type": "MultiPoint", "coordinates": [[-49.233884, -16.967386]]}, "properties": {"CD_MUN": "5209705", "GEOCOD": "LOC0264", "NM_MUN": "Hidrolândia", "RG_PLAN": "Metropolitana de Goiânia", "ID_LOCAL": 109, "NOME_ACEN": "Hidrolândia", "POPULACAO": 8847}}, {"type": "Feature", "geometry": {"crs": {"type": "name", "properties": {"name": "EPSG:4674"}}, "type": "MultiPoint", "coordinates": [[-49.472032, -14.723298]]}, "properties": {"CD_MUN": "5209804", "GEOCOD": "LOC0265", "NM_MUN": "Hidrolina", "RG_PLAN": "Centro Goiano", "ID_LOCAL": 110, "NOME_ACEN": "Hidrolina", "POPULACAO": 2991}}, {"type": "Feature", "geometry": {"crs": {"type": "name", "properties": {"name": "EPSG:4674"}}, "type": "MultiPoint", "coordinates": [[-46.632649, -14.096693]]}, "properties": {"CD_MUN": "5209903", "GEOCOD": "LOC0266", "NM_MUN": "Iaciara", "RG_PLAN": "Nordeste Goiano", "ID_LOCAL": 111, "NOME_ACEN": "Iaciara", "POPULACAO": 9033}}, {"type": "Feature", "geometry": {"crs": {"type": "name", "properties": {"name": "EPSG:4674"}}, "type": "MultiPoint", "coordinates": [[-50.656013, -16.137062]]}, "properties": {"CD_MUN": "5207600", "GEOCOD": "LOC0267", "NM_MUN": "Fazenda Nova", "RG_PLAN": "Oeste Goiano", "ID_LOCAL": 296, "NOME_ACEN": "Iariruara", "POPULACAO": 0}}, {"type": "Feature", "geometry": {"crs": {"type": "name", "properties": {"name": "EPSG:4674"}}, "type": "MultiPoint", "coordinates": [[-49.988831, -18.490516]]}, "properties": {"CD_MUN": "5209937", "GEOCOD": "LOC0268", "NM_MUN": "Inaciolândia", "RG_PLAN": "Sul Goiano", "ID_LOCAL": 112, "NOME_ACEN": "Inaciolândia", "POPULACAO": 4582}}, {"type": "Feature", "geometry": {"crs": {"type": "name", "properties": {"name": "EPSG:4674"}}, "type": "MultiPoint", "coordinates": [[-48.563791, -14.271859]]}, "properties": {"CD_MUN": "5214606", "GEOCOD": "LOC0269", "NM_MUN": "Niquelândia", "RG_PLAN": "Norte Goiano", "ID_LOCAL": 448, "NOME_ACEN": "Indaianópolis", "POPULACAO": 323}}, {"type": "Feature", "geometry": {"crs": {"type": "name", "properties": {"name": "EPSG:4674"}}, "type": "MultiPoint", "coordinates": [[-49.992523, -17.137786]]}, "properties": {"CD_MUN": "5209952", "GEOCOD": "LOC0270", "NM_MUN": "Indiara", "RG_PLAN": "Sul Goiano", "ID_LOCAL": 113, "NOME_ACEN": "Indiara", "POPULACAO": 10408}}, {"type": "Feature", "geometry": {"crs": {"type": "name", "properties": {"name": "EPSG:4674"}}, "type": "MultiPoint", "coordinates": [[-49.80923, -13.308647]]}, "properties": {"CD_MUN": "5215256", "GEOCOD": "LOC0271", "NM_MUN": "Novo Planalto", "RG_PLAN": "Norte Goiano", "ID_LOCAL": 495, "NOME_ACEN": "Infusão", "POPULACAO": 87}}, {"type": "Feature", "geometry": {"crs": {"type": "name", "properties": {"name": "EPSG:4674"}}, "type": "MultiPoint", "coordinates": [[-49.498341, -16.366174]]}, "properties": {"CD_MUN": "5210000", "GEOCOD": "LOC0272", "NM_MUN": "Inhumas", "RG_PLAN": "Metropolitana de Goiânia", "ID_LOCAL": 114, "NOME_ACEN": "Inhumas", "POPULACAO": 42421}}, {"type": "Feature", "geometry": {"crs": {"type": "name", "properties": {"name": "EPSG:4674"}}, "type": "MultiPoint", "coordinates": [[-49.036637, -16.188632]]}, "properties": {"CD_MUN": "5201108", "GEOCOD": "LOC0273", "NM_MUN": "Anápolis", "RG_PLAN": "Centro Goiano", "ID_LOCAL": 320, "NOME_ACEN": "Interlândia", "POPULACAO": 0}}, {"type": "Feature", "geometry": {"crs": {"type": "name", "properties": {"name": "EPSG:4674"}}, "type": "MultiPoint", "coordinates": [[-48.156319, -17.719263]]}, "properties": {"CD_MUN": "5210109", "GEOCOD": "LOC0274", "NM_MUN": "Ipameri", "RG_PLAN": "Sudeste Goiano", "ID_LOCAL": 115, "NOME_ACEN": "Ipameri", "POPULACAO": 17191}}, {"type": "Feature", "geometry": {"crs": {"type": "name", "properties": {"name": "EPSG:4674"}}, "type": "MultiPoint", "coordinates": [[-49.669283, -15.170382]]}, "properties": {"CD_MUN": "5210158", "GEOCOD": "LOC0275", "NM_MUN": "Ipiranga de Goiás", "RG_PLAN": "Centro Goiano", "ID_LOCAL": 245, "NOME_ACEN": "Ipiranga de Goiás", "POPULACAO": 843}}, {"type": "Feature", "geometry": {"crs": {"type": "name", "properties": {"name": "EPSG:4674"}}, "type": "MultiPoint", "coordinates": [[-51.111917, -16.436094]]}, "properties": {"CD_MUN": "5210208", "GEOCOD": "LOC0276", "NM_MUN": "Iporá", "RG_PLAN": "Oeste Goiano", "ID_LOCAL": 116, "NOME_ACEN": "Iporá", "POPULACAO": 28316}}, {"type": "Feature", "geometry": {"crs": {"type": "name", "properties": {"name": "EPSG:4674"}}, "type": "MultiPoint", "coordinates": [[-50.906228, -16.319739]]}, "properties": {"CD_MUN": "5210307", "GEOCOD": "LOC0277", "NM_MUN": "Israelândia", "RG_PLAN": "Oeste Goiano", "ID_LOCAL": 117, "NOME_ACEN": "Israelândia", "POPULACAO": 1993}}, {"type": "Feature", "geometry": {"crs": {"type": "name", "properties": {"name": "EPSG:4674"}}, "type": "MultiPoint", "coordinates": [[-49.810081, -16.025334]]}, "properties": {"CD_MUN": "5210406", "GEOCOD": "LOC0278", "NM_MUN": "Itaberaí", "RG_PLAN": "Noroeste Goiano", "ID_LOCAL": 118, "NOME_ACEN": "Itaberaí", "POPULACAO": 25255}}, {"type": "Feature", "geometry": {"crs": {"type": "name", "properties": {"name": "EPSG:4674"}}, "type": "MultiPoint", "coordinates": [[-51.302694, -15.021133]]}, "properties": {"CD_MUN": "5203807", "GEOCOD": "LOC0279", "NM_MUN": "Britânia", "RG_PLAN": "Oeste Goiano", "ID_LOCAL": 517, "NOME_ACEN": "Itacaiu", "POPULACAO": 0}}, {"type": "Feature", "geometry": {"crs": {"type": "name", "properties": {"name": "EPSG:4674"}}, "type": "MultiPoint", "coordinates": [[-50.678391, -19.012599]]}, "properties": {"CD_MUN": "5220405", "GEOCOD": "LOC0280", "NM_MUN": "São Simão", "RG_PLAN": "Sudoeste Goiano", "ID_LOCAL": 248, "NOME_ACEN": "Itaguaçu", "POPULACAO": 984}}, {"type": "Feature", "geometry": {"crs": {"type": "name", "properties": {"name": "EPSG:4674"}}, "type": "MultiPoint", "coordinates": [[-49.605402, -15.924419]]}, "properties": {"CD_MUN": "5210562", "GEOCOD": "LOC0281", "NM_MUN": "Itaguari", "RG_PLAN": "Noroeste Goiano", "ID_LOCAL": 119, "NOME_ACEN": "Itaguari", "POPULACAO": 3653}}, {"type": "Feature", "geometry": {"crs": {"type": "name", "properties": {"name": "EPSG:4674"}}, "type": "MultiPoint", "coordinates": [[-49.631104, -15.76496]]}, "properties": {"CD_MUN": "5210604", "GEOCOD": "LOC0282", "NM_MUN": "Itaguaru", "RG_PLAN": "Noroeste Goiano", "ID_LOCAL": 120, "NOME_ACEN": "Itaguaru", "POPULACAO": 4288}}, {"type": "Feature", "geometry": {"crs": {"type": "name", "properties": {"name": "EPSG:4674"}}, "type": "MultiPoint", "coordinates": [[-51.554353, -19.06809]]}, "properties": {"CD_MUN": "5210802", "GEOCOD": "LOC0283", "NM_MUN": "Itajá", "RG_PLAN": "Sudoeste Goiano", "ID_LOCAL": 121, "NOME_ACEN": "Itajá", "POPULACAO": 3750}}, {"type": "Feature", "geometry": {"crs": {"type": "name", "properties": {"name": "EPSG:4674"}}, "type": "MultiPoint", "coordinates": [[-49.546981, -14.953194]]}, "properties": {"CD_MUN": "5210901", "GEOCOD": "LOC0284", "NM_MUN": "Itapaci", "RG_PLAN": "Centro Goiano", "ID_LOCAL": 122, "NOME_ACEN": "Itapaci", "POPULACAO": 14479}}, {"type": "Feature", "geometry": {"crs": {"type": "name", "properties": {"name": "EPSG:4674"}}, "type": "MultiPoint", "coordinates": [[-50.599268, -15.819591]]}, "properties": {"CD_MUN": "5211008", "GEOCOD": "LOC0285", "NM_MUN": "Itapirapuã", "RG_PLAN": "Oeste Goiano", "ID_LOCAL": 123, "NOME_ACEN": "Itapirapuã", "POPULACAO": 5164}}, {"type": "Feature", "geometry": {"crs": {"type": "name", "properties": {"name": "EPSG:4674"}}, "type": "MultiPoint", "coordinates": [[-49.941805, -15.554361]]}, "properties": {"CD_MUN": "5211206", "GEOCOD": "LOC0286", "NM_MUN": "Itapuranga", "RG_PLAN": "Noroeste Goiano", "ID_LOCAL": 124, "NOME_ACEN": "Itapuranga", "POPULACAO": 18372}}, {"type": "Feature", "geometry": {"crs": {"type": "name", "properties": {"name": "EPSG:4674"}}, "type": "MultiPoint", "coordinates": [[-51.344934, -18.761696]]}, "properties": {"CD_MUN": "5211305", "GEOCOD": "LOC0287", "NM_MUN": "Itarumã", "RG_PLAN": "Sudoeste Goiano", "ID_LOCAL": 125, "NOME_ACEN": "Itarumã", "POPULACAO": 3461}}, {"type": "Feature", "geometry": {"crs": {"type": "name", "properties": {"name": "EPSG:4674"}}, "type": "MultiPoint", "coordinates": [[-49.603082, -16.201085]]}, "properties": {"CD_MUN": "5211404", "GEOCOD": "LOC0288", "NM_MUN": "Itauçu", "RG_PLAN": "Noroeste Goiano", "ID_LOCAL": 126, "NOME_ACEN": "Itauçu", "POPULACAO": 6404}}, {"type": "Feature", "geometry": {"crs": {"type": "name", "properties": {"name": "EPSG:4674"}}, "type": "MultiPoint", "coordinates": [[-49.219694, -18.407254]]}, "properties": {"CD_MUN": "5211503", "GEOCOD": "LOC0289", "NM_MUN": "Itumbiara", "RG_PLAN": "Sul Goiano", "ID_LOCAL": 127, "NOME_ACEN": "Itumbiara", "POPULACAO": 84041}}, {"type": "Feature", "geometry": {"crs": {"type": "name", "properties": {"name": "EPSG:4674"}}, "type": "MultiPoint", "coordinates": [[-52.09157, -18.516211]]}, "properties": {"CD_MUN": "5201504", "GEOCOD": "LOC0290", "NM_MUN": "Aporé", "RG_PLAN": "Sudoeste Goiano", "ID_LOCAL": 249, "NOME_ACEN": "Itumirim", "POPULACAO": 0}}, {"type": "Feature", "geometry": {"crs": {"type": "name", "properties": {"name": "EPSG:4674"}}, "type": "MultiPoint", "coordinates": [[-50.790332, -16.605358]]}, "properties": {"CD_MUN": "5211602", "GEOCOD": "LOC0291", "NM_MUN": "Ivolândia", "RG_PLAN": "Oeste Goiano", "ID_LOCAL": 128, "NOME_ACEN": "Ivolândia", "POPULACAO": 1399}}, {"type": "Feature", "geometry": {"crs": {"type": "name", "properties": {"name": "EPSG:4674"}}, "type": "MultiPoint", "coordinates": [[-50.933195, -15.607939]]}, "properties": {"CD_MUN": "5211008", "GEOCOD": "LOC0292", "NM_MUN": "Itapirapuã", "RG_PLAN": "Oeste Goiano", "ID_LOCAL": 408, "NOME_ACEN": "Jacilândia", "POPULACAO": 492}}, {"type": "Feature", "geometry": {"crs": {"type": "name", "properties": {"name": "EPSG:4674"}}, "type": "MultiPoint", "coordinates": [[-51.112058, -16.36562]]}, "properties": {"CD_MUN": "5210208", "GEOCOD": "LOC0293", "NM_MUN": "Iporá", "RG_PLAN": "Oeste Goiano", "ID_LOCAL": 638, "NOME_ACEN": "Jacinópolis", "POPULACAO": 0}}, {"type": "Feature", "geometry": {"crs": {"type": "name", "properties": {"name": "EPSG:4674"}}, "type": "MultiPoint", "coordinates": [[-46.505791, -13.596676]]}, "properties": {"CD_MUN": "5219803", "GEOCOD": "LOC0294", "NM_MUN": "São Domingos", "RG_PLAN": "Nordeste Goiano", "ID_LOCAL": 560, "NOME_ACEN": "Jacu", "POPULACAO": 0}}, {"type": "Feature", "geometry": {"crs": {"type": "name", "properties": {"name": "EPSG:4674"}}, "type": "MultiPoint", "coordinates": [[-50.140663, -17.043923]]}, "properties": {"CD_MUN": "5211701", "GEOCOD": "LOC0295", "NM_MUN": "Jandaia", "RG_PLAN": "Oeste Goiano", "ID_LOCAL": 129, "NOME_ACEN": "Jandaia", "POPULACAO": 4157}}, {"type": "Feature", "geometry": {"crs": {"type": "name", "properties": {"name": "EPSG:4674"}}, "type": "MultiPoint", "coordinates": [[-49.331336, -15.75244]]}, "properties": {"CD_MUN": "5211800", "GEOCOD": "LOC0296", "NM_MUN": "Jaraguá", "RG_PLAN": "Centro Goiano", "ID_LOCAL": 130, "NOME_ACEN": "Jaraguá", "POPULACAO": 32116}}, {"type": "Feature", "geometry": {"crs": {"type": "name", "properties": {"name": "EPSG:4674"}}, "type": "MultiPoint", "coordinates": [[-49.112524, -16.017878]]}, "properties": {"CD_MUN": "5217302", "GEOCOD": "LOC0297", "NM_MUN": "Pirenópolis", "RG_PLAN": "Entorno Distrito Federal", "ID_LOCAL": 317, "NOME_ACEN": "Jaranápolis", "POPULACAO": 578}}, {"type": "Feature", "geometry": {"crs": {"type": "name", "properties": {"name": "EPSG:4674"}}, "type": "MultiPoint", "coordinates": [[-49.54514, -15.173261]]}, "properties": {"CD_MUN": "5214861", "GEOCOD": "LOC0298", "NM_MUN": "Nova Glória", "RG_PLAN": "Centro Goiano", "ID_LOCAL": 633, "NOME_ACEN": "Jardim Paulista", "POPULACAO": 0}}, {"type": "Feature", "geometry": {"crs": {"type": "name", "properties": {"name": "EPSG:4674"}}, "type": "MultiPoint", "coordinates": [[-51.684938, -17.87219]]}, "properties": {"CD_MUN": "5211909", "GEOCOD": "LOC0299", "NM_MUN": "Jataí", "RG_PLAN": "Sudoeste Goiano", "ID_LOCAL": 131, "NOME_ACEN": "Jataí", "POPULACAO": 75668}}, {"type": "Feature", "geometry": {"crs": {"type": "name", "properties": {"name": "EPSG:4674"}}, "type": "MultiPoint", "coordinates": [[-46.366511, -14.177825]]}, "properties": {"CD_MUN": "5218300", "GEOCOD": "LOC0300", "NM_MUN": "Posse", "RG_PLAN": "Nordeste Goiano", "ID_LOCAL": 585, "NOME_ACEN": "Jatobá", "POPULACAO": 0}}, {"type": "Feature", "geometry": {"crs": {"type": "name", "properties": {"name": "EPSG:4674"}}, "type": "MultiPoint", "coordinates": [[-46.641332, -13.035539]]}, "properties": {"CD_MUN": "5204904", "GEOCOD": "LOC0301", "NM_MUN": "Campos Belos", "RG_PLAN": "Nordeste Goiano", "ID_LOCAL": 609, "NOME_ACEN": "Jatobá", "POPULACAO": 0}}, {"type": "Feature", "geometry": {"crs": {"type": "name", "properties": {"name": "EPSG:4674"}}, "type": "MultiPoint", "coordinates": [[-50.956845, -16.182563]]}, "properties": {"CD_MUN": "5212006", "GEOCOD": "LOC0302", "NM_MUN": "Jaupaci", "RG_PLAN": "Oeste Goiano", "ID_LOCAL": 132, "NOME_ACEN": "Jaupaci", "POPULACAO": 2376}}, {"type": "Feature", "geometry": {"crs": {"type": "name", "properties": {"name": "EPSG:4674"}}, "type": "MultiPoint", "coordinates": [[-49.093213, -14.359151]]}, "properties": {"CD_MUN": "5221601", "GEOCOD": "LOC0303", "NM_MUN": "Uruaçu", "RG_PLAN": "Norte Goiano", "ID_LOCAL": 440, "NOME_ACEN": "Jeriaçu", "POPULACAO": 59}}, {"type": "Feature", "geometry": {"crs": {"type": "name", "properties": {"name": "EPSG:4674"}}, "type": "MultiPoint", "coordinates": [[-50.499293, -15.374841]]}, "properties": {"CD_MUN": "5207535", "GEOCOD": "LOC0304", "NM_MUN": "Faina", "RG_PLAN": "Noroeste Goiano", "ID_LOCAL": 406, "NOME_ACEN": "Jeroaquara", "POPULACAO": 280}}, {"type": "Feature", "geometry": {"crs": {"type": "name", "properties": {"name": "EPSG:4674"}}, "type": "MultiPoint", "coordinates": [[-49.375863, -15.95415]]}, "properties": {"CD_MUN": "5212055", "GEOCOD": "LOC0305", "NM_MUN": "Jesúpolis", "RG_PLAN": "Centro Goiano", "ID_LOCAL": 133, "NOME_ACEN": "Jesúpolis", "POPULACAO": 1688}}, {"type": "Feature", "geometry": {"crs": {"type": "name", "properties": {"name": "EPSG:4674"}}, "type": "MultiPoint", "coordinates": [[-49.953533, -13.280749]]}, "properties": {"CD_MUN": "5220207", "GEOCOD": "LOC0306", "NM_MUN": "São Miguel do Araguaia", "RG_PLAN": "Norte Goiano", "ID_LOCAL": 622, "NOME_ACEN": "JK", "POPULACAO": 0}}, {"type": "Feature", "geometry": {"crs": {"type": "name", "properties": {"name": "EPSG:4674"}}, "type": "MultiPoint", "coordinates": [[-48.82507, -16.263546]]}, "properties": {"CD_MUN": "5201108", "GEOCOD": "LOC0307", "NM_MUN": "Anápolis", "RG_PLAN": "Centro Goiano", "ID_LOCAL": 336, "NOME_ACEN": "Joanápolis", "POPULACAO": 0}}, {"type": "Feature", "geometry": {"crs": {"type": "name", "properties": {"name": "EPSG:4674"}}, "type": "MultiPoint", "coordinates": [[-49.635152, -17.801702]]}, "properties": {"CD_MUN": "5212105", "GEOCOD": "LOC0308", "NM_MUN": "Joviânia", "RG_PLAN": "Sul Goiano", "ID_LOCAL": 134, "NOME_ACEN": "Joviânia", "POPULACAO": 6086}}, {"type": "Feature", "geometry": {"crs": {"type": "name", "properties": {"name": "EPSG:4674"}}, "type": "MultiPoint", "coordinates": [[-49.278931, -15.124457]]}, "properties": {"CD_MUN": "5208608", "GEOCOD": "LOC0309", "NM_MUN": "Goianésia", "RG_PLAN": "Centro Goiano", "ID_LOCAL": 374, "NOME_ACEN": "Juscelândia", "POPULACAO": 637}}, {"type": "Feature", "geometry": {"crs": {"type": "name", "properties": {"name": "EPSG:4674"}}, "type": "MultiPoint", "coordinates": [[-47.156386, -15.212573]]}, "properties": {"CD_MUN": "5208004", "GEOCOD": "LOC0310", "NM_MUN": "Formosa", "RG_PLAN": "Entorno Distrito Federal", "ID_LOCAL": 350, "NOME_ACEN": "Juscelino Kubitschek", "POPULACAO": 1139}}, {"type": "Feature", "geometry": {"crs": {"type": "name", "properties": {"name": "EPSG:4674"}}, "type": "MultiPoint", "coordinates": [[-50.868124, -15.864287]]}, "properties": {"CD_MUN": "5212204", "GEOCOD": "LOC0311", "NM_MUN": "Jussara", "RG_PLAN": "Oeste Goiano", "ID_LOCAL": 135, "NOME_ACEN": "Jussara", "POPULACAO": 13262}}, {"type": "Feature", "geometry": {"crs": {"type": "name", "properties": {"name": "EPSG:4674"}}, "type": "MultiPoint", "coordinates": [[-48.073171, -16.101451]]}, "properties": {"CD_MUN": "5215231", "GEOCOD": "LOC0312", "NM_MUN": "Novo Gama", "RG_PLAN": "Entorno Distrito Federal", "ID_LOCAL": 339, "NOME_ACEN": "Lago Azul", "POPULACAO": 0}}, {"type": "Feature", "geometry": {"crs": {"type": "name", "properties": {"name": "EPSG:4674"}}, "type": "MultiPoint", "coordinates": [[-50.495118, -17.961042]]}, "properties": {"CD_MUN": "5218805", "GEOCOD": "LOC0313", "NM_MUN": "Rio Verde", "RG_PLAN": "Sudoeste Goiano", "ID_LOCAL": 557, "NOME_ACEN": "Lagoa do Bauzinho", "POPULACAO": 1271}}, {"type": "Feature", "geometry": {"crs": {"type": "name", "properties": {"name": "EPSG:4674"}}, "type": "MultiPoint", "coordinates": [[-46.90453, -15.824296]]}, "properties": {"CD_MUN": "5204003", "GEOCOD": "LOC0314", "NM_MUN": "Cabeceiras", "RG_PLAN": "Entorno Distrito Federal", "ID_LOCAL": 355, "NOME_ACEN": "Lagoa do Mato Grande", "POPULACAO": 0}}, {"type": "Feature", "geometry": {"crs": {"type": "name", "properties": {"name": "EPSG:4674"}}, "type": "MultiPoint", "coordinates": [[-46.325898, -14.412071]]}, "properties": {"CD_MUN": "5203962", "GEOCOD": "LOC0315", "NM_MUN": "Buritinópolis", "RG_PLAN": "Nordeste Goiano", "ID_LOCAL": 552, "NOME_ACEN": "Lagoa Nova", "POPULACAO": 0}}, {"type": "Feature", "geometry": {"crs": {"type": "name", "properties": {"name": "EPSG:4674"}}, "type": "MultiPoint", "coordinates": [[-51.403838, -19.182189]]}, "properties": {"CD_MUN": "5212253", "GEOCOD": "LOC0316", "NM_MUN": "Lagoa Santa", "RG_PLAN": "Sudoeste Goiano", "ID_LOCAL": 246, "NOME_ACEN": "Lagoa Santa", "POPULACAO": 852}}, {"type": "Feature", "geometry": {"crs": {"type": "name", "properties": {"name": "EPSG:4674"}}, "type": "MultiPoint", "coordinates": [[-49.025617, -15.622478]]}, "properties": {"CD_MUN": "5217302", "GEOCOD": "LOC0317", "NM_MUN": "Pirenópolis", "RG_PLAN": "Entorno Distrito Federal", "ID_LOCAL": 378, "NOME_ACEN": "Lagolândia", "POPULACAO": 213}}, {"type": "Feature", "geometry": {"crs": {"type": "name", "properties": {"name": "EPSG:4674"}}, "type": "MultiPoint", "coordinates": [[-48.00575, -14.043553]]}, "properties": {"CD_MUN": "5205521", "GEOCOD": "LOC0318", "NM_MUN": "Colinas do Sul", "RG_PLAN": "Nordeste Goiano", "ID_LOCAL": 553, "NOME_ACEN": "Lajes", "POPULACAO": 0}}, {"type": "Feature", "geometry": {"crs": {"type": "name", "properties": {"name": "EPSG:4674"}}, "type": "MultiPoint", "coordinates": [[-48.484224, -17.171224]]}, "properties": {"CD_MUN": "5217401", "GEOCOD": "LOC0319", "NM_MUN": "Pires do Rio", "RG_PLAN": "Sudeste Goiano", "ID_LOCAL": 596, "NOME_ACEN": "Lajes", "POPULACAO": 0}}, {"type": "Feature", "geometry": {"crs": {"type": "name", "properties": {"name": "EPSG:4674"}}, "type": "MultiPoint", "coordinates": [[-49.92745, -15.632315]]}, "properties": {"CD_MUN": "5211206", "GEOCOD": "LOC0320", "NM_MUN": "Itapuranga", "RG_PLAN": "Noroeste Goiano", "ID_LOCAL": 636, "NOME_ACEN": "Lajes", "POPULACAO": 258}}, {"type": "Feature", "geometry": {"crs": {"type": "name", "properties": {"name": "EPSG:4674"}}, "type": "MultiPoint", "coordinates": [[-49.460037, -13.790209]]}, "properties": {"CD_MUN": "5214101", "GEOCOD": "LOC0321", "NM_MUN": "Mutunópolis", "RG_PLAN": "Norte Goiano", "ID_LOCAL": 503, "NOME_ACEN": "Lajinópolis", "POPULACAO": 0}}, {"type": "Feature", "geometry": {"crs": {"type": "name", "properties": {"name": "EPSG:4674"}}, "type": "MultiPoint", "coordinates": [[-50.836987, -13.922876]]}, "properties": {"CD_MUN": "5214838", "GEOCOD": "LOC0322", "NM_MUN": "Nova Crixás", "RG_PLAN": "Norte Goiano", "ID_LOCAL": 509, "NOME_ACEN": "Landi", "POPULACAO": 0}}, {"type": "Feature", "geometry": {"crs": {"type": "name", "properties": {"name": "EPSG:4674"}}, "type": "MultiPoint", "coordinates": [[-46.949172, -13.566256]]}, "properties": {"CD_MUN": "5214903", "GEOCOD": "LOC0323", "NM_MUN": "Nova Roma", "RG_PLAN": "Nordeste Goiano", "ID_LOCAL": 579, "NOME_ACEN": "Lavado", "POPULACAO": 0}}, {"type": "Feature", "geometry": {"crs": {"type": "name", "properties": {"name": "EPSG:4674"}}, "type": "MultiPoint", "coordinates": [[-46.56329, -13.258409]]}, "properties": {"CD_MUN": "5208301", "GEOCOD": "LOC0324", "NM_MUN": "Divinópolis de Goiás", "RG_PLAN": "Nordeste Goiano", "ID_LOCAL": 573, "NOME_ACEN": "Lavradinha", "POPULACAO": 0}}, {"type": "Feature", "geometry": {"crs": {"type": "name", "properties": {"name": "EPSG:4674"}}, "type": "MultiPoint", "coordinates": [[-49.271871, -14.966114]]}, "properties": {"CD_MUN": "5220157", "GEOCOD": "LOC0325", "NM_MUN": "São Luiz do Norte", "RG_PLAN": "Centro Goiano", "ID_LOCAL": 443, "NOME_ACEN": "Lavrinha", "POPULACAO": 0}}, {"type": "Feature", "geometry": {"crs": {"type": "name", "properties": {"name": "EPSG:4674"}}, "type": "MultiPoint", "coordinates": [[-48.736481, -16.630889]]}, "properties": {"CD_MUN": "5212303", "GEOCOD": "LOC0326", "NM_MUN": "Leopoldo de Bulhões", "RG_PLAN": "Sudeste Goiano", "ID_LOCAL": 136, "NOME_ACEN": "Leopoldo de Bulhões", "POPULACAO": 4996}}, {"type": "Feature", "geometry": {"crs": {"type": "name", "properties": {"name": "EPSG:4674"}}, "type": "MultiPoint", "coordinates": [[-46.679926, -14.029877]]}, "properties": {"CD_MUN": "5209903", "GEOCOD": "LOC0327", "NM_MUN": "Iaciara", "RG_PLAN": "Nordeste Goiano", "ID_LOCAL": 639, "NOME_ACEN": "Levantado", "POPULACAO": 0}}, {"type": "Feature", "geometry": {"crs": {"type": "name", "properties": {"name": "EPSG:4674"}}, "type": "MultiPoint", "coordinates": [[-49.816821, -17.088202]]}, "properties": {"CD_MUN": "5205455", "GEOCOD": "LOC0328", "NM_MUN": "Cezarina", "RG_PLAN": "Sul Goiano", "ID_LOCAL": 282, "NOME_ACEN": "Linda Vista", "POPULACAO": 429}}, {"type": "Feature", "geometry": {"crs": {"type": "name", "properties": {"name": "EPSG:4674"}}, "type": "MultiPoint", "coordinates": [[-49.117941, -13.317473]]}, "properties": {"CD_MUN": "5218003", "GEOCOD": "LOC0329", "NM_MUN": "Porangatu", "RG_PLAN": "Norte Goiano", "ID_LOCAL": 500, "NOME_ACEN": "Linda Vista", "POPULACAO": 337}}, {"type": "Feature", "geometry": {"crs": {"type": "name", "properties": {"name": "EPSG:4674"}}, "type": "MultiPoint", "coordinates": [[-50.527163, -15.540039]]}, "properties": {"CD_MUN": "5212956", "GEOCOD": "LOC0330", "NM_MUN": "Matrinchã", "RG_PLAN": "Noroeste Goiano", "ID_LOCAL": 407, "NOME_ACEN": "Lua Nova", "POPULACAO": 581}}, {"type": "Feature", "geometry": {"crs": {"type": "name", "properties": {"name": "EPSG:4674"}}, "type": "MultiPoint", "coordinates": [[-51.26921, -16.044069]]}, "properties": {"CD_MUN": "5213707", "GEOCOD": "LOC0331", "NM_MUN": "Montes Claros de Goiás", "RG_PLAN": "Oeste Goiano", "ID_LOCAL": 294, "NOME_ACEN": "Lucilândia", "POPULACAO": 170}}, {"type": "Feature", "geometry": {"crs": {"type": "name", "properties": {"name": "EPSG:4674"}}, "type": "MultiPoint", "coordinates": [[-50.576724, -13.2163]]}, "properties": {"CD_MUN": "5220207", "GEOCOD": "LOC0332", "NM_MUN": "São Miguel do Araguaia", "RG_PLAN": "Norte Goiano", "ID_LOCAL": 506, "NOME_ACEN": "Luís Alves", "POPULACAO": 841}}, {"type": "Feature", "geometry": {"crs": {"type": "name", "properties": {"name": "EPSG:4674"}}, "type": "MultiPoint", "coordinates": [[-49.583555, -14.578244]]}, "properties": {"CD_MUN": "5219704", "GEOCOD": "LOC0333", "NM_MUN": "Santa Terezinha de Goiás", "RG_PLAN": "Norte Goiano", "ID_LOCAL": 434, "NOME_ACEN": "Luzelândia", "POPULACAO": 271}}, {"type": "Feature", "geometry": {"crs": {"type": "name", "properties": {"name": "EPSG:4674"}}, "type": "MultiPoint", "coordinates": [[-47.90607, -16.244749]]}, "properties": {"CD_MUN": "5212501", "GEOCOD": "LOC0334", "NM_MUN": "Luziânia", "RG_PLAN": "Entorno Distrito Federal", "ID_LOCAL": 137, "NOME_ACEN": "Luziânia", "POPULACAO": 196046}}, {"type": "Feature", "geometry": {"crs": {"type": "name", "properties": {"name": "EPSG:4674"}}, "type": "MultiPoint", "coordinates": [[-49.492223, -17.297086]]}, "properties": {"CD_MUN": "5212600", "GEOCOD": "LOC0335", "NM_MUN": "Mairipotaba", "RG_PLAN": "Sul Goiano", "ID_LOCAL": 138, "NOME_ACEN": "Mairipotaba", "POPULACAO": 1623}}, {"type": "Feature", "geometry": {"crs": {"type": "name", "properties": {"name": "EPSG:4674"}}, "type": "MultiPoint", "coordinates": [[-49.084626, -15.600883]]}, "properties": {"CD_MUN": "5217302", "GEOCOD": "LOC0336", "NM_MUN": "Pirenópolis", "RG_PLAN": "Entorno Distrito Federal", "ID_LOCAL": 379, "NOME_ACEN": "Malhador", "POPULACAO": 224}}, {"type": "Feature", "geometry": {"crs": {"type": "name", "properties": {"name": "EPSG:4674"}}, "type": "MultiPoint", "coordinates": [[-46.11171, -14.493551]]}, "properties": {"CD_MUN": "5212709", "GEOCOD": "LOC0337", "NM_MUN": "Mambaí", "RG_PLAN": "Nordeste Goiano", "ID_LOCAL": 139, "NOME_ACEN": "Mambaí", "POPULACAO": 4175}}, {"type": "Feature", "geometry": {"crs": {"type": "name", "properties": {"name": "EPSG:4674"}}, "type": "MultiPoint", "coordinates": [[-49.754127, -14.539951]]}, "properties": {"CD_MUN": "5209457", "GEOCOD": "LOC0338", "NM_MUN": "Guarinos", "RG_PLAN": "Centro Goiano", "ID_LOCAL": 433, "NOME_ACEN": "Mandinópolis", "POPULACAO": 256}}, {"type": "Feature", "geometry": {"crs": {"type": "name", "properties": {"name": "EPSG:4674"}}, "type": "MultiPoint", "coordinates": [[-46.655514, -13.291268]]}, "properties": {"CD_MUN": "5208301", "GEOCOD": "LOC0339", "NM_MUN": "Divinópolis de Goiás", "RG_PLAN": "Nordeste Goiano", "ID_LOCAL": 575, "NOME_ACEN": "Mangabeira", "POPULACAO": 0}}, {"type": "Feature", "geometry": {"crs": {"type": "name", "properties": {"name": "EPSG:4674"}}, "type": "MultiPoint", "coordinates": [[-48.029299, -16.816007]]}, "properties": {"CD_MUN": "5212501", "GEOCOD": "LOC0340", "NM_MUN": "Luziânia", "RG_PLAN": "Entorno Distrito Federal", "ID_LOCAL": 344, "NOME_ACEN": "Maniratuba", "POPULACAO": 0}}, {"type": "Feature", "geometry": {"crs": {"type": "name", "properties": {"name": "EPSG:4674"}}, "type": "MultiPoint", "coordinates": [[-49.178492, -14.017097]]}, "properties": {"CD_MUN": "5212808", "GEOCOD": "LOC0341", "NM_MUN": "Mara Rosa", "RG_PLAN": "Norte Goiano", "ID_LOCAL": 140, "NOME_ACEN": "Mara Rosa", "POPULACAO": 7709}}, {"type": "Feature", "geometry": {"crs": {"type": "name", "properties": {"name": "EPSG:4674"}}, "type": "MultiPoint", "coordinates": [[-48.90891, -17.72378]]}, "properties": {"CD_MUN": "5213806", "GEOCOD": "LOC0342", "NM_MUN": "Morrinhos", "RG_PLAN": "Sul Goiano", "ID_LOCAL": 576, "NOME_ACEN": "Marcelândia", "POPULACAO": 0}}, {"type": "Feature", "geometry": {"crs": {"type": "name", "properties": {"name": "EPSG:4674"}}, "type": "MultiPoint", "coordinates": [[-50.009594, -17.96414]]}, "properties": {"CD_MUN": "5209101", "GEOCOD": "LOC0343", "NM_MUN": "Goiatuba", "RG_PLAN": "Sul Goiano", "ID_LOCAL": 287, "NOME_ACEN": "Marcianópolis", "POPULACAO": 811}}, {"type": "Feature", "geometry": {"crs": {"type": "name", "properties": {"name": "EPSG:4674"}}, "type": "MultiPoint", "coordinates": [[-51.19771, -15.94059]]}, "properties": {"CD_MUN": "5212204", "GEOCOD": "LOC0344", "NM_MUN": "Jussara", "RG_PLAN": "Oeste Goiano", "ID_LOCAL": 421, "NOME_ACEN": "Marechal Rondon", "POPULACAO": 0}}, {"type": "Feature", "geometry": {"crs": {"type": "name", "properties": {"name": "EPSG:4674"}}, "type": "MultiPoint", "coordinates": [[-49.065147, -16.464643]]}, "properties": {"CD_MUN": "5208400", "GEOCOD": "LOC0345", "NM_MUN": "Goianápolis", "RG_PLAN": "Metropolitana de Goiânia", "ID_LOCAL": 324, "NOME_ACEN": "Marinápolis", "POPULACAO": 290}}, {"type": "Feature", "geometry": {"crs": {"type": "name", "properties": {"name": "EPSG:4674"}}, "type": "MultiPoint", "coordinates": [[-49.837877, -14.070335]]}, "properties": {"CD_MUN": "5219704", "GEOCOD": "LOC0346", "NM_MUN": "Santa Terezinha de Goiás", "RG_PLAN": "Norte Goiano", "ID_LOCAL": 429, "NOME_ACEN": "Martinópolis", "POPULACAO": 0}}, {"type": "Feature", "geometry": {"crs": {"type": "name", "properties": {"name": "EPSG:4674"}}, "type": "MultiPoint", "coordinates": [[-48.637493, -17.978662]]}, "properties": {"CD_MUN": "5212907", "GEOCOD": "LOC0347", "NM_MUN": "Marzagão", "RG_PLAN": "Sul Goiano", "ID_LOCAL": 141, "NOME_ACEN": "Marzagão", "POPULACAO": 1781}}, {"type": "Feature", "geometry": {"crs": {"type": "name", "properties": {"name": "EPSG:4674"}}, "type": "MultiPoint", "coordinates": [[-48.607456, -13.113646]]}, "properties": {"CD_MUN": "5213772", "GEOCOD": "LOC0348", "NM_MUN": "Montividiu do Norte", "RG_PLAN": "Norte Goiano", "ID_LOCAL": 493, "NOME_ACEN": "Mata Azul", "POPULACAO": 318}}, {"type": "Feature", "geometry": {"crs": {"type": "name", "properties": {"name": "EPSG:4674"}}, "type": "MultiPoint", "coordinates": [[-48.905318, -16.804909]]}, "properties": {"CD_MUN": "5203302", "GEOCOD": "LOC0349", "NM_MUN": "Bela Vista de Goiás", "RG_PLAN": "Metropolitana de Goiânia", "ID_LOCAL": 549, "NOME_ACEN": "Mata Feia", "POPULACAO": 0}}, {"type": "Feature", "geometry": {"crs": {"type": "name", "properties": {"name": "EPSG:4674"}}, "type": "MultiPoint", "coordinates": [[-47.593295, -14.931562]]}, "properties": {"CD_MUN": "5200175", "GEOCOD": "LOC0350", "NM_MUN": "Água Fria de Goiás", "RG_PLAN": "Entorno Distrito Federal", "ID_LOCAL": 459, "NOME_ACEN": "Matinha", "POPULACAO": 287}}, {"type": "Feature", "geometry": {"crs": {"type": "name", "properties": {"name": "EPSG:4674"}}, "type": "MultiPoint", "coordinates": [[-48.023339, -14.973685]]}, "properties": {"CD_MUN": "5200175", "GEOCOD": "LOC0351", "NM_MUN": "Água Fria de Goiás", "RG_PLAN": "Entorno Distrito Federal", "ID_LOCAL": 453, "NOME_ACEN": "Mato Seco", "POPULACAO": 0}}, {"type": "Feature", "geometry": {"crs": {"type": "name", "properties": {"name": "EPSG:4674"}}, "type": "MultiPoint", "coordinates": [[-50.745321, -15.438033]]}, "properties": {"CD_MUN": "5212956", "GEOCOD": "LOC0352", "NM_MUN": "Matrinchã", "RG_PLAN": "Noroeste Goiano", "ID_LOCAL": 142, "NOME_ACEN": "Matrinchã", "POPULACAO": 2412}}, {"type": "Feature", "geometry": {"crs": {"type": "name", "properties": {"name": "EPSG:4674"}}, "type": "MultiPoint", "coordinates": [[-50.338172, -17.972479]]}, "properties": {"CD_MUN": "5213004", "GEOCOD": "LOC0353", "NM_MUN": "Maurilândia", "RG_PLAN": "Sudoeste Goiano", "ID_LOCAL": 143, "NOME_ACEN": "Maurilândia", "POPULACAO": 10309}}, {"type": "Feature", "geometry": {"crs": {"type": "name", "properties": {"name": "EPSG:4674"}}, "type": "MultiPoint", "coordinates": [[-50.69277, -16.488244]]}, "properties": {"CD_MUN": "5213400", "GEOCOD": "LOC0354", "NM_MUN": "Moiporá", "RG_PLAN": "Oeste Goiano", "ID_LOCAL": 308, "NOME_ACEN": "Messianópolis", "POPULACAO": 322}}, {"type": "Feature", "geometry": {"crs": {"type": "name", "properties": {"name": "EPSG:4674"}}, "type": "MultiPoint", "coordinates": [[-48.161407, -15.058697]]}, "properties": {"CD_MUN": "5213053", "GEOCOD": "LOC0355", "NM_MUN": "Mimoso de Goiás", "RG_PLAN": "Entorno Distrito Federal", "ID_LOCAL": 144, "NOME_ACEN": "Mimoso de Goiás", "POPULACAO": 1249}}, {"type": "Feature", "geometry": {"crs": {"type": "name", "properties": {"name": "EPSG:4674"}}, "type": "MultiPoint", "coordinates": [[-48.214546, -13.530616]]}, "properties": {"CD_MUN": "5213087", "GEOCOD": "LOC0356", "NM_MUN": "Minaçu", "RG_PLAN": "Norte Goiano", "ID_LOCAL": 145, "NOME_ACEN": "Minaçu", "POPULACAO": 26202}}, {"type": "Feature", "geometry": {"crs": {"type": "name", "properties": {"name": "EPSG:4674"}}, "type": "MultiPoint", "coordinates": [[-52.548368, -17.562583]]}, "properties": {"CD_MUN": "5213103", "GEOCOD": "LOC0357", "NM_MUN": "Mineiros", "RG_PLAN": "Sudoeste Goiano", "ID_LOCAL": 146, "NOME_ACEN": "Mineiros", "POPULACAO": 40683}}, {"type": "Feature", "geometry": {"crs": {"type": "name", "properties": {"name": "EPSG:4674"}}, "type": "MultiPoint", "coordinates": [[-46.404795, -14.108847]]}, "properties": {"CD_MUN": "5218300", "GEOCOD": "LOC0358", "NM_MUN": "Posse", "RG_PLAN": "Nordeste Goiano", "ID_LOCAL": 587, "NOME_ACEN": "Miradouro", "POPULACAO": 0}}, {"type": "Feature", "geometry": {"crs": {"type": "name", "properties": {"name": "EPSG:4674"}}, "type": "MultiPoint", "coordinates": [[-50.123513, -16.094089]]}, "properties": {"CD_MUN": "5213905", "GEOCOD": "LOC0359", "NM_MUN": "Mossâmedes", "RG_PLAN": "Oeste Goiano", "ID_LOCAL": 298, "NOME_ACEN": "Mirandópolis", "POPULACAO": 248}}, {"type": "Feature", "geometry": {"crs": {"type": "name", "properties": {"name": "EPSG:4674"}}, "type": "MultiPoint", "coordinates": [[-49.021233, -16.260692]]}, "properties": {"CD_MUN": "5201108", "GEOCOD": "LOC0360", "NM_MUN": "Anápolis", "RG_PLAN": "Centro Goiano", "ID_LOCAL": 333, "NOME_ACEN": "Miranópolis", "POPULACAO": 0}}, {"type": "Feature", "geometry": {"crs": {"type": "name", "properties": {"name": "EPSG:4674"}}, "type": "MultiPoint", "coordinates": [[-49.16068, -15.699308]]}, "properties": {"CD_MUN": "5211800", "GEOCOD": "LOC0361", "NM_MUN": "Jaraguá", "RG_PLAN": "Centro Goiano", "ID_LOCAL": 380, "NOME_ACEN": "Mirilândia", "POPULACAO": 218}}, {"type": "Feature", "geometry": {"crs": {"type": "name", "properties": {"name": "EPSG:4674"}}, "type": "MultiPoint", "coordinates": [[-48.677754, -16.396878]]}, "properties": {"CD_MUN": "5208152", "GEOCOD": "LOC0362", "NM_MUN": "Gameleira de Goiás", "RG_PLAN": "Sudeste Goiano", "ID_LOCAL": 337, "NOME_ACEN": "Mocambinho", "POPULACAO": 281}}, {"type": "Feature", "geometry": {"crs": {"type": "name", "properties": {"name": "EPSG:4674"}}, "type": "MultiPoint", "coordinates": [[-47.467215, -14.070538]]}, "properties": {"CD_MUN": "5200605", "GEOCOD": "LOC0363", "NM_MUN": "Alto Paraíso de Goiás", "RG_PLAN": "Nordeste Goiano", "ID_LOCAL": 456, "NOME_ACEN": "Moinho", "POPULACAO": 148}}, {"type": "Feature", "geometry": {"crs": {"type": "name", "properties": {"name": "EPSG:4674"}}, "type": "MultiPoint", "coordinates": [[-50.733437, -16.543844]]}, "properties": {"CD_MUN": "5213400", "GEOCOD": "LOC0364", "NM_MUN": "Moiporá", "RG_PLAN": "Oeste Goiano", "ID_LOCAL": 147, "NOME_ACEN": "Moiporá", "POPULACAO": 919}}, {"type": "Feature", "geometry": {"crs": {"type": "name", "properties": {"name": "EPSG:4674"}}, "type": "MultiPoint", "coordinates": [[-46.893468, -13.25727]]}, "properties": {"CD_MUN": "5213509", "GEOCOD": "LOC0365", "NM_MUN": "Monte Alegre de Goiás", "RG_PLAN": "Nordeste Goiano", "ID_LOCAL": 148, "NOME_ACEN": "Monte Alegre de Goiás", "POPULACAO": 3121}}, {"type": "Feature", "geometry": {"crs": {"type": "name", "properties": {"name": "EPSG:4674"}}, "type": "MultiPoint", "coordinates": [[-48.257639, -15.58616]]}, "properties": {"CD_MUN": "5215603", "GEOCOD": "LOC0366", "NM_MUN": "Padre Bernardo", "RG_PLAN": "Entorno Distrito Federal", "ID_LOCAL": 642, "NOME_ACEN": "Monte Alto", "POPULACAO": 0}}, {"type": "Feature", "geometry": {"crs": {"type": "name", "properties": {"name": "EPSG:4674"}}, "type": "MultiPoint", "coordinates": [[-49.480548, -15.541866]]}, "properties": {"CD_MUN": "5211800", "GEOCOD": "LOC0367", "NM_MUN": "Jaraguá", "RG_PLAN": "Centro Goiano", "ID_LOCAL": 398, "NOME_ACEN": "Monte Castelo", "POPULACAO": 0}}, {"type": "Feature", "geometry": {"crs": {"type": "name", "properties": {"name": "EPSG:4674"}}, "type": "MultiPoint", "coordinates": [[-51.399057, -16.0064]]}, "properties": {"CD_MUN": "5213707", "GEOCOD": "LOC0368", "NM_MUN": "Montes Claros de Goiás", "RG_PLAN": "Oeste Goiano", "ID_LOCAL": 149, "NOME_ACEN": "Montes Claros de Goiás", "POPULACAO": 4184}}, {"type": "Feature", "geometry": {"crs": {"type": "name", "properties": {"name": "EPSG:4674"}}, "type": "MultiPoint", "coordinates": [[-51.171061, -17.444612]]}, "properties": {"CD_MUN": "5213756", "GEOCOD": "LOC0369", "NM_MUN": "Montividiu", "RG_PLAN": "Sudoeste Goiano", "ID_LOCAL": 150, "NOME_ACEN": "Montividiu", "POPULACAO": 7342}}, {"type": "Feature", "geometry": {"crs": {"type": "name", "properties": {"name": "EPSG:4674"}}, "type": "MultiPoint", "coordinates": [[-48.687765, -13.350292]]}, "properties": {"CD_MUN": "5213772", "GEOCOD": "LOC0370", "NM_MUN": "Montividiu do Norte", "RG_PLAN": "Norte Goiano", "ID_LOCAL": 151, "NOME_ACEN": "Montividiu do Norte", "POPULACAO": 1282}}, {"type": "Feature", "geometry": {"crs": {"type": "name", "properties": {"name": "EPSG:4674"}}, "type": "MultiPoint", "coordinates": [[-49.111416, -17.736089]]}, "properties": {"CD_MUN": "5213806", "GEOCOD": "LOC0371", "NM_MUN": "Morrinhos", "RG_PLAN": "Sul Goiano", "ID_LOCAL": 152, "NOME_ACEN": "Morrinhos", "POPULACAO": 33251}}, {"type": "Feature", "geometry": {"crs": {"type": "name", "properties": {"name": "EPSG:4674"}}, "type": "MultiPoint", "coordinates": [[-50.058326, -15.316903]]}, "properties": {"CD_MUN": "5213855", "GEOCOD": "LOC0372", "NM_MUN": "Morro Agudo de Goiás", "RG_PLAN": "Centro Goiano", "ID_LOCAL": 153, "NOME_ACEN": "Morro Agudo de Goiás", "POPULACAO": 1567}}, {"type": "Feature", "geometry": {"crs": {"type": "name", "properties": {"name": "EPSG:4674"}}, "type": "MultiPoint", "coordinates": [[-50.367813, -16.174876]]}, "properties": {"CD_MUN": "5219001", "GEOCOD": "LOC0373", "NM_MUN": "Sanclerlândia", "RG_PLAN": "Oeste Goiano", "ID_LOCAL": 626, "NOME_ACEN": "Morro Alto", "POPULACAO": 0}}, {"type": "Feature", "geometry": {"crs": {"type": "name", "properties": {"name": "EPSG:4674"}}, "type": "MultiPoint", "coordinates": [[-48.977398, -15.191074]]}, "properties": {"CD_MUN": "5208608", "GEOCOD": "LOC0374", "NM_MUN": "Goianésia", "RG_PLAN": "Centro Goiano", "ID_LOCAL": 359, "NOME_ACEN": "Morro Branco", "POPULACAO": 0}}, {"type": "Feature", "geometry": {"crs": {"type": "name", "properties": {"name": "EPSG:4674"}}, "type": "MultiPoint", "coordinates": [[-48.943644, -13.906996]]}, "properties": {"CD_MUN": "5208103", "GEOCOD": "LOC0375", "NM_MUN": "Formoso", "RG_PLAN": "Norte Goiano", "ID_LOCAL": 606, "NOME_ACEN": "Morro do Campo", "POPULACAO": 0}}, {"type": "Feature", "geometry": {"crs": {"type": "name", "properties": {"name": "EPSG:4674"}}, "type": "MultiPoint", "coordinates": [[-47.803313, -18.111619]]}, "properties": {"CD_MUN": "5205109", "GEOCOD": "LOC0376", "NM_MUN": "Catalão", "RG_PLAN": "Sudeste Goiano", "ID_LOCAL": 646, "NOME_ACEN": "Mosaic Fertilizantes", "POPULACAO": 1}}, {"type": "Feature", "geometry": {"crs": {"type": "name", "properties": {"name": "EPSG:4674"}}, "type": "MultiPoint", "coordinates": [[-50.213921, -16.124795]]}, "properties": {"CD_MUN": "5213905", "GEOCOD": "LOC0377", "NM_MUN": "Mossâmedes", "RG_PLAN": "Oeste Goiano", "ID_LOCAL": 154, "NOME_ACEN": "Mossâmedes", "POPULACAO": 3224}}, {"type": "Feature", "geometry": {"crs": {"type": "name", "properties": {"name": "EPSG:4674"}}, "type": "MultiPoint", "coordinates": [[-50.570982, -14.747329]]}, "properties": {"CD_MUN": "5214002", "GEOCOD": "LOC0378", "NM_MUN": "Mozarlândia", "RG_PLAN": "Norte Goiano", "ID_LOCAL": 155, "NOME_ACEN": "Mozarlândia", "POPULACAO": 10832}}, {"type": "Feature", "geometry": {"crs": {"type": "name", "properties": {"name": "EPSG:4674"}}, "type": "MultiPoint", "coordinates": [[-50.27873, -13.77366]]}, "properties": {"CD_MUN": "5214051", "GEOCOD": "LOC0379", "NM_MUN": "Mundo Novo", "RG_PLAN": "Norte Goiano", "ID_LOCAL": 156, "NOME_ACEN": "Mundo Novo", "POPULACAO": 3974}}, {"type": "Feature", "geometry": {"crs": {"type": "name", "properties": {"name": "EPSG:4674"}}, "type": "MultiPoint", "coordinates": [[-48.896329, -16.41454]]}, "properties": {"CD_MUN": "5201108", "GEOCOD": "LOC0380", "NM_MUN": "Anápolis", "RG_PLAN": "Centro Goiano", "ID_LOCAL": 536, "NOME_ACEN": "Munir Calixto", "POPULACAO": 0}}, {"type": "Feature", "geometry": {"crs": {"type": "name", "properties": {"name": "EPSG:4674"}}, "type": "MultiPoint", "coordinates": [[-49.274245, -13.730913]]}, "properties": {"CD_MUN": "5214101", "GEOCOD": "LOC0381", "NM_MUN": "Mutunópolis", "RG_PLAN": "Norte Goiano", "ID_LOCAL": 157, "NOME_ACEN": "Mutunópolis", "POPULACAO": 2682}}, {"type": "Feature", "geometry": {"crs": {"type": "name", "properties": {"name": "EPSG:4674"}}, "type": "MultiPoint", "coordinates": [[-49.323796, -15.226824]]}, "properties": {"CD_MUN": "5219357", "GEOCOD": "LOC0382", "NM_MUN": "Santa Isabel", "RG_PLAN": "Centro Goiano", "ID_LOCAL": 376, "NOME_ACEN": "Natinópolis", "POPULACAO": 192}}, {"type": "Feature", "geometry": {"crs": {"type": "name", "properties": {"name": "EPSG:4674"}}, "type": "MultiPoint", "coordinates": [[-51.497511, -18.093959]]}, "properties": {"CD_MUN": "5211909", "GEOCOD": "LOC0383", "NM_MUN": "Jataí", "RG_PLAN": "Sudoeste Goiano", "ID_LOCAL": 252, "NOME_ACEN": "Naveslândia", "POPULACAO": 318}}, {"type": "Feature", "geometry": {"crs": {"type": "name", "properties": {"name": "EPSG:4674"}}, "type": "MultiPoint", "coordinates": [[-49.882975, -16.584719]]}, "properties": {"CD_MUN": "5214408", "GEOCOD": "LOC0384", "NM_MUN": "Nazário", "RG_PLAN": "Oeste Goiano", "ID_LOCAL": 158, "NOME_ACEN": "Nazário", "POPULACAO": 5885}}, {"type": "Feature", "geometry": {"crs": {"type": "name", "properties": {"name": "EPSG:4674"}}, "type": "MultiPoint", "coordinates": [[-49.21976, -16.405717]]}, "properties": {"CD_MUN": "5214507", "GEOCOD": "LOC0385", "NM_MUN": "Nerópolis", "RG_PLAN": "Metropolitana de Goiânia", "ID_LOCAL": 159, "NOME_ACEN": "Nerópolis", "POPULACAO": 18220}}, {"type": "Feature", "geometry": {"crs": {"type": "name", "properties": {"name": "EPSG:4674"}}, "type": "MultiPoint", "coordinates": [[-48.464297, -14.463783]]}, "properties": {"CD_MUN": "5214606", "GEOCOD": "LOC0386", "NM_MUN": "Niquelândia", "RG_PLAN": "Norte Goiano", "ID_LOCAL": 160, "NOME_ACEN": "Niquelândia", "POPULACAO": 28166}}, {"type": "Feature", "geometry": {"crs": {"type": "name", "properties": {"name": "EPSG:4674"}}, "type": "MultiPoint", "coordinates": [[-49.378261, -14.953892]]}, "properties": {"CD_MUN": "5220157", "GEOCOD": "LOC0387", "NM_MUN": "São Luiz do Norte", "RG_PLAN": "Centro Goiano", "ID_LOCAL": 580, "NOME_ACEN": "Nortelândia", "POPULACAO": 0}}, {"type": "Feature", "geometry": {"crs": {"type": "name", "properties": {"name": "EPSG:4674"}}, "type": "MultiPoint", "coordinates": [[-48.1698, -14.552349]]}, "properties": {"CD_MUN": "5214606", "GEOCOD": "LOC0388", "NM_MUN": "Niquelândia", "RG_PLAN": "Norte Goiano", "ID_LOCAL": 450, "NOME_ACEN": "Nossa Senhora da Abadia do Muquem", "POPULACAO": 0}}, {"type": "Feature", "geometry": {"crs": {"type": "name", "properties": {"name": "EPSG:4674"}}, "type": "MultiPoint", "coordinates": [[-49.896869, -15.020183]]}, "properties": {"CD_MUN": "5214705", "GEOCOD": "LOC0389", "NM_MUN": "Nova América", "RG_PLAN": "Centro Goiano", "ID_LOCAL": 161, "NOME_ACEN": "Nova América", "POPULACAO": 1532}}, {"type": "Feature", "geometry": {"crs": {"type": "name", "properties": {"name": "EPSG:4674"}}, "type": "MultiPoint", "coordinates": [[-48.252527, -18.057404]]}, "properties": {"CD_MUN": "5214804", "GEOCOD": "LOC0390", "NM_MUN": "Nova Aurora", "RG_PLAN": "Sudeste Goiano", "ID_LOCAL": 162, "NOME_ACEN": "Nova Aurora", "POPULACAO": 1754}}, {"type": "Feature", "geometry": {"crs": {"type": "name", "properties": {"name": "EPSG:4674"}}, "type": "MultiPoint", "coordinates": [[-50.337203, -14.095561]]}, "properties": {"CD_MUN": "5214838", "GEOCOD": "LOC0391", "NM_MUN": "Nova Crixás", "RG_PLAN": "Norte Goiano", "ID_LOCAL": 163, "NOME_ACEN": "Nova Crixás", "POPULACAO": 7153}}, {"type": "Feature", "geometry": {"crs": {"type": "name", "properties": {"name": "EPSG:4674"}}, "type": "MultiPoint", "coordinates": [[-49.328496, -16.909003]]}, "properties": {"CD_MUN": "5209705", "GEOCOD": "LOC0392", "NM_MUN": "Hidrolândia", "RG_PLAN": "Metropolitana de Goiânia", "ID_LOCAL": 330, "NOME_ACEN": "Nova Fátima", "POPULACAO": 545}}, {"type": "Feature", "geometry": {"crs": {"type": "name", "properties": {"name": "EPSG:4674"}}, "type": "MultiPoint", "coordinates": [[-49.575039, -15.148982]]}, "properties": {"CD_MUN": "5214861", "GEOCOD": "LOC0393", "NM_MUN": "Nova Glória", "RG_PLAN": "Centro Goiano", "ID_LOCAL": 164, "NOME_ACEN": "Nova Glória", "POPULACAO": 5482}}, {"type": "Feature", "geometry": {"crs": {"type": "name", "properties": {"name": "EPSG:4674"}}, "type": "MultiPoint", "coordinates": [[-49.386295, -14.288395]]}, "properties": {"CD_MUN": "5214879", "GEOCOD": "LOC0394", "NM_MUN": "Nova Iguaçu de Goiás", "RG_PLAN": "Norte Goiano", "ID_LOCAL": 165, "NOME_ACEN": "Nova Iguaçu de Goiás", "POPULACAO": 1763}}, {"type": "Feature", "geometry": {"crs": {"type": "name", "properties": {"name": "EPSG:4674"}}, "type": "MultiPoint", "coordinates": [[-49.122318, -14.161724]]}, "properties": {"CD_MUN": "5204706", "GEOCOD": "LOC0395", "NM_MUN": "Campinorte", "RG_PLAN": "Norte Goiano", "ID_LOCAL": 438, "NOME_ACEN": "Nova Jerusalém", "POPULACAO": 0}}, {"type": "Feature", "geometry": {"crs": {"type": "name", "properties": {"name": "EPSG:4674"}}, "type": "MultiPoint", "coordinates": [[-50.894126, -15.876009]]}, "properties": {"CD_MUN": "5212204", "GEOCOD": "LOC0396", "NM_MUN": "Jussara", "RG_PLAN": "Oeste Goiano", "ID_LOCAL": 634, "NOME_ACEN": "Nova Jussara", "POPULACAO": 950}}, {"type": "Feature", "geometry": {"crs": {"type": "name", "properties": {"name": "EPSG:4674"}}, "type": "MultiPoint", "coordinates": [[-46.881132, -13.741354]]}, "properties": {"CD_MUN": "5214903", "GEOCOD": "LOC0397", "NM_MUN": "Nova Roma", "RG_PLAN": "Nordeste Goiano", "ID_LOCAL": 166, "NOME_ACEN": "Nova Roma", "POPULACAO": 1484}}, {"type": "Feature", "geometry": {"crs": {"type": "name", "properties": {"name": "EPSG:4674"}}, "type": "MultiPoint", "coordinates": [[-51.070022, -15.890061]]}, "properties": {"CD_MUN": "5212204", "GEOCOD": "LOC0398", "NM_MUN": "Jussara", "RG_PLAN": "Oeste Goiano", "ID_LOCAL": 424, "NOME_ACEN": "Nova Trindade", "POPULACAO": 0}}, {"type": "Feature", "geometry": {"crs": {"type": "name", "properties": {"name": "EPSG:4674"}}, "type": "MultiPoint", "coordinates": [[-49.315963, -16.371359]]}, "properties": {"CD_MUN": "5215009", "GEOCOD": "LOC0399", "NM_MUN": "Nova Veneza", "RG_PLAN": "Metropolitana de Goiânia", "ID_LOCAL": 167, "NOME_ACEN": "Nova Veneza", "POPULACAO": 5875}}, {"type": "Feature", "geometry": {"crs": {"type": "name", "properties": {"name": "EPSG:4674"}}, "type": "MultiPoint", "coordinates": [[-50.712325, -16.034698]]}, "properties": {"CD_MUN": "5215207", "GEOCOD": "LOC0400", "NM_MUN": "Novo Brasil", "RG_PLAN": "Oeste Goiano", "ID_LOCAL": 168, "NOME_ACEN": "Novo Brasil", "POPULACAO": 2208}}, {"type": "Feature", "geometry": {"crs": {"type": "name", "properties": {"name": "EPSG:4674"}}, "type": "MultiPoint", "coordinates": [[-48.06463, -16.080897]]}, "properties": {"CD_MUN": "5215231", "GEOCOD": "LOC0401", "NM_MUN": "Novo Gama", "RG_PLAN": "Entorno Distrito Federal", "ID_LOCAL": 8, "NOME_ACEN": "Novo Gama", "POPULACAO": 81406}}, {"type": "Feature", "geometry": {"crs": {"type": "name", "properties": {"name": "EPSG:4674"}}, "type": "MultiPoint", "coordinates": [[-50.594487, -16.161376]]}, "properties": {"CD_MUN": "5215207", "GEOCOD": "LOC0402", "NM_MUN": "Novo Brasil", "RG_PLAN": "Oeste Goiano", "ID_LOCAL": 313, "NOME_ACEN": "Novo Goiás", "POPULACAO": 265}}, {"type": "Feature", "geometry": {"crs": {"type": "name", "properties": {"name": "EPSG:4674"}}, "type": "MultiPoint", "coordinates": [[-48.167771, -14.015766]]}, "properties": {"CD_MUN": "5205521", "GEOCOD": "LOC0403", "NM_MUN": "Colinas do Sul", "RG_PLAN": "Nordeste Goiano", "ID_LOCAL": 447, "NOME_ACEN": "Novo Oriente", "POPULACAO": 0}}, {"type": "Feature", "geometry": {"crs": {"type": "name", "properties": {"name": "EPSG:4674"}}, "type": "MultiPoint", "coordinates": [[-49.504721, -13.24322]]}, "properties": {"CD_MUN": "5215256", "GEOCOD": "LOC0404", "NM_MUN": "Novo Planalto", "RG_PLAN": "Norte Goiano", "ID_LOCAL": 169, "NOME_ACEN": "Novo Planalto", "POPULACAO": 2520}}, {"type": "Feature", "geometry": {"crs": {"type": "name", "properties": {"name": "EPSG:4674"}}, "type": "MultiPoint", "coordinates": [[-50.301556, -16.677495]]}, "properties": {"CD_MUN": "5207808", "GEOCOD": "LOC0405", "NM_MUN": "Firminópolis", "RG_PLAN": "Oeste Goiano", "ID_LOCAL": 311, "NOME_ACEN": "Novo Planalto", "POPULACAO": 444}}, {"type": "Feature", "geometry": {"crs": {"type": "name", "properties": {"name": "EPSG:4674"}}, "type": "MultiPoint", "coordinates": [[-50.91791, -19.429002]]}, "properties": {"CD_MUN": "5210802", "GEOCOD": "LOC0406", "NM_MUN": "Itajá", "RG_PLAN": "Sudoeste Goiano", "ID_LOCAL": 247, "NOME_ACEN": "Olaria da Fumaça", "POPULACAO": 0}}, {"type": "Feature", "geometry": {"crs": {"type": "name", "properties": {"name": "EPSG:4674"}}, "type": "MultiPoint", "coordinates": [[-47.908225, -18.40446]]}, "properties": {"CD_MUN": "5205109", "GEOCOD": "LOC0407", "NM_MUN": "Catalão", "RG_PLAN": "Sudeste Goiano", "ID_LOCAL": 264, "NOME_ACEN": "Olho D'agua", "POPULACAO": 0}}, {"type": "Feature", "geometry": {"crs": {"type": "name", "properties": {"name": "EPSG:4674"}}, "type": "MultiPoint", "coordinates": [[-48.591952, -16.024767]]}, "properties": {"CD_MUN": "5200308", "GEOCOD": "LOC0408", "NM_MUN": "Alexânia", "RG_PLAN": "Entorno Distrito Federal", "ID_LOCAL": 338, "NOME_ACEN": "Olho D'agua", "POPULACAO": 0}}, {"type": "Feature", "geometry": {"crs": {"type": "name", "properties": {"name": "EPSG:4674"}}, "type": "MultiPoint", "coordinates": [[-49.408127, -17.115501]]}, "properties": {"CD_MUN": "5209705", "GEOCOD": "LOC0409", "NM_MUN": "Hidrolândia", "RG_PLAN": "Metropolitana de Goiânia", "ID_LOCAL": 285, "NOME_ACEN": "Oloana", "POPULACAO": 0}}, {"type": "Feature", "geometry": {"crs": {"type": "name", "properties": {"name": "EPSG:4674"}}, "type": "MultiPoint", "coordinates": [[-49.73627, -16.210307]]}, "properties": {"CD_MUN": "5211404", "GEOCOD": "LOC0410", "NM_MUN": "Itauçu", "RG_PLAN": "Noroeste Goiano", "ID_LOCAL": 315, "NOME_ACEN": "Ordalia", "POPULACAO": 538}}, {"type": "Feature", "geometry": {"crs": {"type": "name", "properties": {"name": "EPSG:4674"}}, "type": "MultiPoint", "coordinates": [[-49.495189, -15.065446]]}, "properties": {"CD_MUN": "5214861", "GEOCOD": "LOC0411", "NM_MUN": "Nova Glória", "RG_PLAN": "Centro Goiano", "ID_LOCAL": 371, "NOME_ACEN": "Oriente", "POPULACAO": 318}}, {"type": "Feature", "geometry": {"crs": {"type": "name", "properties": {"name": "EPSG:4674"}}, "type": "MultiPoint", "coordinates": [[-48.310362, -17.032413]]}, "properties": {"CD_MUN": "5215306", "GEOCOD": "LOC0412", "NM_MUN": "Orizona", "RG_PLAN": "Sudeste Goiano", "ID_LOCAL": 170, "NOME_ACEN": "Orizona", "POPULACAO": 7514}}, {"type": "Feature", "geometry": {"crs": {"type": "name", "properties": {"name": "EPSG:4674"}}, "type": "MultiPoint", "coordinates": [[-49.187406, -16.22312]]}, "properties": {"CD_MUN": "5215405", "GEOCOD": "LOC0413", "NM_MUN": "Ouro Verde de Goiás", "RG_PLAN": "Centro Goiano", "ID_LOCAL": 171, "NOME_ACEN": "Ouro Verde de Goiás", "POPULACAO": 2838}}, {"type": "Feature", "geometry": {"crs": {"type": "name", "properties": {"name": "EPSG:4674"}}, "type": "MultiPoint", "coordinates": [[-50.618809, -18.134253]]}, "properties": {"CD_MUN": "5218805", "GEOCOD": "LOC0414", "NM_MUN": "Rio Verde", "RG_PLAN": "Sudoeste Goiano", "ID_LOCAL": 253, "NOME_ACEN": "Ouroana", "POPULACAO": 711}}, {"type": "Feature", "geometry": {"crs": {"type": "name", "properties": {"name": "EPSG:4674"}}, "type": "MultiPoint", "coordinates": [[-47.062161, -13.610873]]}, "properties": {"CD_MUN": "5214903", "GEOCOD": "LOC0415", "NM_MUN": "Nova Roma", "RG_PLAN": "Nordeste Goiano", "ID_LOCAL": 484, "NOME_ACEN": "Ourominas", "POPULACAO": 0}}, {"type": "Feature", "geometry": {"crs": {"type": "name", "properties": {"name": "EPSG:4674"}}, "type": "MultiPoint", "coordinates": [[-47.838369, -18.233672]]}, "properties": {"CD_MUN": "5215504", "GEOCOD": "LOC0416", "NM_MUN": "Ouvidor", "RG_PLAN": "Sudeste Goiano", "ID_LOCAL": 172, "NOME_ACEN": "Ouvidor", "POPULACAO": 4111}}, {"type": "Feature", "geometry": {"crs": {"type": "name", "properties": {"name": "EPSG:4674"}}, "type": "MultiPoint", "coordinates": [[-47.092321, -13.39214]]}, "properties": {"CD_MUN": "5213509", "GEOCOD": "LOC0417", "NM_MUN": "Monte Alegre de Goiás", "RG_PLAN": "Nordeste Goiano", "ID_LOCAL": 571, "NOME_ACEN": "Pacifica", "POPULACAO": 0}}, {"type": "Feature", "geometry": {"crs": {"type": "name", "properties": {"name": "EPSG:4674"}}, "type": "MultiPoint", "coordinates": [[-48.284353, -15.170172]]}, "properties": {"CD_MUN": "5215603", "GEOCOD": "LOC0418", "NM_MUN": "Padre Bernardo", "RG_PLAN": "Entorno Distrito Federal", "ID_LOCAL": 173, "NOME_ACEN": "Padre Bernardo", "POPULACAO": 11059}}, {"type": "Feature", "geometry": {"crs": {"type": "name", "properties": {"name": "EPSG:4674"}}, "type": "MultiPoint", "coordinates": [[-49.509134, -15.929617]]}, "properties": {"CD_MUN": "5211800", "GEOCOD": "LOC0419", "NM_MUN": "Jaraguá", "RG_PLAN": "Centro Goiano", "ID_LOCAL": 383, "NOME_ACEN": "Palestina", "POPULACAO": 162}}, {"type": "Feature", "geometry": {"crs": {"type": "name", "properties": {"name": "EPSG:4674"}}, "type": "MultiPoint", "coordinates": [[-51.528209, -16.745611]]}, "properties": {"CD_MUN": "5215652", "GEOCOD": "LOC0420", "NM_MUN": "Palestina de Goiás", "RG_PLAN": "Oeste Goiano", "ID_LOCAL": 174, "NOME_ACEN": "Palestina de Goiás", "POPULACAO": 2039}}, {"type": "Feature", "geometry": {"crs": {"type": "name", "properties": {"name": "EPSG:4674"}}, "type": "MultiPoint", "coordinates": [[-49.775649, -17.700776]]}, "properties": {"CD_MUN": "5222054", "GEOCOD": "LOC0421", "NM_MUN": "Vicentinópolis", "RG_PLAN": "Sul Goiano", "ID_LOCAL": 277, "NOME_ACEN": "Palitozinho", "POPULACAO": 126}}, {"type": "Feature", "geometry": {"crs": {"type": "name", "properties": {"name": "EPSG:4674"}}, "type": "MultiPoint", "coordinates": [[-49.925675, -16.804928]]}, "properties": {"CD_MUN": "5215702", "GEOCOD": "LOC0422", "NM_MUN": "Palmeiras de Goiás", "RG_PLAN": "Oeste Goiano", "ID_LOCAL": 175, "NOME_ACEN": "Palmeiras de Goiás", "POPULACAO": 16763}}, {"type": "Feature", "geometry": {"crs": {"type": "name", "properties": {"name": "EPSG:4674"}}, "type": "MultiPoint", "coordinates": [[-48.559325, -14.039821]]}, "properties": {"CD_MUN": "5204656", "GEOCOD": "LOC0423", "NM_MUN": "Campinaçu", "RG_PLAN": "Norte Goiano", "ID_LOCAL": 446, "NOME_ACEN": "Palmeirinha", "POPULACAO": 0}}, {"type": "Feature", "geometry": {"crs": {"type": "name", "properties": {"name": "EPSG:4674"}}, "type": "MultiPoint", "coordinates": [[-48.426645, -17.32874]]}, "properties": {"CD_MUN": "5215801", "GEOCOD": "LOC0424", "NM_MUN": "Palmelo", "RG_PLAN": "Sudeste Goiano", "ID_LOCAL": 176, "NOME_ACEN": "Palmelo", "POPULACAO": 2088}}, {"type": "Feature", "geometry": {"crs": {"type": "name", "properties": {"name": "EPSG:4674"}}, "type": "MultiPoint", "coordinates": [[-50.255445, -16.952027]]}, "properties": {"CD_MUN": "5211701", "GEOCOD": "LOC0425", "NM_MUN": "Jandaia", "RG_PLAN": "Oeste Goiano", "ID_LOCAL": 309, "NOME_ACEN": "Palmeúna", "POPULACAO": 500}}, {"type": "Feature", "geometry": {"crs": {"type": "name", "properties": {"name": "EPSG:4674"}}, "type": "MultiPoint", "coordinates": [[-50.164223, -16.796285]]}, "properties": {"CD_MUN": "5215900", "GEOCOD": "LOC0426", "NM_MUN": "Palminópolis", "RG_PLAN": "Oeste Goiano", "ID_LOCAL": 177, "NOME_ACEN": "Palminópolis", "POPULACAO": 2421}}, {"type": "Feature", "geometry": {"crs": {"type": "name", "properties": {"name": "EPSG:4674"}}, "type": "MultiPoint", "coordinates": [[-49.350922, -18.176964]]}, "properties": {"CD_MUN": "5209101", "GEOCOD": "LOC0427", "NM_MUN": "Goiatuba", "RG_PLAN": "Sul Goiano", "ID_LOCAL": 178, "NOME_ACEN": "Panamá", "POPULACAO": 1995}}, {"type": "Feature", "geometry": {"crs": {"type": "name", "properties": {"name": "EPSG:4674"}}, "type": "MultiPoint", "coordinates": [[-46.535396, -14.383412]]}, "properties": {"CD_MUN": "5220686", "GEOCOD": "LOC0428", "NM_MUN": "Simolândia", "RG_PLAN": "Nordeste Goiano", "ID_LOCAL": 582, "NOME_ACEN": "Paraíso", "POPULACAO": 0}}, {"type": "Feature", "geometry": {"crs": {"type": "name", "properties": {"name": "EPSG:4674"}}, "type": "MultiPoint", "coordinates": [[-50.661144, -18.910993]]}, "properties": {"CD_MUN": "5216304", "GEOCOD": "LOC0429", "NM_MUN": "Paranaiguara", "RG_PLAN": "Sudoeste Goiano", "ID_LOCAL": 179, "NOME_ACEN": "Paranaiguara", "POPULACAO": 6991}}, {"type": "Feature", "geometry": {"crs": {"type": "name", "properties": {"name": "EPSG:4674"}}, "type": "MultiPoint", "coordinates": [[-50.446686, -16.950394]]}, "properties": {"CD_MUN": "5216403", "GEOCOD": "LOC0430", "NM_MUN": "Paraúna", "RG_PLAN": "Oeste Goiano", "ID_LOCAL": 180, "NOME_ACEN": "Paraúna", "POPULACAO": 7646}}, {"type": "Feature", "geometry": {"crs": {"type": "name", "properties": {"name": "EPSG:4674"}}, "type": "MultiPoint", "coordinates": [[-47.748673, -14.280442]]}, "properties": {"CD_MUN": "5200605", "GEOCOD": "LOC0431", "NM_MUN": "Alto Paraíso de Goiás", "RG_PLAN": "Nordeste Goiano", "ID_LOCAL": 650, "NOME_ACEN": "Parque Estadual Águas do Paraíso", "POPULACAO": 0}}, {"type": "Feature", "geometry": {"crs": {"type": "name", "properties": {"name": "EPSG:4674"}}, "type": "MultiPoint", "coordinates": [[-47.954215, -18.41391]]}, "properties": {"CD_MUN": "5205109", "GEOCOD": "LOC0432", "NM_MUN": "Catalão", "RG_PLAN": "Sudeste Goiano", "ID_LOCAL": 263, "NOME_ACEN": "Pedra Branca", "POPULACAO": 0}}, {"type": "Feature", "geometry": {"crs": {"type": "name", "properties": {"name": "EPSG:4674"}}, "type": "MultiPoint", "coordinates": [[-49.066214, -15.288817]]}, "properties": {"CD_MUN": "5208608", "GEOCOD": "LOC0433", "NM_MUN": "Goianésia", "RG_PLAN": "Centro Goiano", "ID_LOCAL": 377, "NOME_ACEN": "Pedra Preta", "POPULACAO": 0}}, {"type": "Feature", "geometry": {"crs": {"type": "name", "properties": {"name": "EPSG:4674"}}, "type": "MultiPoint", "coordinates": [[-50.951382, -16.511325]]}, "properties": {"CD_MUN": "5211602", "GEOCOD": "LOC0434", "NM_MUN": "Ivolândia", "RG_PLAN": "Oeste Goiano", "ID_LOCAL": 597, "NOME_ACEN": "Pedrolândia", "POPULACAO": 0}}, {"type": "Feature", "geometry": {"crs": {"type": "name", "properties": {"name": "EPSG:4674"}}, "type": "MultiPoint", "coordinates": [[-50.992182, -14.405315]]}, "properties": {"CD_MUN": "5202502", "GEOCOD": "LOC0435", "NM_MUN": "Aruanã", "RG_PLAN": "Noroeste Goiano", "ID_LOCAL": 426, "NOME_ACEN": "Peixe", "POPULACAO": 0}}, {"type": "Feature", "geometry": {"crs": {"type": "name", "properties": {"name": "EPSG:4674"}}, "type": "MultiPoint", "coordinates": [[-49.606991, -15.672384]]}, "properties": {"CD_MUN": "5221700", "GEOCOD": "LOC0436", "NM_MUN": "Uruana", "RG_PLAN": "Centro Goiano", "ID_LOCAL": 401, "NOME_ACEN": "Perilândia", "POPULACAO": 238}}, {"type": "Feature", "geometry": {"crs": {"type": "name", "properties": {"name": "EPSG:4674"}}, "type": "MultiPoint", "coordinates": [[-52.065004, -17.528888]]}, "properties": {"CD_MUN": "5216452", "GEOCOD": "LOC0437", "NM_MUN": "Perolândia", "RG_PLAN": "Sudoeste Goiano", "ID_LOCAL": 181, "NOME_ACEN": "Perolândia", "POPULACAO": 1778}}, {"type": "Feature", "geometry": {"crs": {"type": "name", "properties": {"name": "EPSG:4674"}}, "type": "MultiPoint", "coordinates": [[-49.334343, -16.10625]]}, "properties": {"CD_MUN": "5216809", "GEOCOD": "LOC0438", "NM_MUN": "Petrolina de Goiás", "RG_PLAN": "Centro Goiano", "ID_LOCAL": 182, "NOME_ACEN": "Petrolina de Goiás", "POPULACAO": 6506}}, {"type": "Feature", "geometry": {"crs": {"type": "name", "properties": {"name": "EPSG:4674"}}, "type": "MultiPoint", "coordinates": [[-49.578591, -14.765012]]}, "properties": {"CD_MUN": "5216908", "GEOCOD": "LOC0439", "NM_MUN": "Pilar de Goiás", "RG_PLAN": "Centro Goiano", "ID_LOCAL": 183, "NOME_ACEN": "Pilar de Goiás", "POPULACAO": 1121}}, {"type": "Feature", "geometry": {"crs": {"type": "name", "properties": {"name": "EPSG:4674"}}, "type": "MultiPoint", "coordinates": [[-50.770916, -16.367993]]}, "properties": {"CD_MUN": "5210307", "GEOCOD": "LOC0440", "NM_MUN": "Israelândia", "RG_PLAN": "Oeste Goiano", "ID_LOCAL": 305, "NOME_ACEN": "Piloândia", "POPULACAO": 144}}, {"type": "Feature", "geometry": {"crs": {"type": "name", "properties": {"name": "EPSG:4674"}}, "type": "MultiPoint", "coordinates": [[-49.019304, -17.305262]]}, "properties": {"CD_MUN": "5217104", "GEOCOD": "LOC0441", "NM_MUN": "Piracanjuba", "RG_PLAN": "Sul Goiano", "ID_LOCAL": 184, "NOME_ACEN": "Piracanjuba", "POPULACAO": 16752}}, {"type": "Feature", "geometry": {"crs": {"type": "name", "properties": {"name": "EPSG:4674"}}, "type": "MultiPoint", "coordinates": [[-51.820221, -16.427306]]}, "properties": {"CD_MUN": "5217203", "GEOCOD": "LOC0442", "NM_MUN": "Piranhas", "RG_PLAN": "Oeste Goiano", "ID_LOCAL": 185, "NOME_ACEN": "Piranhas", "POPULACAO": 8872}}, {"type": "Feature", "geometry": {"crs": {"type": "name", "properties": {"name": "EPSG:4674"}}, "type": "MultiPoint", "coordinates": [[-48.967135, -15.855547]]}, "properties": {"CD_MUN": "5217302", "GEOCOD": "LOC0443", "NM_MUN": "Pirenópolis", "RG_PLAN": "Entorno Distrito Federal", "ID_LOCAL": 186, "NOME_ACEN": "Pirenópolis", "POPULACAO": 12462}}, {"type": "Feature", "geometry": {"crs": {"type": "name", "properties": {"name": "EPSG:4674"}}, "type": "MultiPoint", "coordinates": [[-47.78659, -17.929061]]}, "properties": {"CD_MUN": "5205109", "GEOCOD": "LOC0444", "NM_MUN": "Catalão", "RG_PLAN": "Sudeste Goiano", "ID_LOCAL": 266, "NOME_ACEN": "Pires Belo", "POPULACAO": 793}}, {"type": "Feature", "geometry": {"crs": {"type": "name", "properties": {"name": "EPSG:4674"}}, "type": "MultiPoint", "coordinates": [[-48.281574, -17.299805]]}, "properties": {"CD_MUN": "5217401", "GEOCOD": "LOC0445", "NM_MUN": "Pires do Rio", "RG_PLAN": "Sudeste Goiano", "ID_LOCAL": 187, "NOME_ACEN": "Pires do Rio", "POPULACAO": 25031}}, {"type": "Feature", "geometry": {"crs": {"type": "name", "properties": {"name": "EPSG:4674"}}, "type": "MultiPoint", "coordinates": [[-46.550858, -14.426333]]}, "properties": {"CD_MUN": "5220686", "GEOCOD": "LOC0446", "NM_MUN": "Simolândia", "RG_PLAN": "Nordeste Goiano", "ID_LOCAL": 584, "NOME_ACEN": "Pitomba", "POPULACAO": 0}}, {"type": "Feature", "geometry": {"crs": {"type": "name", "properties": {"name": "EPSG:4674"}}, "type": "MultiPoint", "coordinates": [[-46.373313, -13.975612]]}, "properties": {"CD_MUN": "5209408", "GEOCOD": "LOC0447", "NM_MUN": "Guarani de Goiás", "RG_PLAN": "Nordeste Goiano", "ID_LOCAL": 599, "NOME_ACEN": "Pitombeira", "POPULACAO": 0}}, {"type": "Feature", "geometry": {"crs": {"type": "name", "properties": {"name": "EPSG:4674"}}, "type": "MultiPoint", "coordinates": [[-49.031314, -14.836932]]}, "properties": {"CD_MUN": "5219456", "GEOCOD": "LOC0448", "NM_MUN": "Santa Rita do Novo Destino", "RG_PLAN": "Centro Goiano", "ID_LOCAL": 529, "NOME_ACEN": "Placa", "POPULACAO": 179}}, {"type": "Feature", "geometry": {"crs": {"type": "name", "properties": {"name": "EPSG:4674"}}, "type": "MultiPoint", "coordinates": [[-49.493811, -15.112049]]}, "properties": {"CD_MUN": "5214861", "GEOCOD": "LOC0449", "NM_MUN": "Nova Glória", "RG_PLAN": "Centro Goiano", "ID_LOCAL": 632, "NOME_ACEN": "Plaina", "POPULACAO": 0}}, {"type": "Feature", "geometry": {"crs": {"type": "name", "properties": {"name": "EPSG:4674"}}, "type": "MultiPoint", "coordinates": [[-48.852892, -16.052383]]}, "properties": {"CD_MUN": "5200100", "GEOCOD": "LOC0450", "NM_MUN": "Abadiânia", "RG_PLAN": "Entorno Distrito Federal", "ID_LOCAL": 334, "NOME_ACEN": "Planalmira", "POPULACAO": 661}}, {"type": "Feature", "geometry": {"crs": {"type": "name", "properties": {"name": "EPSG:4674"}}, "type": "MultiPoint", "coordinates": [[-47.616021, -15.45023]]}, "properties": {"CD_MUN": "5217609", "GEOCOD": "LOC0451", "NM_MUN": "Planaltina", "RG_PLAN": "Entorno Distrito Federal", "ID_LOCAL": 188, "NOME_ACEN": "Planaltina", "POPULACAO": 70972}}, {"type": "Feature", "geometry": {"crs": {"type": "name", "properties": {"name": "EPSG:4674"}}, "type": "MultiPoint", "coordinates": [[-50.388652, -16.475685]]}, "properties": {"CD_MUN": "5220108", "GEOCOD": "LOC0452", "NM_MUN": "São Luís de Montes Belos", "RG_PLAN": "Oeste Goiano", "ID_LOCAL": 304, "NOME_ACEN": "Planura Verde", "POPULACAO": 262}}, {"type": "Feature", "geometry": {"crs": {"type": "name", "properties": {"name": "EPSG:4674"}}, "type": "MultiPoint", "coordinates": [[-46.416941, -14.151509]]}, "properties": {"CD_MUN": "5218300", "GEOCOD": "LOC0453", "NM_MUN": "Posse", "RG_PLAN": "Nordeste Goiano", "ID_LOCAL": 466, "NOME_ACEN": "Poço", "POPULACAO": 0}}, {"type": "Feature", "geometry": {"crs": {"type": "name", "properties": {"name": "EPSG:4674"}}, "type": "MultiPoint", "coordinates": [[-49.972243, -16.552655]]}, "properties": {"CD_MUN": "5201306", "GEOCOD": "LOC0454", "NM_MUN": "Anicuns", "RG_PLAN": "Oeste Goiano", "ID_LOCAL": 314, "NOME_ACEN": "Poncionario", "POPULACAO": 0}}, {"type": "Feature", "geometry": {"crs": {"type": "name", "properties": {"name": "EPSG:4674"}}, "type": "MultiPoint", "coordinates": [[-49.449049, -17.516889]]}, "properties": {"CD_MUN": "5217708", "GEOCOD": "LOC0455", "NM_MUN": "Pontalina", "RG_PLAN": "Sul Goiano", "ID_LOCAL": 189, "NOME_ACEN": "Pontalina", "POPULACAO": 13216}}, {"type": "Feature", "geometry": {"crs": {"type": "name", "properties": {"name": "EPSG:4674"}}, "type": "MultiPoint", "coordinates": [[-51.783877, -15.891191]]}, "properties": {"CD_MUN": "5213707", "GEOCOD": "LOC0456", "NM_MUN": "Montes Claros de Goiás", "RG_PLAN": "Oeste Goiano", "ID_LOCAL": 419, "NOME_ACEN": "Ponte Alta", "POPULACAO": 537}}, {"type": "Feature", "geometry": {"crs": {"type": "name", "properties": {"name": "EPSG:4674"}}, "type": "MultiPoint", "coordinates": [[-48.429893, -16.804953]]}, "properties": {"CD_MUN": "5222005", "GEOCOD": "LOC0457", "NM_MUN": "Vianópolis", "RG_PLAN": "Sudeste Goiano", "ID_LOCAL": 345, "NOME_ACEN": "Ponte Funda", "POPULACAO": 558}}, {"type": "Feature", "geometry": {"crs": {"type": "name", "properties": {"name": "EPSG:4674"}}, "type": "MultiPoint", "coordinates": [[-49.578513, -15.015719]]}, "properties": {"CD_MUN": "5210901", "GEOCOD": "LOC0458", "NM_MUN": "Itapaci", "RG_PLAN": "Centro Goiano", "ID_LOCAL": 370, "NOME_ACEN": "Ponte Nova", "POPULACAO": 127}}, {"type": "Feature", "geometry": {"crs": {"type": "name", "properties": {"name": "EPSG:4674"}}, "type": "MultiPoint", "coordinates": [[-49.642008, -18.481868]]}, "properties": {"CD_MUN": "5204250", "GEOCOD": "LOC0459", "NM_MUN": "Cachoeira Dourada", "RG_PLAN": "Sul Goiano", "ID_LOCAL": 258, "NOME_ACEN": "Pontezinha", "POPULACAO": 624}}, {"type": "Feature", "geometry": {"crs": {"type": "name", "properties": {"name": "EPSG:4674"}}, "type": "MultiPoint", "coordinates": [[-49.146014, -13.441026]]}, "properties": {"CD_MUN": "5218003", "GEOCOD": "LOC0460", "NM_MUN": "Porangatu", "RG_PLAN": "Norte Goiano", "ID_LOCAL": 190, "NOME_ACEN": "Porangatu", "POPULACAO": 33077}}, {"type": "Feature", "geometry": {"crs": {"type": "name", "properties": {"name": "EPSG:4674"}}, "type": "MultiPoint", "coordinates": [[-46.4059, -13.126476]]}, "properties": {"CD_MUN": "5219803", "GEOCOD": "LOC0461", "NM_MUN": "São Domingos", "RG_PLAN": "Nordeste Goiano", "ID_LOCAL": 478, "NOME_ACEN": "Porteira", "POPULACAO": 0}}, {"type": "Feature", "geometry": {"crs": {"type": "name", "properties": {"name": "EPSG:4674"}}, "type": "MultiPoint", "coordinates": [[-50.162594, -17.816641]]}, "properties": {"CD_MUN": "5218052", "GEOCOD": "LOC0462", "NM_MUN": "Porteirão", "RG_PLAN": "Sul Goiano", "ID_LOCAL": 10, "NOME_ACEN": "Porteirão", "POPULACAO": 2726}}, {"type": "Feature", "geometry": {"crs": {"type": "name", "properties": {"name": "EPSG:4674"}}, "type": "MultiPoint", "coordinates": [[-52.67789, -17.357249]]}, "properties": {"CD_MUN": "5218102", "GEOCOD": "LOC0463", "NM_MUN": "Portelândia", "RG_PLAN": "Sudoeste Goiano", "ID_LOCAL": 191, "NOME_ACEN": "Portelândia", "POPULACAO": 2715}}, {"type": "Feature", "geometry": {"crs": {"type": "name", "properties": {"name": "EPSG:4674"}}, "type": "MultiPoint", "coordinates": [[-47.131495, -13.42315]]}, "properties": {"CD_MUN": "5213509", "GEOCOD": "LOC0464", "NM_MUN": "Monte Alegre de Goiás", "RG_PLAN": "Nordeste Goiano", "ID_LOCAL": 651, "NOME_ACEN": "Porto Real", "POPULACAO": 0}}, {"type": "Feature", "geometry": {"crs": {"type": "name", "properties": {"name": "EPSG:4674"}}, "type": "MultiPoint", "coordinates": [[-46.366364, -14.093997]]}, "properties": {"CD_MUN": "5218300", "GEOCOD": "LOC0465", "NM_MUN": "Posse", "RG_PLAN": "Nordeste Goiano", "ID_LOCAL": 192, "NOME_ACEN": "Posse", "POPULACAO": 21671}}, {"type": "Feature", "geometry": {"crs": {"type": "name", "properties": {"name": "EPSG:4674"}}, "type": "MultiPoint", "coordinates": [[-48.408912, -15.030984]]}, "properties": {"CD_MUN": "5213053", "GEOCOD": "LOC0466", "NM_MUN": "Mimoso de Goiás", "RG_PLAN": "Entorno Distrito Federal", "ID_LOCAL": 581, "NOME_ACEN": "Posse", "POPULACAO": 0}}, {"type": "Feature", "geometry": {"crs": {"type": "name", "properties": {"name": "EPSG:4674"}}, "type": "MultiPoint", "coordinates": [[-48.803444, -16.097417]]}, "properties": {"CD_MUN": "5200100", "GEOCOD": "LOC0467", "NM_MUN": "Abadiânia", "RG_PLAN": "Entorno Distrito Federal", "ID_LOCAL": 335, "NOME_ACEN": "Posse da Abadia", "POPULACAO": 203}}, {"type": "Feature", "geometry": {"crs": {"type": "name", "properties": {"name": "EPSG:4674"}}, "type": "MultiPoint", "coordinates": [[-49.660066, -16.914058]]}, "properties": {"CD_MUN": "5209200", "GEOCOD": "LOC0468", "NM_MUN": "Guapó", "RG_PLAN": "Metropolitana de Goiânia", "ID_LOCAL": 331, "NOME_ACEN": "Posselândia", "POPULACAO": 1220}}, {"type": "Feature", "geometry": {"crs": {"type": "name", "properties": {"name": "EPSG:4674"}}, "type": "MultiPoint", "coordinates": [[-49.371255, -14.694777]]}, "properties": {"CD_MUN": "5209804", "GEOCOD": "LOC0469", "NM_MUN": "Hidrolina", "RG_PLAN": "Centro Goiano", "ID_LOCAL": 436, "NOME_ACEN": "Posselândia", "POPULACAO": 0}}, {"type": "Feature", "geometry": {"crs": {"type": "name", "properties": {"name": "EPSG:4674"}}, "type": "MultiPoint", "coordinates": [[-46.343342, -12.99958]]}, "properties": {"CD_MUN": "5204904", "GEOCOD": "LOC0470", "NM_MUN": "Campos Belos", "RG_PLAN": "Nordeste Goiano", "ID_LOCAL": 539, "NOME_ACEN": "Pouso Alto", "POPULACAO": 713}}, {"type": "Feature", "geometry": {"crs": {"type": "name", "properties": {"name": "EPSG:4674"}}, "type": "MultiPoint", "coordinates": [[-46.791568, -13.345668]]}, "properties": {"CD_MUN": "5213509", "GEOCOD": "LOC0471", "NM_MUN": "Monte Alegre de Goiás", "RG_PLAN": "Nordeste Goiano", "ID_LOCAL": 479, "NOME_ACEN": "Prata", "POPULACAO": 0}}, {"type": "Feature", "geometry": {"crs": {"type": "name", "properties": {"name": "EPSG:4674"}}, "type": "MultiPoint", "coordinates": [[-49.24175, -17.249743]]}, "properties": {"CD_MUN": "5218391", "GEOCOD": "LOC0472", "NM_MUN": "Professor Jamil", "RG_PLAN": "Sul Goiano", "ID_LOCAL": 193, "NOME_ACEN": "Professor Jamil", "POPULACAO": 2342}}, {"type": "Feature", "geometry": {"crs": {"type": "name", "properties": {"name": "EPSG:4674"}}, "type": "MultiPoint", "coordinates": [[-48.67158, -14.97493]]}, "properties": {"CD_MUN": "5214606", "GEOCOD": "LOC0473", "NM_MUN": "Niquelândia", "RG_PLAN": "Norte Goiano", "ID_LOCAL": 454, "NOME_ACEN": "Quebra Linha", "POPULACAO": 329}}, {"type": "Feature", "geometry": {"crs": {"type": "name", "properties": {"name": "EPSG:4674"}}, "type": "MultiPoint", "coordinates": [[-48.343961, -16.5816]]}, "properties": {"CD_MUN": "5220603", "GEOCOD": "LOC0474", "NM_MUN": "Silvânia", "RG_PLAN": "Sudeste Goiano", "ID_LOCAL": 620, "NOME_ACEN": "Quilombo", "POPULACAO": 0}}, {"type": "Feature", "geometry": {"crs": {"type": "name", "properties": {"name": "EPSG:4674"}}, "type": "MultiPoint", "coordinates": [[-50.448431, -18.451162]]}, "properties": {"CD_MUN": "5218508", "GEOCOD": "LOC0475", "NM_MUN": "Quirinópolis", "RG_PLAN": "Sudoeste Goiano", "ID_LOCAL": 194, "NOME_ACEN": "Quirinópolis", "POPULACAO": 33746}}, {"type": "Feature", "geometry": {"crs": {"type": "name", "properties": {"name": "EPSG:4674"}}, "type": "MultiPoint", "coordinates": [[-49.116303, -16.070617]]}, "properties": {"CD_MUN": "5217302", "GEOCOD": "LOC0476", "NM_MUN": "Pirenópolis", "RG_PLAN": "Entorno Distrito Federal", "ID_LOCAL": 319, "NOME_ACEN": "Radiolândia", "POPULACAO": 358}}, {"type": "Feature", "geometry": {"crs": {"type": "name", "properties": {"name": "EPSG:4674"}}, "type": "MultiPoint", "coordinates": [[-49.176851, -17.629612]]}, "properties": {"CD_MUN": "5213806", "GEOCOD": "LOC0477", "NM_MUN": "Morrinhos", "RG_PLAN": "Sul Goiano", "ID_LOCAL": 278, "NOME_ACEN": "Rancho Alegre", "POPULACAO": 150}}, {"type": "Feature", "geometry": {"crs": {"type": "name", "properties": {"name": "EPSG:4674"}}, "type": "MultiPoint", "coordinates": [[-49.376855, -14.075115]]}, "properties": {"CD_MUN": "5212808", "GEOCOD": "LOC0478", "NM_MUN": "Mara Rosa", "RG_PLAN": "Norte Goiano", "ID_LOCAL": 430, "NOME_ACEN": "Rasto Bandeira", "POPULACAO": 0}}, {"type": "Feature", "geometry": {"crs": {"type": "name", "properties": {"name": "EPSG:4674"}}, "type": "MultiPoint", "coordinates": [[-48.1792, -17.885825]]}, "properties": {"CD_MUN": "5210109", "GEOCOD": "LOC0479", "NM_MUN": "Ipameri", "RG_PLAN": "Sudeste Goiano", "ID_LOCAL": 521, "NOME_ACEN": "Raul Gonçalves", "POPULACAO": 0}}, {"type": "Feature", "geometry": {"crs": {"type": "name", "properties": {"name": "EPSG:4674"}}, "type": "MultiPoint", "coordinates": [[-51.824212, -15.738345]]}, "properties": {"CD_MUN": "5213707", "GEOCOD": "LOC0480", "NM_MUN": "Montes Claros de Goiás", "RG_PLAN": "Oeste Goiano", "ID_LOCAL": 416, "NOME_ACEN": "Registro do Araguaia", "POPULACAO": 161}}, {"type": "Feature", "geometry": {"crs": {"type": "name", "properties": {"name": "EPSG:4674"}}, "type": "MultiPoint", "coordinates": [[-48.194043, -15.084652]]}, "properties": {"CD_MUN": "5213053", "GEOCOD": "LOC0481", "NM_MUN": "Mimoso de Goiás", "RG_PLAN": "Entorno Distrito Federal", "ID_LOCAL": 598, "NOME_ACEN": "Retiro", "POPULACAO": 0}}, {"type": "Feature", "geometry": {"crs": {"type": "name", "properties": {"name": "EPSG:4674"}}, "type": "MultiPoint", "coordinates": [[-49.248105, -14.448405]]}, "properties": {"CD_MUN": "5221601", "GEOCOD": "LOC0482", "NM_MUN": "Uruaçu", "RG_PLAN": "Norte Goiano", "ID_LOCAL": 601, "NOME_ACEN": "Riachão", "POPULACAO": 0}}, {"type": "Feature", "geometry": {"crs": {"type": "name", "properties": {"name": "EPSG:4674"}}, "type": "MultiPoint", "coordinates": [[-49.226133, -14.689044]]}, "properties": {"CD_MUN": "5221601", "GEOCOD": "LOC0483", "NM_MUN": "Uruaçu", "RG_PLAN": "Norte Goiano", "ID_LOCAL": 602, "NOME_ACEN": "Riachão", "POPULACAO": 0}}, {"type": "Feature", "geometry": {"crs": {"type": "name", "properties": {"name": "EPSG:4674"}}, "type": "MultiPoint", "coordinates": [[-49.530825, -15.216866]]}, "properties": {"CD_MUN": "5218607", "GEOCOD": "LOC0484", "NM_MUN": "Rialma", "RG_PLAN": "Centro Goiano", "ID_LOCAL": 391, "NOME_ACEN": "Rialcema", "POPULACAO": 0}}, {"type": "Feature", "geometry": {"crs": {"type": "name", "properties": {"name": "EPSG:4674"}}, "type": "MultiPoint", "coordinates": [[-49.586705, -15.315577]]}, "properties": {"CD_MUN": "5218607", "GEOCOD": "LOC0485", "NM_MUN": "Rialma", "RG_PLAN": "Centro Goiano", "ID_LOCAL": 195, "NOME_ACEN": "Rialma", "POPULACAO": 9200}}, {"type": "Feature", "geometry": {"crs": {"type": "name", "properties": {"name": "EPSG:4674"}}, "type": "MultiPoint", "coordinates": [[-49.504162, -15.45168]]}, "properties": {"CD_MUN": "5218706", "GEOCOD": "LOC0486", "NM_MUN": "Rianápolis", "RG_PLAN": "Centro Goiano", "ID_LOCAL": 196, "NOME_ACEN": "Rianápolis", "POPULACAO": 3657}}, {"type": "Feature", "geometry": {"crs": {"type": "name", "properties": {"name": "EPSG:4674"}}, "type": "MultiPoint", "coordinates": [[-47.193338, -13.476841]]}, "properties": {"CD_MUN": "5221080", "GEOCOD": "LOC0487", "NM_MUN": "Teresina de Goiás", "RG_PLAN": "Nordeste Goiano", "ID_LOCAL": 556, "NOME_ACEN": "Ribeirão I", "POPULACAO": 226}}, {"type": "Feature", "geometry": {"crs": {"type": "name", "properties": {"name": "EPSG:4674"}}, "type": "MultiPoint", "coordinates": [[-48.764034, -17.807421]]}, "properties": {"CD_MUN": "5218789", "GEOCOD": "LOC0488", "NM_MUN": "Rio Quente", "RG_PLAN": "Sul Goiano", "ID_LOCAL": 197, "NOME_ACEN": "Rio Quente", "POPULACAO": 2473}}, {"type": "Feature", "geometry": {"crs": {"type": "name", "properties": {"name": "EPSG:4674"}}, "type": "MultiPoint", "coordinates": [[-50.9205, -17.789767]]}, "properties": {"CD_MUN": "5218805", "GEOCOD": "LOC0489", "NM_MUN": "Rio Verde", "RG_PLAN": "Sudoeste Goiano", "ID_LOCAL": 198, "NOME_ACEN": "Rio Verde", "POPULACAO": 135895}}, {"type": "Feature", "geometry": {"crs": {"type": "name", "properties": {"name": "EPSG:4674"}}, "type": "MultiPoint", "coordinates": [[-50.502673, -18.0733]]}, "properties": {"CD_MUN": "5218805", "GEOCOD": "LOC0490", "NM_MUN": "Rio Verde", "RG_PLAN": "Sudoeste Goiano", "ID_LOCAL": 254, "NOME_ACEN": "Riverlândia", "POPULACAO": 748}}, {"type": "Feature", "geometry": {"crs": {"type": "name", "properties": {"name": "EPSG:4674"}}, "type": "MultiPoint", "coordinates": [[-49.211688, -17.389466]]}, "properties": {"CD_MUN": "5217104", "GEOCOD": "LOC0491", "NM_MUN": "Piracanjuba", "RG_PLAN": "Sul Goiano", "ID_LOCAL": 280, "NOME_ACEN": "Rochedo", "POPULACAO": 271}}, {"type": "Feature", "geometry": {"crs": {"type": "name", "properties": {"name": "EPSG:4674"}}, "type": "MultiPoint", "coordinates": [[-46.383464, -14.256447]]}, "properties": {"CD_MUN": "5218300", "GEOCOD": "LOC0492", "NM_MUN": "Posse", "RG_PLAN": "Nordeste Goiano", "ID_LOCAL": 469, "NOME_ACEN": "Rodovilândia", "POPULACAO": 346}}, {"type": "Feature", "geometry": {"crs": {"type": "name", "properties": {"name": "EPSG:4674"}}, "type": "MultiPoint", "coordinates": [[-49.328123, -17.166446]]}, "properties": {"CD_MUN": "5206503", "GEOCOD": "LOC0493", "NM_MUN": "Cromínia", "RG_PLAN": "Sul Goiano", "ID_LOCAL": 286, "NOME_ACEN": "Ronelândia", "POPULACAO": 168}}, {"type": "Feature", "geometry": {"crs": {"type": "name", "properties": {"name": "EPSG:4674"}}, "type": "MultiPoint", "coordinates": [[-50.420368, -16.467935]]}, "properties": {"CD_MUN": "5220108", "GEOCOD": "LOC0494", "NM_MUN": "São Luís de Montes Belos", "RG_PLAN": "Oeste Goiano", "ID_LOCAL": 303, "NOME_ACEN": "Rosalândia", "POPULACAO": 226}}, {"type": "Feature", "geometry": {"crs": {"type": "name", "properties": {"name": "EPSG:4674"}}, "type": "MultiPoint", "coordinates": [[-49.040459, -16.861189]]}, "properties": {"CD_MUN": "5203302", "GEOCOD": "LOC0495", "NM_MUN": "Bela Vista de Goiás", "RG_PLAN": "Metropolitana de Goiânia", "ID_LOCAL": 332, "NOME_ACEN": "Roselândia", "POPULACAO": 528}}, {"type": "Feature", "geometry": {"crs": {"type": "name", "properties": {"name": "EPSG:4674"}}, "type": "MultiPoint", "coordinates": [[-49.796553, -15.157026]]}, "properties": {"CD_MUN": "5218904", "GEOCOD": "LOC0496", "NM_MUN": "Rubiataba", "RG_PLAN": "Centro Goiano", "ID_LOCAL": 199, "NOME_ACEN": "Rubiataba", "POPULACAO": 15602}}, {"type": "Feature", "geometry": {"crs": {"type": "name", "properties": {"name": "EPSG:4674"}}, "type": "MultiPoint", "coordinates": [[-46.908745, -13.892275]]}, "properties": {"CD_MUN": "5214903", "GEOCOD": "LOC0497", "NM_MUN": "Nova Roma", "RG_PLAN": "Nordeste Goiano", "ID_LOCAL": 544, "NOME_ACEN": "Salobro", "POPULACAO": 0}}, {"type": "Feature", "geometry": {"crs": {"type": "name", "properties": {"name": "EPSG:4674"}}, "type": "MultiPoint", "coordinates": [[-47.450939, -15.358503]]}, "properties": {"CD_MUN": "5208004", "GEOCOD": "LOC0498", "NM_MUN": "Formosa", "RG_PLAN": "Entorno Distrito Federal", "ID_LOCAL": 520, "NOME_ACEN": "Salto do Itiquira", "POPULACAO": 0}}, {"type": "Feature", "geometry": {"crs": {"type": "name", "properties": {"name": "EPSG:4674"}}, "type": "MultiPoint", "coordinates": [[-50.311717, -16.198514]]}, "properties": {"CD_MUN": "5219001", "GEOCOD": "LOC0499", "NM_MUN": "Sanclerlândia", "RG_PLAN": "Oeste Goiano", "ID_LOCAL": 200, "NOME_ACEN": "Sanclerlândia", "POPULACAO": 6038}}, {"type": "Feature", "geometry": {"crs": {"type": "name", "properties": {"name": "EPSG:4674"}}, "type": "MultiPoint", "coordinates": [[-51.602931, -18.147501]]}, "properties": {"CD_MUN": "5211909", "GEOCOD": "LOC0500", "NM_MUN": "Jataí", "RG_PLAN": "Sudoeste Goiano", "ID_LOCAL": 251, "NOME_ACEN": "Santa Bárbara", "POPULACAO": 0}}, {"type": "Feature", "geometry": {"crs": {"type": "name", "properties": {"name": "EPSG:4674"}}, "type": "MultiPoint", "coordinates": [[-49.510764, -15.616585]]}, "properties": {"CD_MUN": "5211800", "GEOCOD": "LOC0501", "NM_MUN": "Jaraguá", "RG_PLAN": "Centro Goiano", "ID_LOCAL": 400, "NOME_ACEN": "Santa Bárbara", "POPULACAO": 0}}, {"type": "Feature", "geometry": {"crs": {"type": "name", "properties": {"name": "EPSG:4674"}}, "type": "MultiPoint", "coordinates": [[-49.693604, -16.572469]]}, "properties": {"CD_MUN": "5219100", "GEOCOD": "LOC0502", "NM_MUN": "Santa Bárbara de Goiás", "RG_PLAN": "Oeste Goiano", "ID_LOCAL": 201, "NOME_ACEN": "Santa Bárbara de Goiás", "POPULACAO": 5003}}, {"type": "Feature", "geometry": {"crs": {"type": "name", "properties": {"name": "EPSG:4674"}}, "type": "MultiPoint", "coordinates": [[-50.253898, -15.352304]]}, "properties": {"CD_MUN": "5207535", "GEOCOD": "LOC0503", "NM_MUN": "Faina", "RG_PLAN": "Noroeste Goiano", "ID_LOCAL": 577, "NOME_ACEN": "Santa Cruz", "POPULACAO": 0}}, {"type": "Feature", "geometry": {"crs": {"type": "name", "properties": {"name": "EPSG:4674"}}, "type": "MultiPoint", "coordinates": [[-48.484342, -17.317233]]}, "properties": {"CD_MUN": "5219209", "GEOCOD": "LOC0504", "NM_MUN": "Santa Cruz de Goiás", "RG_PLAN": "Sudeste Goiano", "ID_LOCAL": 202, "NOME_ACEN": "Santa Cruz de Goiás", "POPULACAO": 1007}}, {"type": "Feature", "geometry": {"crs": {"type": "name", "properties": {"name": "EPSG:4674"}}, "type": "MultiPoint", "coordinates": [[-51.093933, -15.773056]]}, "properties": {"CD_MUN": "5219258", "GEOCOD": "LOC0505", "NM_MUN": "Santa Fé de Goiás", "RG_PLAN": "Oeste Goiano", "ID_LOCAL": 203, "NOME_ACEN": "Santa Fé de Goiás", "POPULACAO": 3514}}, {"type": "Feature", "geometry": {"crs": {"type": "name", "properties": {"name": "EPSG:4674"}}, "type": "MultiPoint", "coordinates": [[-50.596189, -17.816808]]}, "properties": {"CD_MUN": "5219308", "GEOCOD": "LOC0506", "NM_MUN": "Santa Helena de Goiás", "RG_PLAN": "Sudoeste Goiano", "ID_LOCAL": 204, "NOME_ACEN": "Santa Helena de Goiás", "POPULACAO": 33163}}, {"type": "Feature", "geometry": {"crs": {"type": "name", "properties": {"name": "EPSG:4674"}}, "type": "MultiPoint", "coordinates": [[-49.425344, -15.307814]]}, "properties": {"CD_MUN": "5219357", "GEOCOD": "LOC0507", "NM_MUN": "Santa Isabel", "RG_PLAN": "Centro Goiano", "ID_LOCAL": 205, "NOME_ACEN": "Santa Isabel", "POPULACAO": 1328}}, {"type": "Feature", "geometry": {"crs": {"type": "name", "properties": {"name": "EPSG:4674"}}, "type": "MultiPoint", "coordinates": [[-49.604286, -16.742664]]}, "properties": {"CD_MUN": "5221403", "GEOCOD": "LOC0508", "NM_MUN": "Trindade", "RG_PLAN": "Metropolitana de Goiânia", "ID_LOCAL": 328, "NOME_ACEN": "Santa Maria", "POPULACAO": 434}}, {"type": "Feature", "geometry": {"crs": {"type": "name", "properties": {"name": "EPSG:4674"}}, "type": "MultiPoint", "coordinates": [[-46.671384, -14.759231]]}, "properties": {"CD_MUN": "5207907", "GEOCOD": "LOC0509", "NM_MUN": "Flores de Goiás", "RG_PLAN": "Nordeste Goiano", "ID_LOCAL": 461, "NOME_ACEN": "Santa Maria", "POPULACAO": 718}}, {"type": "Feature", "geometry": {"crs": {"type": "name", "properties": {"name": "EPSG:4674"}}, "type": "MultiPoint", "coordinates": [[-49.546422, -16.268356]]}, "properties": {"CD_MUN": "5210000", "GEOCOD": "LOC0510", "NM_MUN": "Inhumas", "RG_PLAN": "Metropolitana de Goiânia", "ID_LOCAL": 535, "NOME_ACEN": "Santa Maria", "POPULACAO": 0}}, {"type": "Feature", "geometry": {"crs": {"type": "name", "properties": {"name": "EPSG:4674"}}, "type": "MultiPoint", "coordinates": [[-49.294677, -17.019069]]}, "properties": {"CD_MUN": "5209705", "GEOCOD": "LOC0511", "NM_MUN": "Hidrolândia", "RG_PLAN": "Metropolitana de Goiânia", "ID_LOCAL": 640, "NOME_ACEN": "Santa Maria", "POPULACAO": 0}}, {"type": "Feature", "geometry": {"crs": {"type": "name", "properties": {"name": "EPSG:4674"}}, "type": "MultiPoint", "coordinates": [[-50.114118, -13.918502]]}, "properties": {"CD_MUN": "5214051", "GEOCOD": "LOC0512", "NM_MUN": "Mundo Novo", "RG_PLAN": "Norte Goiano", "ID_LOCAL": 508, "NOME_ACEN": "Santa Marta", "POPULACAO": 765}}, {"type": "Feature", "geometry": {"crs": {"type": "name", "properties": {"name": "EPSG:4674"}}, "type": "MultiPoint", "coordinates": [[-46.23501, -14.404485]]}, "properties": {"CD_MUN": "5203962", "GEOCOD": "LOC0513", "NM_MUN": "Buritinópolis", "RG_PLAN": "Nordeste Goiano", "ID_LOCAL": 464, "NOME_ACEN": "Santa Rita", "POPULACAO": 0}}, {"type": "Feature", "geometry": {"crs": {"type": "name", "properties": {"name": "EPSG:4674"}}, "type": "MultiPoint", "coordinates": [[-49.875293, -16.11292]]}, "properties": {"CD_MUN": "5210406", "GEOCOD": "LOC0514", "NM_MUN": "Itaberaí", "RG_PLAN": "Noroeste Goiano", "ID_LOCAL": 542, "NOME_ACEN": "Santa Rita", "POPULACAO": 220}}, {"type": "Feature", "geometry": {"crs": {"type": "name", "properties": {"name": "EPSG:4674"}}, "type": "MultiPoint", "coordinates": [[-53.202303, -17.329906]]}, "properties": {"CD_MUN": "5219407", "GEOCOD": "LOC0515", "NM_MUN": "Santa Rita do Araguaia", "RG_PLAN": "Sudoeste Goiano", "ID_LOCAL": 206, "NOME_ACEN": "Santa Rita do Araguaia", "POPULACAO": 5146}}, {"type": "Feature", "geometry": {"crs": {"type": "name", "properties": {"name": "EPSG:4674"}}, "type": "MultiPoint", "coordinates": [[-49.11724, -15.134413]]}, "properties": {"CD_MUN": "5219456", "GEOCOD": "LOC0516", "NM_MUN": "Santa Rita do Novo Destino", "RG_PLAN": "Centro Goiano", "ID_LOCAL": 3, "NOME_ACEN": "Santa Rita do Novo Destino", "POPULACAO": 1156}}, {"type": "Feature", "geometry": {"crs": {"type": "name", "properties": {"name": "EPSG:4674"}}, "type": "MultiPoint", "coordinates": [[-47.186046, -15.091651]]}, "properties": {"CD_MUN": "5208004", "GEOCOD": "LOC0517", "NM_MUN": "Formosa", "RG_PLAN": "Entorno Distrito Federal", "ID_LOCAL": 349, "NOME_ACEN": "Santa Rosa", "POPULACAO": 826}}, {"type": "Feature", "geometry": {"crs": {"type": "name", "properties": {"name": "EPSG:4674"}}, "type": "MultiPoint", "coordinates": [[-49.493025, -16.083344]]}, "properties": {"CD_MUN": "5219506", "GEOCOD": "LOC0518", "NM_MUN": "Santa Rosa de Goiás", "RG_PLAN": "Centro Goiano", "ID_LOCAL": 207, "NOME_ACEN": "Santa Rosa de Goiás", "POPULACAO": 2111}}, {"type": "Feature", "geometry": {"crs": {"type": "name", "properties": {"name": "EPSG:4674"}}, "type": "MultiPoint", "coordinates": [[-49.609965, -18.337532]]}, "properties": {"CD_MUN": "5211503", "GEOCOD": "LOC0519", "NM_MUN": "Itumbiara", "RG_PLAN": "Sul Goiano", "ID_LOCAL": 259, "NOME_ACEN": "Santa Rosa do Meia Ponte", "POPULACAO": 513}}, {"type": "Feature", "geometry": {"crs": {"type": "name", "properties": {"name": "EPSG:4674"}}, "type": "MultiPoint", "coordinates": [[-49.120694, -16.514924]]}, "properties": {"CD_MUN": "5221197", "GEOCOD": "LOC0520", "NM_MUN": "Terezópolis de Goiás", "RG_PLAN": "Metropolitana de Goiânia", "ID_LOCAL": 531, "NOME_ACEN": "Santa Tereza", "POPULACAO": 0}}, {"type": "Feature", "geometry": {"crs": {"type": "name", "properties": {"name": "EPSG:4674"}}, "type": "MultiPoint", "coordinates": [[-49.016408, -13.713454]]}, "properties": {"CD_MUN": "5219605", "GEOCOD": "LOC0521", "NM_MUN": "Santa Tereza de Goiás", "RG_PLAN": "Norte Goiano", "ID_LOCAL": 208, "NOME_ACEN": "Santa Tereza de Goiás", "POPULACAO": 3475}}, {"type": "Feature", "geometry": {"crs": {"type": "name", "properties": {"name": "EPSG:4674"}}, "type": "MultiPoint", "coordinates": [[-49.706483, -14.438176]]}, "properties": {"CD_MUN": "5219704", "GEOCOD": "LOC0522", "NM_MUN": "Santa Terezinha de Goiás", "RG_PLAN": "Norte Goiano", "ID_LOCAL": 209, "NOME_ACEN": "Santa Terezinha de Goiás", "POPULACAO": 8673}}, {"type": "Feature", "geometry": {"crs": {"type": "name", "properties": {"name": "EPSG:4674"}}, "type": "MultiPoint", "coordinates": [[-49.922257, -17.942868]]}, "properties": {"CD_MUN": "5209101", "GEOCOD": "LOC0523", "NM_MUN": "Goiatuba", "RG_PLAN": "Sul Goiano", "ID_LOCAL": 275, "NOME_ACEN": "Santo Antônio", "POPULACAO": 0}}, {"type": "Feature", "geometry": {"crs": {"type": "name", "properties": {"name": "EPSG:4674"}}, "type": "MultiPoint", "coordinates": [[-50.400219, -16.36571]]}, "properties": {"CD_MUN": "5220108", "GEOCOD": "LOC0524", "NM_MUN": "São Luís de Montes Belos", "RG_PLAN": "Oeste Goiano", "ID_LOCAL": 302, "NOME_ACEN": "Santo Antônio", "POPULACAO": 0}}, {"type": "Feature", "geometry": {"crs": {"type": "name", "properties": {"name": "EPSG:4674"}}, "type": "MultiPoint", "coordinates": [[-50.331881, -16.741584]]}, "properties": {"CD_MUN": "5207808", "GEOCOD": "LOC0525", "NM_MUN": "Firminópolis", "RG_PLAN": "Oeste Goiano", "ID_LOCAL": 310, "NOME_ACEN": "Santo Antônio", "POPULACAO": 0}}, {"type": "Feature", "geometry": {"crs": {"type": "name", "properties": {"name": "EPSG:4674"}}, "type": "MultiPoint", "coordinates": [[-49.135642, -15.828881]]}, "properties": {"CD_MUN": "5217302", "GEOCOD": "LOC0526", "NM_MUN": "Pirenópolis", "RG_PLAN": "Entorno Distrito Federal", "ID_LOCAL": 382, "NOME_ACEN": "Santo Antônio", "POPULACAO": 0}}, {"type": "Feature", "geometry": {"crs": {"type": "name", "properties": {"name": "EPSG:4674"}}, "type": "MultiPoint", "coordinates": [[-49.747951, -14.641645]]}, "properties": {"CD_MUN": "5209457", "GEOCOD": "LOC0527", "NM_MUN": "Guarinos", "RG_PLAN": "Centro Goiano", "ID_LOCAL": 600, "NOME_ACEN": "Santo Antônio", "POPULACAO": 0}}, {"type": "Feature", "geometry": {"crs": {"type": "name", "properties": {"name": "EPSG:4674"}}, "type": "MultiPoint", "coordinates": [[-50.633194, -17.561257]]}, "properties": {"CD_MUN": "5219712", "GEOCOD": "LOC0528", "NM_MUN": "Santo Antônio da Barra", "RG_PLAN": "Sudoeste Goiano", "ID_LOCAL": 210, "NOME_ACEN": "Santo Antônio da Barra", "POPULACAO": 3401}}, {"type": "Feature", "geometry": {"crs": {"type": "name", "properties": {"name": "EPSG:4674"}}, "type": "MultiPoint", "coordinates": [[-48.585227, -17.253475]]}, "properties": {"CD_MUN": "5219209", "GEOCOD": "LOC0529", "NM_MUN": "Santa Cruz de Goiás", "RG_PLAN": "Sudeste Goiano", "ID_LOCAL": 273, "NOME_ACEN": "Santo Antônio da Esperança", "POPULACAO": 369}}, {"type": "Feature", "geometry": {"crs": {"type": "name", "properties": {"name": "EPSG:4674"}}, "type": "MultiPoint", "coordinates": [[-48.871349, -14.862489]]}, "properties": {"CD_MUN": "5203203", "GEOCOD": "LOC0530", "NM_MUN": "Barro Alto", "RG_PLAN": "Centro Goiano", "ID_LOCAL": 451, "NOME_ACEN": "Santo Antônio da Laguna", "POPULACAO": 0}}, {"type": "Feature", "geometry": {"crs": {"type": "name", "properties": {"name": "EPSG:4674"}}, "type": "MultiPoint", "coordinates": [[-49.307183, -16.484471]]}, "properties": {"CD_MUN": "5219738", "GEOCOD": "LOC0531", "NM_MUN": "Santo Antônio de Goiás", "RG_PLAN": "Metropolitana de Goiânia", "ID_LOCAL": 211, "NOME_ACEN": "Santo Antônio de Goiás", "POPULACAO": 3508}}, {"type": "Feature", "geometry": {"crs": {"type": "name", "properties": {"name": "EPSG:4674"}}, "type": "MultiPoint", "coordinates": [[-48.362884, -13.505766]]}, "properties": {"CD_MUN": "5213087", "GEOCOD": "LOC0532", "NM_MUN": "Minaçu", "RG_PLAN": "Norte Goiano", "ID_LOCAL": 489, "NOME_ACEN": "Santo Antônio do Cana Brava", "POPULACAO": 435}}, {"type": "Feature", "geometry": {"crs": {"type": "name", "properties": {"name": "EPSG:4674"}}, "type": "MultiPoint", "coordinates": [[-48.262975, -15.943684]]}, "properties": {"CD_MUN": "5219753", "GEOCOD": "LOC0533", "NM_MUN": "Santo Antônio do Descoberto", "RG_PLAN": "Entorno Distrito Federal", "ID_LOCAL": 212, "NOME_ACEN": "Santo Antônio do Descoberto", "POPULACAO": 49929}}, {"type": "Feature", "geometry": {"crs": {"type": "name", "properties": {"name": "EPSG:4674"}}, "type": "MultiPoint", "coordinates": [[-47.466582, -17.94438]]}, "properties": {"CD_MUN": "5205109", "GEOCOD": "LOC0534", "NM_MUN": "Catalão", "RG_PLAN": "Sudeste Goiano", "ID_LOCAL": 268, "NOME_ACEN": "Santo Antônio do Rio Verde", "POPULACAO": 1978}}, {"type": "Feature", "geometry": {"crs": {"type": "name", "properties": {"name": "EPSG:4674"}}, "type": "MultiPoint", "coordinates": [[-47.796008, -16.540702]]}, "properties": {"CD_MUN": "5206206", "GEOCOD": "LOC0535", "NM_MUN": "Cristalina", "RG_PLAN": "Entorno Distrito Federal", "ID_LOCAL": 348, "NOME_ACEN": "São Bartolomeu", "POPULACAO": 637}}, {"type": "Feature", "geometry": {"crs": {"type": "name", "properties": {"name": "EPSG:4674"}}, "type": "MultiPoint", "coordinates": [[-49.604533, -17.128572]]}, "properties": {"CD_MUN": "5221908", "GEOCOD": "LOC0536", "NM_MUN": "Varjão", "RG_PLAN": "Sul Goiano", "ID_LOCAL": 284, "NOME_ACEN": "São Benedito", "POPULACAO": 0}}, {"type": "Feature", "geometry": {"crs": {"type": "name", "properties": {"name": "EPSG:4674"}}, "type": "MultiPoint", "coordinates": [[-49.790383, -15.919498]]}, "properties": {"CD_MUN": "5210406", "GEOCOD": "LOC0537", "NM_MUN": "Itaberaí", "RG_PLAN": "Noroeste Goiano", "ID_LOCAL": 591, "NOME_ACEN": "São Benedito", "POPULACAO": 0}}, {"type": "Feature", "geometry": {"crs": {"type": "name", "properties": {"name": "EPSG:4674"}}, "type": "MultiPoint", "coordinates": [[-48.859478, -15.390105]]}, "properties": {"CD_MUN": "5222302", "GEOCOD": "LOC0538", "NM_MUN": "Vila Propício", "RG_PLAN": "Centro Goiano", "ID_LOCAL": 361, "NOME_ACEN": "São Bentinho", "POPULACAO": 0}}, {"type": "Feature", "geometry": {"crs": {"type": "name", "properties": {"name": "EPSG:4674"}}, "type": "MultiPoint", "coordinates": [[-48.926657, -16.688539]]}, "properties": {"CD_MUN": "5212303", "GEOCOD": "LOC0539", "NM_MUN": "Leopoldo de Bulhões", "RG_PLAN": "Sudeste Goiano", "ID_LOCAL": 594, "NOME_ACEN": "São Caetano", "POPULACAO": 0}}, {"type": "Feature", "geometry": {"crs": {"type": "name", "properties": {"name": "EPSG:4674"}}, "type": "MultiPoint", "coordinates": [[-50.079469, -13.62213]]}, "properties": {"CD_MUN": "5203575", "GEOCOD": "LOC0540", "NM_MUN": "Bonópolis", "RG_PLAN": "Norte Goiano", "ID_LOCAL": 515, "NOME_ACEN": "São Cosme e Damião", "POPULACAO": 0}}, {"type": "Feature", "geometry": {"crs": {"type": "name", "properties": {"name": "EPSG:4674"}}, "type": "MultiPoint", "coordinates": [[-46.31168, -13.405585]]}, "properties": {"CD_MUN": "5219803", "GEOCOD": "LOC0541", "NM_MUN": "São Domingos", "RG_PLAN": "Nordeste Goiano", "ID_LOCAL": 213, "NOME_ACEN": "São Domingos", "POPULACAO": 5134}}, {"type": "Feature", "geometry": {"crs": {"type": "name", "properties": {"name": "EPSG:4674"}}, "type": "MultiPoint", "coordinates": [[-49.259243, -15.92947]]}, "properties": {"CD_MUN": "5219902", "GEOCOD": "LOC0542", "NM_MUN": "São Francisco de Goiás", "RG_PLAN": "Centro Goiano", "ID_LOCAL": 214, "NOME_ACEN": "São Francisco de Goiás", "POPULACAO": 4189}}, {"type": "Feature", "geometry": {"crs": {"type": "name", "properties": {"name": "EPSG:4674"}}, "type": "MultiPoint", "coordinates": [[-47.573504, -15.231945]]}, "properties": {"CD_MUN": "5217609", "GEOCOD": "LOC0543", "NM_MUN": "Planaltina", "RG_PLAN": "Entorno Distrito Federal", "ID_LOCAL": 354, "NOME_ACEN": "São Gabriel", "POPULACAO": 1043}}, {"type": "Feature", "geometry": {"crs": {"type": "name", "properties": {"name": "EPSG:4674"}}, "type": "MultiPoint", "coordinates": [[-49.448951, -15.726419]]}, "properties": {"CD_MUN": "5211800", "GEOCOD": "LOC0544", "NM_MUN": "Jaraguá", "RG_PLAN": "Centro Goiano", "ID_LOCAL": 387, "NOME_ACEN": "São Geraldo", "POPULACAO": 0}}, {"type": "Feature", "geometry": {"crs": {"type": "name", "properties": {"name": "EPSG:4674"}}, "type": "MultiPoint", "coordinates": [[-46.320701, -13.631468]]}, "properties": {"CD_MUN": "5219803", "GEOCOD": "LOC0545", "NM_MUN": "São Domingos", "RG_PLAN": "Nordeste Goiano", "ID_LOCAL": 475, "NOME_ACEN": "São João", "POPULACAO": 0}}, {"type": "Feature", "geometry": {"crs": {"type": "name", "properties": {"name": "EPSG:4674"}}, "type": "MultiPoint", "coordinates": [[-49.817239, -16.902353]]}, "properties": {"CD_MUN": "5215702", "GEOCOD": "LOC0546", "NM_MUN": "Palmeiras de Goiás", "RG_PLAN": "Oeste Goiano", "ID_LOCAL": 629, "NOME_ACEN": "São João", "POPULACAO": 129}}, {"type": "Feature", "geometry": {"crs": {"type": "name", "properties": {"name": "EPSG:4674"}}, "type": "MultiPoint", "coordinates": [[-47.525008, -14.70583]]}, "properties": {"CD_MUN": "5220009", "GEOCOD": "LOC0547", "NM_MUN": "São João d'Aliança", "RG_PLAN": "Nordeste Goiano", "ID_LOCAL": 215, "NOME_ACEN": "São João d'Aliança", "POPULACAO": 4976}}, {"type": "Feature", "geometry": {"crs": {"type": "name", "properties": {"name": "EPSG:4674"}}, "type": "MultiPoint", "coordinates": [[-50.190841, -13.798416]]}, "properties": {"CD_MUN": "5214051", "GEOCOD": "LOC0548", "NM_MUN": "Mundo Novo", "RG_PLAN": "Norte Goiano", "ID_LOCAL": 507, "NOME_ACEN": "São João da Mata Azul", "POPULACAO": 0}}, {"type": "Feature", "geometry": {"crs": {"type": "name", "properties": {"name": "EPSG:4674"}}, "type": "MultiPoint", "coordinates": [[-50.409651, -16.82073]]}, "properties": {"CD_MUN": "5220058", "GEOCOD": "LOC0549", "NM_MUN": "São João da Paraúna", "RG_PLAN": "Oeste Goiano", "ID_LOCAL": 216, "NOME_ACEN": "São João da Paraúna", "POPULACAO": 1212}}, {"type": "Feature", "geometry": {"crs": {"type": "name", "properties": {"name": "EPSG:4674"}}, "type": "MultiPoint", "coordinates": [[-47.814643, -14.179013]]}, "properties": {"CD_MUN": "5200605", "GEOCOD": "LOC0550", "NM_MUN": "Alto Paraíso de Goiás", "RG_PLAN": "Nordeste Goiano", "ID_LOCAL": 455, "NOME_ACEN": "São Jorge", "POPULACAO": 492}}, {"type": "Feature", "geometry": {"crs": {"type": "name", "properties": {"name": "EPSG:4674"}}, "type": "MultiPoint", "coordinates": [[-49.866433, -15.427672]]}, "properties": {"CD_MUN": "5211206", "GEOCOD": "LOC0551", "NM_MUN": "Itapuranga", "RG_PLAN": "Noroeste Goiano", "ID_LOCAL": 389, "NOME_ACEN": "São José", "POPULACAO": 286}}, {"type": "Feature", "geometry": {"crs": {"type": "name", "properties": {"name": "EPSG:4674"}}, "type": "MultiPoint", "coordinates": [[-46.433952, -14.422184]]}, "properties": {"CD_MUN": "5220686", "GEOCOD": "LOC0552", "NM_MUN": "Simolândia", "RG_PLAN": "Nordeste Goiano", "ID_LOCAL": 468, "NOME_ACEN": "São José", "POPULACAO": 0}}, {"type": "Feature", "geometry": {"crs": {"type": "name", "properties": {"name": "EPSG:4674"}}, "type": "MultiPoint", "coordinates": [[-47.789173, -13.476001]]}, "properties": {"CD_MUN": "5205307", "GEOCOD": "LOC0553", "NM_MUN": "Cavalcante", "RG_PLAN": "Nordeste Goiano", "ID_LOCAL": 481, "NOME_ACEN": "São José", "POPULACAO": 165}}, {"type": "Feature", "geometry": {"crs": {"type": "name", "properties": {"name": "EPSG:4674"}}, "type": "MultiPoint", "coordinates": [[-49.88614, -16.201663]]}, "properties": {"CD_MUN": "5210406", "GEOCOD": "LOC0554", "NM_MUN": "Itaberaí", "RG_PLAN": "Noroeste Goiano", "ID_LOCAL": 615, "NOME_ACEN": "São José do Retiro", "POPULACAO": 60}}, {"type": "Feature", "geometry": {"crs": {"type": "name", "properties": {"name": "EPSG:4674"}}, "type": "MultiPoint", "coordinates": [[-50.374007, -16.522836]]}, "properties": {"CD_MUN": "5220108", "GEOCOD": "LOC0555", "NM_MUN": "São Luís de Montes Belos", "RG_PLAN": "Oeste Goiano", "ID_LOCAL": 217, "NOME_ACEN": "São Luiz de Montes Belos", "POPULACAO": 23213}}, {"type": "Feature", "geometry": {"crs": {"type": "name", "properties": {"name": "EPSG:4674"}}, "type": "MultiPoint", "coordinates": [[-49.326304, -14.863049]]}, "properties": {"CD_MUN": "5220157", "GEOCOD": "LOC0556", "NM_MUN": "São Luiz do Norte", "RG_PLAN": "Centro Goiano", "ID_LOCAL": 218, "NOME_ACEN": "São Luiz do Norte", "POPULACAO": 3557}}, {"type": "Feature", "geometry": {"crs": {"type": "name", "properties": {"name": "EPSG:4674"}}, "type": "MultiPoint", "coordinates": [[-48.024498, -14.242201]]}, "properties": {"CD_MUN": "5214606", "GEOCOD": "LOC0557", "NM_MUN": "Niquelândia", "RG_PLAN": "Norte Goiano", "ID_LOCAL": 526, "NOME_ACEN": "São Luiz do Tocantins", "POPULACAO": 12}}, {"type": "Feature", "geometry": {"crs": {"type": "name", "properties": {"name": "EPSG:4674"}}, "type": "MultiPoint", "coordinates": [[-50.41269, -16.273083]]}, "properties": {"CD_MUN": "5219001", "GEOCOD": "LOC0558", "NM_MUN": "Sanclerlândia", "RG_PLAN": "Oeste Goiano", "ID_LOCAL": 625, "NOME_ACEN": "São Mateus", "POPULACAO": 0}}, {"type": "Feature", "geometry": {"crs": {"type": "name", "properties": {"name": "EPSG:4674"}}, "type": "MultiPoint", "coordinates": [[-50.164384, -13.273313]]}, "properties": {"CD_MUN": "5220207", "GEOCOD": "LOC0559", "NM_MUN": "São Miguel do Araguaia", "RG_PLAN": "Norte Goiano", "ID_LOCAL": 219, "NOME_ACEN": "São Miguel do Araguaia", "POPULACAO": 18202}}, {"type": "Feature", "geometry": {"crs": {"type": "name", "properties": {"name": "EPSG:4674"}}, "type": "MultiPoint", "coordinates": [[-48.664231, -17.059219]]}, "properties": {"CD_MUN": "5220264", "GEOCOD": "LOC0560", "NM_MUN": "São Miguel do Passa Quatro", "RG_PLAN": "Sudeste Goiano", "ID_LOCAL": 220, "NOME_ACEN": "São Miguel do Passa Quatro", "POPULACAO": 1870}}, {"type": "Feature", "geometry": {"crs": {"type": "name", "properties": {"name": "EPSG:4674"}}, "type": "MultiPoint", "coordinates": [[-49.817028, -15.349021]]}, "properties": {"CD_MUN": "5220280", "GEOCOD": "LOC0561", "NM_MUN": "São Patrício", "RG_PLAN": "Centro Goiano", "ID_LOCAL": 5, "NOME_ACEN": "São Patrício", "POPULACAO": 980}}, {"type": "Feature", "geometry": {"crs": {"type": "name", "properties": {"name": "EPSG:4674"}}, "type": "MultiPoint", "coordinates": [[-52.722111, -17.259839]]}, "properties": {"CD_MUN": "5218102", "GEOCOD": "LOC0562", "NM_MUN": "Portelândia", "RG_PLAN": "Sudoeste Goiano", "ID_LOCAL": 290, "NOME_ACEN": "São Pedro", "POPULACAO": 0}}, {"type": "Feature", "geometry": {"crs": {"type": "name", "properties": {"name": "EPSG:4674"}}, "type": "MultiPoint", "coordinates": [[-50.383116, -16.309147]]}, "properties": {"CD_MUN": "5220108", "GEOCOD": "LOC0563", "NM_MUN": "São Luís de Montes Belos", "RG_PLAN": "Oeste Goiano", "ID_LOCAL": 307, "NOME_ACEN": "São Pedro", "POPULACAO": 0}}, {"type": "Feature", "geometry": {"crs": {"type": "name", "properties": {"name": "EPSG:4674"}}, "type": "MultiPoint", "coordinates": [[-47.967111, -14.953737]]}, "properties": {"CD_MUN": "5200175", "GEOCOD": "LOC0564", "NM_MUN": "Água Fria de Goiás", "RG_PLAN": "Entorno Distrito Federal", "ID_LOCAL": 537, "NOME_ACEN": "São Pedro", "POPULACAO": 0}}, {"type": "Feature", "geometry": {"crs": {"type": "name", "properties": {"name": "EPSG:4674"}}, "type": "MultiPoint", "coordinates": [[-49.498092, -13.767848]]}, "properties": {"CD_MUN": "5214101", "GEOCOD": "LOC0565", "NM_MUN": "Mutunópolis", "RG_PLAN": "Norte Goiano", "ID_LOCAL": 504, "NOME_ACEN": "São Sebastião", "POPULACAO": 0}}, {"type": "Feature", "geometry": {"crs": {"type": "name", "properties": {"name": "EPSG:4674"}}, "type": "MultiPoint", "coordinates": [[-51.460034, -15.740276]]}, "properties": {"CD_MUN": "5212204", "GEOCOD": "LOC0566", "NM_MUN": "Jussara", "RG_PLAN": "Oeste Goiano", "ID_LOCAL": 417, "NOME_ACEN": "São Sebastião do Rio Claro", "POPULACAO": 310}}, {"type": "Feature", "geometry": {"crs": {"type": "name", "properties": {"name": "EPSG:4674"}}, "type": "MultiPoint", "coordinates": [[-50.554599, -19.005127]]}, "properties": {"CD_MUN": "5220405", "GEOCOD": "LOC0567", "NM_MUN": "São Simão", "RG_PLAN": "Sudoeste Goiano", "ID_LOCAL": 221, "NOME_ACEN": "São Simão", "POPULACAO": 12278}}, {"type": "Feature", "geometry": {"crs": {"type": "name", "properties": {"name": "EPSG:4674"}}, "type": "MultiPoint", "coordinates": [[-46.466816, -13.54937]]}, "properties": {"CD_MUN": "5219803", "GEOCOD": "LOC0568", "NM_MUN": "São Domingos", "RG_PLAN": "Nordeste Goiano", "ID_LOCAL": 474, "NOME_ACEN": "São Vicente", "POPULACAO": 223}}, {"type": "Feature", "geometry": {"crs": {"type": "name", "properties": {"name": "EPSG:4674"}}, "type": "MultiPoint", "coordinates": [[-48.347162, -13.616266]]}, "properties": {"CD_MUN": "5213087", "GEOCOD": "LOC0569", "NM_MUN": "Minaçu", "RG_PLAN": "Norte Goiano", "ID_LOCAL": 488, "NOME_ACEN": "São Vicente", "POPULACAO": 199}}, {"type": "Feature", "geometry": {"crs": {"type": "name", "properties": {"name": "EPSG:4674"}}, "type": "MultiPoint", "coordinates": [[-48.978375, -16.415301]]}, "properties": {"CD_MUN": "5201108", "GEOCOD": "LOC0570", "NM_MUN": "Anápolis", "RG_PLAN": "Centro Goiano", "ID_LOCAL": 534, "NOME_ACEN": "São Vicente", "POPULACAO": 0}}, {"type": "Feature", "geometry": {"crs": {"type": "name", "properties": {"name": "EPSG:4674"}}, "type": "MultiPoint", "coordinates": [[-48.585388, -17.580965]]}, "properties": {"CD_MUN": "5204508", "GEOCOD": "LOC0571", "NM_MUN": "Caldas Novas", "RG_PLAN": "Sul Goiano", "ID_LOCAL": 566, "NOME_ACEN": "Sapé", "POPULACAO": 0}}, {"type": "Feature", "geometry": {"crs": {"type": "name", "properties": {"name": "EPSG:4674"}}, "type": "MultiPoint", "coordinates": [[-49.440305, -15.5392]]}, "properties": {"CD_MUN": "5211800", "GEOCOD": "LOC0572", "NM_MUN": "Jaraguá", "RG_PLAN": "Centro Goiano", "ID_LOCAL": 396, "NOME_ACEN": "Saraiva", "POPULACAO": 0}}, {"type": "Feature", "geometry": {"crs": {"type": "name", "properties": {"name": "EPSG:4674"}}, "type": "MultiPoint", "coordinates": [[-49.103676, -16.695941]]}, "properties": {"CD_MUN": "5220454", "GEOCOD": "LOC0573", "NM_MUN": "Senador Canedo", "RG_PLAN": "Metropolitana de Goiânia", "ID_LOCAL": 222, "NOME_ACEN": "Senador Canedo", "POPULACAO": 39717}}, {"type": "Feature", "geometry": {"crs": {"type": "name", "properties": {"name": "EPSG:4674"}}, "type": "MultiPoint", "coordinates": [[-48.116846, -13.577075]]}, "properties": {"CD_MUN": "5213087", "GEOCOD": "LOC0574", "NM_MUN": "Minaçu", "RG_PLAN": "Norte Goiano", "ID_LOCAL": 491, "NOME_ACEN": "Serra Branca", "POPULACAO": 0}}, {"type": "Feature", "geometry": {"crs": {"type": "name", "properties": {"name": "EPSG:4674"}}, "type": "MultiPoint", "coordinates": [[-48.305755, -13.830134]]}, "properties": {"CD_MUN": "5213087", "GEOCOD": "LOC0575", "NM_MUN": "Minaçu", "RG_PLAN": "Norte Goiano", "ID_LOCAL": 487, "NOME_ACEN": "Serra da Mesa", "POPULACAO": 0}}, {"type": "Feature", "geometry": {"crs": {"type": "name", "properties": {"name": "EPSG:4674"}}, "type": "MultiPoint", "coordinates": [[-49.040686, -13.576799]]}, "properties": {"CD_MUN": "5219605", "GEOCOD": "LOC0576", "NM_MUN": "Santa Tereza de Goiás", "RG_PLAN": "Norte Goiano", "ID_LOCAL": 624, "NOME_ACEN": "Serra do Campo", "POPULACAO": 173}}, {"type": "Feature", "geometry": {"crs": {"type": "name", "properties": {"name": "EPSG:4674"}}, "type": "MultiPoint", "coordinates": [[-50.710802, -16.353743]]}, "properties": {"CD_MUN": "5207600", "GEOCOD": "LOC0577", "NM_MUN": "Fazenda Nova", "RG_PLAN": "Oeste Goiano", "ID_LOCAL": 306, "NOME_ACEN": "Serra Dourada", "POPULACAO": 151}}, {"type": "Feature", "geometry": {"crs": {"type": "name", "properties": {"name": "EPSG:4674"}}, "type": "MultiPoint", "coordinates": [[-51.961176, -18.303811]]}, "properties": {"CD_MUN": "5220504", "GEOCOD": "LOC0578", "NM_MUN": "Serranópolis", "RG_PLAN": "Sudoeste Goiano", "ID_LOCAL": 223, "NOME_ACEN": "Serranópolis", "POPULACAO": 5155}}, {"type": "Feature", "geometry": {"crs": {"type": "name", "properties": {"name": "EPSG:4674"}}, "type": "MultiPoint", "coordinates": [[-50.336428, -12.819029]]}, "properties": {"CD_MUN": "5220207", "GEOCOD": "LOC0579", "NM_MUN": "São Miguel do Araguaia", "RG_PLAN": "Norte Goiano", "ID_LOCAL": 512, "NOME_ACEN": "Serraria", "POPULACAO": 0}}, {"type": "Feature", "geometry": {"crs": {"type": "name", "properties": {"name": "EPSG:4674"}}, "type": "MultiPoint", "coordinates": [[-49.271941, -18.045626]]}, "properties": {"CD_MUN": "5209101", "GEOCOD": "LOC0580", "NM_MUN": "Goiatuba", "RG_PLAN": "Sul Goiano", "ID_LOCAL": 256, "NOME_ACEN": "Serrinha", "POPULACAO": 0}}, {"type": "Feature", "geometry": {"crs": {"type": "name", "properties": {"name": "EPSG:4674"}}, "type": "MultiPoint", "coordinates": [[-49.383222, -13.487751]]}, "properties": {"CD_MUN": "5218003", "GEOCOD": "LOC0581", "NM_MUN": "Porangatu", "RG_PLAN": "Norte Goiano", "ID_LOCAL": 498, "NOME_ACEN": "Serrinha", "POPULACAO": 0}}, {"type": "Feature", "geometry": {"crs": {"type": "name", "properties": {"name": "EPSG:4674"}}, "type": "MultiPoint", "coordinates": [[-47.9237, -17.805735]]}, "properties": {"CD_MUN": "5204805", "GEOCOD": "LOC0582", "NM_MUN": "Campo Alegre de Goiás", "RG_PLAN": "Sudeste Goiano", "ID_LOCAL": 267, "NOME_ACEN": "Sesmaria", "POPULACAO": 0}}, {"type": "Feature", "geometry": {"crs": {"type": "name", "properties": {"name": "EPSG:4674"}}, "type": "MultiPoint", "coordinates": [[-49.177059, -13.420993]]}, "properties": {"CD_MUN": "5218003", "GEOCOD": "LOC0583", "NM_MUN": "Porangatu", "RG_PLAN": "Norte Goiano", "ID_LOCAL": 614, "NOME_ACEN": "Sete Ranchos", "POPULACAO": 0}}, {"type": "Feature", "geometry": {"crs": {"type": "name", "properties": {"name": "EPSG:4674"}}, "type": "MultiPoint", "coordinates": [[-48.613, -16.669089]]}, "properties": {"CD_MUN": "5220603", "GEOCOD": "LOC0584", "NM_MUN": "Silvânia", "RG_PLAN": "Sudeste Goiano", "ID_LOCAL": 224, "NOME_ACEN": "Silvânia", "POPULACAO": 11868}}, {"type": "Feature", "geometry": {"crs": {"type": "name", "properties": {"name": "EPSG:4674"}}, "type": "MultiPoint", "coordinates": [[-50.293806, -16.378575]]}, "properties": {"CD_MUN": "5220108", "GEOCOD": "LOC0585", "NM_MUN": "São Luís de Montes Belos", "RG_PLAN": "Oeste Goiano", "ID_LOCAL": 300, "NOME_ACEN": "Silvolândia", "POPULACAO": 261}}, {"type": "Feature", "geometry": {"crs": {"type": "name", "properties": {"name": "EPSG:4674"}}, "type": "MultiPoint", "coordinates": [[-46.488135, -14.474219]]}, "properties": {"CD_MUN": "5220686", "GEOCOD": "LOC0586", "NM_MUN": "Simolândia", "RG_PLAN": "Nordeste Goiano", "ID_LOCAL": 225, "NOME_ACEN": "Simolândia", "POPULACAO": 5735}}, {"type": "Feature", "geometry": {"crs": {"type": "name", "properties": {"name": "EPSG:4674"}}, "type": "MultiPoint", "coordinates": [[-46.254214, -14.803922]]}, "properties": {"CD_MUN": "5220702", "GEOCOD": "LOC0587", "NM_MUN": "Sítio d'Abadia", "RG_PLAN": "Nordeste Goiano", "ID_LOCAL": 226, "NOME_ACEN": "Sítio d'Abadia", "POPULACAO": 1034}}, {"type": "Feature", "geometry": {"crs": {"type": "name", "properties": {"name": "EPSG:4674"}}, "type": "MultiPoint", "coordinates": [[-46.184973, -14.513238]]}, "properties": {"CD_MUN": "5206701", "GEOCOD": "LOC0588", "NM_MUN": "Damianópolis", "RG_PLAN": "Nordeste Goiano", "ID_LOCAL": 572, "NOME_ACEN": "Sítio do Meio", "POPULACAO": 0}}, {"type": "Feature", "geometry": {"crs": {"type": "name", "properties": {"name": "EPSG:4674"}}, "type": "MultiPoint", "coordinates": [[-49.432736, -16.720319]]}, "properties": {"CD_MUN": "5200050", "GEOCOD": "LOC0589", "NM_MUN": "Abadia de Goiás", "RG_PLAN": "Metropolitana de Goiânia", "ID_LOCAL": 329, "NOME_ACEN": "Socorro", "POPULACAO": 330}}, {"type": "Feature", "geometry": {"crs": {"type": "name", "properties": {"name": "EPSG:4674"}}, "type": "MultiPoint", "coordinates": [[-48.935004, -15.127706]]}, "properties": {"CD_MUN": "5203203", "GEOCOD": "LOC0590", "NM_MUN": "Barro Alto", "RG_PLAN": "Centro Goiano", "ID_LOCAL": 360, "NOME_ACEN": "Souzalândia", "POPULACAO": 815}}, {"type": "Feature", "geometry": {"crs": {"type": "name", "properties": {"name": "EPSG:4674"}}, "type": "MultiPoint", "coordinates": [[-49.078257, -16.181948]]}, "properties": {"CD_MUN": "5201108", "GEOCOD": "LOC0591", "NM_MUN": "Anápolis", "RG_PLAN": "Centro Goiano", "ID_LOCAL": 321, "NOME_ACEN": "Souzânia", "POPULACAO": 0}}, {"type": "Feature", "geometry": {"crs": {"type": "name", "properties": {"name": "EPSG:4674"}}, "type": "MultiPoint", "coordinates": [[-46.341329, -13.027578]]}, "properties": {"CD_MUN": "5204904", "GEOCOD": "LOC0592", "NM_MUN": "Campos Belos", "RG_PLAN": "Nordeste Goiano", "ID_LOCAL": 477, "NOME_ACEN": "Sucupira", "POPULACAO": 0}}, {"type": "Feature", "geometry": {"crs": {"type": "name", "properties": {"name": "EPSG:4674"}}, "type": "MultiPoint", "coordinates": [[-46.395055, -14.226623]]}, "properties": {"CD_MUN": "5218300", "GEOCOD": "LOC0593", "NM_MUN": "Posse", "RG_PLAN": "Nordeste Goiano", "ID_LOCAL": 588, "NOME_ACEN": "Sucupira", "POPULACAO": 0}}, {"type": "Feature", "geometry": {"crs": {"type": "name", "properties": {"name": "EPSG:4674"}}, "type": "MultiPoint", "coordinates": [[-47.857147, -14.755425]]}, "properties": {"CD_MUN": "5214606", "GEOCOD": "LOC0594", "NM_MUN": "Niquelândia", "RG_PLAN": "Norte Goiano", "ID_LOCAL": 458, "NOME_ACEN": "Sucuri", "POPULACAO": 0}}, {"type": "Feature", "geometry": {"crs": {"type": "name", "properties": {"name": "EPSG:4674"}}, "type": "MultiPoint", "coordinates": [[-46.268249, -14.324914]]}, "properties": {"CD_MUN": "5218300", "GEOCOD": "LOC0595", "NM_MUN": "Posse", "RG_PLAN": "Nordeste Goiano", "ID_LOCAL": 589, "NOME_ACEN": "Sumidouro", "POPULACAO": 0}}, {"type": "Feature", "geometry": {"crs": {"type": "name", "properties": {"name": "EPSG:4674"}}, "type": "MultiPoint", "coordinates": [[-48.224613, -15.360011]]}, "properties": {"CD_MUN": "5215603", "GEOCOD": "LOC0596", "NM_MUN": "Padre Bernardo", "RG_PLAN": "Entorno Distrito Federal", "ID_LOCAL": 545, "NOME_ACEN": "Taboquinha", "POPULACAO": 0}}, {"type": "Feature", "geometry": {"crs": {"type": "name", "properties": {"name": "EPSG:4674"}}, "type": "MultiPoint", "coordinates": [[-46.460533, -13.736841]]}, "properties": {"CD_MUN": "5219803", "GEOCOD": "LOC0597", "NM_MUN": "São Domingos", "RG_PLAN": "Nordeste Goiano", "ID_LOCAL": 623, "NOME_ACEN": "Tabuleiro Grande", "POPULACAO": 0}}, {"type": "Feature", "geometry": {"crs": {"type": "name", "properties": {"name": "EPSG:4674"}}, "type": "MultiPoint", "coordinates": [[-48.191919, -15.108083]]}, "properties": {"CD_MUN": "5213053", "GEOCOD": "LOC0598", "NM_MUN": "Mimoso de Goiás", "RG_PLAN": "Entorno Distrito Federal", "ID_LOCAL": 608, "NOME_ACEN": "Tapagem", "POPULACAO": 0}}, {"type": "Feature", "geometry": {"crs": {"type": "name", "properties": {"name": "EPSG:4674"}}, "type": "MultiPoint", "coordinates": [[-49.604796, -16.054088]]}, "properties": {"CD_MUN": "5221007", "GEOCOD": "LOC0599", "NM_MUN": "Taquaral de Goiás", "RG_PLAN": "Centro Goiano", "ID_LOCAL": 227, "NOME_ACEN": "Taquaral de Goiás", "POPULACAO": 2698}}, {"type": "Feature", "geometry": {"crs": {"type": "name", "properties": {"name": "EPSG:4674"}}, "type": "MultiPoint", "coordinates": [[-49.975346, -13.079675]]}, "properties": {"CD_MUN": "5220207", "GEOCOD": "LOC0600", "NM_MUN": "São Miguel do Araguaia", "RG_PLAN": "Norte Goiano", "ID_LOCAL": 501, "NOME_ACEN": "Tataíra", "POPULACAO": 202}}, {"type": "Feature", "geometry": {"crs": {"type": "name", "properties": {"name": "EPSG:4674"}}, "type": "MultiPoint", "coordinates": [[-48.625216, -14.772195]]}, "properties": {"CD_MUN": "5214606", "GEOCOD": "LOC0601", "NM_MUN": "Niquelândia", "RG_PLAN": "Norte Goiano", "ID_LOCAL": 452, "NOME_ACEN": "Taveira", "POPULACAO": 1028}}, {"type": "Feature", "geometry": {"crs": {"type": "name", "properties": {"name": "EPSG:4674"}}, "type": "MultiPoint", "coordinates": [[-47.267234, -13.777056]]}, "properties": {"CD_MUN": "5221080", "GEOCOD": "LOC0602", "NM_MUN": "Teresina de Goiás", "RG_PLAN": "Nordeste Goiano", "ID_LOCAL": 228, "NOME_ACEN": "Teresina de Goiás", "POPULACAO": 1931}}, {"type": "Feature", "geometry": {"crs": {"type": "name", "properties": {"name": "EPSG:4674"}}, "type": "MultiPoint", "coordinates": [[-49.092744, -16.484203]]}, "properties": {"CD_MUN": "5221197", "GEOCOD": "LOC0603", "NM_MUN": "Terezópolis de Goiás", "RG_PLAN": "Metropolitana de Goiânia", "ID_LOCAL": 229, "NOME_ACEN": "Terezópolis de Goiás", "POPULACAO": 4909}}, {"type": "Feature", "geometry": {"crs": {"type": "name", "properties": {"name": "EPSG:4674"}}, "type": "MultiPoint", "coordinates": [[-46.356173, -13.734332]]}, "properties": {"CD_MUN": "5209408", "GEOCOD": "LOC0604", "NM_MUN": "Guarani de Goiás", "RG_PLAN": "Nordeste Goiano", "ID_LOCAL": 476, "NOME_ACEN": "Terra Ronca", "POPULACAO": 0}}, {"type": "Feature", "geometry": {"crs": {"type": "name", "properties": {"name": "EPSG:4674"}}, "type": "MultiPoint", "coordinates": [[-48.267462, -15.252658]]}, "properties": {"CD_MUN": "5215603", "GEOCOD": "LOC0605", "NM_MUN": "Padre Bernardo", "RG_PLAN": "Entorno Distrito Federal", "ID_LOCAL": 357, "NOME_ACEN": "Trajanópolis", "POPULACAO": 1901}}, {"type": "Feature", "geometry": {"crs": {"type": "name", "properties": {"name": "EPSG:4674"}}, "type": "MultiPoint", "coordinates": [[-47.780962, -18.360355]]}, "properties": {"CD_MUN": "5221304", "GEOCOD": "LOC0606", "NM_MUN": "Três Ranchos", "RG_PLAN": "Sudeste Goiano", "ID_LOCAL": 230, "NOME_ACEN": "Três Ranchos", "POPULACAO": 2528}}, {"type": "Feature", "geometry": {"crs": {"type": "name", "properties": {"name": "EPSG:4674"}}, "type": "MultiPoint", "coordinates": [[-48.013647, -16.311687]]}, "properties": {"CD_MUN": "5212501", "GEOCOD": "LOC0607", "NM_MUN": "Luziânia", "RG_PLAN": "Entorno Distrito Federal", "ID_LOCAL": 565, "NOME_ACEN": "Três Vendas", "POPULACAO": 0}}, {"type": "Feature", "geometry": {"crs": {"type": "name", "properties": {"name": "EPSG:4674"}}, "type": "MultiPoint", "coordinates": [[-50.705852, -15.880004]]}, "properties": {"CD_MUN": "5211008", "GEOCOD": "LOC0608", "NM_MUN": "Itapirapuã", "RG_PLAN": "Oeste Goiano", "ID_LOCAL": 410, "NOME_ACEN": "Trevânia", "POPULACAO": 0}}, {"type": "Feature", "geometry": {"crs": {"type": "name", "properties": {"name": "EPSG:4674"}}, "type": "MultiPoint", "coordinates": [[-48.942504, -16.511563]]}, "properties": {"CD_MUN": "5212303", "GEOCOD": "LOC0609", "NM_MUN": "Leopoldo de Bulhões", "RG_PLAN": "Sudeste Goiano", "ID_LOCAL": 533, "NOME_ACEN": "Trevo", "POPULACAO": 260}}, {"type": "Feature", "geometry": {"crs": {"type": "name", "properties": {"name": "EPSG:4674"}}, "type": "MultiPoint", "coordinates": [[-49.487321, -16.654891]]}, "properties": {"CD_MUN": "5221403", "GEOCOD": "LOC0610", "NM_MUN": "Trindade", "RG_PLAN": "Metropolitana de Goiânia", "ID_LOCAL": 231, "NOME_ACEN": "Trindade", "POPULACAO": 69166}}, {"type": "Feature", "geometry": {"crs": {"type": "name", "properties": {"name": "EPSG:4674"}}, "type": "MultiPoint", "coordinates": [[-48.746205, -13.508086]]}, "properties": {"CD_MUN": "5221452", "GEOCOD": "LOC0611", "NM_MUN": "Trombas", "RG_PLAN": "Norte Goiano", "ID_LOCAL": 232, "NOME_ACEN": "Trombas", "POPULACAO": 2267}}, {"type": "Feature", "geometry": {"crs": {"type": "name", "properties": {"name": "EPSG:4674"}}, "type": "MultiPoint", "coordinates": [[-48.552414, -14.469996]]}, "properties": {"CD_MUN": "5214606", "GEOCOD": "LOC0612", "NM_MUN": "Niquelândia", "RG_PLAN": "Norte Goiano", "ID_LOCAL": 528, "NOME_ACEN": "Tupiraçaba", "POPULACAO": 148}}, {"type": "Feature", "geometry": {"crs": {"type": "name", "properties": {"name": "EPSG:4674"}}, "type": "MultiPoint", "coordinates": [[-50.131406, -16.607466]]}, "properties": {"CD_MUN": "5221502", "GEOCOD": "LOC0613", "NM_MUN": "Turvânia", "RG_PLAN": "Oeste Goiano", "ID_LOCAL": 233, "NOME_ACEN": "Turvânia", "POPULACAO": 4036}}, {"type": "Feature", "geometry": {"crs": {"type": "name", "properties": {"name": "EPSG:4674"}}, "type": "MultiPoint", "coordinates": [[-50.305647, -17.851324]]}, "properties": {"CD_MUN": "5221551", "GEOCOD": "LOC0614", "NM_MUN": "Turvelândia", "RG_PLAN": "Sudoeste Goiano", "ID_LOCAL": 234, "NOME_ACEN": "Turvelândia", "POPULACAO": 2865}}, {"type": "Feature", "geometry": {"crs": {"type": "name", "properties": {"name": "EPSG:4674"}}, "type": "MultiPoint", "coordinates": [[-49.694206, -14.341803]]}, "properties": {"CD_MUN": "5219704", "GEOCOD": "LOC0615", "NM_MUN": "Santa Terezinha de Goiás", "RG_PLAN": "Norte Goiano", "ID_LOCAL": 590, "NOME_ACEN": "Tuxolândia", "POPULACAO": 215}}, {"type": "Feature", "geometry": {"crs": {"type": "name", "properties": {"name": "EPSG:4674"}}, "type": "MultiPoint", "coordinates": [[-49.923268, -14.285981]]}, "properties": {"CD_MUN": "5221577", "GEOCOD": "LOC0616", "NM_MUN": "Uirapuru", "RG_PLAN": "Norte Goiano", "ID_LOCAL": 235, "NOME_ACEN": "Uirapuru", "POPULACAO": 1524}}, {"type": "Feature", "geometry": {"crs": {"type": "name", "properties": {"name": "EPSG:4674"}}, "type": "MultiPoint", "coordinates": [[-49.156744, -14.522067]]}, "properties": {"CD_MUN": "5221601", "GEOCOD": "LOC0617", "NM_MUN": "Uruaçu", "RG_PLAN": "Norte Goiano", "ID_LOCAL": 236, "NOME_ACEN": "Uruaçu", "POPULACAO": 30253}}, {"type": "Feature", "geometry": {"crs": {"type": "name", "properties": {"name": "EPSG:4674"}}, "type": "MultiPoint", "coordinates": [[-49.331054, -14.632653]]}, "properties": {"CD_MUN": "5221601", "GEOCOD": "LOC0618", "NM_MUN": "Uruaçu", "RG_PLAN": "Norte Goiano", "ID_LOCAL": 437, "NOME_ACEN": "Urualina", "POPULACAO": 0}}, {"type": "Feature", "geometry": {"crs": {"type": "name", "properties": {"name": "EPSG:4674"}}, "type": "MultiPoint", "coordinates": [[-49.681136, -15.504278]]}, "properties": {"CD_MUN": "5221700", "GEOCOD": "LOC0619", "NM_MUN": "Uruana", "RG_PLAN": "Centro Goiano", "ID_LOCAL": 237, "NOME_ACEN": "Uruana", "POPULACAO": 10018}}, {"type": "Feature", "geometry": {"crs": {"type": "name", "properties": {"name": "EPSG:4674"}}, "type": "MultiPoint", "coordinates": [[-49.594171, -15.511108]]}, "properties": {"CD_MUN": "5221700", "GEOCOD": "LOC0620", "NM_MUN": "Uruana", "RG_PLAN": "Centro Goiano", "ID_LOCAL": 395, "NOME_ACEN": "Uruceres", "POPULACAO": 394}}, {"type": "Feature", "geometry": {"crs": {"type": "name", "properties": {"name": "EPSG:4674"}}, "type": "MultiPoint", "coordinates": [[-49.689163, -15.66918]]}, "properties": {"CD_MUN": "5221700", "GEOCOD": "LOC0621", "NM_MUN": "Uruana", "RG_PLAN": "Centro Goiano", "ID_LOCAL": 386, "NOME_ACEN": "Uruíta", "POPULACAO": 901}}, {"type": "Feature", "geometry": {"crs": {"type": "name", "properties": {"name": "EPSG:4674"}}, "type": "MultiPoint", "coordinates": [[-48.205489, -17.466962]]}, "properties": {"CD_MUN": "5221809", "GEOCOD": "LOC0622", "NM_MUN": "Urutaí", "RG_PLAN": "Sudeste Goiano", "ID_LOCAL": 238, "NOME_ACEN": "Urutaí", "POPULACAO": 2212}}, {"type": "Feature", "geometry": {"crs": {"type": "name", "properties": {"name": "EPSG:4674"}}, "type": "MultiPoint", "coordinates": [[-48.440506, -14.343279]]}, "properties": {"CD_MUN": "5214606", "GEOCOD": "LOC0623", "NM_MUN": "Niquelândia", "RG_PLAN": "Norte Goiano", "ID_LOCAL": 449, "NOME_ACEN": "Usina", "POPULACAO": 354}}, {"type": "Feature", "geometry": {"crs": {"type": "name", "properties": {"name": "EPSG:4674"}}, "type": "MultiPoint", "coordinates": [[-49.983795, -17.6911]]}, "properties": {"CD_MUN": "5222054", "GEOCOD": "LOC0624", "NM_MUN": "Vicentinópolis", "RG_PLAN": "Sul Goiano", "ID_LOCAL": 645, "NOME_ACEN": "Usina Caçu", "POPULACAO": 1}}, {"type": "Feature", "geometry": {"crs": {"type": "name", "properties": {"name": "EPSG:4674"}}, "type": "MultiPoint", "coordinates": [[-47.824706, -18.146005]]}, "properties": {"CD_MUN": "5215504", "GEOCOD": "LOC0625", "NM_MUN": "Ouvidor", "RG_PLAN": "Sudeste Goiano", "ID_LOCAL": 265, "NOME_ACEN": "Usina Fosfato", "POPULACAO": 0}}, {"type": "Feature", "geometry": {"crs": {"type": "name", "properties": {"name": "EPSG:4674"}}, "type": "MultiPoint", "coordinates": [[-50.439944, -15.898639]]}, "properties": {"CD_MUN": "5208905", "GEOCOD": "LOC0626", "NM_MUN": "Goiás", "RG_PLAN": "Noroeste Goiano", "ID_LOCAL": 412, "NOME_ACEN": "Uvá", "POPULACAO": 284}}, {"type": "Feature", "geometry": {"crs": {"type": "name", "properties": {"name": "EPSG:4674"}}, "type": "MultiPoint", "coordinates": [[-50.003146, -15.216898]]}, "properties": {"CD_MUN": "5218904", "GEOCOD": "LOC0627", "NM_MUN": "Rubiataba", "RG_PLAN": "Centro Goiano", "ID_LOCAL": 402, "NOME_ACEN": "Valdelândia", "POPULACAO": 195}}, {"type": "Feature", "geometry": {"crs": {"type": "name", "properties": {"name": "EPSG:4674"}}, "type": "MultiPoint", "coordinates": [[-47.982869, -16.061619]]}, "properties": {"CD_MUN": "5221858", "GEOCOD": "LOC0628", "NM_MUN": "Valparaíso de Goiás", "RG_PLAN": "Entorno Distrito Federal", "ID_LOCAL": 7, "NOME_ACEN": "Valparaíso de Goiás", "POPULACAO": 114450}}, {"type": "Feature", "geometry": {"crs": {"type": "name", "properties": {"name": "EPSG:4674"}}, "type": "MultiPoint", "coordinates": [[-49.634567, -17.043312]]}, "properties": {"CD_MUN": "5221908", "GEOCOD": "LOC0629", "NM_MUN": "Varjão", "RG_PLAN": "Sul Goiano", "ID_LOCAL": 239, "NOME_ACEN": "Varjão", "POPULACAO": 2192}}, {"type": "Feature", "geometry": {"crs": {"type": "name", "properties": {"name": "EPSG:4674"}}, "type": "MultiPoint", "coordinates": [[-46.599992, -13.290262]]}, "properties": {"CD_MUN": "5208301", "GEOCOD": "LOC0630", "NM_MUN": "Divinópolis de Goiás", "RG_PLAN": "Nordeste Goiano", "ID_LOCAL": 480, "NOME_ACEN": "Vazante", "POPULACAO": 595}}, {"type": "Feature", "geometry": {"crs": {"type": "name", "properties": {"name": "EPSG:4674"}}, "type": "MultiPoint", "coordinates": [[-49.625793, -17.99661]]}, "properties": {"CD_MUN": "5209101", "GEOCOD": "LOC0631", "NM_MUN": "Goiatuba", "RG_PLAN": "Sul Goiano", "ID_LOCAL": 276, "NOME_ACEN": "Venda Seca", "POPULACAO": 0}}, {"type": "Feature", "geometry": {"crs": {"type": "name", "properties": {"name": "EPSG:4674"}}, "type": "MultiPoint", "coordinates": [[-48.375831, -17.672914]]}, "properties": {"CD_MUN": "5210109", "GEOCOD": "LOC0632", "NM_MUN": "Ipameri", "RG_PLAN": "Sudeste Goiano", "ID_LOCAL": 543, "NOME_ACEN": "Vendinha", "POPULACAO": 0}}, {"type": "Feature", "geometry": {"crs": {"type": "name", "properties": {"name": "EPSG:4674"}}, "type": "MultiPoint", "coordinates": [[-48.214071, -15.608337]]}, "properties": {"CD_MUN": "5215603", "GEOCOD": "LOC0633", "NM_MUN": "Padre Bernardo", "RG_PLAN": "Entorno Distrito Federal", "ID_LOCAL": 641, "NOME_ACEN": "Vendinha", "POPULACAO": 0}}, {"type": "Feature", "geometry": {"crs": {"type": "name", "properties": {"name": "EPSG:4674"}}, "type": "MultiPoint", "coordinates": [[-49.215805, -13.61131]]}, "properties": {"CD_MUN": "5214101", "GEOCOD": "LOC0634", "NM_MUN": "Mutunópolis", "RG_PLAN": "Norte Goiano", "ID_LOCAL": 538, "NOME_ACEN": "Venerândia", "POPULACAO": 0}}, {"type": "Feature", "geometry": {"crs": {"type": "name", "properties": {"name": "EPSG:4674"}}, "type": "MultiPoint", "coordinates": [[-49.255435, -16.13834]]}, "properties": {"CD_MUN": "5216809", "GEOCOD": "LOC0635", "NM_MUN": "Petrolina de Goiás", "RG_PLAN": "Centro Goiano", "ID_LOCAL": 546, "NOME_ACEN": "Veniápolis", "POPULACAO": 0}}, {"type": "Feature", "geometry": {"crs": {"type": "name", "properties": {"name": "EPSG:4674"}}, "type": "MultiPoint", "coordinates": [[-49.083763, -14.977605]]}, "properties": {"CD_MUN": "5219456", "GEOCOD": "LOC0636", "NM_MUN": "Santa Rita do Novo Destino", "RG_PLAN": "Centro Goiano", "ID_LOCAL": 444, "NOME_ACEN": "Verdelândia", "POPULACAO": 330}}, {"type": "Feature", "geometry": {"crs": {"type": "name", "properties": {"name": "EPSG:4674"}}, "type": "MultiPoint", "coordinates": [[-48.518093, -16.751196]]}, "properties": {"CD_MUN": "5222005", "GEOCOD": "LOC0637", "NM_MUN": "Vianópolis", "RG_PLAN": "Sudeste Goiano", "ID_LOCAL": 240, "NOME_ACEN": "Vianópolis", "POPULACAO": 8884}}, {"type": "Feature", "geometry": {"crs": {"type": "name", "properties": {"name": "EPSG:4674"}}, "type": "MultiPoint", "coordinates": [[-49.80462, -17.730382]]}, "properties": {"CD_MUN": "5222054", "GEOCOD": "LOC0638", "NM_MUN": "Vicentinópolis", "RG_PLAN": "Sul Goiano", "ID_LOCAL": 241, "NOME_ACEN": "Vicentinópolis", "POPULACAO": 5189}}, {"type": "Feature", "geometry": {"crs": {"type": "name", "properties": {"name": "EPSG:4674"}}, "type": "MultiPoint", "coordinates": [[-47.059285, -15.039815]]}, "properties": {"CD_MUN": "5222203", "GEOCOD": "LOC0639", "NM_MUN": "Vila Boa", "RG_PLAN": "Entorno Distrito Federal", "ID_LOCAL": 242, "NOME_ACEN": "Vila Boa", "POPULACAO": 3188}}, {"type": "Feature", "geometry": {"crs": {"type": "name", "properties": {"name": "EPSG:4674"}}, "type": "MultiPoint", "coordinates": [[-48.076146, -13.906089]]}, "properties": {"CD_MUN": "5205521", "GEOCOD": "LOC0640", "NM_MUN": "Colinas do Sul", "RG_PLAN": "Nordeste Goiano", "ID_LOCAL": 558, "NOME_ACEN": "Vila Borba", "POPULACAO": 0}}, {"type": "Feature", "geometry": {"crs": {"type": "name", "properties": {"name": "EPSG:4674"}}, "type": "MultiPoint", "coordinates": [[-49.407835, -16.348792]]}, "properties": {"CD_MUN": "5203609", "GEOCOD": "LOC0641", "NM_MUN": "Brazabrantes", "RG_PLAN": "Metropolitana de Goiânia", "ID_LOCAL": 322, "NOME_ACEN": "Vila Nova", "POPULACAO": 512}}, {"type": "Feature", "geometry": {"crs": {"type": "name", "properties": {"name": "EPSG:4674"}}, "type": "MultiPoint", "coordinates": [[-46.179916, -14.422336]]}, "properties": {"CD_MUN": "5212709", "GEOCOD": "LOC0642", "NM_MUN": "Mambaí", "RG_PLAN": "Nordeste Goiano", "ID_LOCAL": 463, "NOME_ACEN": "Vila Nova", "POPULACAO": 0}}, {"type": "Feature", "geometry": {"crs": {"type": "name", "properties": {"name": "EPSG:4674"}}, "type": "MultiPoint", "coordinates": [[-48.952898, -16.478012]]}, "properties": {"CD_MUN": "5212303", "GEOCOD": "LOC0643", "NM_MUN": "Leopoldo de Bulhões", "RG_PLAN": "Sudeste Goiano", "ID_LOCAL": 570, "NOME_ACEN": "Vila Nova", "POPULACAO": 182}}, {"type": "Feature", "geometry": {"crs": {"type": "name", "properties": {"name": "EPSG:4674"}}, "type": "MultiPoint", "coordinates": [[-48.885714, -15.46002]]}, "properties": {"CD_MUN": "5222302", "GEOCOD": "LOC0644", "NM_MUN": "Vila Propício", "RG_PLAN": "Centro Goiano", "ID_LOCAL": 4, "NOME_ACEN": "Vila Propício", "POPULACAO": 1434}}, {"type": "Feature", "geometry": {"crs": {"type": "name", "properties": {"name": "EPSG:4674"}}, "type": "MultiPoint", "coordinates": [[-49.206398, -16.461594]]}, "properties": {"CD_MUN": "5208707", "GEOCOD": "LOC0645", "NM_MUN": "Goiânia", "RG_PLAN": "Metropolitana de Goiânia", "ID_LOCAL": 325, "NOME_ACEN": "Vila Rica", "POPULACAO": 0}}, {"type": "Feature", "geometry": {"crs": {"type": "name", "properties": {"name": "EPSG:4674"}}, "type": "MultiPoint", "coordinates": [[-46.194235, -14.62997]]}, "properties": {"CD_MUN": "5220702", "GEOCOD": "LOC0646", "NM_MUN": "Sítio d'Abadia", "RG_PLAN": "Nordeste Goiano", "ID_LOCAL": 525, "NOME_ACEN": "Vila São Vidal", "POPULACAO": 0}}, {"type": "Feature", "geometry": {"crs": {"type": "name", "properties": {"name": "EPSG:4674"}}, "type": "MultiPoint", "coordinates": [[-49.980098, -14.091651]]}, "properties": {"CD_MUN": "5221577", "GEOCOD": "LOC0647", "NM_MUN": "Uirapuru", "RG_PLAN": "Norte Goiano", "ID_LOCAL": 428, "NOME_ACEN": "Vila Sertaneja", "POPULACAO": 389}}, {"type": "Feature", "geometry": {"crs": {"type": "name", "properties": {"name": "EPSG:4674"}}, "type": "MultiPoint", "coordinates": [[-48.055776, -13.557146]]}, "properties": {"CD_MUN": "5205307", "GEOCOD": "LOC0648", "NM_MUN": "Cavalcante", "RG_PLAN": "Nordeste Goiano", "ID_LOCAL": 522, "NOME_ACEN": "Vila Veneno", "POPULACAO": 0}}, {"type": "Feature", "geometry": {"crs": {"type": "name", "properties": {"name": "EPSG:4674"}}, "type": "MultiPoint", "coordinates": [[-47.452888, -17.322207]]}, "properties": {"CD_MUN": "5206206", "GEOCOD": "LOC0649", "NM_MUN": "Cristalina", "RG_PLAN": "Entorno Distrito Federal", "ID_LOCAL": 270, "NOME_ACEN": "Vista Alegre", "POPULACAO": 600}}, {"type": "Feature", "geometry": {"crs": {"type": "name", "properties": {"name": "EPSG:4674"}}, "type": "MultiPoint", "coordinates": [[-50.287666, -15.549905]]}, "properties": {"CD_MUN": "5207535", "GEOCOD": "LOC0650", "NM_MUN": "Faina", "RG_PLAN": "Noroeste Goiano", "ID_LOCAL": 604, "NOME_ACEN": "Visto Belo", "POPULACAO": 0}}, {"type": "Feature", "geometry": {"crs": {"type": "name", "properties": {"name": "EPSG:4674"}}, "type": "MultiPoint", "coordinates": [[-50.826938, -14.077626]]}, "properties": {"CD_MUN": "5214838", "GEOCOD": "LOC0651", "NM_MUN": "Nova Crixás", "RG_PLAN": "Norte Goiano", "ID_LOCAL": 445, "NOME_ACEN": "Xixá", "POPULACAO": 0}}]}