{"type": "FeatureCollection", "features": [{"type": "Feature", "geometry": {"crs": {"type": "name", "properties": {"name": "EPSG:4674"}}, "type": "MultiPolygon", "coordinates": [[[[-49.706994, -14.437776, 0], [-49.706949, -14.437217, 0], [-49.708359, -14.43644, 0], [-49.708949, -14.436743, 0], [-49.923523, -14.289178, 0], [-50.321897, -13.924946, 300.3352], [-50.321803, -13.924629, 0], [-50.325507, -13.901084, 0], [-50.328445, -13.89058, 0], [-50.328445, -13.89058, 282.1447], [-50.403094, -13.851414, 0], [-50.62588, -13.336054, 0], [-50.624626, -13.335123, 0], [-50.612559, -13.318233, 0], [-50.607601, -13.311293, 0], [-50.605801, -13.277722, 0], [-50.603087, -13.270547, 0], [-50.58862, -13.249636, 0], [-50.585416, -13.220202, 0], [-50.586928, -13.21289, 0], [-50.602441, -13.198553, 0], [-50.60352, -13.194629, 0], [-50.602181, -13.181223, 0], [-50.595789, -13.170957, 0], [-50.599513, -13.146811, 0], [-50.590694, -13.110112, 0], [-50.594792, -13.095594, 0], [-50.601958, -13.090119, 0], [-50.611153, -13.063508, 0], [-50.606791, -13.057583, 0], [-50.577321, -13.05152, 0], [-50.56957, -13.039566, 0], [-50.572399, -13.032971, 0], [-50.587935, -13.024844, 0], [-50.593402, -13.003293, 0], [-50.579205, -12.998303, 0], [-50.565794, -13.004348, 0], [-50.557216, -13.002897, 0], [-50.542634, -12.983628, 0], [-50.526325, -12.976856, 0], [-50.525352, -12.937913, 0], [-50.517278, -12.921005, 0], [-50.514762, -12.900894, 0], [-50.502628, -12.884768, 0], [-50.502861, -12.873491, 0], [-50.511467, -12.861137, 0], [-50.496084, -12.842714, 0], [-50.491461, -12.829273, 0], [-50.494574, -12.819811, 0], [-50.491544, -12.814494, 0], [-50.485234, -12.812398, 0], [-50.494268, -12.786092, 0], [-50.485069, -12.776406, 0], [-50.476155, -12.772524, 0], [-50.477872, -12.760716, 0], [-50.468928, -12.755834, 0], [-50.472322, -12.752709, 0], [-50.483598, -12.753032, 0], [-50.486407, -12.749007, 0], [-50.482787, -12.739711, 0], [-50.468703, -12.736525, 0], [-50.466835, -12.730778, 0], [-50.468514, -12.721741, 0], [-50.479182, -12.716721, 0], [-50.478458, -12.710386, 0], [-50.464791, -12.703932, 0], [-50.462177, -12.694714, 0], [-50.441661, -12.69818, 0], [-50.435769, -12.694747, 0], [-50.432955, -12.690432, 0], [-50.437238, -12.678506, 0], [-50.432795, -12.669665, 0], [-50.437396, -12.661732, 0], [-50.429344, -12.65432, 0], [-50.429242, -12.652855, 0], [-50.43092, -12.651834, 0], [-50.434426, -12.652163, 0], [-50.438606, -12.658081, 0], [-50.439156, -12.658074, 0], [-50.441263, -12.653706, 0], [-50.427763, -12.642896, 0], [-50.418908, -12.652065, 0], [-50.413735, -12.650576, 0], [-50.412099, -12.646611, 0], [-50.419043, -12.625039, 0], [-50.407565, -12.615113, 0], [-50.39281, -12.612373, 0], [-50.391798, -12.607126, 0], [-50.39885, -12.602819, 0], [-50.387706, -12.590681, 0], [-50.382658, -12.577694, 0], [-50.37116, -12.576002, 0], [-50.366901, -12.571882, 0], [-50.370173, -12.56042, 0], [-50.36698, -12.555101, 0], [-50.358924, -12.554195, 0], [-50.366318, -12.546501, 0], [-50.360117, -12.542113, 0], [-50.346733, -12.543545, 0], [-50.348006, -12.535369, 0], [-50.345232, -12.533683, 0], [-50.332552, -12.53655, 0], [-50.330987, -12.531855, 0], [-50.334925, -12.520836, 0], [-50.330637, -12.515461, 0], [-50.314537, -12.521974, 0], [-50.313611, -12.518232, 0], [-50.31921, -12.509675, 0], [-50.324787, -12.508497, 0], [-50.320521, -12.504413, 0], [-50.312584, -12.498211, 0], [-50.290129, -12.488512, 0], [-50.283876, -12.480176, 0], [-50.268129, -12.47992, 0], [-50.265024, -12.479027, 0], [-50.262797, -12.47737, 0], [-50.253261, -12.462448, 0], [-50.230588, -12.45617, 0], [-50.222954, -12.446547, 0], [-50.208005, -12.449242, 0], [-50.208569, -12.442898, 0], [-50.216126, -12.441822, 0], [-50.212728, -12.437554, 0], [-50.199074, -12.432549, 0], [-50.185833, -12.431952, 0], [-50.184545, -12.43074, 0], [-50.18515, -12.426086, 0], [-50.198345, -12.419549, 0], [-50.196975, -12.413777, 0], [-50.189429, -12.41412, 0], [-50.189036, -12.421108, 0], [-50.183538, -12.424254, 0], [-50.175484, -12.424165, 0], [-50.171621, -12.420438, 0], [-50.171793, -12.408497, 0], [-50.14307, -12.396365, 0], [-50.158617, -12.412807, 0], [-50.159865, -12.43027, 0], [-50.161791, -12.433578, 0], [-50.165844, -12.437601, 0], [-50.166131, -12.437654, 0], [-50.180093, -12.440306, 0], [-50.181276, -12.444172, 0], [-50.184646, -12.455735, 0], [-50.197001, -12.458921, 0], [-50.205649, -12.466288, 0], [-50.205402, -12.476153, 0], [-50.215875, -12.484861, 0], [-50.216429, -12.485991, 0], [-50.220286, -12.518036, 0], [-50.23012, -12.532795, 0], [-50.223345, -12.544016, 0], [-50.214178, -12.548835, 0], [-50.21244, -12.561905, 0], [-50.206763, -12.560727, 0], [-50.206476, -12.554446, 0], [-50.203901, -12.554019, 0], [-50.198309, -12.555886, 0], [-50.193565, -12.564744, 0], [-50.204449, -12.56463, 0], [-50.208739, -12.573466, 0], [-50.226295, -12.586005, 0], [-50.228793, -12.586658, 0], [-50.231028, -12.5861, 0], [-50.235351, -12.578245, 0], [-50.238598, -12.580023, 0], [-50.2461, -12.597802, 0], [-50.237371, -12.624466, 0], [-50.248985, -12.631504, 0], [-50.255564, -12.625445, 0], [-50.257509, -12.635392, 0], [-50.262817, -12.638149, 0], [-50.259957, -12.646249, 0], [-50.27021, -12.655288, 0], [-50.264588, -12.66433, 0], [-50.270926, -12.678043, 0], [-50.267211, -12.682888, 0], [-50.273324, -12.683636, 0], [-50.278785, -12.678498, 0], [-50.281599, -12.689432, 0], [-50.284498, -12.685245, 0], [-50.286406, -12.68249, 0], [-50.290929, -12.683439, 0], [-50.293124, -12.688944, 0], [-50.296121, -12.684928, 0], [-50.295733, -12.678113, 0], [-50.300499, -12.681324, 0], [-50.294679, -12.696086, 0], [-50.295989, -12.705507, 0], [-50.299652, -12.706954, 0], [-50.299374, -12.707548, 0], [-50.284625, -12.71862, 0], [-50.28915, -12.735682, 0], [-50.298786, -12.740293, 0], [-50.297071, -12.743028, 0], [-50.302652, -12.74614, 0], [-50.295899, -12.753923, 0], [-50.305899, -12.767548, 0], [-50.303783, -12.781693, 0], [-50.30455, -12.785682, 0], [-50.304893, -12.786751, 0], [-50.310102, -12.791578, 0], [-50.311675, -12.798982, 0], [-50.306988, -12.805388, 0], [-50.308126, -12.818556, 0], [-50.306122, -12.822438, 0], [-50.302231, -12.820771, 0], [-50.29944, -12.826991, 0], [-50.296411, -12.829162, 0], [-50.293042, -12.840352, 0], [-50.291305, -12.838605, 0], [-50.289567, -12.836858, 0], [-50.28504, -12.84388, 0], [-50.283707, -12.841089, 0], [-50.275215, -12.844602, 0], [-50.272069, -12.841493, 0], [-50.262681, -12.845222, 0], [-50.263924, -12.848205, 0], [-50.251485, -12.850237, 0], [-50.251252, -12.854154, 0], [-50.242732, -12.853146, 0], [-50.236516, -12.858109, 0], [-50.231932, -12.854537, 0], [-50.232174, -12.858886, 0], [-50.226146, -12.861872, 0], [-50.225513, -12.874734, 0], [-50.213733, -12.87867, 0], [-50.211564, -12.876697, 0], [-50.205121, -12.885834, 0], [-50.200406, -12.884701, 0], [-50.196181, -12.891085, 0], [-50.183819, -12.897206, 0], [-50.18348, -12.893406, 0], [-50.1769, -12.892392, 0], [-50.173375, -12.897597, 0], [-50.161043, -12.894096, 0], [-50.150229, -12.903366, 0], [-50.127349, -12.905608, 0], [-50.110108, -12.91184, 0], [-50.10434, -12.908478, 0], [-50.079286, -12.906374, 0], [-50.072487, -12.917107, 0], [-50.050728, -12.922984, 0], [-50.04485, -12.933927, 0], [-50.039315, -12.935702, 0], [-50.018344, -12.929658, 0], [-50.003404, -12.934184, 0], [-49.99017, -12.946406, 0], [-49.978927, -12.940292, 0], [-49.953158, -12.960234, 0], [-49.939815, -12.957363, 0], [-49.918523, -12.964478, 0], [-49.913764, -12.966429, 0], [-49.909543, -12.974501, 0], [-49.609004, -13.143594, 0], [-49.608803, -13.143707, 0], [-49.465828, -13.222983, 0], [-49.369883, -13.275037, 0], [-49.342464, -13.255568, 0], [-49.340488, -13.24355, 0], [-49.340344, -13.236865, 0], [-49.349333, -13.214358, 0], [-49.344615, -13.201597, 0], [-49.344923, -13.200357, 0], [-49.348061, -13.187747, 0], [-49.345248, -13.17776, 0], [-49.355219, -13.154218, 0], [-49.353113, -13.14443, 0], [-49.342334, -13.127644, 0], [-49.345221, -13.117865, 0], [-49.354366, -13.111181, 0], [-49.354783, -13.103425, 0], [-49.337857, -13.066732, 0], [-49.322607, -13.05252, 0], [-49.301254, -13.024331, 0], [-49.28428, -12.992096, 0], [-49.279249, -12.989453, 0], [-49.276107, -12.981142, 0], [-49.280145, -12.977264, 0], [-49.279778, -12.973432, 0], [-49.279413, -12.969601, 0], [-49.267857, -12.945071, 0], [-49.263526, -12.94063, 0], [-49.258213, -12.942236, 0], [-49.257642, -12.935522, 0], [-49.252829, -12.931765, 0], [-49.24686, -12.917339, 0], [-49.249907, -12.903218, 0], [-49.235765, -12.8941, 0], [-49.23765, -12.885204, 0], [-49.237803, -12.884406, 0], [-49.231841, -12.884126, 0], [-49.22897, -12.878369, 0], [-49.223001, -12.87705, 0], [-49.211413, -12.878794, 0], [-49.209218, -12.873942, 0], [-49.196888, -12.867686, 0], [-49.193496, -12.857558, 0], [-49.185469, -12.849503, 0], [-49.164546, -12.837006, 0], [-49.151757, -12.821778, 0], [-49.146327, -12.820452, 0], [-49.13733, -12.801335, 0], [-49.119471, -12.790795, 0], [-49.106607, -12.836544, 0], [-49.097107, -12.836432, 0], [-49.083494, -12.84591, 0], [-49.067906, -12.847775, 0], [-49.072718, -12.853191, 0], [-49.070995, -12.860044, 0], [-49.074272, -12.869998, 0], [-49.085693, -12.879581, 0], [-49.081326, -12.884383, 0], [-49.087702, -12.888512, 0], [-49.088076, -12.891961, 0], [-49.082975, -12.89293, 0], [-49.085594, -12.894898, 0], [-49.078466, -12.904145, 0], [-49.054166, -12.908997, 0], [-49.050431, -12.913419, 0], [-49.046552, -12.91118, 0], [-49.056187, -12.942495, 0], [-49.198836, -13.102623, 0], [-49.244843, -13.188488, 0], [-49.131153, -13.416921, 395.5822], [-49.146474, -13.440886, 405.2103], [-49.145127, -13.470686, 0], [-49.051362, -13.865723, 457.6134], [-49.085289, -14.011897, 568.7047], [-49.085802, -14.014917, 562.1217], [-49.350934, -14.191552, 0], [-49.351092, -14.191573, 0], [-49.385767, -14.28854, 0], [-49.467358, -14.454702, 0], [-49.706994, -14.437776, 0]]]]}, "properties": {"REG": "1", "Name": "1", "GEOCOD": "REG0001"}}, {"type": "Feature", "geometry": {"crs": {"type": "name", "properties": {"name": "EPSG:4674"}}, "type": "MultiPolygon", "coordinates": [[[[-49.046552, -12.91118, 0], [-49.033939, -12.903898, 0], [-49.024906, -12.907043, 0], [-49.021191, -12.912494, 0], [-49.010268, -12.91714, 0], [-49.005271, -12.932987, 0], [-48.980575, -12.948679, 0], [-48.976015, -12.957637, 0], [-48.88009, -12.81923, 0], [-48.878518, -12.816962, 0], [-48.876473, -12.815729, 0], [-48.868957, -12.816318, 0], [-48.874403, -12.807818, 0], [-48.870277, -12.804841, 0], [-48.863243, -12.80542, 0], [-48.862964, -12.810133, 0], [-48.857887, -12.805858, 0], [-48.847153, -12.810241, 0], [-48.847932, -12.818674, 0], [-48.842547, -12.8309, 0], [-48.845713, -12.84114, 0], [-48.842745, -12.844843, 0], [-48.831766, -12.844878, 0], [-48.831655, -12.842354, 0], [-48.826292, -12.845946, 0], [-48.821326, -12.844743, 0], [-48.818407, -12.853981, 0], [-48.812918, -12.859531, 0], [-48.814935, -12.864565, 0], [-48.805683, -12.86734, 0], [-48.806421, -12.870378, 0], [-48.800213, -12.873833, 0], [-48.800463, -12.877188, 0], [-48.795294, -12.876894, 0], [-48.791744, -12.884669, 0], [-48.78714, -12.885548, 0], [-48.786409, -12.881021, 0], [-48.765037, -12.901083, 0], [-48.760946, -12.906908, 0], [-48.754933, -12.908506, 0], [-48.74927, -12.918089, 0], [-48.73696, -12.921465, 0], [-48.735037, -12.932943, 0], [-48.739597, -12.946582, 0], [-48.731103, -12.961961, 0], [-48.734828, -12.975929, 0], [-48.73113, -12.990228, 0], [-48.725606, -12.991737, 0], [-48.718194, -13.002759, 0], [-48.712795, -13.000195, 0], [-48.707892, -13.005033, 0], [-48.702145, -12.998563, 0], [-48.695325, -12.996654, 0], [-48.691754, -13.003331, 0], [-48.687019, -13.002912, 0], [-48.683795, -12.99433, 0], [-48.674953, -12.995712, 0], [-48.668547, -13.004056, 0], [-48.664767, -13.001954, 0], [-48.657493, -13.005884, 0], [-48.656938, -13.013215, 0], [-48.648238, -13.011271, 0], [-48.640824, -13.015449, 0], [-48.638717, -13.018816, 0], [-48.637539, -13.035106, 0], [-48.628111, -13.052594, 0], [-48.62024, -13.052846, 0], [-48.613151, -13.060228, 0], [-48.60382, -13.059677, 0], [-48.602483, -13.060763, 0], [-48.60195, -13.063312, 0], [-48.603157, -13.078728, 0], [-48.596853, -13.079047, 0], [-48.598663, -13.084138, 0], [-48.589317, -13.100011, 0], [-48.597016, -13.107311, 0], [-48.586039, -13.106515, 0], [-48.577482, -13.126114, 0], [-48.579049, -13.12703, 0], [-48.582182, -13.128863, 0], [-48.582613, -13.142044, 0], [-48.589629, -13.145584, 0], [-48.590975, -13.150921, 0], [-48.597149, -13.153068, 0], [-48.592929, -13.159103, 0], [-48.586849, -13.159515, 0], [-48.587624, -13.167491, 0], [-48.578325, -13.174588, 0], [-48.584099, -13.181327, 0], [-48.578316, -13.187907, 0], [-48.580877, -13.191821, 0], [-48.580843, -13.192549, 0], [-48.58013, -13.207845, 0], [-48.584069, -13.210969, 0], [-48.583695, -13.222588, 0], [-48.594153, -13.235938, 0], [-48.600956, -13.239069, 0], [-48.598324, -13.247117, 0], [-48.588022, -13.255189, 0], [-48.592061, -13.256847, 0], [-48.589959, -13.264355, 0], [-48.598614, -13.284676, 0], [-48.60093, -13.295601, 0], [-48.586794, -13.318054, 0], [-48.57863, -13.315549, 0], [-48.568066, -13.312307, 0], [-48.553991, -13.302421, 0], [-48.55424, -13.280952, 0], [-48.560124, -13.274382, 0], [-48.555324, -13.258767, 0], [-48.555574, -13.238258, 0], [-48.550267, -13.231011, 0], [-48.554094, -13.22578, 0], [-48.554991, -13.205408, 0], [-48.544711, -13.195608, 0], [-48.530767, -13.193002, 0], [-48.530542, -13.185299, 0], [-48.521628, -13.167216, 0], [-48.522377, -13.141325, 0], [-48.509226, -13.12927, 0], [-48.509181, -13.129363, 0], [-48.506909, -13.133944, 0], [-48.49538, -13.137018, 0], [-48.488406, -13.143219, 0], [-48.481006, -13.142361, 0], [-48.480012, -13.133652, 0], [-48.475617, -13.136728, 0], [-48.472937, -13.143214, 0], [-48.469009, -13.162807, 0], [-48.47279, -13.166863, 0], [-48.472371, -13.17357, 0], [-48.477957, -13.179154, 0], [-48.475517, -13.192129, 0], [-48.478121, -13.197379, 0], [-48.473205, -13.202824, 0], [-48.47221, -13.211996, 0], [-48.475735, -13.216647, 0], [-48.472903, -13.223597, 0], [-48.475659, -13.236174, 0], [-48.470849, -13.236569, 0], [-48.468402, -13.244735, 0], [-48.45749, -13.249135, 0], [-48.461121, -13.250024, 0], [-48.461794, -13.258993, 0], [-48.456823, -13.260099, 0], [-48.46018, -13.262259, 0], [-48.462288, -13.263613, 0], [-48.460733, -13.280052, 0], [-48.460624, -13.281202, 0], [-48.44724, -13.284173, 0], [-48.442096, -13.292809, 0], [-48.435602, -13.289304, 0], [-48.437238, -13.284673, 0], [-48.431212, -13.280627, 0], [-48.432927, -13.275813, 0], [-48.430236, -13.272021, 0], [-48.417097, -13.275161, 0], [-48.407623, -13.26786, 0], [-48.402292, -13.270879, 0], [-48.391546, -13.26839, 0], [-48.388821, -13.261521, 0], [-48.386064, -13.266514, 0], [-48.379821, -13.256312, 0], [-48.37446, -13.256333, 0], [-48.371376, -13.249916, 0], [-48.363405, -13.247416, 0], [-48.361541, -13.243645, 0], [-48.351259, -13.242299, 0], [-48.346949, -13.248843, 0], [-48.342152, -13.250133, 0], [-48.337317, -13.247524, 0], [-48.344311, -13.242062, 0], [-48.341073, -13.237276, 0], [-48.342509, -13.22884, 0], [-48.330511, -13.232469, 0], [-48.327167, -13.232579, 0], [-48.3179, -13.230401, 0], [-48.317134, -13.234387, 0], [-48.311505, -13.235521, 0], [-48.308248, -13.235815, 0], [-48.307617, -13.234447, 0], [-48.307763, -13.232873, 0], [-48.311074, -13.232786, 0], [-48.307178, -13.228906, 0], [-48.30937, -13.22736, 0], [-48.292987, -13.219993, 0], [-48.293507, -13.215821, 0], [-48.289177, -13.216024, 0], [-48.288387, -13.205681, 0], [-48.285421, -13.206338, 0], [-48.280954, -13.200108, 0], [-48.276901, -13.199946, 0], [-48.280423, -13.207092, 0], [-48.26904, -13.20325, 0], [-48.265818, -13.20543, 0], [-48.263119, -13.197676, 0], [-48.251273, -13.197432, 0], [-48.250931, -13.197002, 0], [-48.243262, -13.187856, 0], [-48.245839, -13.184944, 0], [-48.239263, -13.18089, 0], [-48.232263, -13.16861, 0], [-48.225536, -13.174162, 0], [-48.217288, -13.169027, 0], [-48.214473, -13.171955, 0], [-48.211895, -13.174571, 0], [-48.196135, -13.173206, 0], [-48.195015, -13.170252, 0], [-48.197282, -13.164033, 0], [-48.186729, -13.157282, 0], [-48.190985, -13.154911, 0], [-48.184144, -13.156207, 0], [-48.174316, -13.148544, 0], [-48.165329, -13.157798, 0], [-48.162871, -13.154564, 0], [-48.158338, -13.157396, 0], [-48.147034, -13.152452, 0], [-48.145504, -13.154824, 0], [-48.155222, -13.165508, 0], [-48.155929, -13.175347, 0], [-48.164275, -13.184527, 0], [-48.16467, -13.188828, 0], [-48.16461, -13.197524, 0], [-48.164589, -13.200538, 0], [-48.163993, -13.202582, 0], [-48.162241, -13.208582, 0], [-48.161874, -13.209076, 0], [-48.153707, -13.220111, 0], [-48.164105, -13.229956, 0], [-48.168175, -13.238221, 0], [-48.169035, -13.244058, 0], [-48.163305, -13.246083, 0], [-48.156868, -13.25072, 0], [-48.154117, -13.279637, 0], [-48.17019, -13.29979, 0], [-48.165784, -13.30623, 0], [-48.161751, -13.303733, 0], [-48.157924, -13.310971, 0], [-48.156701, -13.303458, 0], [-48.15192, -13.306978, 0], [-48.142969, -13.305153, 0], [-48.122254, -13.297872, 0], [-48.118732, -13.291179, 0], [-48.113533, -13.292471, 0], [-48.107145, -13.288232, 0], [-48.097924, -13.292346, 0], [-48.093649, -13.286741, 0], [-48.083397, -13.289221, 0], [-48.078447, -13.28244, 0], [-48.081227, -13.279806, 0], [-48.078533, -13.278187, 0], [-48.077756, -13.26686, 0], [-48.072679, -13.268057, 0], [-48.079508, -13.243395, 0], [-48.076732, -13.239057, 0], [-48.072209, -13.240862, 0], [-48.062838, -13.235839, 0], [-48.059258, -13.241108, 0], [-48.055368, -13.2394, 0], [-48.054176, -13.245112, 0], [-48.056983, -13.248809, 0], [-48.052381, -13.253199, 0], [-48.052843, -13.256262, 0], [-48.033505, -13.254419, 0], [-48.029364, -13.264845, 0], [-48.034645, -13.266283, 0], [-48.033116, -13.274442, 0], [-48.029477, -13.271919, 0], [-48.022947, -13.280278, 0], [-47.999654, -13.27537, 0], [-47.986532, -13.278767, 0], [-47.979258, -13.295183, 0], [-47.9783, -13.296041, 0], [-47.976909, -13.324557, 0], [-47.976909, -13.463275, 0], [-48.029117, -13.55943, 0], [-48.039992, -13.562834, 371.5071], [-48.021596, -14.093746, 0], [-48.079944, -14.14958, 0], [-48.077603, -14.155778, 532.994152], [-48.057208, -14.179931, 0], [-47.938398, -14.382669, 0], [-48.168096, -14.554179, 527.509], [-48.705365, -14.515481, 613.3524], [-48.723784, -14.528648, 0], [-48.899834, -14.631834, 0], [-49.160841, -14.533037, 535.9132], [-49.385767, -14.28854, 0], [-49.351092, -14.191573, 0], [-49.350934, -14.191552, 0], [-49.085802, -14.014917, 562.1217], [-49.085289, -14.011897, 568.7047], [-49.051362, -13.865723, 457.6134], [-49.145127, -13.470686, 0], [-49.146474, -13.440886, 405.2103], [-49.131153, -13.416921, 395.5822], [-49.244843, -13.188488, 0], [-49.198836, -13.102623, 0], [-49.056187, -12.942495, 0], [-49.046552, -12.91118, 0]]]]}, "properties": {"REG": "2", "Name": "2", "GEOCOD": "REG0002"}}, {"type": "Feature", "geometry": {"crs": {"type": "name", "properties": {"name": "EPSG:4674"}}, "type": "MultiPolygon", "coordinates": [[[[-49.6313, -15.764858, 0], [-49.588129, -15.644947, 0], [-49.672242, -15.513518, 0], [-49.623115, -15.422292, 0], [-49.699466, -15.357038, 0], [-49.75816, -15.340465, 0], [-49.767285, -15.335103, 662.7844], [-49.835841, -15.340132, 0], [-49.975626, -15.297092, 0], [-49.992142, -15.23916, 0], [-49.821093, -15.177355, 0], [-49.797591, -15.161594, 0], [-49.799863, -15.155407, 0], [-49.915162, -14.900621, 0], [-49.794362, -14.731434, 0], [-49.761222, -14.717657, 0], [-49.758004, -14.718227, 0], [-49.706994, -14.437776, 0], [-49.467358, -14.454702, 0], [-49.385767, -14.28854, 0], [-49.160841, -14.533037, 535.9132], [-48.899834, -14.631834, 0], [-48.723784, -14.528648, 0], [-48.705365, -14.515481, 613.3524], [-48.168096, -14.554179, 527.509], [-48.730668, -15.154667, 0], [-48.699795, -15.20829, 678.5319], [-48.752424, -15.274731, 0], [-48.646455, -15.357572, 0], [-48.573552, -15.390718, 0], [-48.618062, -15.4858, 0], [-48.65551, -15.523042, 0], [-48.62602, -15.577916, 687.5348], [-48.988476, -15.694136, 0], [-49.044973, -15.680679, 0], [-49.301419, -15.783708, 0], [-49.47416, -15.809327, 0], [-49.6313, -15.764858, 0]]]]}, "properties": {"REG": "6", "Name": "6", "GEOCOD": "REG0006"}}, {"type": "Feature", "geometry": {"crs": {"type": "name", "properties": {"name": "EPSG:4674"}}, "type": "MultiPolygon", "coordinates": [[[[-51.77637, -15.667139, 0], [-51.76845, -15.654929, 0], [-51.763375, -15.646078, 0], [-51.75673, -15.625617, 0], [-51.75409, -15.61062, 0], [-51.776319, -15.558729, 0], [-51.777814, -15.541097, 0], [-51.776699, -15.538097, 0], [-51.774568, -15.535816, 0], [-51.762258, -15.532095, 0], [-51.752463, -15.554713, 0], [-51.742514, -15.557227, 0], [-51.72821, -15.551045, 0], [-51.726403, -15.543066, 0], [-51.736456, -15.523677, 0], [-51.73587, -15.511312, 0], [-51.726372, -15.502916, 0], [-51.705079, -15.497141, 0], [-51.700403, -15.487819, 0], [-51.700308, -15.484771, 0], [-51.699978, -15.474183, 0], [-51.708819, -15.456919, 0], [-51.693288, -15.433693, 0], [-51.691929, -15.426977, 0], [-51.698351, -15.418229, 0], [-51.698036, -15.410432, 0], [-51.671787, -15.372172, 0], [-51.674043, -15.35787, 0], [-51.686651, -15.346361, 0], [-51.688707, -15.3093, 0], [-51.679203, -15.2911, 0], [-51.663516, -15.282454, 0], [-51.647343, -15.268389, 0], [-51.647955, -15.261143, 0], [-51.658377, -15.256939, 0], [-51.668428, -15.246789, 0], [-51.663028, -15.227321, 0], [-51.653312, -15.207155, 0], [-51.652501, -15.180317, 0], [-51.629271, -15.166051, 0], [-51.607568, -15.163947, 0], [-51.59865, -15.155887, 0], [-51.574437, -15.114102, 0], [-51.561488, -15.109377, 0], [-51.166353, -15.248352, 266.3301], [-51.162682, -15.238474, 0], [-51.118766, -15.243248, 0], [-50.743767, -15.432469, 342.0818], [-50.744587, -15.423764, 0], [-50.72909, -15.383437, 0], [-50.601918, -15.234701, 0], [-50.506576, -15.246458, 0], [-50.500776, -15.303881, 0], [-50.363115, -15.448345, 380.2722], [-50.045416, -15.271924, 0], [-50.057873, -15.262606, 0], [-50.011843, -15.214995, 0], [-50.003272, -15.216958, 720.8874], [-49.992142, -15.23916, 0], [-49.975626, -15.297092, 0], [-49.835841, -15.340132, 0], [-49.767285, -15.335103, 662.7844], [-49.75816, -15.340465, 0], [-49.699466, -15.357038, 0], [-49.623115, -15.422292, 0], [-49.672242, -15.513518, 0], [-49.588129, -15.644947, 0], [-49.6313, -15.764858, 0], [-49.633522, -15.767648, 0], [-49.781792, -15.994372, 0], [-49.80899, -16.025526, 715.423], [-49.810359, -16.027727, 0], [-49.829061, -16.021324, 736.8647], [-49.946561, -16.072121, 0], [-50.033894, -16.003603, 0], [-50.039699, -16.005993, 0], [-50.48404, -15.968056, 0], [-50.609438, -15.817026, 0], [-50.613301, -15.816805, 0], [-50.837449, -15.861644, 0], [-50.861231, -15.861925, 0], [-50.864284, -15.864414, 0], [-50.869292, -15.867921, 0], [-51.063921, -15.884597, 333.7096], [-51.068518, -15.881372, 0], [-51.145014, -15.888532, 0], [-51.198421, -15.940174, 0], [-51.77637, -15.667139, 0]]]]}, "properties": {"REG": "8", "Name": "8", "GEOCOD": "REG0008"}}, {"type": "Feature", "geometry": {"crs": {"type": "name", "properties": {"name": "EPSG:4674"}}, "type": "MultiPolygon", "coordinates": [[[[-51.175356, -16.055068, 0], [-51.225762, -15.980162, 0], [-51.198421, -15.940174, 0], [-51.145014, -15.888532, 0], [-51.068518, -15.881372, 0], [-51.063921, -15.884597, 333.7096], [-50.869292, -15.867921, 0], [-50.864284, -15.864414, 0], [-50.861231, -15.861925, 0], [-50.837449, -15.861644, 0], [-50.613301, -15.816805, 0], [-50.609438, -15.817026, 0], [-50.48404, -15.968056, 0], [-50.039699, -16.005993, 0], [-50.033894, -16.003603, 0], [-49.946561, -16.072121, 0], [-49.829061, -16.021324, 736.8647], [-49.810359, -16.027727, 0], [-49.952875, -16.400315, 0], [-49.910274, -16.427649, 0], [-49.951592, -16.464354, 0], [-49.951891, -16.464539, 0], [-49.952068, -16.464339, 709.0604], [-49.95955, -16.465826, 0], [-50.299409, -16.575361, 689.5718], [-50.374323, -16.655029, 0], [-50.356797, -16.7331, 0], [-50.409566, -16.820961, 0], [-50.4565, -16.831914, 0], [-50.453497, -16.901441, 0], [-50.485939, -16.909045, 0], [-50.479216, -16.947665, 0], [-50.53077, -16.96939, 0], [-50.518832, -16.990451, 0], [-50.570358, -17.062552, 0], [-50.843746, -17.039513, 0], [-51.054629, -16.864953, 0], [-51.056718, -16.861032, 0], [-51.057142, -16.86024, 850.2504], [-51.010281, -16.815468, 0], [-51.024124, -16.698517, 0], [-51.032717, -16.587771, 0], [-51.070905, -16.514259, 0], [-51.091908, -16.460795, 0], [-51.107425, -16.433369, 0], [-51.109502, -16.433332, 577.926852], [-51.111074, -16.438022, 0], [-51.112573, -16.436281, 0], [-51.113456, -16.427263, 0], [-50.961197, -16.178883, 0], [-50.961256, -16.178612, 0], [-50.961733, -16.178299, 0], [-50.963187, -16.177382, 0], [-51.013056, -16.146719, 0], [-51.175356, -16.055068, 0]]]]}, "properties": {"REG": "10", "Name": "10", "GEOCOD": "REG0010"}}, {"type": "Feature", "geometry": {"crs": {"type": "name", "properties": {"name": "EPSG:4674"}}, "type": "MultiPolygon", "coordinates": [[[[-49.810359, -16.027727, 0], [-49.80899, -16.025526, 715.423], [-49.781792, -15.994372, 0], [-49.633522, -15.767648, 0], [-49.6313, -15.764858, 0], [-49.47416, -15.809327, 0], [-49.301419, -15.783708, 0], [-49.237673, -15.892756, 729.6733], [-49.227499, -16.029067, 0], [-49.325037, -16.085549, 0], [-49.325142, -16.098282, 0], [-49.257933, -16.187014, 0], [-49.302004, -16.265142, 0], [-49.302004, -16.265143, 873.2316], [-49.293576, -16.304536, 0], [-49.262792, -16.339011, 810.1686], [-49.267854, -16.346479, 0], [-49.219643, -16.406328, 823.8483], [-49.26515, -16.616184, 0], [-49.219574, -16.6582, 0], [-49.230993, -16.709869, 0], [-49.243679, -16.834415, 795.6175], [-49.25511, -16.895937, 0], [-49.250818, -16.934167, 0], [-49.253549, -16.943139, 0], [-49.238794, -16.95945, 0], [-49.233914, -16.966213, 0], [-49.233556, -16.967026, 0], [-49.232083, -16.969153, 0], [-49.242504, -17.018345, 0], [-49.294381, -17.017838, 0], [-49.423045, -16.957431, 0], [-49.424639, -16.948239, 0], [-49.448439, -16.942962, 0], [-49.454655, -16.91639, 859.4668], [-49.617907, -16.884404, 0], [-49.715478, -16.760429, 628.7812], [-49.68431, -16.590674, 656.7793], [-49.783361, -16.610458, 0], [-49.883371, -16.595775, 0], [-49.891255, -16.590187, 659.8093], [-49.941082, -16.566719, 0], [-49.970201, -16.569247, 744.158], [-50.149251, -16.526969, 0], [-49.95955, -16.465826, 0], [-49.952068, -16.464339, 709.0604], [-49.951891, -16.464539, 0], [-49.951592, -16.464354, 707.8031], [-49.910274, -16.427649, 0], [-49.952875, -16.400315, 0], [-49.810359, -16.027727, 0]]]]}, "properties": {"REG": "11", "Name": "11", "GEOCOD": "REG0011"}}, {"type": "Feature", "geometry": {"crs": {"type": "name", "properties": {"name": "EPSG:4674"}}, "type": "MultiPolygon", "coordinates": [[[[-49.424639, -16.948239, 0], [-49.475979, -17.007686, 0], [-49.487292, -17.281148, 0], [-49.492024, -17.297252, 0], [-49.675079, -17.423349, 0], [-49.797775, -17.721767, 0], [-49.962091, -17.682341, 0], [-50.004901, -17.660007, 0], [-50.162502, -17.816665, 474.0503], [-50.241436, -17.724998, 0], [-50.394847, -17.617107, 543.2415], [-50.341294, -17.506719, 0], [-50.382338, -17.417875, 0], [-50.382112, -17.393747, 0], [-50.381658, -17.393033, 542.1206], [-50.382642, -17.392251, 0], [-50.383428, -17.391418, 540.4104], [-50.388376, -17.387089, 0], [-50.40219, -17.198202, 640.657], [-50.531436, -17.110725, 686.8124], [-50.570358, -17.062552, 0], [-50.518832, -16.990451, 0], [-50.53077, -16.96939, 0], [-50.479216, -16.947665, 0], [-50.485939, -16.909045, 0], [-50.453497, -16.901441, 0], [-50.4565, -16.831914, 0], [-50.409566, -16.820961, 0], [-50.356797, -16.7331, 0], [-50.374323, -16.655029, 0], [-50.299409, -16.575361, 689.5718], [-50.149251, -16.526969, 0], [-49.970201, -16.569247, 744.158], [-49.941082, -16.566719, 0], [-49.891255, -16.590187, 659.8093], [-49.883371, -16.595775, 0], [-49.783361, -16.610458, 0], [-49.68431, -16.590674, 656.7793], [-49.715478, -16.760429, 628.7812], [-49.617907, -16.884404, 0], [-49.454655, -16.91639, 859.4668], [-49.448439, -16.942962, 0], [-49.424639, -16.948239, 0]]]]}, "properties": {"REG": "13", "Name": "13", "GEOCOD": "REG0013"}}, {"type": "Feature", "geometry": {"crs": {"type": "name", "properties": {"name": "EPSG:4674"}}, "type": "MultiPolygon", "coordinates": [[[[-50.162502, -17.816665, 474.0503], [-50.158268, -17.821119, 0], [-50.14481, -18.071499, 0], [-50.172869, -18.265781, 0], [-50.247769, -18.37969, 0], [-50.32969, -18.421821, 0], [-50.36002, -18.438108, 0], [-50.414325, -18.443348, 0], [-50.300959, -18.694962, 0], [-50.309764, -18.698909, 0], [-50.324374, -18.712947, 0], [-50.352727, -18.760755, 0], [-50.375454, -18.810758, 0], [-50.377143, -18.812841, 0], [-50.382244, -18.816788, 0], [-50.394671, -18.823187, 0], [-50.414506, -18.827163, 0], [-50.421541, -18.83162, 0], [-50.425001, -18.836676, 0], [-50.44187, -18.891126, 0], [-50.44198, -18.891244, 0], [-50.461037, -18.911546, 0], [-50.660489, -18.919422, 493.1532], [-50.780029, -18.904737, 0], [-50.90605, -18.844181, 0], [-50.938783, -18.788536, 0], [-50.961531, -18.711152, 0], [-51.070008, -18.504757, 0], [-51.244182, -18.279292, 0], [-51.317125, -17.41116, 0], [-51.328255, -17.397804, 891.9951], [-51.436505, -17.280453, 0], [-51.166885, -17.269539, 869.5355], [-51.246887, -17.049828, 0], [-51.171789, -16.966213, 0], [-51.123014, -16.904277, 0], [-51.057142, -16.86024, 850.2504], [-51.056718, -16.861032, 0], [-51.054629, -16.864953, 0], [-50.843746, -17.039513, 0], [-50.570358, -17.062552, 0], [-50.531436, -17.110725, 686.8124], [-50.40219, -17.198202, 640.657], [-50.388376, -17.387089, 0], [-50.383428, -17.391418, 540.4104], [-50.382642, -17.392251, 0], [-50.381658, -17.393033, 542.1206], [-50.382112, -17.393747, 0], [-50.382338, -17.417875, 0], [-50.341294, -17.506719, 0], [-50.394847, -17.617107, 543.2415], [-50.241436, -17.724998, 0], [-50.162502, -17.816665, 474.0503]]]]}, "properties": {"REG": "17", "Name": "17", "GEOCOD": "REG0017"}}, {"type": "Feature", "geometry": {"crs": {"type": "name", "properties": {"name": "EPSG:4674"}}, "type": "MultiPolygon", "coordinates": [[[[-48.26037, -17.405948, 0], [-48.334372, -17.576713, 0], [-48.529004, -17.67475, 0], [-48.614956, -17.71969, 0], [-48.622012, -17.725211, 0], [-48.588787, -17.772194, 0], [-48.461915, -17.897624, 0], [-48.485704, -17.974756, 0], [-48.5631, -18.132399, 0], [-48.509415, -18.231757, 0], [-48.446392, -18.356014, 0], [-48.446053, -18.355762, 0], [-48.478205, -18.379658, 0], [-48.480036, -18.380162, 0], [-48.483753, -18.377533, 0], [-48.486281, -18.373887, 0], [-48.481813, -18.36111, 0], [-48.485199, -18.354093, 0], [-48.493167, -18.353436, 0], [-48.51604, -18.366877, 0], [-48.531504, -18.351535, 0], [-48.550078, -18.350617, 0], [-48.554933, -18.347409, 0], [-48.554138, -18.331857, 0], [-48.561806, -18.324346, 0], [-48.582758, -18.327689, 0], [-48.591576, -18.334653, 0], [-48.597664, -18.335271, 0], [-48.634218, -18.328108, 0], [-48.641944, -18.333885, 0], [-48.641483, -18.340722, 0], [-48.647562, -18.344352, 0], [-48.656503, -18.342862, 0], [-48.668854, -18.345886, 0], [-48.669258, -18.345986, 0], [-48.683268, -18.343994, 0], [-48.698141, -18.350626, 0], [-48.708973, -18.345497, 0], [-48.731004, -18.353732, 0], [-48.756138, -18.344841, 0], [-48.770583, -18.35607, 0], [-48.784613, -18.351593, 0], [-48.801249, -18.362022, 0], [-48.816751, -18.380117, 0], [-48.828418, -18.375709, 0], [-48.832478, -18.346594, 0], [-48.844546, -18.340573, 0], [-48.873144, -18.333307, 0], [-48.883286, -18.319312, 0], [-48.907508, -18.316806, 0], [-48.918147, -18.306335, 0], [-48.937169, -18.306666, 0], [-48.959897, -18.323939, 0], [-48.969625, -18.329798, 0], [-48.975985, -18.34043, 0], [-48.98459, -18.341873, 0], [-48.981895, -18.356834, 0], [-48.991016, -18.359018, 0], [-48.996391, -18.3714, 0], [-49.006359, -18.374818, 0], [-49.024143, -18.368381, 0], [-49.042395, -18.376968, 0], [-49.047623, -18.393343, 0], [-49.054158, -18.403035, 0], [-49.077435, -18.417241, 0], [-49.082353, -18.413723, 0], [-49.091654, -18.414014, 0], [-49.097291, -18.404167, 0], [-49.11034, -18.402649, 0], [-49.112915, -18.400623, 0], [-49.113507, -18.399574, 0], [-49.10758, -18.389315, 0], [-49.109202, -18.384305, 0], [-49.127883, -18.383832, 0], [-49.154981, -18.403212, 0], [-49.158542, -18.414348, 0], [-49.186274, -18.416887, 0], [-49.193908, -18.415099, 0], [-49.199645, -18.405503, 0], [-49.204193, -18.396339, 0], [-49.214937, -18.363154, 0], [-49.23945, -18.278392, 0], [-49.255872, -18.21316, 0], [-49.269261, -18.145992, 0], [-49.274279, -18.125008, 0], [-49.276695, -18.108323, 0], [-49.267905, -18.04689, 843.7576], [-49.261969, -17.998144, 0], [-49.254671, -17.87954, 0], [-49.209058, -17.810796, 0], [-49.207058, -17.781007, 0], [-49.161384, -17.71874, 0], [-49.215299, -17.52492, 0], [-49.227679, -17.389948, 643.0127], [-49.230094, -17.373876, 0], [-49.233288, -17.344681, 0], [-49.241651, -17.24974, 741.963], [-49.242063, -17.248752, 0], [-49.241499, -17.220147, 0], [-49.238705, -17.177723, 0], [-49.238705, -17.1686, 0], [-49.235055, -17.136668, 0], [-49.235112, -17.093788, 0], [-49.242504, -17.018345, 0], [-49.229593, -17.022609, 0], [-49.203123, -17.036311, 0], [-49.146559, -17.071892, 0], [-49.136523, -17.077366, 0], [-49.074484, -17.155827, 0], [-49.003223, -17.265098, 835.1045], [-48.972269, -17.275327, 0], [-48.895723, -17.281274, 0], [-48.868034, -17.280345, 0], [-48.835508, -17.324154, 0], [-48.804414, -17.38089, 0], [-48.804655, -17.387552, 803.3609], [-48.801341, -17.38637, 0], [-48.763821, -17.373255, 0], [-48.531175, -17.345885, 0], [-48.352356, -17.340411, 0], [-48.28686, -17.329852, 0], [-48.282395, -17.340176, 0], [-48.253215, -17.367968, 0], [-48.24595, -17.37284, 656.2346], [-48.26037, -17.405948, 0]]]]}, "properties": {"REG": "19", "Name": "19", "GEOCOD": "REG0019"}}, {"type": "Feature", "geometry": {"crs": {"type": "name", "properties": {"name": "EPSG:4674"}}, "type": "MultiPolygon", "coordinates": [[[[-49.992142, -15.23916, 0], [-50.003272, -15.216958, 720.8874], [-50.011843, -15.214995, 0], [-50.057873, -15.262606, 0], [-50.045416, -15.271924, 0], [-50.363115, -15.448345, 380.2722], [-50.500776, -15.303881, 0], [-50.506576, -15.246458, 0], [-50.601918, -15.234701, 0], [-50.72909, -15.383437, 0], [-50.744587, -15.423764, 0], [-50.743767, -15.432469, 342.0818], [-51.118766, -15.243248, 0], [-51.162682, -15.238474, 0], [-51.166353, -15.248352, 266.3301], [-51.561488, -15.109377, 0], [-51.553148, -15.106334, 0], [-51.536365, -15.07013, 0], [-51.522646, -15.058871, 0], [-51.512783, -15.055078, 0], [-51.47815, -15.057163, 0], [-51.46042, -15.044104, 0], [-51.452815, -15.034493, 0], [-51.442092, -15.030553, 0], [-51.42874, -15.009676, 0], [-51.426564, -15.008512, 0], [-51.398761, -15.00392, 0], [-51.377206, -15.013307, 0], [-51.35767, -15.002926, 0], [-51.349447, -14.990633, 0], [-51.338199, -14.973812, 0], [-51.323484, -14.972203, 0], [-51.302327, -14.986973, 0], [-51.298451, -15.023649, 0], [-51.290897, -15.034772, 0], [-51.272308, -15.038252, 0], [-51.243005, -15.035841, 0], [-51.199061, -15.005328, 0], [-51.150615, -14.983465, 0], [-51.146366, -14.977899, 0], [-51.147308, -14.959958, 0], [-51.133665, -14.942822, 0], [-51.130556, -14.940174, 0], [-51.085432, -14.917383, 0], [-51.084484, -14.916847, 0], [-51.083407, -14.906673, 0], [-51.091944, -14.892291, 0], [-51.091503, -14.873245, 0], [-51.08728, -14.863072, 0], [-51.090225, -14.841604, 0], [-51.068776, -14.810745, 0], [-51.046498, -14.79648, 0], [-51.044541, -14.793578, 0], [-51.042862, -14.785028, 0], [-51.053271, -14.760779, 0], [-51.054363, -14.747104, 0], [-51.049696, -14.735752, 0], [-51.040136, -14.726989, 0], [-51.037226, -14.718358, 0], [-51.027606, -14.707238, 0], [-51.026913, -14.698077, 0], [-51.031971, -14.680519, 0], [-51.026945, -14.666164, 0], [-51.019417, -14.66195, 0], [-50.992179, -14.61423, 0], [-50.997581, -14.579893, 0], [-50.963275, -14.527505, 0], [-50.973329, -14.501047, 0], [-50.968619, -14.482744, 0], [-50.976195, -14.467458, 0], [-50.987447, -14.457551, 0], [-50.986992, -14.437975, 0], [-50.999472, -14.419672, 0], [-50.995328, -14.405646, 0], [-50.989011, -14.396437, 0], [-50.988024, -14.389557, 0], [-50.99025, -14.363142, 0], [-50.980972, -14.354655, 0], [-50.969691, -14.334363, 0], [-50.97638, -14.30236, 0], [-50.975665, -14.291294, 0], [-50.961691, -14.249787, 0], [-50.937443, -14.210835, 0], [-50.926598, -14.184173, 0], [-50.913745, -14.170224, 0], [-50.91075, -14.149963, 0], [-50.919025, -14.126238, 0], [-50.917885, -14.115256, 0], [-50.914215, -14.112022, 0], [-50.905192, -14.113602, 0], [-50.894008, -14.126834, 0], [-50.891868, -14.127743, 0], [-50.869448, -14.126072, 0], [-50.842467, -14.105823, 0], [-50.834048, -14.090285, 0], [-50.832188, -14.073821, 0], [-50.852269, -14.029569, 0], [-50.849632, -14.001205, 0], [-50.865982, -13.980656, 0], [-50.863131, -13.957365, 0], [-50.846104, -13.942106, 0], [-50.841692, -13.927714, 0], [-50.846077, -13.903959, 0], [-50.841618, -13.890201, 0], [-50.84143, -13.882736, 0], [-50.841828, -13.86336, 0], [-50.843459, -13.857475, 0], [-50.857132, -13.831985, 0], [-50.853914, -13.811968, 0], [-50.856941, -13.796067, 0], [-50.854212, -13.766213, 0], [-50.871529, -13.73924, 0], [-50.87219, -13.733529, 0], [-50.864475, -13.722173, 0], [-50.860806, -13.71934, 0], [-50.848011, -13.714474, 0], [-50.839127, -13.712652, 0], [-50.82336, -13.713661, 0], [-50.804359, -13.691402, 0], [-50.78831, -13.648839, 0], [-50.781746, -13.619556, 0], [-50.768884, -13.597482, 0], [-50.76385, -13.53045, 0], [-50.745466, -13.508027, 0], [-50.715577, -13.49213, 0], [-50.697356, -13.476372, 0], [-50.683839, -13.444527, 0], [-50.665855, -13.442719, 0], [-50.664142, -13.424795, 0], [-50.669542, -13.399653, 0], [-50.666048, -13.376573, 0], [-50.646758, -13.361611, 0], [-50.639345, -13.346049, 0], [-50.62588, -13.336054, 0], [-50.403094, -13.851414, 0], [-50.328445, -13.89058, 282.1447], [-50.328445, -13.89058, 0], [-50.325507, -13.901084, 0], [-50.321803, -13.924629, 0], [-50.321897, -13.924946, 300.3352], [-49.923523, -14.289178, 0], [-49.708949, -14.436743, 0], [-49.708359, -14.43644, 0], [-49.706949, -14.437217, 0], [-49.706994, -14.437776, 0], [-49.758004, -14.718227, 0], [-49.761222, -14.717657, 0], [-49.794362, -14.731434, 0], [-49.915162, -14.900621, 0], [-49.799863, -15.155407, 0], [-49.797591, -15.161594, 0], [-49.821093, -15.177355, 0], [-49.992142, -15.23916, 0]]]]}, "properties": {"REG": "5", "Name": "5", "GEOCOD": "REG0005"}}, {"type": "Feature", "geometry": {"crs": {"type": "name", "properties": {"name": "EPSG:4674"}}, "type": "MultiPolygon", "coordinates": [[[[-49.242504, -17.018345, 0], [-49.235112, -17.093788, 0], [-49.235055, -17.136668, 0], [-49.238705, -17.1686, 0], [-49.238705, -17.177723, 0], [-49.241499, -17.220147, 0], [-49.242063, -17.248752, 0], [-49.241651, -17.24974, 741.963], [-49.233288, -17.344681, 0], [-49.230094, -17.373876, 0], [-49.227679, -17.389948, 643.0127], [-49.215299, -17.52492, 0], [-49.161384, -17.71874, 0], [-49.207058, -17.781007, 0], [-49.209058, -17.810796, 0], [-49.254671, -17.87954, 0], [-49.261969, -17.998144, 0], [-49.267905, -18.04689, 843.7576], [-49.276695, -18.108323, 670.1812], [-49.274279, -18.125008, 0], [-49.269261, -18.145992, 0], [-49.255872, -18.21316, 0], [-49.23945, -18.278392, 0], [-49.214937, -18.363154, 0], [-49.204193, -18.396339, 0], [-49.199645, -18.405503, 0], [-49.193908, -18.415099, 0], [-49.206062, -18.412252, 0], [-49.211488, -18.417383, 0], [-49.211676, -18.423968, 0], [-49.197241, -18.439059, 0], [-49.194818, -18.443155, 0], [-49.193487, -18.448246, 0], [-49.20177, -18.459318, 0], [-49.215927, -18.467275, 0], [-49.228819, -18.480314, 0], [-49.244493, -18.506753, 0], [-49.249496, -18.523126, 0], [-49.249598, -18.523459, 0], [-49.272086, -18.528195, 0], [-49.274684, -18.52979, 0], [-49.284721, -18.537502, 0], [-49.287624, -18.541407, 0], [-49.292994, -18.564466, 0], [-49.303379, -18.566896, 0], [-49.322968, -18.561818, 0], [-49.330665, -18.565981, 0], [-49.343616, -18.598459, 0], [-49.365554, -18.617817, 0], [-49.373717, -18.63282, 0], [-49.379152, -18.642807, 0], [-49.395125, -18.646734, 0], [-49.409017, -18.645269, 0], [-49.41713, -18.639011, 0], [-49.4328, -18.607204, 0], [-49.482228, -18.561491, 0], [-49.486121, -18.544966, 0], [-49.486728, -18.532688, 0], [-49.486686, -18.508719, 0], [-49.489369, -18.50272, 0], [-49.492849, -18.497281, 0], [-49.497747, -18.494117, 0], [-49.523398, -18.493315, 0], [-49.536239, -18.494104, 0], [-49.540093, -18.49637, 0], [-49.548222, -18.503857, 0], [-49.542792, -18.527882, 0], [-49.548856, -18.538975, 0], [-49.550454, -18.541898, 0], [-49.555332, -18.545456, 0], [-49.558433, -18.546817, 0], [-49.575652, -18.542786, 0], [-49.628645, -18.553041, 0], [-49.645953, -18.557851, 0], [-49.648396, -18.559329, 0], [-49.6522, -18.562893, 0], [-49.652876, -18.57229, 0], [-49.635937, -18.59048, 0], [-49.640519, -18.600681, 0], [-49.648261, -18.602273, 0], [-49.670134, -18.590786, 0], [-49.676723, -18.589995, 0], [-49.68732, -18.590663, 0], [-49.705978, -18.595861, 0], [-49.724499, -18.609874, 0], [-49.72669, -18.611531, 0], [-49.736538, -18.616346, 0], [-49.742046, -18.616128, 0], [-49.758182, -18.610313, 0], [-49.770682, -18.613263, 0], [-49.773258, -18.615905, 0], [-49.777931, -18.631383, 0], [-49.784091, -18.641801, 0], [-49.794616, -18.64419, 0], [-49.795189, -18.644152, 0], [-49.795565, -18.644127, 0], [-49.820194, -18.633036, 0], [-49.836553, -18.637148, 0], [-49.853192, -18.623624, 0], [-49.868497, -18.622938, 0], [-49.872046, -18.614107, 0], [-49.877963, -18.611243, 0], [-49.882159, -18.610087, 0], [-49.885626, -18.610228, 0], [-49.904772, -18.621763, 0], [-49.932053, -18.624452, 0], [-49.974217, -18.614777, 0], [-49.981855, -18.605103, 0], [-50.01699, -18.600298, 0], [-50.029163, -18.601926, 0], [-50.037835, -18.611387, 0], [-50.050606, -18.644, 0], [-50.064675, -18.653828, 0], [-50.080446, -18.672701, 0], [-50.16469, -18.664811, 0], [-50.199283, -18.679539, 0], [-50.21789, -18.680981, 0], [-50.250666, -18.678349, 0], [-50.270362, -18.684548, 0], [-50.290122, -18.690765, 0], [-50.295061, -18.692319, 0], [-50.300959, -18.694962, 0], [-50.414325, -18.443348, 0], [-50.36002, -18.438108, 0], [-50.32969, -18.421821, 0], [-50.247769, -18.37969, 0], [-50.172869, -18.265781, 0], [-50.14481, -18.071499, 0], [-50.158268, -17.821119, 0], [-50.162502, -17.816665, 474.0503], [-50.021174, -17.6761, 0], [-50.004901, -17.660007, 0], [-49.962091, -17.682341, 0], [-49.797775, -17.721767, 0], [-49.675079, -17.423349, 0], [-49.492024, -17.297252, 0], [-49.487292, -17.281148, 0], [-49.475979, -17.007686, 0], [-49.424639, -16.948239, 0], [-49.423045, -16.957431, 0], [-49.294381, -17.017838, 0], [-49.242504, -17.018345, 0]]]]}, "properties": {"REG": "18", "Name": "18", "GEOCOD": "REG0018"}}, {"type": "Feature", "geometry": {"crs": {"type": "name", "properties": {"name": "EPSG:4674"}}, "type": "MultiPolygon", "coordinates": [[[[-48.62602, -15.577916, 687.5348], [-48.65551, -15.523042, 0], [-48.618062, -15.4858, 0], [-48.573552, -15.390718, 0], [-48.646455, -15.357572, 0], [-48.752424, -15.274731, 0], [-48.699795, -15.20829, 678.5319], [-48.730668, -15.154667, 0], [-48.168096, -14.554179, 527.509], [-47.938398, -14.382669, 0], [-47.915684, -14.378879, 0], [-47.49561, -14.605816, 986.9172], [-47.42362, -14.667309, 0], [-47.304141, -14.653091, 0], [-47.298666, -14.658525, 474.0181], [-47.298193, -14.658469, 0], [-47.252936, -14.621359, 0], [-46.958805, -14.918581, 534.609], [-46.872872, -15.025334, 0], [-46.919131, -15.050319, 0], [-46.923045, -15.055062, 0], [-46.925098, -15.058766, 0], [-46.925532, -15.059548, 0], [-46.926412, -15.074014, 0], [-46.910408, -15.088398, 0], [-46.899403, -15.094023, 0], [-46.896704, -15.104278, 0], [-46.889523, -15.112088, 0], [-46.891637, -15.119523, 0], [-46.896644, -15.130637, 0], [-46.913216, -15.156225, 0], [-46.92097, -15.178667, 0], [-46.937723, -15.205471, 0], [-46.933854, -15.223938, 0], [-46.941302, -15.230088, 0], [-46.92803, -15.255547, 0], [-46.913205, -15.247308, 0], [-46.90743, -15.238189, 0], [-46.89759, -15.236236, 0], [-46.892583, -15.235776, 0], [-46.891815, -15.23666, 0], [-46.889694, -15.282697, 0], [-46.874282, -15.285813, 0], [-46.874176, -15.285919, 0], [-46.83728, -15.323049, 0], [-46.836803, -15.324914, 0], [-46.848317, -15.347191, 0], [-46.861332, -15.351414, 0], [-46.869855, -15.361927, 0], [-46.851097, -15.368974, 0], [-46.849853, -15.373615, 0], [-46.866719, -15.386457, 0], [-46.88558, -15.393802, 0], [-46.897402, -15.402731, 0], [-46.913367, -15.413808, 0], [-46.930845, -15.443542, 0], [-46.932805, -15.483624, 0], [-46.94459, -15.51864, 0], [-46.949473, -15.55505, 0], [-46.943967, -15.566209, 0], [-46.919902, -15.589266, 0], [-46.897433, -15.593635, 0], [-46.884376, -15.608878, 0], [-46.882463, -15.609998, 0], [-46.879118, -15.611955, 0], [-46.877896, -15.612406, 0], [-46.855168, -15.620808, 0], [-46.855057, -15.623347, 0], [-46.858987, -15.639078, 0], [-46.853327, -15.649994, 0], [-46.853204, -15.655761, 0], [-46.855979, -15.682623, 0], [-46.842828, -15.715124, 0], [-46.827842, -15.730107, 0], [-46.827845, -15.749639, 0], [-46.813524, -15.787658, 0], [-46.82389, -15.810583, 0], [-46.821377, -15.817349, 0], [-46.823597, -15.825088, 0], [-46.805878, -15.859849, 0], [-46.80779, -15.87323, 0], [-46.808343, -15.877102, 0], [-46.811618, -15.885339, 0], [-46.812538, -15.886017, 0], [-46.813213, -15.886516, 0], [-46.825243, -15.886173, 0], [-46.957425, -15.91647, 0], [-47.053167, -15.938369, 0], [-47.080903, -15.958569, 0], [-47.087392, -15.961302, 0], [-47.095171, -15.958587, 0], [-47.101667, -15.95908, 0], [-47.108694, -15.957296, 0], [-47.126441, -15.944537, 0], [-47.134947, -15.950643, 0], [-47.131896, -15.934699, 0], [-47.135724, -15.929204, 0], [-47.136242, -15.92846, 0], [-47.142331, -15.927091, 0], [-47.139622, -15.93158, 0], [-47.14281, -15.935941, 0], [-47.146184, -15.932741, 0], [-47.151555, -15.935458, 0], [-47.149312, -15.940856, 0], [-47.151803, -15.939824, 0], [-47.152983, -15.94347, 0], [-47.15773, -15.94146, 0], [-47.16089, -15.942967, 0], [-47.158916, -15.946083, 0], [-47.162946, -15.944324, 0], [-47.169911, -15.954417, 0], [-47.166838, -15.956575, 0], [-47.170711, -15.95878, 0], [-47.170623, -15.959043, 0], [-47.166526, -15.962725, 0], [-47.169077, -15.964908, 0], [-47.166507, -15.965834, 0], [-47.169401, -15.967358, 0], [-47.167279, -15.968503, 0], [-47.170634, -15.973658, 0], [-47.178635, -15.977753, 0], [-47.181515, -15.971206, 0], [-47.187314, -15.971761, 0], [-47.183273, -15.977593, 0], [-47.187125, -15.979159, 0], [-47.185634, -15.982988, 0], [-47.18956, -15.982557, 0], [-47.195641, -15.981889, 0], [-47.198405, -15.987691, 0], [-47.208178, -15.987916, 0], [-47.208143, -15.997828, 0], [-47.212259, -15.998917, 0], [-47.211514, -16.003477, 0], [-47.217172, -16.005516, 0], [-47.219908, -16.014698, 0], [-47.222026, -16.012126, 0], [-47.228724, -16.016215, 0], [-47.228779, -16.013078, 0], [-47.234163, -16.016197, 0], [-47.238931, -16.01398, 0], [-47.254456, -16.019647, 0], [-47.262039, -16.014581, 0], [-47.277619, -16.012119, 0], [-47.276914, -16.006619, 0], [-47.281421, -16.012158, 0], [-47.288126, -16.010131, 0], [-47.289225, -16.016398, 0], [-47.290108, -16.014315, 0], [-47.297224, -16.015534, 0], [-47.297166, -16.018765, 0], [-47.300879, -16.017506, 0], [-47.299787, -16.026648, 0], [-47.310526, -16.033024, 0], [-47.309433, -16.036398, 0], [-47.319503, -16.037142, 0], [-47.317807, -16.032262, 0], [-47.321499, -16.031405, 0], [-47.322221, -16.026661, 0], [-47.324378, -16.029467, 0], [-47.328782, -16.027716, 0], [-47.33561, -16.017305, 0], [-47.339912, -16.019449, 0], [-47.337727, -16.01247, 0], [-47.345141, -16.011755, 0], [-47.34817, -16.006467, 0], [-47.360228, -16.008179, 0], [-47.364442, -16.0012, 0], [-47.369029, -16.00239, 0], [-47.368944, -15.994527, 0], [-47.371807, -15.995036, 0], [-47.376227, -15.987076, 0], [-47.371891, -15.980868, 0], [-47.377274, -15.978849, 0], [-47.37398, -15.967166, 0], [-47.377121, -15.9633, 0], [-47.37261, -15.961374, 0], [-47.373885, -15.957575, 0], [-47.370644, -15.956398, 0], [-47.367559, -15.947093, 0], [-47.367918, -15.941299, 0], [-47.372891, -15.937012, 0], [-47.363611, -15.933916, 0], [-47.363865, -15.930752, 0], [-47.361165, -15.932152, 0], [-47.362138, -15.92023, 0], [-47.366062, -15.921393, 0], [-47.367943, -15.918134, 0], [-47.364055, -15.909443, 0], [-47.373089, -15.907176, 0], [-47.371557, -15.900613, 0], [-47.376081, -15.897139, 0], [-47.376497, -15.883334, 0], [-47.379611, -15.881261, 0], [-47.375449, -15.881115, 0], [-47.370951, -15.872775, 0], [-47.370055, -15.865595, 0], [-47.373142, -15.864198, 0], [-47.367449, -15.853933, 0], [-47.370615, -15.849096, 0], [-47.369787, -15.841695, 0], [-47.366996, -15.83611, 0], [-47.364974, -15.837142, 0], [-47.366334, -15.82864, 0], [-47.361836, -15.82718, 0], [-47.360447, -15.821074, 0], [-47.358807, -15.823781, 0], [-47.354249, -15.822691, 0], [-47.352746, -15.812673, 0], [-47.347416, -15.808357, 0], [-47.348971, -15.804245, 0], [-47.339112, -15.795085, 0], [-47.334636, -15.780959, 0], [-47.330225, -15.779917, 0], [-47.330559, -15.774303, 0], [-47.327252, -15.771533, 0], [-47.329118, -15.767852, 0], [-47.320367, -15.757423, 0], [-47.322332, -15.754402, 0], [-47.31898, -15.755026, 0], [-47.317055, -15.746244, 0], [-47.314534, -15.747684, 0], [-47.313303, -15.738546, 0], [-47.319223, -15.733398, 0], [-47.317181, -15.729284, 0], [-47.320252, -15.720754, 0], [-47.312749, -15.70762, 0], [-47.313088, -15.694997, 0], [-47.320139, -15.687456, 0], [-47.328388, -15.688369, 0], [-47.331921, -15.682135, 0], [-47.327361, -15.674055, 0], [-47.32958, -15.656368, 0], [-47.326976, -15.649262, 0], [-47.333505, -15.630366, 0], [-47.322862, -15.598418, 0], [-47.316251, -15.594874, 0], [-47.317729, -15.589016, 0], [-47.322087, -15.586723, 0], [-47.327419, -15.589381, 0], [-47.344738, -15.582116, 0], [-47.374616, -15.578282, 0], [-47.379919, -15.573677, 0], [-47.380836, -15.567837, 0], [-47.390003, -15.567876, 0], [-47.4052, -15.546897, 0], [-47.418112, -15.547281, 0], [-47.417729, -15.500763, 0], [-47.496341, -15.500749, 0], [-47.562395, -15.500809, 0], [-47.662397, -15.500864, 0], [-47.772434, -15.500872, 0], [-48.036524, -15.500668, 0], [-48.053619, -15.500644, 0], [-48.20093, -15.500619, 0], [-48.20077, -15.514831, 0], [-48.200728, -15.586845, 0], [-48.27456, -15.591557, 0], [-48.62602, -15.577916, 687.5348]]]]}, "properties": {"REG": "7", "Name": "7", "GEOCOD": "REG0007"}}, {"type": "Feature", "geometry": {"crs": {"type": "name", "properties": {"name": "EPSG:4674"}}, "type": "MultiPolygon", "coordinates": [[[[-52.62855, -16.524385, 0], [-52.629724, -16.518773, 0], [-52.630172, -16.518338, 0], [-52.635636, -16.513055, 0], [-52.637971, -16.503358, 0], [-52.632985, -16.500835, 0], [-52.621084, -16.504045, 0], [-52.613005, -16.502569, 0], [-52.607387, -16.489954, 0], [-52.606428, -16.481182, 0], [-52.606681, -16.478488, 0], [-52.613721, -16.470446, 0], [-52.604806, -16.465103, 0], [-52.612896, -16.458686, 0], [-52.621146, -16.465301, 0], [-52.62181, -16.457517, 0], [-52.616558, -16.450634, 0], [-52.638975, -16.437526, 0], [-52.645555, -16.426674, 0], [-52.641532, -16.417169, 0], [-52.643862, -16.413184, 0], [-52.650921, -16.409117, 0], [-52.677056, -16.412752, 0], [-52.688808, -16.396745, 0], [-52.687945, -16.39167, 0], [-52.679687, -16.386916, 0], [-52.67947, -16.386296, 0], [-52.678418, -16.382165, 0], [-52.693394, -16.368782, 0], [-52.690139, -16.357288, 0], [-52.693613, -16.35159, 0], [-52.682721, -16.343977, 0], [-52.686116, -16.328955, 0], [-52.682086, -16.321531, 0], [-52.687336, -16.315926, 0], [-52.682003, -16.304316, 0], [-52.677337, -16.302709, 0], [-52.674061, -16.294557, 0], [-52.657471, -16.28061, 0], [-52.652503, -16.280876, 0], [-52.648192, -16.285855, 0], [-52.637901, -16.284036, 0], [-52.623919, -16.287821, 0], [-52.611168, -16.272802, 0], [-52.590636, -16.270067, 0], [-52.587123, -16.267796, 0], [-52.581331, -16.252035, 0], [-52.576834, -16.250396, 0], [-52.562749, -16.265496, 0], [-52.555481, -16.266084, 0], [-52.550928, -16.264074, 0], [-52.547717, -16.261734, 0], [-52.546752, -16.258964, 0], [-52.569146, -16.233771, 0], [-52.569708, -16.231167, 0], [-52.567118, -16.225505, 0], [-52.552687, -16.226474, 0], [-52.546108, -16.223832, 0], [-52.550657, -16.189596, 0], [-52.54403, -16.18121, 0], [-52.549026, -16.16556, 0], [-52.527502, -16.156657, 0], [-52.525943, -16.141, 0], [-52.517409, -16.135691, 0], [-52.513944, -16.134375, 0], [-52.501131, -16.143142, 0], [-52.495457, -16.1402, 0], [-52.488891, -16.13119, 0], [-52.4719, -16.127162, 0], [-52.45883, -16.12794, 0], [-52.437913, -16.110549, 0], [-52.398251, -16.093887, 0], [-52.375525, -16.098837, 0], [-52.370898, -16.095642, 0], [-52.367993, -16.084913, 0], [-52.361292, -16.082784, 0], [-52.3606, -16.082564, 0], [-52.350667, -16.084388, 0], [-52.331581, -16.072905, 0], [-52.328167, -16.069038, 0], [-52.325135, -16.050452, 0], [-52.321474, -16.045579, 0], [-52.323772, -16.038028, 0], [-52.315828, -16.028262, 0], [-52.310888, -16.007842, 0], [-52.29749, -15.996473, 0], [-52.290543, -15.985805, 0], [-52.289475, -15.966606, 0], [-52.265716, -15.947422, 0], [-52.264553, -15.937824, 0], [-52.258664, -15.932933, 0], [-52.251883, -15.908894, 0], [-52.253045, -15.893104, 0], [-52.236185, -15.889415, 0], [-52.210778, -15.890154, 0], [-52.207574, -15.889463, 0], [-52.193381, -15.883043, 0], [-52.128938, -15.895399, 0], [-52.109171, -15.883033, 0], [-52.097717, -15.8891, 0], [-52.092215, -15.88309, 0], [-52.08183, -15.881288, 0], [-52.058515, -15.887859, 0], [-52.008449, -15.885923, 0], [-51.996757, -15.873527, 0], [-51.983687, -15.844427, 0], [-51.973099, -15.838296, 0], [-51.96021, -15.840704, 0], [-51.954544, -15.838107, 0], [-51.95623, -15.821888, 0], [-51.949817, -15.811751, 0], [-51.947242, -15.811006, 0], [-51.912434, -15.814016, 0], [-51.892673, -15.830731, 0], [-51.888976, -15.831397, 0], [-51.880013, -15.825838, 0], [-51.874639, -15.802352, 0], [-51.858718, -15.787061, 0], [-51.847661, -15.7701, 0], [-51.830007, -15.740619, 0], [-51.827376, -15.737564, 0], [-51.804184, -15.723742, 0], [-51.803931, -15.709631, 0], [-51.77637, -15.667139, 0], [-51.453294, -15.819703, 0], [-51.198421, -15.940174, 0], [-51.225762, -15.980162, 0], [-51.175356, -16.055068, 0], [-51.013056, -16.146719, 0], [-50.963187, -16.177382, 0], [-50.961733, -16.178299, 0], [-50.961256, -16.178612, 0], [-50.961197, -16.178883, 0], [-51.113456, -16.427263, 0], [-51.112573, -16.436281, 0], [-51.111074, -16.438022, 0], [-51.109502, -16.433332, 577.926852], [-51.107425, -16.433369, 0], [-51.091908, -16.460795, 0], [-51.070905, -16.514259, 0], [-51.032717, -16.587771, 0], [-51.024124, -16.698517, 0], [-51.010281, -16.815468, 0], [-51.057142, -16.86024, 850.2504], [-51.123014, -16.904277, 0], [-51.171789, -16.966213, 0], [-51.246887, -17.049828, 0], [-51.166885, -17.269539, 869.5355], [-51.436505, -17.280453, 0], [-51.643088, -17.283905, 1003.1698], [-51.888996, -17.226793, 0], [-51.916537, -17.274447, 0], [-52.100549, -17.386143, 0], [-52.313874, -17.340647, 0], [-52.478719, -17.251938, 0], [-52.384342, -17.102231, 0], [-52.369476, -17.098326, 0], [-52.414908, -16.981587, 0], [-52.440686, -16.925737, 0], [-52.34975, -16.699382, 0], [-52.351208, -16.691313, 0], [-52.504228, -16.673681, 0], [-52.490758, -16.611775, 0], [-52.538016, -16.534444, 0], [-52.62855, -16.524385, 0]]]]}, "properties": {"REG": "9", "Name": "9", "GEOCOD": "REG0009"}}, {"type": "Feature", "geometry": {"crs": {"type": "name", "properties": {"name": "EPSG:4674"}}, "type": "MultiPolygon", "coordinates": [[[[-49.301419, -15.783708, 0], [-49.044973, -15.680679, 0], [-48.988476, -15.694136, 0], [-48.62602, -15.577916, 687.5348], [-48.27456, -15.591557, 0], [-48.200728, -15.586845, 0], [-48.200707, -15.622311, 0], [-48.219353, -15.623082, 0], [-48.233375, -15.63959, 0], [-48.236812, -15.659514, 0], [-48.241193, -15.684908, 0], [-48.24121, -15.707434, 0], [-48.233124, -15.709977, 0], [-48.218511, -15.708483, 0], [-48.207879, -15.718793, 0], [-48.206458, -15.741902, 0], [-48.212351, -15.756258, 0], [-48.21393, -15.760105, 0], [-48.238658, -15.785181, 0], [-48.242371, -15.799136, 0], [-48.246537, -15.79741, 0], [-48.268305, -15.807352, 0], [-48.281373, -15.823926, 0], [-48.283255, -15.82998, 0], [-48.287485, -15.843588, 0], [-48.278485, -15.874561, 0], [-48.272852, -15.88118, 0], [-48.277599, -15.892005, 0], [-48.274819, -15.893506, 0], [-48.277739, -15.906776, 0], [-48.27102, -15.912154, 0], [-48.27368, -15.921439, 0], [-48.277352, -15.923093, 0], [-48.277154, -15.930995, 0], [-48.268597, -15.933308, 0], [-48.262242, -15.929098, 0], [-48.261574, -15.929677, 0], [-48.252884, -15.93721, 0], [-48.252899, -15.943162, 0], [-48.252928, -15.954561, 0], [-48.26149, -15.967538, 0], [-48.260636, -15.978215, 0], [-48.265261, -15.995255, 0], [-48.273243, -16.008928, 0], [-48.272018, -16.02916, 0], [-48.279146, -16.049275, 0], [-48.279515, -16.052004, 0], [-48.087071, -16.052214, 0], [-48.034804, -16.052078, 0], [-48.021542, -16.052042, 0], [-47.93959, -16.051799, 0], [-47.814902, -16.051487, 0], [-47.683863, -16.05108, 0], [-47.617906, -16.051111, 0], [-47.309191, -16.050985, 0], [-47.3062, -16.056455, 0], [-47.304774, -16.061134, 0], [-47.316139, -16.067784, 0], [-47.311935, -16.068873, 0], [-47.308602, -16.07527, 0], [-47.308585, -16.079291, 0], [-47.317041, -16.080083, 0], [-47.311549, -16.082419, 0], [-47.311723, -16.088587, 0], [-47.322714, -16.090848, 0], [-47.323734, -16.086015, 0], [-47.324515, -16.085667, 0], [-47.329684, -16.090885, 0], [-47.333515, -16.08634, 0], [-47.337526, -16.09405, 0], [-47.331952, -16.09476, 0], [-47.334299, -16.098272, 0], [-47.332253, -16.107931, 0], [-47.339349, -16.114809, 0], [-47.33694, -16.119942, 0], [-47.341866, -16.122221, 0], [-47.338141, -16.128938, 0], [-47.35245, -16.132414, 0], [-47.347904, -16.141015, 0], [-47.350754, -16.148583, 0], [-47.341336, -16.148554, 0], [-47.349005, -16.155559, 0], [-47.340807, -16.157399, 0], [-47.345392, -16.164522, 0], [-47.341062, -16.164244, 0], [-47.332336, -16.172194, 0], [-47.331783, -16.18004, 0], [-47.340891, -16.185711, 0], [-47.331167, -16.184729, 0], [-47.330342, -16.196362, 0], [-47.336701, -16.202043, 0], [-47.325619, -16.207651, 0], [-47.323904, -16.209675, 0], [-47.324115, -16.209742, 0], [-47.329417, -16.21142, 0], [-47.330571, -16.214801, 0], [-47.322841, -16.231772, 0], [-47.329316, -16.249563, 0], [-47.334212, -16.24898, 0], [-47.335284, -16.258531, 0], [-47.345424, -16.26596, 0], [-47.351236, -16.275198, 0], [-47.34804, -16.287714, 0], [-47.356584, -16.294225, 0], [-47.353352, -16.307061, 0], [-47.358486, -16.311635, 0], [-47.366654, -16.331954, 0], [-47.371687, -16.333783, 0], [-47.378798, -16.347328, 0], [-47.403998, -16.376282, 0], [-47.418285, -16.381704, 0], [-47.419703, -16.391315, 0], [-47.427556, -16.394616, 0], [-47.424007, -16.420672, 0], [-47.432221, -16.440598, 0], [-47.429902, -16.443116, 0], [-47.445836, -16.451374, 0], [-47.448314, -16.465155, 0], [-47.454451, -16.468355, 0], [-47.456533, -16.487861, 0], [-47.453368, -16.491142, 0], [-47.458251, -16.499218, 0], [-47.458964, -16.502676, 0], [-47.459331, -16.504458, 0], [-47.457612, -16.508461, 0], [-47.448035, -16.517821, 0], [-47.445727, -16.52991, 0], [-47.442505, -16.529657, 0], [-47.444793, -16.541222, 0], [-47.430926, -16.541633, 0], [-47.434419, -16.545311, 0], [-47.429418, -16.552836, 0], [-47.426756, -16.548795, 0], [-47.420947, -16.552249, 0], [-47.413895, -16.548577, 0], [-47.406262, -16.556146, 0], [-47.406079, -16.557121, 0], [-47.412751, -16.558947, 0], [-47.41342, -16.562704, 0], [-47.409641, -16.561322, 0], [-47.412756, -16.565966, 0], [-47.409547, -16.567282, 0], [-47.413255, -16.576316, 0], [-47.401227, -16.572738, 0], [-47.394395, -16.574589, 0], [-47.396808, -16.580454, 0], [-47.38728, -16.589319, 0], [-47.387333, -16.579486, 0], [-47.38693, -16.579355, 0], [-47.3769, -16.58069, 0], [-47.374882, -16.594253, 0], [-47.376555, -16.599689, 0], [-47.367359, -16.601546, 0], [-47.365054, -16.595176, 0], [-47.356108, -16.590058, 0], [-47.351167, -16.593808, 0], [-47.343236, -16.593635, 0], [-47.343333, -16.598612, 0], [-47.337341, -16.598429, 0], [-47.338861, -16.604292, 0], [-47.334289, -16.608644, 0], [-47.338336, -16.612119, 0], [-47.334724, -16.617586, 0], [-47.320932, -16.607518, 0], [-47.318921, -16.604015, 0], [-47.315788, -16.608032, 0], [-47.320356, -16.618591, 0], [-47.316651, -16.617062, 0], [-47.304842, -16.624536, 0], [-47.307481, -16.632573, 0], [-47.301972, -16.627462, 0], [-47.29506, -16.627021, 0], [-47.294476, -16.637225, 0], [-47.287093, -16.63552, 0], [-47.284309, -16.639727, 0], [-47.284051, -16.640311, 0], [-47.287393, -16.644876, 0], [-47.278693, -16.648667, 0], [-47.277614, -16.660506, 0], [-47.272337, -16.664165, 0], [-47.266222, -16.660358, 0], [-47.264282, -16.662747, 0], [-47.260587, -16.656098, 0], [-47.25975, -16.656088, 0], [-47.25423, -16.66412, 0], [-47.260196, -16.668248, 0], [-47.250535, -16.667272, 0], [-47.248785, -16.675597, 0], [-47.259335, -16.679432, 0], [-47.255609, -16.687207, 0], [-47.246981, -16.682924, 0], [-47.246082, -16.701429, 0], [-47.25186, -16.705955, 0], [-47.249119, -16.709198, 0], [-47.241926, -16.704977, 0], [-47.238778, -16.709574, 0], [-47.228029, -16.713942, 0], [-47.22373, -16.723124, 0], [-47.223574, -16.728388, 0], [-47.604446, -16.754336, 1241.0089], [-48.200579, -16.49281, 987.6639], [-48.202332, -16.49329, 0], [-48.28723, -16.498702, 0], [-48.374613, -16.543953, 0], [-48.422985, -16.621974, 0], [-48.623004, -16.708246, 0], [-48.702999, -16.58797, 0], [-48.783816, -16.615075, 1073.9554], [-48.822187, -16.593852, 0], [-49.014135, -16.582887, 0], [-49.076683, -16.616787, 0], [-49.087995, -16.599817, 0], [-49.14612, -16.616982, 0], [-49.191177, -16.639998, 0], [-49.212169, -16.652993, 0], [-49.219574, -16.6582, 716.222], [-49.26515, -16.616184, 0], [-49.219643, -16.406328, 823.8483], [-49.267854, -16.346479, 0], [-49.262792, -16.339011, 810.1686], [-49.293576, -16.304536, 0], [-49.302004, -16.265143, 873.2316], [-49.302004, -16.265142, 0], [-49.257933, -16.187014, 0], [-49.325142, -16.098282, 0], [-49.325037, -16.085549, 0], [-49.227499, -16.029067, 0], [-49.237673, -15.892756, 729.6733], [-49.301419, -15.783708, 0]]]]}, "properties": {"REG": "12", "Name": "12", "GEOCOD": "REG0012"}}, {"type": "Feature", "geometry": {"crs": {"type": "name", "properties": {"name": "EPSG:4674"}}, "type": "MultiPolygon", "coordinates": [[[[-47.223574, -16.728388, 0], [-47.223471, -16.731876, 0], [-47.231474, -16.734832, 0], [-47.226917, -16.742143, 0], [-47.234888, -16.745142, 0], [-47.236368, -16.755843, 0], [-47.232475, -16.765537, 0], [-47.223809, -16.762279, 0], [-47.230305, -16.767947, 0], [-47.231284, -16.775867, 0], [-47.21761, -16.780524, 0], [-47.21986, -16.787356, 0], [-47.216782, -16.79406, 0], [-47.219444, -16.797423, 0], [-47.216057, -16.802581, 0], [-47.220158, -16.805045, 0], [-47.220561, -16.807283, 0], [-47.219625, -16.809353, 0], [-47.207862, -16.820301, 0], [-47.213164, -16.823569, 0], [-47.212519, -16.828343, 0], [-47.193904, -16.825664, 0], [-47.206342, -16.840326, 0], [-47.200751, -16.860676, 0], [-47.20155, -16.862478, 0], [-47.209722, -16.86595, 0], [-47.208085, -16.876515, 0], [-47.201286, -16.875832, 0], [-47.201284, -16.882764, 0], [-47.193559, -16.883616, 0], [-47.195005, -16.887799, 0], [-47.202752, -16.890626, 0], [-47.201729, -16.895102, 0], [-47.19404, -16.898779, 0], [-47.197103, -16.909953, 0], [-47.182453, -16.902728, 0], [-47.179894, -16.905624, 0], [-47.173255, -16.918954, 0], [-47.167158, -16.915993, 0], [-47.164601, -16.918963, 0], [-47.160621, -16.922545, 0], [-47.174754, -16.933347, 0], [-47.169894, -16.93599, 0], [-47.168724, -16.941648, 0], [-47.164776, -16.938579, 0], [-47.157309, -16.941879, 0], [-47.166971, -16.953095, 0], [-47.153033, -16.955527, 0], [-47.152777, -16.95632, 0], [-47.158729, -16.965157, 0], [-47.152031, -16.96796, 0], [-47.14456, -16.965893, 0], [-47.142996, -16.97255, 0], [-47.127944, -16.979315, 0], [-47.126986, -16.981025, 0], [-47.131918, -16.992007, 0], [-47.151504, -16.99781, 0], [-47.140556, -16.997631, 0], [-47.140667, -17.005172, 0], [-47.144528, -17.004264, 0], [-47.145145, -17.010182, 0], [-47.13317, -17.005793, 0], [-47.13214, -17.010894, 0], [-47.141058, -17.017797, 0], [-47.138808, -17.020451, 0], [-47.144775, -17.025645, 0], [-47.149362, -17.024597, 0], [-47.147362, -17.031244, 0], [-47.149394, -17.032075, 0], [-47.152509, -17.032592, 0], [-47.15542, -17.026782, 0], [-47.15756, -17.034275, 0], [-47.160808, -17.030966, 0], [-47.162484, -17.034858, 0], [-47.162754, -17.036544, 0], [-47.163872, -17.041669, 0], [-47.168841, -17.039602, 0], [-47.165443, -17.045521, 0], [-47.167352, -17.047951, 0], [-47.179421, -17.039955, 0], [-47.180692, -17.035533, 0], [-47.184831, -17.036419, 0], [-47.182116, -17.053279, 0], [-47.176608, -17.054646, 0], [-47.176557, -17.056273, 0], [-47.182476, -17.064413, 0], [-47.187808, -17.05815, 0], [-47.19067, -17.06216, 0], [-47.196586, -17.060526, 0], [-47.196638, -17.067094, 0], [-47.192021, -17.066922, 0], [-47.191419, -17.070085, 0], [-47.198475, -17.072718, 0], [-47.20592, -17.071139, 0], [-47.208249, -17.067312, 0], [-47.210757, -17.074384, 0], [-47.20806, -17.080813, 0], [-47.224172, -17.076151, 0], [-47.224167, -17.083004, 0], [-47.229259, -17.079491, 0], [-47.23456, -17.082811, 0], [-47.231128, -17.086818, 0], [-47.224773, -17.08619, 0], [-47.230114, -17.09011, 0], [-47.23993, -17.084148, 0], [-47.243479, -17.087286, 0], [-47.248109, -17.082227, 0], [-47.248557, -17.099013, 0], [-47.254699, -17.098773, 0], [-47.256897, -17.093601, 0], [-47.259721, -17.101217, 0], [-47.264837, -17.097999, 0], [-47.266314, -17.114067, 0], [-47.273974, -17.104034, 0], [-47.282339, -17.115352, 0], [-47.275529, -17.118289, 0], [-47.276311, -17.123542, 0], [-47.282554, -17.123219, 0], [-47.276729, -17.127861, 0], [-47.283805, -17.131037, 0], [-47.283091, -17.144558, 0], [-47.2962, -17.139081, 0], [-47.304557, -17.147387, 0], [-47.30336, -17.15491, 0], [-47.307756, -17.159471, 0], [-47.311423, -17.146777, 0], [-47.324064, -17.156088, 0], [-47.328061, -17.148793, 0], [-47.332442, -17.15485, 0], [-47.329808, -17.158937, 0], [-47.334286, -17.165752, 0], [-47.352368, -17.166957, 0], [-47.348869, -17.176682, 0], [-47.352207, -17.179518, 0], [-47.363596, -17.171126, 0], [-47.418381, -17.156709, 0], [-47.481817, -17.133642, 0], [-47.611571, -17.116341, 0], [-47.712492, -17.119224, 0], [-47.862431, -17.162476, 0], [-48.106081, -17.312415, 0], [-48.226465, -17.362154, 0], [-48.24595, -17.37284, 656.2346], [-48.253215, -17.367968, 0], [-48.282395, -17.340176, 0], [-48.28686, -17.329852, 0], [-48.352356, -17.340411, 0], [-48.531175, -17.345885, 0], [-48.763821, -17.373255, 0], [-48.801341, -17.38637, 0], [-48.804655, -17.387552, 803.3609], [-48.804414, -17.38089, 0], [-48.835508, -17.324154, 0], [-48.868034, -17.280345, 0], [-48.895723, -17.281274, 0], [-48.972269, -17.275327, 0], [-49.003223, -17.265098, 835.1045], [-49.074484, -17.155827, 0], [-49.136523, -17.077366, 0], [-49.146559, -17.071892, 0], [-49.203123, -17.036311, 0], [-49.229581, -17.022626, 0], [-49.229581, -17.022626, 0], [-49.229593, -17.022609, 0], [-49.242504, -17.018345, 0], [-49.232083, -16.969153, 0], [-49.233556, -16.967026, 0], [-49.233914, -16.966213, 0], [-49.238794, -16.95945, 0], [-49.253549, -16.943139, 0], [-49.250818, -16.934167, 0], [-49.25511, -16.895937, 0], [-49.243679, -16.834415, 795.6175], [-49.230993, -16.709869, 0], [-49.219574, -16.6582, 716.222], [-49.212169, -16.652993, 0], [-49.191177, -16.639998, 0], [-49.14612, -16.616982, 0], [-49.087995, -16.599817, 0], [-49.076683, -16.616787, 0], [-49.014135, -16.582887, 0], [-48.822187, -16.593852, 0], [-48.783816, -16.615075, 1073.9554], [-48.702999, -16.58797, 0], [-48.623004, -16.708246, 0], [-48.422985, -16.621974, 0], [-48.374613, -16.543953, 0], [-48.28723, -16.498702, 0], [-48.202332, -16.49329, 0], [-48.200579, -16.49281, 987.6639], [-47.604446, -16.754336, 1241.0089], [-47.223574, -16.728388, 0]]]]}, "properties": {"REG": "14", "Name": "14", "GEOCOD": "REG0014"}}, {"type": "Feature", "geometry": {"crs": {"type": "name", "properties": {"name": "EPSG:4674"}}, "type": "MultiPolygon", "coordinates": [[[[-51.436505, -17.280453, 0], [-51.328255, -17.397804, 891.9951], [-51.317125, -17.41116, 0], [-51.244182, -18.279292, 0], [-51.070008, -18.504757, 0], [-50.961531, -18.711152, 0], [-50.938783, -18.788536, 0], [-50.90605, -18.844181, 0], [-50.780029, -18.904737, 0], [-50.660489, -18.919422, 493.1532], [-50.461037, -18.911546, 0], [-50.466483, -18.917347, 0], [-50.471497, -18.920562, 0], [-50.473868, -18.921341, 0], [-50.500711, -18.930154, 0], [-50.509547, -18.937888, 0], [-50.512282, -18.952423, 0], [-50.500455, -18.98162, 0], [-50.504424, -19.004942, 0], [-50.49548, -19.013328, 0], [-50.499149, -19.034487, 0], [-50.52323, -19.077394, 0], [-50.537928, -19.099863, 0], [-50.542265, -19.10468, 0], [-50.544081, -19.106088, 0], [-50.545805, -19.107425, 0], [-50.572901, -19.121485, 0], [-50.585431, -19.137848, 0], [-50.646001, -19.13439, 0], [-50.646913, -19.134338, 0], [-50.659772, -19.134545, 0], [-50.672033, -19.136269, 0], [-50.675679, -19.137572, 0], [-50.678115, -19.140149, 0], [-50.672933, -19.164161, 0], [-50.681063, -19.173658, 0], [-50.733876, -19.186265, 0], [-50.743294, -19.198672, 0], [-50.744368, -19.21542, 0], [-50.744929, -19.224162, 0], [-50.748132, -19.236281, 0], [-50.771875, -19.259811, 0], [-50.78918, -19.263147, 0], [-50.81753, -19.290285, 0], [-50.828377, -19.308479, 0], [-50.829381, -19.310917, 0], [-50.836242, -19.32758, 0], [-50.838292, -19.346079, 0], [-50.848427, -19.365763, 0], [-50.861041, -19.392546, 0], [-50.872805, -19.40659, 0], [-50.874356, -19.41046, 0], [-50.875766, -19.423294, 0], [-50.868992, -19.434383, 0], [-50.83921, -19.45806, 0], [-50.825352, -19.4755, 0], [-50.8271, -19.487928, 0], [-50.8358, -19.49735, 0], [-50.842586, -19.499611, 0], [-50.907599, -19.476302, 0], [-50.936219, -19.468137, 0], [-50.940104, -19.456971, 0], [-50.947131, -19.453362, 0], [-50.95242, -19.443319, 0], [-50.968792, -19.435334, 0], [-50.985711, -19.431843, 0], [-50.985465, -19.410872, 0], [-51.005234, -19.413575, 0], [-51.002384, -19.404683, 0], [-51.006538, -19.399547, 0], [-51.015906, -19.402949, 0], [-51.031131, -19.401897, 0], [-51.032682, -19.398359, 0], [-51.021381, -19.390357, 0], [-51.018407, -19.384336, 0], [-51.024211, -19.381912, 0], [-51.032749, -19.363124, 0], [-51.033685, -19.36234, 0], [-51.042848, -19.361069, 0], [-51.043043, -19.347139, 0], [-51.051209, -19.33553, 0], [-51.054022, -19.336315, 0], [-51.058239, -19.329903, 0], [-51.067459, -19.330557, 0], [-51.068199, -19.325643, 0], [-51.088326, -19.314754, 0], [-51.088374, -19.308789, 0], [-51.092959, -19.307536, 0], [-51.093038, -19.307545, 0], [-51.106438, -19.309138, 0], [-51.118822, -19.303443, 0], [-51.126488, -19.303915, 0], [-51.144241, -19.287668, 0], [-51.168739, -19.287859, 0], [-51.180909, -19.283994, 0], [-51.188358, -19.269009, 0], [-51.201271, -19.265376, 0], [-51.20338, -19.261693, 0], [-51.208104, -19.26645, 0], [-51.216795, -19.259434, 0], [-51.224685, -19.258643, 0], [-51.228828, -19.263944, 0], [-51.229478, -19.264777, 0], [-51.241351, -19.269517, 0], [-51.247154, -19.266689, 0], [-51.252626, -19.274534, 0], [-51.257352, -19.267891, 0], [-51.275164, -19.262577, 0], [-51.279358, -19.250597, 0], [-51.284065, -19.25224, 0], [-51.285116, -19.252607, 0], [-51.287296, -19.251876, 0], [-51.290526, -19.246576, 0], [-51.296675, -19.24368, 0], [-51.29838, -19.239245, 0], [-51.308324, -19.238398, 0], [-51.303997, -19.224434, 0], [-51.308222, -19.218989, 0], [-51.336075, -19.222719, 0], [-51.344409, -19.214381, 0], [-51.366853, -19.22282, 0], [-51.369884, -19.221149, 0], [-51.364968, -19.213377, 0], [-51.370913, -19.208379, 0], [-51.370413, -19.201125, 0], [-51.375523, -19.195097, 0], [-51.395961, -19.196542, 0], [-51.403997, -19.188319, 0], [-51.406781, -19.185768, 0], [-51.407733, -19.18513, 0], [-51.412022, -19.180827, 0], [-51.406411, -19.1761, 0], [-51.412023, -19.172882, 0], [-51.417081, -19.174751, 0], [-51.420884, -19.166994, 0], [-51.427389, -19.166049, 0], [-51.430966, -19.171506, 0], [-51.438496, -19.172153, 0], [-51.443652, -19.167917, 0], [-51.446229, -19.16102, 0], [-51.448409, -19.160912, 0], [-51.457465, -19.163451, 0], [-51.458659, -19.168046, 0], [-51.474426, -19.154713, 0], [-51.475733, -19.154648, 0], [-51.478114, -19.154936, 0], [-51.481826, -19.160132, 0], [-51.494335, -19.163453, 0], [-51.501037, -19.15676, 0], [-51.501886, -19.148236, 0], [-51.511885, -19.151523, 0], [-51.527857, -19.140063, 0], [-51.540187, -19.143769, 0], [-51.551225, -19.140684, 0], [-51.554997, -19.132934, 0], [-51.57664, -19.133022, 0], [-51.578327, -19.12873, 0], [-51.58008, -19.131144, 0], [-51.592914, -19.127872, 0], [-51.597195, -19.136766, 0], [-51.609611, -19.141334, 0], [-51.614051, -19.13723, 0], [-51.624301, -19.138491, 0], [-51.640052, -19.127886, 0], [-51.642921, -19.130317, 0], [-51.658363, -19.138376, 0], [-51.693637, -19.11867, 0], [-51.700384, -19.120137, 0], [-51.710188, -19.112889, 0], [-51.711716, -19.108937, 0], [-51.706278, -19.107118, 0], [-51.713584, -19.103289, 0], [-51.717083, -19.107936, 0], [-51.729114, -19.108685, 0], [-51.732051, -19.099509, 0], [-51.740782, -19.101319, 0], [-51.743218, -19.098938, 0], [-51.746987, -19.09438, 0], [-51.747245, -19.092359, 0], [-51.742279, -19.090531, 0], [-51.74361, -19.088289, 0], [-51.761057, -19.089083, 0], [-51.776503, -19.077513, 0], [-51.781615, -19.081666, 0], [-51.791747, -19.078583, 0], [-51.789978, -19.074455, 0], [-51.798339, -19.073208, 0], [-51.796832, -19.067078, 0], [-51.81878, -19.054037, 0], [-51.841729, -19.057594, 0], [-51.844301, -19.053084, 0], [-51.83603, -19.046429, 0], [-51.843175, -19.042758, 0], [-51.851306, -19.044839, 0], [-51.849194, -19.047333, 0], [-51.855273, -19.051846, 0], [-51.871561, -19.035989, 0], [-51.872478, -19.030456, 0], [-51.875946, -19.031064, 0], [-51.883171, -19.020338, 0], [-51.891641, -19.017428, 0], [-51.889804, -19.008809, 0], [-51.899223, -18.994642, 0], [-51.907922, -18.994659, 0], [-51.915168, -18.984086, 0], [-51.926054, -18.984759, 0], [-51.926882, -18.976901, 0], [-51.934126, -18.975933, 0], [-51.940732, -18.968403, 0], [-51.94647, -18.975615, 0], [-51.95272, -18.975375, 0], [-51.951919, -18.981162, 0], [-51.958282, -18.97875, 0], [-51.963732, -18.969003, 0], [-51.965757, -18.971005, 0], [-51.968698, -18.967157, 0], [-51.967446, -18.975786, 0], [-51.97012, -18.977743, 0], [-51.973418, -18.975124, 0], [-51.978614, -18.981268, 0], [-51.981807, -18.971686, 0], [-51.996368, -18.973881, 0], [-51.999312, -18.968199, 0], [-52.005005, -18.969425, 0], [-52.008613, -18.9775, 0], [-52.01601, -18.983235, 0], [-52.021092, -18.979747, 0], [-52.014868, -18.973868, 0], [-52.02028, -18.968145, 0], [-52.019058, -18.963953, 0], [-52.025923, -18.964032, 0], [-52.035585, -18.958619, 0], [-52.037676, -18.961845, 0], [-52.042083, -18.960869, 0], [-52.045647, -18.950959, 0], [-52.050337, -18.951812, 0], [-52.057059, -18.946841, 0], [-52.067309, -18.953795, 0], [-52.081779, -18.951361, 0], [-52.088897, -18.94235, 0], [-52.091416, -18.942462, 0], [-52.091209, -18.941817, 0], [-52.08937, -18.936081, 0], [-52.096391, -18.936475, 0], [-52.104807, -18.928516, 0], [-52.10745, -18.923964, 0], [-52.103308, -18.922462, 0], [-52.105366, -18.918525, 0], [-52.10942, -18.919398, 0], [-52.106642, -18.906356, 0], [-52.112124, -18.899754, 0], [-52.113868, -18.902627, 0], [-52.12484, -18.897761, 0], [-52.131927, -18.898182, 0], [-52.137869, -18.89037, 0], [-52.148476, -18.894375, 0], [-52.15759, -18.888887, 0], [-52.155539, -18.883016, 0], [-52.162088, -18.879107, 0], [-52.159895, -18.876952, 0], [-52.165672, -18.877116, 0], [-52.16642, -18.865971, 0], [-52.172862, -18.862557, 0], [-52.176588, -18.855134, 0], [-52.180002, -18.85598, 0], [-52.181888, -18.848369, 0], [-52.187395, -18.846336, 0], [-52.199728, -18.851235, 0], [-52.203422, -18.848305, 0], [-52.208368, -18.850584, 0], [-52.21028, -18.846641, 0], [-52.219732, -18.84301, 0], [-52.251893, -18.840032, 0], [-52.264177, -18.828265, 0], [-52.2652, -18.831141, 0], [-52.277519, -18.829702, 0], [-52.29537, -18.829734, 0], [-52.206348, -18.663827, 0], [-52.093393, -18.522695, 712.0667], [-52.152345, -18.400111, 0], [-52.105701, -18.265906, 0], [-51.936686, -18.258502, 0], [-52.010336, -18.031826, 0], [-52.029157, -17.891076, 0], [-52.04751, -17.800524, 0], [-51.87325, -17.58079, 860.7705], [-51.920121, -17.554421, 0], [-51.953059, -17.444153, 0], [-51.916541, -17.274454, 0], [-51.888996, -17.226793, 0], [-51.643088, -17.283905, 1003.1698], [-51.436505, -17.280453, 0]]]]}, "properties": {"REG": "16", "Name": "16", "GEOCOD": "REG0016"}}, {"type": "Feature", "geometry": {"crs": {"type": "name", "properties": {"name": "EPSG:4674"}}, "type": "MultiPolygon", "coordinates": [[[[-47.352207, -17.179518, 0], [-47.353586, -17.18069, 0], [-47.341921, -17.187097, 0], [-47.340721, -17.187981, 0], [-47.343169, -17.190009, 0], [-47.350007, -17.186683, 0], [-47.357057, -17.189081, 0], [-47.363426, -17.186952, 0], [-47.35723, -17.195138, 0], [-47.350614, -17.196957, 0], [-47.350881, -17.204244, 0], [-47.351508, -17.205752, 0], [-47.356455, -17.203097, 0], [-47.361226, -17.205078, 0], [-47.364562, -17.212465, 0], [-47.363029, -17.223167, 0], [-47.372919, -17.217924, 0], [-47.374842, -17.217751, 0], [-47.373952, -17.221687, 0], [-47.378986, -17.220434, 0], [-47.3857, -17.227508, 0], [-47.379396, -17.236737, 0], [-47.386883, -17.240195, 0], [-47.382314, -17.243816, 0], [-47.386919, -17.250265, 0], [-47.396448, -17.243224, 0], [-47.407192, -17.246142, 0], [-47.411451, -17.249691, 0], [-47.408652, -17.258039, 0], [-47.422729, -17.260071, 0], [-47.423508, -17.262566, 0], [-47.417488, -17.265088, 0], [-47.417325, -17.265435, 0], [-47.417412, -17.267934, 0], [-47.418029, -17.270185, 0], [-47.434841, -17.276677, 0], [-47.433152, -17.283947, 0], [-47.425932, -17.284089, 0], [-47.421801, -17.290091, 0], [-47.420613, -17.297574, 0], [-47.421178, -17.301502, 0], [-47.429754, -17.308497, 0], [-47.422094, -17.316427, 0], [-47.424573, -17.324486, 0], [-47.437017, -17.318617, 0], [-47.442314, -17.323473, 0], [-47.450729, -17.324513, 0], [-47.451396, -17.329559, 0], [-47.455398, -17.331143, 0], [-47.441172, -17.348162, 0], [-47.447444, -17.34973, 0], [-47.451493, -17.345579, 0], [-47.460424, -17.34461, 0], [-47.458262, -17.352183, 0], [-47.463088, -17.355429, 0], [-47.464659, -17.355965, 0], [-47.472608, -17.345674, 0], [-47.488337, -17.349965, 0], [-47.491205, -17.345285, 0], [-47.495456, -17.345305, 0], [-47.499008, -17.33628, 0], [-47.510307, -17.332448, 0], [-47.511299, -17.327524, 0], [-47.511755, -17.327605, 0], [-47.512537, -17.335402, 0], [-47.509173, -17.338681, 0], [-47.504979, -17.337756, 0], [-47.522061, -17.353272, 0], [-47.519987, -17.357153, 0], [-47.514373, -17.356668, 0], [-47.514889, -17.375186, 0], [-47.518952, -17.375808, 0], [-47.519123, -17.380781, 0], [-47.526085, -17.383435, 0], [-47.530896, -17.378044, 0], [-47.532702, -17.38158, 0], [-47.52881, -17.389068, 0], [-47.539209, -17.38926, 0], [-47.53371, -17.394878, 0], [-47.532508, -17.401708, 0], [-47.524397, -17.40738, 0], [-47.525097, -17.411819, 0], [-47.525214, -17.412561, 0], [-47.537731, -17.408718, 0], [-47.536154, -17.413189, 0], [-47.530259, -17.414291, 0], [-47.528099, -17.424497, 0], [-47.523677, -17.422214, 0], [-47.521812, -17.424331, 0], [-47.527563, -17.430195, 0], [-47.527707, -17.440824, 0], [-47.540735, -17.446324, 0], [-47.541568, -17.454763, 0], [-47.536078, -17.456091, 0], [-47.51469, -17.461264, 0], [-47.512446, -17.474245, 0], [-47.503617, -17.482237, 0], [-47.506115, -17.493474, 0], [-47.503285, -17.517013, 0], [-47.501255, -17.52023, 0], [-47.496237, -17.525761, 0], [-47.492873, -17.526899, 0], [-47.478413, -17.512119, 0], [-47.4779, -17.512191, 0], [-47.467284, -17.534027, 0], [-47.463937, -17.535885, 0], [-47.457805, -17.538005, 0], [-47.453994, -17.537656, 0], [-47.44679, -17.531236, 0], [-47.414584, -17.521983, 0], [-47.400158, -17.513396, 0], [-47.385288, -17.514806, 0], [-47.37492, -17.52438, 0], [-47.35176, -17.527403, 0], [-47.331313, -17.525301, 0], [-47.321224, -17.531623, 0], [-47.31449, -17.544553, 0], [-47.307005, -17.558921, 0], [-47.284245, -17.578041, 0], [-47.276203, -17.598315, 0], [-47.267253, -17.60955, 0], [-47.26435, -17.620919, 0], [-47.268649, -17.638177, 0], [-47.279117, -17.644688, 0], [-47.28176, -17.653707, 0], [-47.278891, -17.656054, 0], [-47.280286, -17.659, 0], [-47.276224, -17.660083, 0], [-47.271422, -17.667762, 0], [-47.270797, -17.674933, 0], [-47.286981, -17.684677, 0], [-47.298733, -17.684467, 0], [-47.301869, -17.689386, 0], [-47.299901, -17.691917, 0], [-47.306032, -17.691804, 0], [-47.314067, -17.699478, 0], [-47.31248, -17.711978, 0], [-47.318227, -17.727097, 0], [-47.337422, -17.737884, 0], [-47.343112, -17.744921, 0], [-47.342841, -17.752252, 0], [-47.335029, -17.757262, 0], [-47.336839, -17.761448, 0], [-47.333094, -17.767081, 0], [-47.343589, -17.775516, 0], [-47.341207, -17.779499, 0], [-47.354863, -17.788, 0], [-47.354615, -17.794201, 0], [-47.348828, -17.798427, 0], [-47.353371, -17.805339, 0], [-47.358393, -17.805805, 0], [-47.351011, -17.811723, 0], [-47.352423, -17.815597, 0], [-47.363729, -17.817434, 0], [-47.364862, -17.823959, 0], [-47.373444, -17.830412, 0], [-47.367309, -17.835834, 0], [-47.362704, -17.853576, 0], [-47.35848, -17.858845, 0], [-47.359919, -17.866506, 0], [-47.354091, -17.871385, 0], [-47.359215, -17.887676, 0], [-47.35621, -17.892314, 0], [-47.358511, -17.892544, 0], [-47.357449, -17.89825, 0], [-47.347219, -17.898441, 0], [-47.345995, -17.899438, 0], [-47.34382, -17.9036, 0], [-47.344585, -17.909435, 0], [-47.33879, -17.912949, 0], [-47.344538, -17.918941, 0], [-47.342763, -17.922296, 0], [-47.345175, -17.921336, 0], [-47.339784, -17.928626, 0], [-47.340977, -17.937869, 0], [-47.337695, -17.939222, 0], [-47.337308, -17.935912, 0], [-47.334947, -17.940075, 0], [-47.33406, -17.951985, 0], [-47.314229, -17.963686, 0], [-47.31434, -17.977504, 0], [-47.321702, -17.980202, 0], [-47.323335, -17.984956, 0], [-47.320181, -17.986438, 0], [-47.31956, -17.996498, 0], [-47.315979, -17.995855, 0], [-47.311926, -18.006518, 0], [-47.297231, -18.009855, 0], [-47.294396, -18.017496, 0], [-47.297648, -18.020996, 0], [-47.296116, -18.027054, 0], [-47.301166, -18.027484, 0], [-47.293451, -18.030643, 0], [-47.28715, -18.043249, 0], [-47.284379, -18.041411, 0], [-47.283588, -18.058697, 0], [-47.29284, -18.064522, 0], [-47.298035, -18.062283, 0], [-47.305929, -18.06416, 0], [-47.302818, -18.074197, 0], [-47.31073, -18.069932, 0], [-47.323151, -18.070153, 0], [-47.343809, -18.081272, 0], [-47.34726, -18.088701, 0], [-47.358179, -18.085483, 0], [-47.361766, -18.096674, 0], [-47.355093, -18.097282, 0], [-47.356263, -18.105575, 0], [-47.366315, -18.10828, 0], [-47.369905, -18.115716, 0], [-47.384366, -18.118208, 0], [-47.386478, -18.121675, 0], [-47.394173, -18.116702, 0], [-47.396204, -18.127608, 0], [-47.407706, -18.132214, 0], [-47.405845, -18.135746, 0], [-47.396923, -18.137839, 0], [-47.397257, -18.142326, 0], [-47.40837, -18.141988, 0], [-47.412789, -18.148169, 0], [-47.418737, -18.141161, 0], [-47.429171, -18.139748, 0], [-47.435753, -18.152448, 0], [-47.434202, -18.157686, 0], [-47.427732, -18.161766, 0], [-47.430425, -18.166277, 0], [-47.436262, -18.168056, 0], [-47.444928, -18.159388, 0], [-47.451623, -18.159634, 0], [-47.464343, -18.177823, 0], [-47.46895, -18.176794, 0], [-47.471847, -18.180513, 0], [-47.480372, -18.177684, 0], [-47.483794, -18.181189, 0], [-47.488502, -18.187241, 0], [-47.485316, -18.193992, 0], [-47.490284, -18.192893, 0], [-47.497564, -18.199564, 0], [-47.505622, -18.192725, 0], [-47.51859, -18.199337, 0], [-47.518402, -18.21106, 0], [-47.531034, -18.21831, 0], [-47.527877, -18.226706, 0], [-47.534124, -18.231167, 0], [-47.539572, -18.228221, 0], [-47.540516, -18.217797, 0], [-47.534956, -18.199079, 0], [-47.539107, -18.195454, 0], [-47.543065, -18.195641, 0], [-47.55812, -18.208498, 0], [-47.562176, -18.209093, 0], [-47.567953, -18.204326, 0], [-47.571338, -18.220788, 0], [-47.576872, -18.226465, 0], [-47.58161, -18.224595, 0], [-47.589007, -18.227499, 0], [-47.581846, -18.232168, 0], [-47.582183, -18.235569, 0], [-47.591173, -18.236267, 0], [-47.607529, -18.247203, 0], [-47.60737, -18.247519, 0], [-47.603839, -18.254501, 0], [-47.603647, -18.25819, 0], [-47.607683, -18.264351, 0], [-47.614257, -18.263035, 0], [-47.615529, -18.261145, 0], [-47.614958, -18.251347, 0], [-47.624015, -18.258248, 0], [-47.625598, -18.260935, 0], [-47.619404, -18.272173, 0], [-47.630292, -18.277713, 0], [-47.639156, -18.288139, 0], [-47.633153, -18.292084, 0], [-47.627698, -18.303604, 0], [-47.611648, -18.315853, 0], [-47.624649, -18.323098, 0], [-47.62657, -18.334759, 0], [-47.633692, -18.333986, 0], [-47.647006, -18.34042, 0], [-47.648355, -18.33958, 0], [-47.647323, -18.330772, 0], [-47.653571, -18.32671, 0], [-47.657959, -18.328267, 0], [-47.671094, -18.357939, 0], [-47.679768, -18.356853, 0], [-47.686845, -18.357919, 0], [-47.686491, -18.363258, 0], [-47.698966, -18.377702, 0], [-47.702764, -18.379602, 0], [-47.706444, -18.37984, 0], [-47.711589, -18.377873, 0], [-47.71724, -18.362553, 0], [-47.740957, -18.364302, 0], [-47.733679, -18.376361, 0], [-47.736596, -18.379389, 0], [-47.742687, -18.377096, 0], [-47.743733, -18.377919, 0], [-47.749536, -18.385236, 0], [-47.756775, -18.39544, 0], [-47.756787, -18.396645, 0], [-47.747984, -18.406242, 0], [-47.748263, -18.412069, 0], [-47.759512, -18.410739, 0], [-47.771121, -18.418827, 0], [-47.779404, -18.424597, 0], [-47.7896, -18.418122, 0], [-47.798884, -18.416772, 0], [-47.800453, -18.411357, 0], [-47.798269, -18.407901, 0], [-47.80252, -18.404979, 0], [-47.809513, -18.401334, 0], [-47.815718, -18.406722, 0], [-47.83028, -18.413882, 0], [-47.83116, -18.425656, 0], [-47.837429, -18.43629, 0], [-47.832037, -18.442963, 0], [-47.832326, -18.450244, 0], [-47.839181, -18.452222, 0], [-47.849849, -18.441782, 0], [-47.859206, -18.440826, 0], [-47.860913, -18.443528, 0], [-47.864932, -18.449888, 0], [-47.86602, -18.453317, 0], [-47.872378, -18.456669, 0], [-47.873261, -18.458231, 0], [-47.873673, -18.459816, 0], [-47.864568, -18.464825, 0], [-47.863631, -18.470206, 0], [-47.86857, -18.474861, 0], [-47.875876, -18.476133, 0], [-47.885965, -18.468973, 0], [-47.890574, -18.477361, 0], [-47.914662, -18.46704, 0], [-47.925825, -18.471697, 0], [-47.929938, -18.488305, 0], [-47.940938, -18.488565, 0], [-47.953041, -18.494303, 0], [-47.955326, -18.500744, 0], [-47.962586, -18.496534, 0], [-47.965348, -18.477821, 0], [-47.969475, -18.475209, 0], [-47.976769, -18.478245, 0], [-47.9796, -18.476426, 0], [-47.980294, -18.463153, 0], [-47.976439, -18.453075, 0], [-47.981298, -18.443323, 0], [-47.9983, -18.455057, 0], [-48.006869, -18.454811, 0], [-48.010355, -18.453312, 0], [-48.013995, -18.445158, 0], [-48.026972, -18.437292, 0], [-48.029091, -18.436781, 0], [-48.039769, -18.434204, 0], [-48.048432, -18.41743, 0], [-48.056213, -18.413705, 0], [-48.0618, -18.413516, 0], [-48.068082, -18.42566, 0], [-48.073931, -18.428636, 0], [-48.089018, -18.429863, 0], [-48.09611, -18.42909, 0], [-48.115018, -18.427026, 0], [-48.118215, -18.425422, 0], [-48.129084, -18.416586, 0], [-48.148186, -18.408672, 0], [-48.151191, -18.395652, 0], [-48.160153, -18.384954, 0], [-48.161749, -18.372697, 0], [-48.173277, -18.375419, 0], [-48.196361, -18.364656, 0], [-48.221347, -18.362746, 0], [-48.227086, -18.358355, 0], [-48.227205, -18.346226, 0], [-48.25579, -18.34445, 0], [-48.262797, -18.332346, 0], [-48.272644, -18.332139, 0], [-48.279463, -18.331995, 0], [-48.288687, -18.349144, 0], [-48.315338, -18.364617, 0], [-48.316134, -18.373518, 0], [-48.304915, -18.380699, 0], [-48.305078, -18.383585, 0], [-48.314023, -18.385301, 0], [-48.324718, -18.382259, 0], [-48.33499, -18.375082, 0], [-48.335742, -18.374557, 0], [-48.342915, -18.371405, 0], [-48.354003, -18.366532, 0], [-48.363938, -18.369885, 0], [-48.400886, -18.372336, 0], [-48.404048, -18.371648, 0], [-48.406109, -18.356804, 0], [-48.413864, -18.356705, 0], [-48.419914, -18.361997, 0], [-48.436965, -18.365768, 0], [-48.446053, -18.355762, 0], [-48.446392, -18.356014, 0], [-48.509415, -18.231757, 0], [-48.5631, -18.132399, 0], [-48.485704, -17.974756, 0], [-48.461915, -17.897624, 0], [-48.588787, -17.772194, 0], [-48.622012, -17.725211, 0], [-48.614956, -17.71969, 0], [-48.529004, -17.67475, 0], [-48.334372, -17.576713, 0], [-48.26037, -17.405948, 0], [-48.24595, -17.37284, 656.2346], [-48.226465, -17.362154, 0], [-48.106081, -17.312415, 0], [-47.862431, -17.162476, 0], [-47.712492, -17.119224, 0], [-47.611571, -17.116341, 0], [-47.481817, -17.133642, 0], [-47.418381, -17.156709, 0], [-47.363596, -17.171126, 0], [-47.352207, -17.179518, 0]]]]}, "properties": {"REG": "20", "Name": "20", "GEOCOD": "REG0020"}}, {"type": "Feature", "geometry": {"crs": {"type": "name", "properties": {"name": "EPSG:4674"}}, "type": "MultiPolygon", "coordinates": [[[[-46.218783, -13.411017, 0], [-46.243255, -13.430369, 0], [-46.243624, -13.431364, 0], [-46.243091, -13.4376, 0], [-46.226123, -13.43491, 0], [-46.222869, -13.448814, 0], [-46.206786, -13.466079, 0], [-46.210258, -13.473215, 0], [-46.226147, -13.477371, 0], [-46.230617, -13.481878, 0], [-46.227367, -13.486339, 0], [-46.220725, -13.488188, 0], [-46.22231, -13.498077, 0], [-46.218957, -13.500955, 0], [-46.227171, -13.514015, 0], [-46.241699, -13.525978, 0], [-46.235033, -13.541382, 0], [-46.239057, -13.555029, 0], [-46.235869, -13.563354, 0], [-46.228865, -13.569404, 0], [-46.220954, -13.568718, 0], [-46.214837, -13.572698, 0], [-46.184698, -13.568016, 0], [-46.165146, -13.584912, 0], [-46.162333, -13.591374, 0], [-46.188048, -13.618269, 0], [-46.215137, -13.632436, 0], [-46.222959, -13.642133, 0], [-46.224674, -13.644567, 0], [-46.242884, -13.659083, 0], [-46.254166, -13.682728, 0], [-46.261126, -13.687684, 0], [-46.256344, -13.694339, 0], [-46.238759, -13.701071, 0], [-46.236734, -13.708675, 0], [-46.23634, -13.710152, 0], [-46.237609, -13.714428, 0], [-46.239097, -13.717221, 0], [-46.26528, -13.734454, 0], [-46.267261, -13.740771, 0], [-46.255624, -13.749171, 0], [-46.237537, -13.745276, 0], [-46.223963, -13.769917, 0], [-46.229055, -13.774945, 0], [-46.274122, -13.787649, 0], [-46.282819, -13.796935, 0], [-46.26295, -13.809023, 0], [-46.271654, -13.821653, 0], [-46.269938, -13.829273, 0], [-46.250041, -13.831197, 0], [-46.235698, -13.844515, 0], [-46.234857, -13.849432, 0], [-46.235958, -13.853918, 0], [-46.262535, -13.90306, 0], [-46.262586, -13.919702, 0], [-46.262614, -13.928632, 0], [-46.268504, -13.944205, 0], [-46.236159, -13.966416, 0], [-46.221627, -13.973295, 0], [-46.217086, -13.979726, 0], [-46.216834, -13.980382, 0], [-46.2167, -13.980731, 0], [-46.219236, -14.002929, 0], [-46.210373, -14.013298, 0], [-46.213129, -14.022744, 0], [-46.230296, -14.046463, 0], [-46.248784, -14.056983, 0], [-46.243233, -14.060364, 0], [-46.233126, -14.056968, 0], [-46.225573, -14.070072, 0], [-46.242357, -14.093158, 0], [-46.24812, -14.094322, 0], [-46.253851, -14.087503, 0], [-46.266151, -14.098412, 0], [-46.256538, -14.104517, 0], [-46.236767, -14.107685, 0], [-46.217229, -14.120458, 0], [-46.202561, -14.120075, 0], [-46.198232, -14.126975, 0], [-46.197654, -14.143648, 0], [-46.186013, -14.152304, 0], [-46.151673, -14.160871, 0], [-46.134094, -14.153687, 0], [-46.118506, -14.160821, 0], [-46.114432, -14.1739, 0], [-46.116419, -14.18766, 0], [-46.115861, -14.188503, 0], [-46.102035, -14.193239, 0], [-46.096594, -14.205937, 0], [-46.091753, -14.206131, 0], [-46.077428, -14.195948, 0], [-46.063864, -14.194007, 0], [-46.053015, -14.205233, 0], [-46.053037, -14.205308, 0], [-46.061396, -14.232968, 0], [-46.046677, -14.244992, 0], [-46.029647, -14.246588, 0], [-46.026256, -14.257418, 0], [-46.023365, -14.259926, 0], [-46.021298, -14.26091, 0], [-46.01871, -14.26108, 0], [-46.007816, -14.256458, 0], [-45.996421, -14.257673, 0], [-45.992173, -14.263247, 0], [-45.995665, -14.279356, 0], [-45.976394, -14.277982, 0], [-45.963637, -14.286354, 0], [-45.954444, -14.325678, 0], [-45.946833, -14.330779, 0], [-45.943342, -14.343142, 0], [-45.940436, -14.345635, 0], [-45.930449, -14.351052, 0], [-45.913952, -14.347649, 0], [-45.907656, -14.353828, 0], [-45.907336, -14.358499, 0], [-45.913196, -14.366979, 0], [-45.912503, -14.37542, 0], [-45.922889, -14.380592, 0], [-45.926474, -14.386646, 0], [-45.928008, -14.410764, 0], [-45.935715, -14.415787, 0], [-45.950307, -14.417291, 0], [-45.960726, -14.427343, 0], [-45.967943, -14.430353, 0], [-45.975407, -14.432253, 0], [-45.999191, -14.429835, 0], [-46.008838, -14.407883, 0], [-46.010287, -14.408044, 0], [-46.015695, -14.41608, 0], [-46.017153, -14.419762, 0], [-46.012402, -14.421709, 0], [-46.010454, -14.427973, 0], [-46.001201, -14.434985, 0], [-46.001895, -14.449203, 0], [-46.012622, -14.455068, 0], [-46.016757, -14.469901, 0], [-46.01363, -14.476162, 0], [-45.997584, -14.487914, 0], [-45.994035, -14.495842, 0], [-45.99454, -14.501093, 0], [-46.001729, -14.504777, 0], [-45.999234, -14.510168, 0], [-46.004636, -14.516268, 0], [-46.000044, -14.522201, 0], [-45.981308, -14.530845, 0], [-45.977452, -14.539291, 0], [-45.980094, -14.546593, 0], [-45.993452, -14.542852, 0], [-45.99565, -14.543204, 0], [-45.989512, -14.55075, 0], [-45.994257, -14.554196, 0], [-45.989953, -14.556975, 0], [-45.991483, -14.564149, 0], [-45.996171, -14.566594, 0], [-45.988099, -14.568001, 0], [-45.985675, -14.574, 0], [-45.989732, -14.589577, 0], [-46.001397, -14.602052, 0], [-45.985203, -14.621262, 0], [-45.985839, -14.626966, 0], [-45.995601, -14.639673, 0], [-45.989367, -14.646193, 0], [-45.99012, -14.659639, 0], [-46.000666, -14.665093, 0], [-46.007617, -14.663887, 0], [-46.008675, -14.657948, 0], [-46.012927, -14.662308, 0], [-46.021436, -14.664611, 0], [-46.025035, -14.665586, 0], [-46.022898, -14.671414, 0], [-46.026258, -14.678466, 0], [-46.028977, -14.682432, 0], [-46.023131, -14.692658, 0], [-46.006867, -14.702101, 0], [-46.006413, -14.707612, 0], [-46.002915, -14.711061, 0], [-46.002711, -14.713674, 0], [-46.006413, -14.729714, 0], [-46.007337, -14.731664, 0], [-46.012541, -14.733962, 0], [-46.007952, -14.742148, 0], [-46.008287, -14.762689, 0], [-46.013004, -14.770373, 0], [-46.009648, -14.774789, 0], [-46.008427, -14.793649, 0], [-46.018219, -14.803799, 0], [-46.020888, -14.810939, 0], [-46.023699, -14.818466, 0], [-46.038567, -14.822724, 0], [-46.053196, -14.831821, 0], [-46.051592, -14.837525, 0], [-46.045673, -14.839018, 0], [-46.033253, -14.858027, 0], [-46.037784, -14.874534, 0], [-46.042821, -14.877849, 0], [-46.053116, -14.885985, 0], [-46.062709, -14.908442, 0], [-46.067672, -14.910227, 0], [-46.079892, -14.905446, 0], [-46.084857, -14.930704, 0], [-46.08851, -14.936844, 0], [-46.10672, -14.93812, 0], [-46.110762, -14.937467, 0], [-46.120342, -14.921071, 0], [-46.132702, -14.921827, 0], [-46.13912, -14.928947, 0], [-46.146117, -14.926967, 0], [-46.159839, -14.914259, 0], [-46.161791, -14.906626, 0], [-46.166783, -14.908901, 0], [-46.162171, -14.930351, 0], [-46.176847, -14.949502, 0], [-46.206178, -14.937615, 0], [-46.211673, -14.937417, 0], [-46.216096, -14.943977, 0], [-46.22484, -14.942183, 0], [-46.234072, -14.921979, 0], [-46.247758, -14.922799, 0], [-46.258584, -14.929333, 0], [-46.287214, -14.928597, 0], [-46.292539, -14.922226, 0], [-46.29504, -14.909065, 0], [-46.306483, -14.912004, 0], [-46.31585, -14.901044, 0], [-46.319706, -14.900891, 0], [-46.318298, -14.886324, 0], [-46.316704, -14.882585, 0], [-46.309261, -14.878018, 0], [-46.300843, -14.85853, 0], [-46.314843, -14.854935, 0], [-46.319182, -14.847973, 0], [-46.325287, -14.848239, 0], [-46.320631, -14.836759, 0], [-46.32257, -14.815031, 0], [-46.334677, -14.813342, 0], [-46.336765, -14.803732, 0], [-46.35605, -14.794727, 0], [-46.366153, -14.795857, 0], [-46.368319, -14.790071, 0], [-46.377353, -14.787014, 0], [-46.404902, -14.760782, 0], [-46.429559, -14.753287, 0], [-46.43088, -14.752115, 0], [-46.447733, -14.732127, 0], [-46.462336, -14.731662, 0], [-46.469215, -14.709274, 0], [-46.475275, -14.705633, 0], [-46.490387, -14.710448, 0], [-46.502546, -14.705085, 0], [-46.50432, -14.707772, 0], [-46.51009, -14.716516, 0], [-46.50788, -14.732594, 0], [-46.510652, -14.738711, 0], [-46.522767, -14.74555, 0], [-46.537487, -14.747906, 0], [-46.544564, -14.753464, 0], [-46.543601, -14.769124, 0], [-46.566265, -14.786824, 0], [-46.563791, -14.799423, 0], [-46.558041, -14.807525, 0], [-46.559453, -14.814934, 0], [-46.560083, -14.818243, 0], [-46.559175, -14.821525, 0], [-46.540095, -14.827038, 0], [-46.533476, -14.830188, 0], [-46.521931, -14.851626, 0], [-46.530796, -14.884161, 0], [-46.542716, -14.896478, 0], [-46.546908, -14.925895, 0], [-46.540355, -14.940404, 0], [-46.54121, -14.952054, 0], [-46.532797, -14.958411, 0], [-46.534103, -14.961459, 0], [-46.52138, -14.967844, 0], [-46.51766, -14.973316, 0], [-46.51713, -14.982469, 0], [-46.527678, -14.988604, 0], [-46.531183, -15.00573, 0], [-46.521043, -15.014191, 0], [-46.520436, -15.020622, 0], [-46.512234, -15.03033, 0], [-46.502977, -15.052707, 0], [-46.514811, -15.061474, 0], [-46.524426, -15.05681, 0], [-46.526496, -15.05682, 0], [-46.53237, -15.056846, 0], [-46.544953, -15.065722, 0], [-46.551692, -15.064327, 0], [-46.561367, -15.070771, 0], [-46.576998, -15.083824, 0], [-46.588378, -15.081575, 0], [-46.600682, -15.088263, 0], [-46.610988, -15.084461, 0], [-46.625816, -15.089967, 0], [-46.643156, -15.087343, 0], [-46.656779, -15.081958, 0], [-46.680409, -15.060551, 0], [-46.700576, -15.053897, 0], [-46.727106, -15.039769, 0], [-46.753633, -15.033197, 0], [-46.782231, -15.019774, 0], [-46.823228, -15.011186, 0], [-46.857273, -15.010716, 0], [-46.864544, -15.020836, 0], [-46.872872, -15.025334, 0], [-46.958805, -14.918581, 534.609], [-47.252936, -14.621359, 0], [-47.298193, -14.658469, 0], [-47.298666, -14.658525, 474.0181], [-47.304141, -14.653091, 0], [-47.42362, -14.667309, 0], [-47.49561, -14.605816, 986.9172], [-47.466857, -14.585492, 0], [-47.47337, -14.215854, 0], [-47.504775, -14.143859, 0], [-47.453677, -14.122491, 0], [-47.312462, -14.10391, 0], [-47.253124, -14.115002, 560.2862], [-47.247807, -14.119637, 0], [-47.18771, -14.121404, 0], [-47.177798, -14.114107, 0], [-47.17648, -14.110132, 503.031], [-47.010638, -14.08865, 0], [-46.870793, -13.762345, 0], [-46.88332, -13.744405, 614.77895], [-46.883405, -13.741677, 0], [-46.881135, -13.73887, 632.9257], [-46.877966, -13.738549, 0], [-46.326226, -13.409901, 0], [-46.312617, -13.405748, 0], [-46.304861, -13.412458, 0], [-46.21473, -13.401159, 0], [-46.218783, -13.411017, 0]]]]}, "properties": {"REG": "4", "Name": "4", "GEOCOD": "REG0004"}}, {"type": "Feature", "geometry": {"crs": {"type": "name", "properties": {"name": "EPSG:4674"}}, "type": "MultiPolygon", "coordinates": [[[[-53.243839, -17.506019, 0], [-53.243895, -17.505923, 0], [-53.243321, -17.503027, 0], [-53.239589, -17.50023, 0], [-53.241046, -17.4975, 0], [-53.239713, -17.496605, 0], [-53.241987, -17.493329, 0], [-53.236603, -17.481427, 0], [-53.233458, -17.481433, 0], [-53.235263, -17.479795, 0], [-53.229293, -17.466537, 0], [-53.227209, -17.46735, 0], [-53.229211, -17.463635, 0], [-53.226851, -17.465081, 0], [-53.224374, -17.458457, 0], [-53.227791, -17.456275, 0], [-53.227789, -17.44592, 0], [-53.233852, -17.44138, 0], [-53.229128, -17.438661, 0], [-53.23074, -17.427695, 0], [-53.224383, -17.426759, 0], [-53.221429, -17.41538, 0], [-53.219374, -17.413412, 0], [-53.215209, -17.412716, 0], [-53.213039, -17.40814, 0], [-53.215873, -17.405603, 0], [-53.206985, -17.402325, 0], [-53.209544, -17.396154, 0], [-53.214267, -17.396155, 0], [-53.207935, -17.393608, 0], [-53.21001, -17.386071, 0], [-53.205209, -17.384255, 0], [-53.203686, -17.39043, 0], [-53.197937, -17.381786, 0], [-53.201873, -17.37236, 0], [-53.206902, -17.373355, 0], [-53.207375, -17.37073, 0], [-53.196795, -17.368996, 0], [-53.196045, -17.362001, 0], [-53.203677, -17.364091, 0], [-53.207179, -17.361647, 0], [-53.203482, -17.36128, 0], [-53.204266, -17.3542, 0], [-53.201127, -17.353193, 0], [-53.201625, -17.344846, 0], [-53.207211, -17.343116, 0], [-53.202649, -17.340756, 0], [-53.2055, -17.333762, 0], [-53.218053, -17.327397, 0], [-53.213742, -17.322866, 0], [-53.216263, -17.320689, 0], [-53.209262, -17.315015, 0], [-53.214767, -17.313789, 0], [-53.21477, -17.311331, 0], [-53.21071, -17.312876, 0], [-53.214405, -17.30852, 0], [-53.219121, -17.310065, 0], [-53.217045, -17.30489, 0], [-53.219058, -17.299752, 0], [-53.208825, -17.293807, 0], [-53.209096, -17.28545, 0], [-53.196457, -17.276272, 0], [-53.198536, -17.260471, 0], [-53.186347, -17.258103, 0], [-53.181237, -17.244751, 0], [-53.175761, -17.241303, 0], [-53.171623, -17.222506, 0], [-53.166384, -17.220843, 0], [-53.16774, -17.210422, 0], [-53.163318, -17.206691, 0], [-53.156712, -17.189073, 0], [-53.157846, -17.171088, 0], [-53.150206, -17.168273, 0], [-53.142823, -17.17153, 0], [-53.14065, -17.162178, 0], [-53.13593, -17.162085, 0], [-53.133483, -17.156446, 0], [-53.128567, -17.155086, 0], [-53.13265, -17.145916, 0], [-53.127545, -17.144638, 0], [-53.115958, -17.126192, 0], [-53.119542, -17.119475, 0], [-53.116039, -17.117292, 0], [-53.11954, -17.113666, 0], [-53.109059, -17.108195, 0], [-53.107534, -17.107912, 0], [-53.102371, -17.110465, 0], [-53.099805, -17.106977, 0], [-53.101963, -17.103073, 0], [-53.097541, -17.102474, 0], [-53.096305, -17.100641, 0], [-53.088124, -17.099097, 0], [-53.092728, -17.09302, 0], [-53.086091, -17.094042, 0], [-53.090676, -17.086387, 0], [-53.080005, -17.089375, 0], [-53.081554, -17.080322, 0], [-53.078209, -17.079834, 0], [-53.072459, -17.086186, 0], [-53.074256, -17.078019, 0], [-53.068869, -17.078643, 0], [-53.067654, -17.073831, 0], [-53.061788, -17.078088, 0], [-53.062645, -17.071829, 0], [-53.056432, -17.070816, 0], [-53.05879, -17.05956, 0], [-53.062211, -17.05748, 0], [-53.06701, -17.059662, 0], [-53.066931, -17.052758, 0], [-53.061264, -17.053391, 0], [-53.064175, -17.046031, 0], [-53.072961, -17.051041, 0], [-53.070899, -17.042592, 0], [-53.066377, -17.039409, 0], [-53.0694, -17.030415, 0], [-53.063286, -17.03003, 0], [-53.061952, -17.020784, 0], [-53.056012, -17.019862, 0], [-53.06412, -17.017426, 0], [-53.063052, -17.013313, 0], [-53.056485, -17.01542, 0], [-53.058372, -17.009883, 0], [-53.054034, -17.004241, 0], [-53.056263, -17.002394, 0], [-53.050342, -16.993281, 0], [-53.054394, -16.988448, 0], [-53.055569, -16.963887, 0], [-53.052096, -16.961748, 0], [-53.049287, -16.967016, 0], [-53.045148, -16.954378, 0], [-53.046959, -16.949154, 0], [-53.034539, -16.941705, 0], [-53.036923, -16.939656, 0], [-53.033673, -16.930805, 0], [-53.039515, -16.93217, 0], [-53.034116, -16.921201, 0], [-53.040037, -16.912403, 0], [-53.03265, -16.908663, 0], [-53.0304, -16.910365, 0], [-53.032228, -16.904939, 0], [-53.024986, -16.903865, 0], [-53.019341, -16.899113, 0], [-53.016757, -16.885376, 0], [-53.012309, -16.885037, 0], [-53.018178, -16.879321, 0], [-53.013318, -16.876974, 0], [-53.01453, -16.865348, 0], [-53.011741, -16.85846, 0], [-53.00657, -16.864626, 0], [-53.001927, -16.860118, 0], [-52.9987, -16.865961, 0], [-52.991458, -16.863721, 0], [-52.989006, -16.867259, 0], [-52.976705, -16.863946, 0], [-52.970167, -16.869607, 0], [-52.967609, -16.869065, 0], [-52.964621, -16.867445, 0], [-52.965123, -16.858909, 0], [-52.954568, -16.861185, 0], [-52.954386, -16.860897, 0], [-52.957648, -16.851237, 0], [-52.950145, -16.854063, 0], [-52.951007, -16.860852, 0], [-52.945063, -16.8567, 0], [-52.947864, -16.845738, 0], [-52.9534, -16.842369, 0], [-52.927526, -16.841463, 0], [-52.927591, -16.840957, 0], [-52.929492, -16.839177, 0], [-52.93259, -16.836276, 0], [-52.929366, -16.827861, 0], [-52.944842, -16.813603, 0], [-52.936095, -16.81091, 0], [-52.933059, -16.803314, 0], [-52.926593, -16.805784, 0], [-52.926965, -16.817562, 0], [-52.924689, -16.8176, 0], [-52.915236, -16.812641, 0], [-52.908091, -16.810717, 0], [-52.906514, -16.799364, 0], [-52.892811, -16.793822, 0], [-52.888953, -16.787955, 0], [-52.89467, -16.785583, 0], [-52.882699, -16.776556, 0], [-52.867781, -16.78167, 0], [-52.859372, -16.768377, 0], [-52.854509, -16.773727, 0], [-52.849041, -16.76734, 0], [-52.842924, -16.768762, 0], [-52.842112, -16.769083, 0], [-52.831674, -16.771711, 0], [-52.830629, -16.7707, 0], [-52.830697, -16.760845, 0], [-52.823733, -16.758581, 0], [-52.807812, -16.741871, 0], [-52.801535, -16.748024, 0], [-52.799864, -16.747589, 0], [-52.792983, -16.74018, 0], [-52.786394, -16.741635, 0], [-52.78902, -16.723418, 0], [-52.78699, -16.717754, 0], [-52.78012, -16.70842, 0], [-52.762167, -16.706731, 0], [-52.763145, -16.68256, 0], [-52.755616, -16.672702, 0], [-52.769621, -16.672858, 0], [-52.77167, -16.668958, 0], [-52.755228, -16.663104, 0], [-52.746951, -16.655781, 0], [-52.74084, -16.657245, 0], [-52.748418, -16.639302, 0], [-52.747279, -16.631154, 0], [-52.739675, -16.63044, 0], [-52.733195, -16.635071, 0], [-52.72495, -16.647218, 0], [-52.716114, -16.63971, 0], [-52.726503, -16.615074, 0], [-52.738032, -16.613417, 0], [-52.741505, -16.609788, 0], [-52.741231, -16.604357, 0], [-52.731532, -16.598488, 0], [-52.739861, -16.590256, 0], [-52.737462, -16.588564, 0], [-52.731638, -16.586818, 0], [-52.73051, -16.586479, 0], [-52.726687, -16.587063, 0], [-52.707162, -16.598716, 0], [-52.706007, -16.597753, 0], [-52.708393, -16.576346, 0], [-52.704551, -16.571699, 0], [-52.70332, -16.571681, 0], [-52.69067, -16.5847, 0], [-52.675918, -16.585439, 0], [-52.671112, -16.582463, 0], [-52.674312, -16.569509, 0], [-52.660584, -16.570795, 0], [-52.670725, -16.559639, 0], [-52.669033, -16.550954, 0], [-52.663117, -16.551504, 0], [-52.65167, -16.561928, 0], [-52.65117, -16.549068, 0], [-52.647422, -16.54636, 0], [-52.636168, -16.552079, 0], [-52.635105, -16.538401, 0], [-52.626561, -16.533892, 0], [-52.62855, -16.524385, 0], [-52.538016, -16.534444, 0], [-52.490758, -16.611775, 0], [-52.504228, -16.673681, 0], [-52.351208, -16.691313, 0], [-52.34975, -16.699382, 0], [-52.440686, -16.925737, 0], [-52.414908, -16.981587, 0], [-52.369476, -17.098326, 0], [-52.384342, -17.102231, 0], [-52.478719, -17.251938, 0], [-52.313874, -17.340647, 0], [-52.100549, -17.386143, 0], [-51.916537, -17.274447, 0], [-51.916541, -17.274454, 0], [-51.953059, -17.444153, 0], [-51.920121, -17.554421, 0], [-51.87325, -17.58079, 860.7705], [-52.04751, -17.800524, 0], [-52.029157, -17.891076, 0], [-52.010336, -18.031826, 0], [-51.936686, -18.258502, 0], [-52.105701, -18.265906, 0], [-52.152345, -18.400111, 0], [-52.093393, -18.522695, 712.0667], [-52.206348, -18.663827, 0], [-52.29537, -18.829734, 0], [-52.299146, -18.837075, 0], [-52.309449, -18.840169, 0], [-52.321757, -18.831472, 0], [-52.334538, -18.828696, 0], [-52.338374, -18.822399, 0], [-52.345103, -18.821991, 0], [-52.347206, -18.815795, 0], [-52.35487, -18.813144, 0], [-52.351393, -18.81063, 0], [-52.35445, -18.800659, 0], [-52.370207, -18.799703, 0], [-52.368144, -18.794352, 0], [-52.375648, -18.792109, 0], [-52.376678, -18.787666, 0], [-52.379842, -18.788085, 0], [-52.378787, -18.784388, 0], [-52.399841, -18.765564, 0], [-52.39818, -18.758898, 0], [-52.410259, -18.755437, 0], [-52.411873, -18.746796, 0], [-52.413013, -18.740698, 0], [-52.425736, -18.732094, 0], [-52.428504, -18.728391, 0], [-52.449536, -18.691418, 0], [-52.475929, -18.686006, 0], [-52.501197, -18.675731, 0], [-52.52221, -18.669772, 0], [-52.522961, -18.66509, 0], [-52.531673, -18.658474, 0], [-52.553453, -18.657441, 0], [-52.555982, -18.662141, 0], [-52.567264, -18.665361, 0], [-52.586931, -18.68138, 0], [-52.593285, -18.690344, 0], [-52.623041, -18.689615, 0], [-52.634101, -18.69601, 0], [-52.643789, -18.68889, 0], [-52.674331, -18.681044, 0], [-52.684357, -18.680011, 0], [-52.719, -18.691727, 0], [-52.721184, -18.692029, 0], [-52.731713, -18.689369, 0], [-52.750026, -18.691225, 0], [-52.766325, -18.681615, 0], [-52.78715, -18.68175, 0], [-52.80985, -18.667433, 0], [-52.828073, -18.672345, 0], [-52.837207, -18.667362, 0], [-52.846931, -18.667575, 0], [-52.849044, -18.662068, 0], [-52.873876, -18.646645, 0], [-52.915107, -18.641029, 0], [-52.917044, -18.639614, 0], [-52.91474, -18.620272, 0], [-52.921546, -18.613853, 0], [-52.94029, -18.613714, 0], [-52.934873, -18.599564, 0], [-52.941957, -18.58637, 0], [-52.952235, -18.577124, 0], [-52.954047, -18.562841, 0], [-52.965346, -18.550481, 0], [-52.962769, -18.54127, 0], [-52.944968, -18.519928, 0], [-52.916179, -18.509355, 0], [-52.908631, -18.489686, 0], [-52.899514, -18.477284, 0], [-52.881376, -18.465945, 0], [-52.876705, -18.435457, 0], [-52.874195, -18.428572, 0], [-52.867768, -18.426015, 0], [-52.860403, -18.424492, 0], [-52.83871, -18.424114, 0], [-52.79893, -18.415313, 0], [-52.786485, -18.390762, 0], [-52.762319, -18.371762, 0], [-52.759859, -18.349617, 0], [-52.762071, -18.345803, 0], [-52.766921, -18.340155, 0], [-52.782388, -18.326046, 0], [-52.797445, -18.318208, 0], [-52.81663, -18.312532, 0], [-52.821325, -18.311941, 0], [-52.825019, -18.311476, 0], [-52.873624, -18.315285, 0], [-52.924244, -18.300368, 0], [-52.945424, -18.297018, 0], [-52.949828, -18.297023, 0], [-52.979517, -18.305168, 0], [-53.014356, -18.32659, 0], [-53.025241, -18.351056, 0], [-53.030183, -18.351723, 0], [-53.044955, -18.344372, 0], [-53.070355, -18.343332, 0], [-53.101572, -18.311284, 0], [-53.102459, -18.273072, 0], [-53.110745, -18.248509, 0], [-53.110606, -18.220015, 0], [-53.130157, -18.161154, 0], [-53.129435, -18.138935, 0], [-53.140388, -18.100672, 0], [-53.143658, -18.082288, 0], [-53.139753, -18.072087, 0], [-53.126377, -18.061162, 0], [-53.121348, -18.059117, 0], [-53.094079, -18.057497, 0], [-53.087259, -18.056178, 0], [-53.076129, -18.051245, 0], [-53.072405, -18.039919, 0], [-53.070488, -17.986988, 0], [-53.077405, -17.969147, 0], [-53.086405, -17.962398, 0], [-53.100901, -17.937267, 0], [-53.13185, -17.917295, 0], [-53.128022, -17.900467, 0], [-53.13315, -17.891779, 0], [-53.133263, -17.881887, 0], [-53.140908, -17.877574, 0], [-53.143432, -17.872111, 0], [-53.136818, -17.837506, 0], [-53.148054, -17.823596, 0], [-53.1471, -17.817756, 0], [-53.158866, -17.805783, 0], [-53.163873, -17.795961, 0], [-53.160111, -17.7872, 0], [-53.170124, -17.770963, 0], [-53.169041, -17.766711, 0], [-53.17604, -17.766297, 0], [-53.177764, -17.756313, 0], [-53.183402, -17.750645, 0], [-53.187494, -17.752522, 0], [-53.189713, -17.746064, 0], [-53.198741, -17.740099, 0], [-53.196997, -17.737127, 0], [-53.201242, -17.731193, 0], [-53.213132, -17.72666, 0], [-53.21236, -17.723974, 0], [-53.221124, -17.720982, 0], [-53.222185, -17.724057, 0], [-53.238761, -17.714591, 0], [-53.236547, -17.707896, 0], [-53.240377, -17.702788, 0], [-53.239622, -17.695761, 0], [-53.247297, -17.691132, 0], [-53.241378, -17.686729, 0], [-53.240489, -17.680752, 0], [-53.246186, -17.672814, 0], [-53.240683, -17.66832, 0], [-53.245238, -17.665206, 0], [-53.244547, -17.656769, 0], [-53.248991, -17.655468, 0], [-53.246401, -17.652727, 0], [-53.251269, -17.644661, 0], [-53.251241, -17.628516, 0], [-53.247682, -17.62355, 0], [-53.251628, -17.619526, 0], [-53.247849, -17.617556, 0], [-53.246931, -17.611404, 0], [-53.25021, -17.606745, 0], [-53.243352, -17.602264, 0], [-53.243295, -17.592922, 0], [-53.239095, -17.590323, 0], [-53.242655, -17.583495, 0], [-53.239595, -17.581341, 0], [-53.24332, -17.573514, 0], [-53.24104, -17.571084, 0], [-53.247593, -17.564774, 0], [-53.24841, -17.559322, 0], [-53.241539, -17.553295, 0], [-53.246241, -17.547981, 0], [-53.246441, -17.538982, 0], [-53.243493, -17.534508, 0], [-53.247078, -17.532842, 0], [-53.246759, -17.527153, 0], [-53.240227, -17.516398, 0], [-53.242265, -17.512296, 0], [-53.239711, -17.513126, 0], [-53.243839, -17.506019, 0]]]]}, "properties": {"REG": "15", "Name": "15", "GEOCOD": "REG0015"}}, {"type": "Feature", "geometry": {"crs": {"type": "name", "properties": {"name": "EPSG:4674"}}, "type": "MultiPolygon", "coordinates": [[[[-48.057208, -14.179931, 0], [-48.077603, -14.155778, 0], [-48.079944, -14.14958, 0], [-48.021596, -14.093746, 0], [-48.039992, -13.562834, 371.5071], [-48.029117, -13.55943, 0], [-47.976909, -13.463275, 0], [-47.976909, -13.324557, 0], [-47.9783, -13.296041, 0], [-47.97245, -13.301283, 0], [-47.971392, -13.311961, 0], [-47.966702, -13.315701, 0], [-47.956866, -13.309153, 0], [-47.952497, -13.310604, 0], [-47.948457, -13.305778, 0], [-47.944204, -13.307504, 0], [-47.936259, -13.291165, 0], [-47.930281, -13.294996, 0], [-47.925252, -13.29217, 0], [-47.918726, -13.297874, 0], [-47.920398, -13.299214, 0], [-47.91638, -13.298786, 0], [-47.912359, -13.298357, 0], [-47.904091, -13.302834, 0], [-47.902558, -13.312262, 0], [-47.899227, -13.312911, 0], [-47.89356, -13.307685, 0], [-47.889281, -13.318481, 0], [-47.883957, -13.320952, 0], [-47.870726, -13.320294, 0], [-47.867005, -13.315521, 0], [-47.861723, -13.314825, 0], [-47.844841, -13.319078, 0], [-47.824368, -13.312308, 0], [-47.802167, -13.32844, 0], [-47.8012, -13.334145, 0], [-47.679362, -13.468156, 0], [-47.676206, -13.449672, 0], [-47.668107, -13.436698, 0], [-47.659002, -13.43002, 0], [-47.657699, -13.428636, 0], [-47.654971, -13.415475, 0], [-47.644265, -13.404347, 0], [-47.639315, -13.391499, 0], [-47.634222, -13.391325, 0], [-47.627554, -13.384835, 0], [-47.623107, -13.368106, 0], [-47.637636, -13.365239, 0], [-47.650505, -13.351691, 0], [-47.65011, -13.343087, 0], [-47.656663, -13.322788, 0], [-47.654585, -13.316094, 0], [-47.662584, -13.30429, 0], [-47.657387, -13.300332, 0], [-47.659579, -13.296246, 0], [-47.657194, -13.277342, 0], [-47.649891, -13.274571, 0], [-47.640861, -13.263649, 0], [-47.648473, -13.251036, 0], [-47.647054, -13.242443, 0], [-47.65783, -13.235157, 0], [-47.654, -13.229472, 0], [-47.655003, -13.220776, 0], [-47.666636, -13.219094, 0], [-47.665417, -13.21448, 0], [-47.669275, -13.209845, 0], [-47.662356, -13.207095, 0], [-47.665802, -13.20425, 0], [-47.661444, -13.198659, 0], [-47.666252, -13.197186, 0], [-47.65828, -13.192881, 0], [-47.655723, -13.178317, 0], [-47.670364, -13.168743, 0], [-47.661914, -13.160454, 0], [-47.65489, -13.158762, 0], [-47.652279, -13.150535, 0], [-47.644885, -13.150301, 0], [-47.644225, -13.146229, 0], [-47.649445, -13.139867, 0], [-47.64595, -13.139161, 0], [-47.651087, -13.133794, 0], [-47.645888, -13.129018, 0], [-47.647052, -13.121047, 0], [-47.636337, -13.11475, 0], [-47.635157, -13.104938, 0], [-47.627994, -13.110902, 0], [-47.618358, -13.105148, 0], [-47.593307, -13.117107, 0], [-47.574253, -13.118718, 0], [-47.569553, -13.119115, 0], [-47.561723, -13.125114, 0], [-47.568859, -13.149961, 0], [-47.56345, -13.184671, 0], [-47.541778, -13.192811, 0], [-47.533441, -13.184252, 0], [-47.524282, -13.182377, 0], [-47.510247, -13.190309, 0], [-47.500973, -13.189601, 0], [-47.49128, -13.183745, 0], [-47.479263, -13.185583, 0], [-47.488179, -13.208563, 0], [-47.487498, -13.220688, 0], [-47.466285, -13.227829, 0], [-47.446817, -13.223522, 0], [-47.436135, -13.227543, 0], [-47.431661, -13.238478, 0], [-47.447777, -13.241043, 0], [-47.449363, -13.242069, 0], [-47.454446, -13.248517, 0], [-47.454945, -13.250309, 0], [-47.435221, -13.268668, 0], [-47.438139, -13.279474, 0], [-47.430646, -13.289119, 0], [-47.427351, -13.289881, 0], [-47.425014, -13.288039, 0], [-47.416527, -13.270771, 0], [-47.39789, -13.261538, 0], [-47.392785, -13.262773, 0], [-47.394134, -13.246411, 0], [-47.390027, -13.241479, 0], [-47.384121, -13.241905, 0], [-47.37811, -13.231055, 0], [-47.37404, -13.229797, 0], [-47.371705, -13.229722, 0], [-47.368413, -13.236579, 0], [-47.352798, -13.249277, 0], [-47.338027, -13.246764, 0], [-47.323367, -13.258748, 0], [-47.312163, -13.251903, 0], [-47.294911, -13.249373, 0], [-47.293939, -13.256972, 0], [-47.286025, -13.256753, 0], [-47.290302, -13.262672, 0], [-47.282525, -13.265352, 0], [-47.275732, -13.251363, 0], [-47.26784, -13.247788, 0], [-47.268222, -13.238819, 0], [-47.253168, -13.235573, 0], [-47.248581, -13.230565, 0], [-47.250999, -13.212438, 0], [-47.231606, -13.204293, 0], [-47.229526, -13.195312, 0], [-47.223886, -13.193837, 0], [-47.217935, -13.196975, 0], [-47.212475, -13.193418, 0], [-47.212223, -13.193253, 0], [-47.197247, -13.194069, 0], [-47.183224, -13.188548, 0], [-47.175607, -13.19558, 0], [-47.184507, -13.20484, 0], [-47.184223, -13.205231, 0], [-47.172855, -13.206897, 0], [-47.168104, -13.211674, 0], [-47.162492, -13.206201, 0], [-47.15342, -13.210413, 0], [-47.135576, -13.202925, 0], [-47.135004, -13.190002, 0], [-47.140741, -13.188024, 0], [-47.132966, -13.178944, 0], [-47.118633, -13.17832, 0], [-47.109334, -13.171482, 0], [-47.109105, -13.180537, 0], [-47.105741, -13.182139, 0], [-47.102936, -13.175066, 0], [-47.097684, -13.172229, 0], [-47.094022, -13.173341, 0], [-47.090358, -13.174454, 0], [-47.087721, -13.182865, 0], [-47.08053, -13.178556, 0], [-47.085185, -13.170981, 0], [-47.080609, -13.166878, 0], [-47.081217, -13.162404, 0], [-47.072773, -13.160939, 0], [-47.069464, -13.155942, 0], [-47.062152, -13.161815, 0], [-47.05169, -13.156352, 0], [-47.047904, -13.15808, 0], [-47.042243, -13.149075, 0], [-47.036295, -13.151302, 0], [-47.035932, -13.148406, 0], [-47.023212, -13.142439, 0], [-47.019764, -13.146223, 0], [-47.010107, -13.141266, 0], [-47.005437, -13.132539, 0], [-47.005773, -13.125563, 0], [-47.000773, -13.12205, 0], [-46.992439, -13.124617, 0], [-46.988778, -13.122788, 0], [-46.988794, -13.128578, 0], [-46.979242, -13.132018, 0], [-46.978955, -13.122036, 0], [-46.964074, -13.112591, 0], [-46.954327, -13.111581, 0], [-46.946708, -13.099739, 0], [-46.929467, -13.093326, 0], [-46.929268, -13.083528, 0], [-46.911159, -13.069505, 0], [-46.902712, -13.067747, 0], [-46.893293, -13.053666, 0], [-46.879411, -13.049276, 0], [-46.880629, -13.059783, 0], [-46.877048, -13.062391, 0], [-46.871961, -13.061228, 0], [-46.871514, -13.063947, 0], [-46.869213, -13.06896, 0], [-46.855351, -13.067407, 0], [-46.854943, -13.067362, 0], [-46.855352, -13.056099, 0], [-46.84907, -13.051336, 0], [-46.847832, -13.054316, 0], [-46.84527, -13.050135, 0], [-46.847878, -13.045915, 0], [-46.840539, -13.034971, 0], [-46.834615, -13.034219, 0], [-46.828576, -13.018098, 0], [-46.819267, -13.014461, 0], [-46.823514, -13.00857, 0], [-46.820068, -13.002912, 0], [-46.750981, -12.969598, 0], [-46.634233, -12.970426, 0], [-46.477725, -12.971455, 0], [-46.455019, -12.971596, 0], [-46.448232, -12.944148, 0], [-46.446386, -12.936685, 0], [-46.437754, -12.935931, 0], [-46.433066, -12.93049, 0], [-46.417985, -12.823915, 0], [-46.411842, -12.828395, 0], [-46.411459, -12.840967, 0], [-46.407867, -12.839579, 0], [-46.407783, -12.842358, 0], [-46.407713, -12.846724, 0], [-46.405238, -12.848018, 0], [-46.398421, -12.851577, 0], [-46.384065, -12.849417, 0], [-46.376836, -12.85381, 0], [-46.376645, -12.850697, 0], [-46.374623, -12.860229, 0], [-46.366562, -12.865296, 0], [-46.369513, -12.877991, 0], [-46.364624, -12.882491, 0], [-46.36758, -12.888263, 0], [-46.362392, -12.890928, 0], [-46.368357, -12.903028, 0], [-46.361067, -12.909278, 0], [-46.365898, -12.913658, 0], [-46.364955, -12.931941, 0], [-46.36712, -12.940101, 0], [-46.369867, -12.942649, 0], [-46.372614, -12.945195, 0], [-46.371897, -12.957983, 0], [-46.372504, -12.959475, 0], [-46.376612, -12.963215, 0], [-46.368625, -12.972952, 0], [-46.373733, -12.985214, 0], [-46.364241, -12.991661, 0], [-46.335925, -12.984219, 0], [-46.334459, -12.981326, 0], [-46.311977, -12.981231, 0], [-46.290658, -12.972914, 0], [-46.288032, -12.974216, 0], [-46.280732, -12.968992, 0], [-46.277536, -12.971812, 0], [-46.242793, -12.961133, 0], [-46.238283, -12.963104, 0], [-46.224058, -12.957393, 0], [-46.194919, -12.957115, 0], [-46.188228, -12.950166, 0], [-46.180264, -12.947795, 0], [-46.177366, -12.94007, 0], [-46.161695, -12.934452, 0], [-46.149408, -12.937462, 0], [-46.120289, -12.926281, 0], [-46.114682, -12.918411, 0], [-46.114241, -12.919466, 0], [-46.113738, -12.93041, 0], [-46.126209, -12.961921, 0], [-46.139259, -12.965884, 0], [-46.15495, -12.977017, 0], [-46.166616, -12.976405, 0], [-46.174482, -12.984007, 0], [-46.19178, -12.990241, 0], [-46.197373, -12.997198, 0], [-46.210088, -13.000316, 0], [-46.212946, -13.003618, 0], [-46.220811, -13.004564, 0], [-46.232666, -12.995943, 0], [-46.240671, -13.000298, 0], [-46.245895, -12.997854, 0], [-46.253663, -13.006501, 0], [-46.273746, -13.015397, 0], [-46.275947, -13.028761, 0], [-46.281735, -13.034525, 0], [-46.279344, -13.037903, 0], [-46.281065, -13.043876, 0], [-46.291665, -13.053756, 0], [-46.296453, -13.064373, 0], [-46.301944, -13.076549, 0], [-46.323032, -13.098726, 0], [-46.314311, -13.108968, 0], [-46.309087, -13.123569, 0], [-46.299103, -13.126385, 0], [-46.295346, -13.131747, 0], [-46.292446, -13.148307, 0], [-46.293993, -13.1518, 0], [-46.310177, -13.158423, 0], [-46.304319, -13.167628, 0], [-46.314843, -13.178529, 0], [-46.310456, -13.182454, 0], [-46.303402, -13.18269, 0], [-46.301179, -13.194048, 0], [-46.304865, -13.205978, 0], [-46.312619, -13.211928, 0], [-46.314566, -13.225796, 0], [-46.321536, -13.239788, 0], [-46.331511, -13.24998, 0], [-46.330535, -13.253255, 0], [-46.298958, -13.254122, 0], [-46.301842, -13.267159, 0], [-46.299347, -13.282248, 0], [-46.316289, -13.303618, 0], [-46.298175, -13.313999, 0], [-46.289101, -13.315058, 0], [-46.288033, -13.327136, 0], [-46.279757, -13.348342, 0], [-46.271932, -13.345874, 0], [-46.265925, -13.348404, 0], [-46.23798, -13.336669, 0], [-46.218574, -13.317677, 0], [-46.205422, -13.320747, 0], [-46.172672, -13.312718, 0], [-46.129645, -13.291152, 0], [-46.123288, -13.282847, 0], [-46.113002, -13.284726, 0], [-46.09627, -13.274857, 0], [-46.064176, -13.261747, 0], [-46.052064, -13.2661, 0], [-46.04965, -13.271715, 0], [-46.04253, -13.273114, 0], [-46.041803, -13.279386, 0], [-46.042228, -13.281218, 0], [-46.048841, -13.309642, 0], [-46.083779, -13.330825, 0], [-46.09545, -13.332929, 0], [-46.112788, -13.359121, 0], [-46.126811, -13.364924, 0], [-46.134395, -13.375671, 0], [-46.155113, -13.383785, 0], [-46.170781, -13.384401, 0], [-46.192153, -13.391062, 0], [-46.21473, -13.401159, 0], [-46.304861, -13.412458, 0], [-46.312617, -13.405748, 0], [-46.326226, -13.409901, 0], [-46.877966, -13.738549, 0], [-46.881135, -13.73887, 632.9257], [-46.883405, -13.741677, 0], [-46.88332, -13.744405, 614.77895], [-46.870793, -13.762345, 0], [-47.010638, -14.08865, 0], [-47.17648, -14.110132, 503.031], [-47.177798, -14.114107, 0], [-47.18771, -14.121404, 0], [-47.247807, -14.119637, 0], [-47.253124, -14.115002, 560.2862], [-47.312462, -14.10391, 0], [-47.453677, -14.122491, 0], [-47.504775, -14.143859, 0], [-47.47337, -14.215854, 0], [-47.466857, -14.585492, 0], [-47.49561, -14.605816, 986.9172], [-47.915684, -14.378879, 0], [-47.938398, -14.382669, 0], [-48.057208, -14.179931, 0]]]]}, "properties": {"REG": "3", "Name": "3", "GEOCOD": "REG0003"}}]}