{"type": "FeatureCollection", "features": [{"type": "Feature", "geometry": {"crs": {"type": "name", "properties": {"name": "EPSG:4674"}}, "type": "LineString", "coordinates": [[-49.326465, -14.862931], [-49.327001, -14.863636], [-49.327239, -14.863993], [-49.327521, -14.864459], [-49.328301, -14.865828], [-49.330321, -14.869303], [-49.330934, -14.870401], [-49.332744, -14.873558], [-49.333928, -14.875582], [-49.338285, -14.883168], [-49.339017, -14.884404], [-49.339448, -14.885182], [-49.340502, -14.886998], [-49.341888, -14.889436], [-49.344793, -14.89444], [-49.346828, -14.89799], [-49.348373, -14.900627], [-49.349361, -14.902388], [-49.350551, -14.904419], [-49.352006, -14.906984], [-49.352124, -14.907164], [-49.353757, -14.909984], [-49.358606, -14.918399], [-49.360241, -14.921187], [-49.364922, -14.929322], [-49.365554, -14.930338], [-49.367151, -14.933177], [-49.367673, -14.934075], [-49.368425, -14.935307], [-49.369085, -14.936508], [-49.370361, -14.938756], [-49.37386, -14.944804], [-49.375234, -14.947143], [-49.376063, -14.948616], [-49.380686, -14.956615], [-49.381964, -14.958741], [-49.382667, -14.960035], [-49.383512, -14.961451], [-49.384178, -14.962432], [-49.386089, -14.965064], [-49.386521, -14.965631], [-49.387039, -14.966382], [-49.387713, -14.967306], [-49.388067, -14.967762], [-49.389714, -14.970051], [-49.391076, -14.971892], [-49.392291, -14.973584], [-49.396093, -14.978799], [-49.396682, -14.979556], [-49.397656, -14.980962], [-49.401468, -14.986185], [-49.40233, -14.987387], [-49.404948, -14.991226], [-49.407848, -14.995543], [-49.408649, -14.996658], [-49.40892, -14.997067], [-49.409121, -14.997403], [-49.410335, -14.999234], [-49.410697, -14.999736], [-49.411727, -15.001285], [-49.411833, -15.001469], [-49.41187, -15.00157], [-49.412026, -15.001748], [-49.41374, -15.004211], [-49.414236, -15.004939], [-49.414876, -15.005961], [-49.41624, -15.007954], [-49.416411, -15.008235], [-49.416765, -15.008758], [-49.417494, -15.009819], [-49.417652, -15.009995], [-49.418157, -15.010759], [-49.418627, -15.011512], [-49.419718, -15.013149], [-49.420331, -15.014037], [-49.423376, -15.018599], [-49.424499, -15.020226], [-49.425585, -15.021857], [-49.426192, -15.022695], [-49.426522, -15.023189], [-49.426698, -15.023487], [-49.427317, -15.024317], [-49.427717, -15.024805], [-49.428589, -15.025954], [-49.429197, -15.02671], [-49.429452, -15.027063], [-49.433557, -15.03235], [-49.435876, -15.035317], [-49.436335, -15.035877], [-49.436795, -15.036492], [-49.437187, -15.037056], [-49.437689, -15.037855], [-49.439205, -15.040422], [-49.44283, -15.046615], [-49.444171, -15.048872], [-49.44781, -15.05511], [-49.452433, -15.062948], [-49.454842, -15.067066], [-49.455763, -15.068616], [-49.456456, -15.069716], [-49.456775, -15.07028], [-49.456954, -15.070633], [-49.457512, -15.071589], [-49.457835, -15.07211], [-49.457978, -15.072393], [-49.458, -15.072465], [-49.458047, -15.072506], [-49.458351, -15.073015], [-49.459286, -15.074637], [-49.460002, -15.075769], [-49.46076, -15.077146], [-49.46139, -15.078178], [-49.461668, -15.078681], [-49.463901, -15.082491], [-49.464693, -15.083811], [-49.465106, -15.084458], [-49.465442, -15.084918], [-49.466134, -15.0858], [-49.471201, -15.09221], [-49.472001, -15.093247], [-49.474049, -15.095776], [-49.474837, -15.096834], [-49.480307, -15.103792], [-49.482284, -15.106269], [-49.482702, -15.106721], [-49.48313, -15.107112], [-49.487064, -15.11021]]}, "properties": {"SNV": "153BGO0450", "fid": 173, "EXT_KM": 32.4, "GEOCOD": "153BGO0450", "TRECHO": "ENTR GO-338 (SAO LUIZ DO NORTE) - ENTR GO-336 (P/ITAPACI)", "RODOVIA": "BR-153", "SITUACAO": "PAV"}}, {"type": "Feature", "geometry": {"crs": {"type": "name", "properties": {"name": "EPSG:4674"}}, "type": "LineString", "coordinates": [[-51.000879, -17.822302], [-51.002094, -17.822045], [-51.002522, -17.821979], [-51.003002, -17.821929], [-51.003532, -17.821904], [-51.003906, -17.821908], [-51.004468, -17.821946], [-51.004846, -17.821992], [-51.005604, -17.822134], [-51.012966, -17.823905], [-51.01506, -17.824395], [-51.015759, -17.824504], [-51.016226, -17.824536], [-51.016666, -17.824544], [-51.017091, -17.824532], [-51.017716, -17.824478], [-51.037432, -17.822367], [-51.039655, -17.822149], [-51.040097, -17.82214], [-51.040766, -17.82217], [-51.045279, -17.822659], [-51.045917, -17.822693], [-51.046541, -17.82269], [-51.047152, -17.822663], [-51.057211, -17.822038], [-51.060749, -17.821832], [-51.067564, -17.821404], [-51.068012, -17.821348], [-51.06845, -17.821265], [-51.069082, -17.821093], [-51.069684, -17.820857], [-51.070262, -17.820564], [-51.070637, -17.820342], [-51.071564, -17.819729], [-51.077664, -17.815637], [-51.078307, -17.815251], [-51.078962, -17.814946], [-51.079629, -17.814722], [-51.080079, -17.814612], [-51.080531, -17.81453], [-51.081216, -17.81447], [-51.081679, -17.81447], [-51.083079, -17.814518], [-51.090519, -17.814848], [-51.091522, -17.81492], [-51.092408, -17.814963], [-51.093353, -17.814973], [-51.095156, -17.815043], [-51.164634, -17.818052], [-51.24274, -17.821383], [-51.244582, -17.821482], [-51.245495, -17.821499], [-51.246947, -17.821567], [-51.247751, -17.821628], [-51.248622, -17.821672], [-51.249997, -17.821695], [-51.251362, -17.82174], [-51.251804, -17.821725], [-51.252467, -17.821655], [-51.252908, -17.821578], [-51.253347, -17.82148], [-51.253781, -17.821357], [-51.25421, -17.821209], [-51.254631, -17.821043], [-51.255042, -17.820854], [-51.255444, -17.820638], [-51.255837, -17.820402], [-51.265281, -17.814578], [-51.26583, -17.814255], [-51.266406, -17.81396], [-51.267023, -17.813719], [-51.267665, -17.813544], [-51.268306, -17.813428], [-51.268705, -17.813387], [-51.26908, -17.813369], [-51.269799, -17.813394], [-51.29652, -17.815726], [-51.297175, -17.815798], [-51.297593, -17.815864], [-51.297983, -17.815951], [-51.298357, -17.816056], [-51.2989, -17.816235], [-51.299258, -17.816375], [-51.299603, -17.816532], [-51.300099, -17.816791], [-51.300422, -17.81698], [-51.300892, -17.817293], [-51.305256, -17.820358], [-51.308105, -17.822343], [-51.308629, -17.822693], [-51.308769, -17.822814], [-51.310503, -17.824025], [-51.310773, -17.824194], [-51.311064, -17.82435], [-51.311672, -17.824616], [-51.312159, -17.824782], [-51.312841, -17.824927], [-51.313347, -17.824988], [-51.313867, -17.825007], [-51.323911, -17.824871], [-51.324682, -17.824905], [-51.325835, -17.825046], [-51.331785, -17.825877], [-51.346154, -17.827852], [-51.351058, -17.828511], [-51.358986, -17.829609], [-51.360486, -17.829848], [-51.361282, -17.829928], [-51.366416, -17.830632], [-51.413507, -17.837137], [-51.416489, -17.837539], [-51.41718, -17.837605], [-51.417353, -17.837655], [-51.417993, -17.837745], [-51.41865, -17.837811], [-51.420375, -17.83808], [-51.432345, -17.839733], [-51.437675, -17.840452], [-51.449387, -17.842086], [-51.450265, -17.842197], [-51.45237, -17.842516], [-51.453452, -17.842635], [-51.473161, -17.845363], [-51.476986, -17.84588], [-51.479996, -17.846298], [-51.481592, -17.846557], [-51.482678, -17.846672], [-51.521701, -17.852096], [-51.52664, -17.852765], [-51.528154, -17.852989], [-51.535555, -17.854021], [-51.551557, -17.856218], [-51.552268, -17.856337], [-51.552776, -17.856451], [-51.553263, -17.856606], [-51.553902, -17.856872], [-51.554361, -17.857101], [-51.560962, -17.861221], [-51.561916, -17.861831], [-51.565802, -17.864246], [-51.56628, -17.864496], [-51.566767, -17.864698], [-51.56725, -17.864863], [-51.567911, -17.865025], [-51.569665, -17.865286], [-51.572224, -17.865643], [-51.573339, -17.865784], [-51.574285, -17.865929], [-51.578168, -17.866469], [-51.581122, -17.866866], [-51.583067, -17.867148], [-51.595841, -17.8689], [-51.606266, -17.870351], [-51.607045, -17.870448], [-51.618387, -17.872027], [-51.61887, -17.872128], [-51.619495, -17.872316], [-51.624675, -17.874194], [-51.625791, -17.874579], [-51.626282, -17.874722], [-51.62677, -17.874835], [-51.627091, -17.8749], [-51.627741, -17.874996], [-51.628388, -17.875057], [-51.629052, -17.875074], [-51.629756, -17.875049], [-51.630493, -17.874972], [-51.631045, -17.874882], [-51.631586, -17.874765], [-51.633698, -17.874198], [-51.634896, -17.873895], [-51.635568, -17.873773], [-51.636232, -17.8737], [-51.636723, -17.873676], [-51.637205, -17.873675], [-51.63799, -17.873719], [-51.63845, -17.873774], [-51.638904, -17.873853], [-51.639356, -17.873951], [-51.639807, -17.874071], [-51.64055, -17.874327], [-51.641144, -17.874584], [-51.641585, -17.8748], [-51.64215, -17.875119], [-51.642556, -17.875381], [-51.643072, -17.875765], [-51.643556, -17.876185], [-51.644128, -17.876741], [-51.64455, -17.877232], [-51.645042, -17.877886], [-51.647843, -17.882073], [-51.649225, -17.884099], [-51.649608, -17.884574], [-51.649886, -17.884864], [-51.650142, -17.885078], [-51.650447, -17.88528]]}, "properties": {"SNV": "060BGO0270", "fid": 84, "EXT_KM": 71.2, "GEOCOD": "060BGO0270", "TRECHO": "ENTR GO-174 (ACESSO OESTE RIO VERDE) - INICIO PISTA DUPLA", "RODOVIA": "BR-060", "SITUACAO": "DUP"}}, {"type": "Feature", "geometry": {"crs": {"type": "name", "properties": {"name": "EPSG:4674"}}, "type": "LineString", "coordinates": [[-52.211026, -15.951802], [-52.215735, -15.953022], [-52.220418, -15.954158], [-52.230285, -15.9553], [-52.230954, -15.955313], [-52.232254, -15.955064], [-52.23305, -15.954715], [-52.234475, -15.95384], [-52.241788, -15.948924], [-52.243215, -15.948097], [-52.24427, -15.947778], [-52.253388, -15.944721], [-52.255717, -15.943916], [-52.256515, -15.943605], [-52.257064, -15.94328], [-52.257754, -15.942722], [-52.258617, -15.941782], [-52.261074, -15.938088], [-52.26299, -15.936143]]}, "properties": {"SNV": "070BGO0280", "fid": 138, "EXT_KM": 6.3, "GEOCOD": "070BGO0280", "TRECHO": "ENTR BR-070/158 (P/ BOM JARDIM DE GOIÁS) - DIV GO/MT (INÍCIO PONTE S/RIO ARAGUAIA)", "RODOVIA": "BR-070", "SITUACAO": "PLA"}}, {"type": "Feature", "geometry": {"crs": {"type": "name", "properties": {"name": "EPSG:4674"}}, "type": "LineString", "coordinates": [[-49.200363, -16.60084], [-49.20099, -16.600682], [-49.21729, -16.595082], [-49.22199, -16.593982], [-49.243957, -16.589949]]}, "properties": {"SNV": "060NGO1005", "fid": 101, "EXT_KM": 5, "GEOCOD": "060NGO1005", "TRECHO": "ENTR BR-060/153 (GOIÂNIA) - ENTR GO-080 (ACESSO NORTE GOIÂNIA)", "RODOVIA": "BR-060", "SITUACAO": "PLA"}}, {"type": "Feature", "geometry": {"crs": {"type": "name", "properties": {"name": "EPSG:4674"}}, "type": "LineString", "coordinates": [[-49.243957, -16.589949], [-49.25469, -16.587982], [-49.25939, -16.587382], [-49.269676, -16.587051]]}, "properties": {"SNV": "060NGO1010", "fid": 102, "EXT_KM": 3, "GEOCOD": "060NGO1010", "TRECHO": "ENTR GO-080 (ACESSO NORTE GOIÂNIA) - ENTR GO-462 (ACESSO NORTE GOIÂNIA)", "RODOVIA": "BR-060", "SITUACAO": "PLA"}}, {"type": "Feature", "geometry": {"crs": {"type": "name", "properties": {"name": "EPSG:4674"}}, "type": "LineString", "coordinates": [[-48.256849, -15.755029], [-48.257237, -15.754646], [-48.273142, -15.738273], [-48.273736, -15.737668], [-48.274093, -15.737332], [-48.274584, -15.736931], [-48.275252, -15.736477], [-48.275929, -15.736109], [-48.276621, -15.735813], [-48.277352, -15.735578], [-48.278135, -15.735406], [-48.278778, -15.735321], [-48.279561, -15.735287], [-48.280173, -15.73531], [-48.280912, -15.735399], [-48.288849, -15.736781], [-48.290099, -15.736983], [-48.290404, -15.737015], [-48.290603, -15.737077], [-48.290835, -15.737125], [-48.310538, -15.740558], [-48.311367, -15.740723], [-48.312178, -15.740946], [-48.312757, -15.741144], [-48.31312, -15.741286], [-48.313636, -15.741509], [-48.314141, -15.741758], [-48.314637, -15.742038], [-48.315135, -15.742353], [-48.315461, -15.742579], [-48.31593, -15.742938], [-48.31654, -15.74346], [-48.317706, -15.744543], [-48.324857, -15.751262], [-48.325673, -15.752023], [-48.325797, -15.7521], [-48.325871, -15.752203], [-48.326029, -15.752359], [-48.327455, -15.753694], [-48.327829, -15.754009], [-48.328321, -15.754365], [-48.328689, -15.754601], [-48.329211, -15.754885], [-48.329644, -15.755092], [-48.330121, -15.755285], [-48.330637, -15.755452], [-48.330995, -15.755547], [-48.33154, -15.75566], [-48.332089, -15.755738], [-48.332821, -15.755783], [-48.333368, -15.755776], [-48.334095, -15.755711], [-48.340237, -15.754978]]}, "properties": {"SNV": "070BGO0072", "fid": 113, "EXT_KM": 12, "GEOCOD": "070BGO0072", "TRECHO": "ENTR GO-547 (ÁGUAS LINDAS DE GOIÁS) - FIM DAS OBRAS DE DUPLICAÇÃO", "RODOVIA": "BR-070", "SITUACAO": "DUP"}}, {"type": "Feature", "geometry": {"crs": {"type": "name", "properties": {"name": "EPSG:4674"}}, "type": "LineString", "coordinates": [[-48.340237, -15.754978], [-48.343693, -15.754563], [-48.344263, -15.75447], [-48.344631, -15.754389], [-48.345162, -15.754235], [-48.345813, -15.753992], [-48.346288, -15.753767], [-48.346915, -15.75341], [-48.347364, -15.753103], [-48.34765, -15.75288], [-48.347924, -15.752646], [-48.348312, -15.752274], [-48.351362, -15.748966], [-48.351476, -15.748839], [-48.351528, -15.748738], [-48.351674, -15.748619], [-48.351873, -15.74841], [-48.353927, -15.746176], [-48.354373, -15.745749], [-48.35485, -15.745371], [-48.355227, -15.745122], [-48.3555, -15.744968], [-48.355939, -15.744753], [-48.356244, -15.744626], [-48.356855, -15.744421], [-48.357345, -15.744311], [-48.357878, -15.744234], [-48.36363, -15.743554], [-48.36451, -15.743493], [-48.368674, -15.743291], [-48.369929, -15.74321], [-48.370887, -15.743091], [-48.373564, -15.742654], [-48.374401, -15.742544], [-48.375215, -15.742477], [-48.378101, -15.742323], [-48.378661, -15.742275], [-48.37923, -15.742198], [-48.379811, -15.742089], [-48.380209, -15.741992], [-48.38081, -15.741818], [-48.381414, -15.741607], [-48.3822, -15.741264], [-48.387539, -15.738779], [-48.388313, -15.738477], [-48.388701, -15.738358], [-48.389289, -15.738218], [-48.390069, -15.738099], [-48.401511, -15.736724], [-48.401985, -15.736629], [-48.402359, -15.736615], [-48.403315, -15.736515], [-48.403868, -15.736501], [-48.40456, -15.736545], [-48.404852, -15.736586], [-48.405324, -15.736685], [-48.405855, -15.736842], [-48.406564, -15.737139], [-48.407053, -15.737397], [-48.40763, -15.737792], [-48.408066, -15.738157], [-48.408579, -15.738688], [-48.408943, -15.739163], [-48.409258, -15.739665], [-48.4094, -15.739934], [-48.409592, -15.740363], [-48.409701, -15.74066], [-48.409841, -15.74113], [-48.411914, -15.749348], [-48.412074, -15.749911], [-48.412196, -15.750249], [-48.412427, -15.750741], [-48.412607, -15.751058], [-48.412808, -15.751365], [-48.413141, -15.751805], [-48.413387, -15.752079], [-48.41379, -15.752459], [-48.414079, -15.752693], [-48.414539, -15.753014], [-48.414862, -15.753205], [-48.415203, -15.753376], [-48.415563, -15.753531], [-48.415937, -15.753666], [-48.416323, -15.753777], [-48.416717, -15.753864], [-48.417117, -15.753925], [-48.41752, -15.75396], [-48.417929, -15.753968], [-48.418359, -15.753949], [-48.423477, -15.753495], [-48.424158, -15.753447], [-48.424823, -15.753442], [-48.425242, -15.753469], [-48.425655, -15.753519], [-48.426275, -15.753642], [-48.426899, -15.753812], [-48.433262, -15.755705], [-48.433886, -15.755911], [-48.434464, -15.756159], [-48.434822, -15.756349], [-48.435282, -15.756641], [-48.435689, -15.756955], [-48.435945, -15.757185], [-48.436191, -15.75743], [-48.436547, -15.75783], [-48.439361, -15.761162], [-48.440262, -15.7622], [-48.44073, -15.762652], [-48.441062, -15.762929], [-48.44157, -15.763287], [-48.442081, -15.763587], [-48.442423, -15.763759], [-48.442761, -15.763904], [-48.459744, -15.770668], [-48.461753, -15.77146], [-48.461874, -15.771481], [-48.462199, -15.771642], [-48.465988, -15.773156], [-48.466491, -15.773388], [-48.467135, -15.773754], [-48.467754, -15.774188], [-48.4682, -15.77456], [-48.468736, -15.775093], [-48.4691, -15.775522], [-48.469437, -15.775981], [-48.469652, -15.776305], [-48.472226, -15.780368], [-48.4731, -15.781703], [-48.47349, -15.782228], [-48.473893, -15.782713], [-48.474171, -15.783015], [-48.474602, -15.783437], [-48.475193, -15.783947], [-48.475955, -15.784518], [-48.476432, -15.784822], [-48.476764, -15.784999], [-48.477106, -15.785158], [-48.477812, -15.785425], [-48.478175, -15.785533], [-48.478543, -15.785621], [-48.478917, -15.785685], [-48.479293, -15.785729], [-48.479671, -15.785756], [-48.480049, -15.785763], [-48.480618, -15.785735], [-48.481373, -15.785625], [-48.482077, -15.785447], [-48.482709, -15.785222], [-48.505797, -15.774708], [-48.506158, -15.774562], [-48.506701, -15.774383], [-48.507253, -15.774236], [-48.507816, -15.774128], [-48.508397, -15.774058], [-48.5092, -15.774034], [-48.50962, -15.77405], [-48.510056, -15.77409], [-48.51074, -15.774198], [-48.532346, -15.778987], [-48.53289, -15.779093], [-48.533264, -15.779143], [-48.53375, -15.779175], [-48.534157, -15.779176], [-48.534545, -15.779149], [-48.535061, -15.779072], [-48.535487, -15.778979], [-48.535911, -15.778852], [-48.536265, -15.778713], [-48.536531, -15.778593], [-48.536687, -15.778498], [-48.536994, -15.778371], [-48.537516, -15.77804], [-48.537831, -15.777802], [-48.538248, -15.777433], [-48.543393, -15.772458], [-48.543824, -15.772074], [-48.544257, -15.771749], [-48.544556, -15.771555], [-48.544865, -15.77138], [-48.545517, -15.771084], [-48.545856, -15.770962], [-48.546211, -15.770858], [-48.546577, -15.770778], [-48.546951, -15.77072], [-48.54733, -15.770683], [-48.547715, -15.770668], [-48.548102, -15.77068], [-48.548491, -15.770716], [-48.548881, -15.770776], [-48.549274, -15.770862], [-48.549665, -15.770978], [-48.550053, -15.771119], [-48.553729, -15.772603], [-48.5545, -15.772846], [-48.555078, -15.772962], [-48.555654, -15.773021], [-48.556032, -15.773031], [-48.556409, -15.773018], [-48.556783, -15.772983], [-48.557143, -15.772929], [-48.557815, -15.77277], [-48.55831, -15.772602], [-48.558643, -15.77246], [-48.562541, -15.770614], [-48.563047, -15.770356], [-48.563532, -15.77005], [-48.563843, -15.769817], [-48.564641, -15.769161], [-48.572454, -15.762639], [-48.573067, -15.762152], [-48.573546, -15.761822], [-48.574206, -15.761445], [-48.575726, -15.760675], [-48.578586, -15.759262], [-48.579818, -15.75863], [-48.58042, -15.75827], [-48.580951, -15.757878], [-48.581305, -15.757569], [-48.581636, -15.757234], [-48.58316, -15.755609], [-48.583621, -15.755161], [-48.583862, -15.754957], [-48.584226, -15.754684], [-48.584768, -15.754345], [-48.585072, -15.754185], [-48.58558, -15.753959], [-48.586349, -15.753703], [-48.588087, -15.753211], [-48.594258, -15.751526], [-48.595058, -15.75129], [-48.595446, -15.751147], [-48.595825, -15.750982], [-48.598144, -15.749839], [-48.598736, -15.749569], [-48.599149, -15.749413], [-48.599575, -15.749283], [-48.600007, -15.749182], [-48.600448, -15.749114], [-48.600889, -15.749079], [-48.601323, -15.749075], [-48.601956, -15.749114], [-48.602363, -15.749175], [-48.602756, -15.749262], [-48.603139, -15.749369], [-48.605198, -15.75009], [-48.605744, -15.750254], [-48.606288, -15.750363], [-48.60702, -15.750426], [-48.626851, -15.750842], [-48.640256, -15.751104], [-48.640876, -15.751079], [-48.641711, -15.751002], [-48.657365, -15.749288], [-48.664977, -15.748475], [-48.665669, -15.748433], [-48.666361, -15.748433], [-48.667056, -15.748471], [-48.667753, -15.748557], [-48.668447, -15.748688], [-48.669358, -15.748935], [-48.670018, -15.749164], [-48.67085, -15.749529], [-48.695968, -15.761939], [-48.696976, -15.762426], [-48.697384, -15.762598], [-48.698029, -15.762809], [-48.699931, -15.763337], [-48.71577, -15.767657], [-48.71641, -15.767818], [-48.716814, -15.767902], [-48.717206, -15.767961], [-48.717766, -15.768002], [-48.718322, -15.767989], [-48.718878, -15.767934], [-48.719434, -15.767838], [-48.719977, -15.76769], [-48.72051, -15.767495], [-48.72393, -15.766164], [-48.724623, -15.765888], [-48.724958, -15.765736], [-48.725293, -15.765569], [-48.730515, -15.76275], [-48.740069, -15.757571], [-48.743547, -15.755669], [-48.744149, -15.75535], [-48.744741, -15.755077], [-48.745142, -15.754933], [-48.745733, -15.754777], [-48.746126, -15.754708], [-48.746722, -15.754657], [-48.747314, -15.75466], [-48.750017, -15.754793], [-48.750106, -15.754778], [-48.750252, -15.754717], [-48.75061, -15.754426]]}, "properties": {"SNV": "070BGO0075", "fid": 114, "EXT_KM": 49.5, "GEOCOD": "070BGO0075", "TRECHO": "FIM DAS OBRAS DE DUPLICAÇÃO - ENTR BR-070/414 (ACESSO NORTE COCALZINHO DE GOIÁS)", "RODOVIA": "BR-070", "SITUACAO": "PAV"}}, {"type": "Feature", "geometry": {"crs": {"type": "name", "properties": {"name": "EPSG:4674"}}, "type": "LineString", "coordinates": [[-47.593569, -14.931769], [-47.593527, -14.931573], [-47.593054, -14.929961], [-47.582789, -14.895904], [-47.582541, -14.895157], [-47.582343, -14.894675], [-47.582122, -14.894217], [-47.581589, -14.89336], [-47.581201, -14.892903], [-47.579912, -14.89146], [-47.577351, -14.888648], [-47.576847, -14.888077], [-47.576526, -14.887641], [-47.576174, -14.887092], [-47.575933, -14.88663], [-47.575657, -14.885975], [-47.575471, -14.885434], [-47.575349, -14.8849], [-47.575258, -14.884355], [-47.574614, -14.879095], [-47.573181, -14.866626], [-47.572173, -14.857582], [-47.571352, -14.849893], [-47.570578, -14.842409], [-47.569709, -14.834486], [-47.569614, -14.833819], [-47.569477, -14.833258], [-47.569285, -14.832636], [-47.569045, -14.832026], [-47.568749, -14.831441], [-47.566261, -14.826947], [-47.565418, -14.825454], [-47.56107, -14.817567], [-47.559972, -14.815612], [-47.555819, -14.808116], [-47.555566, -14.807618], [-47.555369, -14.807148], [-47.555195, -14.806571], [-47.555084, -14.806047], [-47.555013, -14.805402], [-47.554986, -14.804538], [-47.555226, -14.744933], [-47.555215, -14.743065], [-47.555132, -14.742441], [-47.555001, -14.741919], [-47.554771, -14.741304], [-47.554404, -14.740644], [-47.553874, -14.739968], [-47.553542, -14.739648], [-47.551417, -14.737911], [-47.539742, -14.728535], [-47.539454, -14.728282], [-47.535142, -14.724814], [-47.534518, -14.724269], [-47.533799, -14.723743], [-47.529622, -14.720492], [-47.527615, -14.718887], [-47.527229, -14.718539], [-47.526889, -14.718168], [-47.526609, -14.717796], [-47.526404, -14.717476], [-47.526052, -14.716801], [-47.525783, -14.715992]]}, "properties": {"SNV": "010BGO0130", "fid": 6, "EXT_KM": 26.1, "GEOCOD": "010BGO0130", "TRECHO": "ENTR GO-237 - INÍCIO PISTA DUPLA SÃO JOÃO D ALIANÇA", "RODOVIA": "BR-010", "SITUACAO": "PLA"}}, {"type": "Feature", "geometry": {"crs": {"type": "name", "properties": {"name": "EPSG:4674"}}, "type": "LineString", "coordinates": [[-50.873023, -15.876603], [-50.876876, -15.877566], [-50.878144, -15.877848], [-50.878626, -15.877924], [-50.879292, -15.877991], [-50.880815, -15.878088], [-50.881499, -15.878111], [-50.882443, -15.878049], [-50.883928, -15.877849], [-50.884028, -15.87782], [-50.884416, -15.877788], [-50.885907, -15.877599], [-50.893407, -15.876611], [-50.893894, -15.876519], [-50.894364, -15.876402], [-50.894821, -15.87625], [-50.895266, -15.87606], [-50.897027, -15.875185], [-50.904469, -15.871388], [-50.905113, -15.871108], [-50.905763, -15.870904], [-50.906286, -15.870789], [-50.906657, -15.870726], [-50.91759, -15.869089], [-50.917817, -15.869089], [-50.918499, -15.868957], [-50.923882, -15.868163], [-50.930112, -15.86722], [-50.930934, -15.867122], [-50.931338, -15.867104], [-50.931724, -15.867109], [-50.932299, -15.867157], [-50.932885, -15.867244], [-50.936331, -15.867908], [-50.93697, -15.868044], [-50.93744, -15.868121], [-50.939018, -15.868442], [-50.940074, -15.868741], [-50.949037, -15.871581], [-50.949614, -15.871776], [-50.950373, -15.872086], [-50.950956, -15.872346], [-50.953446, -15.873492], [-50.956566, -15.874898], [-50.95711, -15.875106], [-50.957649, -15.875259], [-50.958177, -15.875366], [-50.958518, -15.875403], [-50.959045, -15.875428], [-50.966752, -15.875457], [-50.967152, -15.875486], [-50.967543, -15.875537], [-50.967927, -15.875612], [-50.968471, -15.875755], [-50.968983, -15.875938], [-50.969475, -15.876155], [-50.9698, -15.876325], [-50.970446, -15.876746], [-50.970945, -15.877142], [-50.973646, -15.879438], [-50.974136, -15.879815], [-50.974468, -15.880032], [-50.974985, -15.880319], [-50.975344, -15.880479], [-50.97571, -15.88062], [-50.976273, -15.880789], [-50.976863, -15.880926], [-50.977472, -15.881001], [-50.97809, -15.881047], [-50.98885, -15.881606], [-50.998414, -15.882127], [-50.999237, -15.882169], [-50.999369, -15.882155], [-50.999518, -15.882187], [-50.999775, -15.882206], [-51.008029, -15.882656], [-51.008249, -15.882653], [-51.00847, -15.88268], [-51.010495, -15.882792], [-51.013811, -15.882966], [-51.014061, -15.882958], [-51.014288, -15.882993], [-51.017979, -15.88319], [-51.027652, -15.883684], [-51.040377, -15.884359], [-51.052207, -15.884955], [-51.052831, -15.884972], [-51.053722, -15.884963], [-51.055093, -15.884909], [-51.0552, -15.884886], [-51.055437, -15.884899], [-51.058111, -15.884808], [-51.059239, -15.884754], [-51.059478, -15.884706], [-51.059703, -15.88474], [-51.063921, -15.884597]]}, "properties": {"SNV": "070BGO0230", "fid": 131, "EXT_KM": 20.1, "GEOCOD": "070BGO0230", "TRECHO": "FIM DA TRAVESSIA URBANA DE JUSSARA - ENTR GO-173 (NOVA TRINDADE)", "RODOVIA": "BR-070", "SITUACAO": "PAV"}}, {"type": "Feature", "geometry": {"crs": {"type": "name", "properties": {"name": "EPSG:4674"}}, "type": "LineString", "coordinates": [[-48.284538, -15.168], [-48.287409, -15.167352], [-48.287899, -15.16722], [-48.289107, -15.166952], [-48.28957, -15.166864], [-48.29106, -15.166507], [-48.291372, -15.166405], [-48.291593, -15.166289], [-48.291901, -15.166087], [-48.293146, -15.165199], [-48.294682, -15.164131], [-48.294962, -15.16397], [-48.295163, -15.163879], [-48.295598, -15.163739], [-48.295928, -15.163681], [-48.296363, -15.163654], [-48.298493, -15.16377], [-48.299173, -15.163781], [-48.300048, -15.163752], [-48.301626, -15.163639], [-48.302082, -15.163589], [-48.302852, -15.163448], [-48.303461, -15.163277], [-48.319682, -15.157359], [-48.320201, -15.157165], [-48.320282, -15.157112], [-48.320502, -15.157054], [-48.321007, -15.156875], [-48.323187, -15.156045], [-48.325171, -15.155319], [-48.329814, -15.153647], [-48.332503, -15.152657], [-48.334728, -15.151815], [-48.338145, -15.150589], [-48.338447, -15.150494], [-48.33913, -15.150334], [-48.339717, -15.150251], [-48.343552, -15.150014], [-48.344044, -15.150001], [-48.344524, -15.150024], [-48.344975, -15.150081], [-48.345394, -15.150161], [-48.345681, -15.150232], [-48.346116, -15.150375], [-48.348549, -15.151319], [-48.349159, -15.151646], [-48.349646, -15.151956], [-48.35066, -15.152658], [-48.354755, -15.155536], [-48.355455, -15.156047], [-48.355836, -15.15638], [-48.356294, -15.15686], [-48.356612, -15.157254], [-48.357911, -15.158939], [-48.358837, -15.160186], [-48.359806, -15.161406], [-48.361956, -15.164218], [-48.368228, -15.17236], [-48.368638, -15.172805], [-48.368995, -15.173102], [-48.369383, -15.173348], [-48.369797, -15.173545], [-48.370224, -15.173686], [-48.370517, -15.173753], [-48.370815, -15.1738], [-48.378618, -15.174783], [-48.379306, -15.17485], [-48.379822, -15.174862], [-48.380349, -15.174833], [-48.381039, -15.174739], [-48.38203, -15.17455], [-48.382781, -15.174426], [-48.38361, -15.174271], [-48.385326, -15.173905], [-48.389812, -15.17305], [-48.390243, -15.172997], [-48.390529, -15.172979], [-48.390964, -15.172975], [-48.391417, -15.173003], [-48.391878, -15.173068], [-48.392789, -15.173245], [-48.393283, -15.173377], [-48.393642, -15.173454], [-48.395844, -15.173864], [-48.405579, -15.175848], [-48.407964, -15.176307], [-48.415161, -15.177774], [-48.417148, -15.178208], [-48.418387, -15.178423], [-48.422884, -15.179306], [-48.423997, -15.179542], [-48.424679, -15.179723], [-48.425148, -15.179897], [-48.425449, -15.180035], [-48.425901, -15.180287], [-48.426203, -15.180482], [-48.42911, -15.182567], [-48.429491, -15.182882], [-48.429739, -15.18311], [-48.430113, -15.183503], [-48.431361, -15.184911], [-48.434636, -15.188636], [-48.438577, -15.193259], [-48.43894, -15.19364], [-48.439201, -15.193876], [-48.439474, -15.194097], [-48.439912, -15.19439], [-48.440369, -15.194639], [-48.441298, -15.195104], [-48.455827, -15.201942], [-48.456622, -15.202301], [-48.46071, -15.204244], [-48.461442, -15.204555], [-48.462726, -15.205198], [-48.470141, -15.208675], [-48.471457, -15.20931], [-48.473412, -15.210215], [-48.473825, -15.210394], [-48.474065, -15.210471], [-48.474568, -15.210717], [-48.47496, -15.210889], [-48.475357, -15.211024], [-48.475683, -15.211097], [-48.475973, -15.211119], [-48.476365, -15.211113], [-48.476807, -15.211023], [-48.478415, -15.210796], [-48.481543, -15.210273], [-48.482808, -15.210082], [-48.483297, -15.210052], [-48.48365, -15.210055], [-48.484213, -15.210103], [-48.484609, -15.210171], [-48.485227, -15.210329], [-48.486924, -15.210841], [-48.487998, -15.211129], [-48.491751, -15.212206], [-48.496614, -15.213613], [-48.501123, -15.214948], [-48.501475, -15.215039], [-48.502297, -15.21519], [-48.503448, -15.215337], [-48.503936, -15.215374], [-48.504252, -15.21542], [-48.504408, -15.215462], [-48.505235, -15.215529], [-48.510709, -15.216094], [-48.511297, -15.216187], [-48.511859, -15.216323], [-48.512215, -15.216439], [-48.512702, -15.21664], [-48.513205, -15.216916], [-48.513506, -15.217045], [-48.515071, -15.217849], [-48.515777, -15.218236], [-48.519195, -15.22003], [-48.51989, -15.220357], [-48.520403, -15.220533], [-48.520821, -15.220637], [-48.521198, -15.22071], [-48.523722, -15.220984], [-48.524095, -15.220985], [-48.524635, -15.221011], [-48.525248, -15.220952], [-48.525531, -15.220909], [-48.526052, -15.220787], [-48.526356, -15.220683], [-48.527586, -15.220315], [-48.529072, -15.219901], [-48.529369, -15.219837], [-48.529701, -15.219787], [-48.530398, -15.219731], [-48.531062, -15.219746], [-48.531342, -15.219784], [-48.532155, -15.219846], [-48.538611, -15.220302], [-48.539675, -15.220393], [-48.540763, -15.220449], [-48.546142, -15.220828], [-48.546289, -15.220806], [-48.546888, -15.220835], [-48.54747, -15.220811], [-48.5477, -15.220779], [-48.548169, -15.220673], [-48.548677, -15.220536], [-48.549086, -15.220399], [-48.549541, -15.220198], [-48.549896, -15.219996], [-48.550946, -15.21931], [-48.551329, -15.219022], [-48.551737, -15.218794], [-48.552276, -15.218422], [-48.552487, -15.218248], [-48.55304, -15.217881], [-48.55347, -15.217641], [-48.554218, -15.217181], [-48.555696, -15.216156], [-48.556486, -15.215658], [-48.563346, -15.211127], [-48.563773, -15.210864], [-48.56406, -15.210712], [-48.564496, -15.21052], [-48.565071, -15.210328], [-48.565535, -15.210217], [-48.565859, -15.21016], [-48.566499, -15.210068], [-48.566957, -15.210027], [-48.567253, -15.210036], [-48.567546, -15.210077], [-48.567825, -15.210141], [-48.568102, -15.210233], [-48.572131, -15.212032], [-48.572473, -15.212168], [-48.573029, -15.212351], [-48.574728, -15.212961], [-48.578234, -15.213875], [-48.580009, -15.214418], [-48.580789, -15.214635], [-48.581167, -15.214708], [-48.581794, -15.214751], [-48.583632, -15.214753], [-48.584255, -15.21477], [-48.585654, -15.214763], [-48.586056, -15.214731], [-48.586315, -15.214746], [-48.587326, -15.214728], [-48.591098, -15.214736], [-48.591829, -15.214756], [-48.592541, -15.2148], [-48.593434, -15.214894], [-48.595198, -15.215142], [-48.611007, -15.217088], [-48.612081, -15.217244], [-48.61281, -15.217312], [-48.61709, -15.217841], [-48.618577, -15.218008], [-48.620144, -15.218215], [-48.622364, -15.218468], [-48.622939, -15.218549], [-48.624989, -15.21871], [-48.644414, -15.220037], [-48.644926, -15.220063], [-48.645421, -15.220054], [-48.645921, -15.220001], [-48.646416, -15.219905], [-48.646907, -15.219764], [-48.647233, -15.219643], [-48.65091, -15.218069], [-48.651197, -15.217938], [-48.651373, -15.217823], [-48.65164, -15.21773], [-48.651857, -15.217626], [-48.652222, -15.217518], [-48.654241, -15.216665], [-48.654409, -15.216572], [-48.654925, -15.216364], [-48.660929, -15.21379], [-48.6634, -15.212748], [-48.667181, -15.211129], [-48.667393, -15.21102], [-48.668487, -15.210573], [-48.669895, -15.209968], [-48.670655, -15.209692], [-48.671453, -15.209483], [-48.671779, -15.209422], [-48.672282, -15.209356], [-48.673167, -15.209309], [-48.694805, -15.208974], [-48.696194, -15.20894], [-48.697476, -15.208843], [-48.699136, -15.208617], [-48.699293, -15.20858], [-48.699427, -15.208524], [-48.699795, -15.20829]]}, "properties": {"SNV": "080BGO0110", "fid": 144, "EXT_KM": 48.3, "GEOCOD": "080BGO0110", "TRECHO": "ENTR GO-230/435 (PADRE BERNARDO) - ENTR BR-080/414 (DOIS IRMÃOS)", "RODOVIA": "BR-080", "SITUACAO": "PAV"}}, {"type": "Feature", "geometry": {"crs": {"type": "name", "properties": {"name": "EPSG:4674"}}, "type": "LineString", "coordinates": [[-47.525783, -14.715992], [-47.525644, -14.714854], [-47.525561, -14.713784], [-47.525528, -14.710257], [-47.525435, -14.70833], [-47.525621, -14.706147], [-47.525133, -14.704684], [-47.524599, -14.70292], [-47.524258, -14.701932]]}, "properties": {"SNV": "010BGO0135", "fid": 7, "EXT_KM": 1.6, "GEOCOD": "010BGO0135", "TRECHO": "INÍCIO PISTA DUPLA SÃO JOÃO D ALIANÇA - FIM PISTA DUPLA SÃO JOÃO D ALIANÇA", "RODOVIA": "BR-010", "SITUACAO": "PLA"}}, {"type": "Feature", "geometry": {"crs": {"type": "name", "properties": {"name": "EPSG:4674"}}, "type": "LineString", "coordinates": [[-50.167953, -13.27538], [-50.175179, -13.27973], [-50.183662, -13.284693]]}, "properties": {"SNV": "080BGO0250", "fid": 157, "EXT_KM": 2, "GEOCOD": "080BGO0250", "TRECHO": "ENTR GO-164/241/244 (SÃO MIGUEL DO ARAGUAIA) - ENTR GO-244 (ACESSO OESTE SÃO MIGUEL DO ARAGUAIA)", "RODOVIA": "BR-080", "SITUACAO": "PAV"}}, {"type": "Feature", "geometry": {"crs": {"type": "name", "properties": {"name": "EPSG:4674"}}, "type": "LineString", "coordinates": [[-52.166627, -15.904619], [-52.169403, -15.904319], [-52.169971, -15.904177], [-52.170345, -15.904166], [-52.17081, -15.904195], [-52.17118, -15.904252], [-52.171543, -15.904336], [-52.171985, -15.904478], [-52.172411, -15.904666], [-52.172815, -15.90489], [-52.173121, -15.9051], [-52.173408, -15.905329], [-52.173675, -15.905581], [-52.17392, -15.905855], [-52.174194, -15.90622], [-52.174429, -15.906612], [-52.174622, -15.907022], [-52.177618, -15.914915], [-52.177834, -15.915415], [-52.178099, -15.915893], [-52.181926, -15.922312], [-52.182124, -15.922618], [-52.182288, -15.922839], [-52.182528, -15.923113], [-52.18279, -15.923374], [-52.183146, -15.923666], [-52.183531, -15.923921], [-52.190124, -15.927324], [-52.190367, -15.927458], [-52.190675, -15.927665], [-52.190965, -15.927889], [-52.191169, -15.928078], [-52.191421, -15.928343], [-52.191703, -15.928703], [-52.191943, -15.92909], [-52.192067, -15.929334], [-52.192207, -15.929667], [-52.192292, -15.929929], [-52.192586, -15.931161], [-52.192733, -15.93159], [-52.192884, -15.931919], [-52.193063, -15.932239], [-52.193382, -15.932684], [-52.193625, -15.932959], [-52.193889, -15.933215], [-52.197427, -15.936562], [-52.20174, -15.94132], [-52.20213, -15.941711], [-52.202492, -15.941993], [-52.202882, -15.942244], [-52.20347, -15.942521], [-52.203911, -15.942663], [-52.204184, -15.94273], [-52.204552, -15.942791], [-52.205017, -15.942824], [-52.205391, -15.942818], [-52.205855, -15.942765], [-52.210504, -15.941754], [-52.210748, -15.941754]]}, "properties": {"SNV": "070CGO1005", "fid": 139, "EXT_KM": 6.9, "GEOCOD": "070CGO1005", "TRECHO": "ACESSO LESTE ARAGARÇAS - FIM CONTORNO LESTE ARAGARÇAS", "RODOVIA": "BR-070", "SITUACAO": "PLA"}}, {"type": "Feature", "geometry": {"crs": {"type": "name", "properties": {"name": "EPSG:4674"}}, "type": "LineString", "coordinates": [[-50.586385, -13.205466], [-50.594044, -13.211006]]}, "properties": {"SNV": "080BGO0265", "fid": 160, "EXT_KM": 1, "GEOCOD": "080BGO0265", "TRECHO": "INÍCIO PONTE S/RIO ARAGUAIA (DIV GO/MT) - FIM PONTE S/RIO ARAGUAIA (DIV GO/MT)", "RODOVIA": "BR-080", "SITUACAO": "LEN"}}, {"type": "Feature", "geometry": {"crs": {"type": "name", "properties": {"name": "EPSG:4674"}}, "type": "LineString", "coordinates": [[-49.102306, -12.835354], [-49.103491, -12.840726], [-49.103589, -12.841226], [-49.103611, -12.841442], [-49.103673, -12.841621], [-49.103751, -12.84195], [-49.106098, -12.852722], [-49.106297, -12.853734], [-49.106367, -12.854335], [-49.106396, -12.855139], [-49.106379, -12.85575], [-49.106336, -12.85636], [-49.105775, -12.862961], [-49.105413, -12.867007], [-49.104965, -12.872312], [-49.104911, -12.873102], [-49.104925, -12.873886], [-49.105006, -12.874703], [-49.105077, -12.875114], [-49.10517, -12.875522], [-49.105283, -12.875926], [-49.105414, -12.876321], [-49.110308, -12.888205], [-49.110365, -12.888406], [-49.11047, -12.888608], [-49.119096, -12.909582], [-49.122983, -12.918988], [-49.123719, -12.920749], [-49.124291, -12.922058], [-49.124806, -12.92331], [-49.12515, -12.924207], [-49.12653, -12.927582], [-49.129195, -12.93398], [-49.137214, -12.953405], [-49.138091, -12.955418], [-49.13865, -12.956785], [-49.138967, -12.957616], [-49.140309, -12.960875], [-49.156605, -13.000356], [-49.159873, -13.008261], [-49.160614, -13.009956], [-49.162004, -13.013426], [-49.168713, -13.029659], [-49.169256, -13.030985], [-49.169337, -13.031223], [-49.169438, -13.031435], [-49.171715, -13.03693], [-49.178571, -13.053552], [-49.179968, -13.056899], [-49.182993, -13.064267], [-49.183745, -13.066081], [-49.184032, -13.06673], [-49.184397, -13.067663], [-49.185148, -13.069446], [-49.188969, -13.07874], [-49.193643, -13.090028], [-49.194695, -13.092589], [-49.194773, -13.092829], [-49.194979, -13.09328], [-49.196546, -13.097081], [-49.196591, -13.097279], [-49.196712, -13.097497], [-49.196803, -13.097705], [-49.198836, -13.102623]]}, "properties": {"SNV": "153BGO0312", "fid": 163, "EXT_KM": 31.9, "GEOCOD": "153BGO0312", "TRECHO": "DIV TO/GO - ENTR GO-448 (P/NOVO PLANALTO)", "RODOVIA": "BR-153", "SITUACAO": "PAV"}}, {"type": "Feature", "geometry": {"crs": {"type": "name", "properties": {"name": "EPSG:4674"}}, "type": "LineString", "coordinates": [[-48.962243, -16.395686], [-48.962694, -16.395932], [-48.964, -16.396505], [-48.964579, -16.396806], [-48.968439, -16.399296], [-48.969092, -16.399686], [-48.969788, -16.40006], [-48.970321, -16.400311], [-48.972612, -16.401321], [-48.981611, -16.405271], [-48.982878, -16.405912], [-48.988308, -16.408736], [-48.988867, -16.409011], [-48.989357, -16.409228], [-48.990237, -16.409539], [-48.990601, -16.409643], [-48.991337, -16.40982], [-48.995388, -16.410732], [-48.996646, -16.410986], [-48.997884, -16.41129], [-49.000924, -16.411974], [-49.002716, -16.412339], [-49.004684, -16.412799], [-49.005167, -16.412971], [-49.005793, -16.413255], [-49.006279, -16.413506], [-49.006901, -16.413904], [-49.007495, -16.414373], [-49.007906, -16.414761], [-49.008161, -16.415034], [-49.008511, -16.415469], [-49.008821, -16.415923], [-49.010254, -16.41824], [-49.010899, -16.419224], [-49.011677, -16.42047], [-49.016946, -16.429001], [-49.01744, -16.429877], [-49.017615, -16.430235], [-49.017851, -16.430785], [-49.018108, -16.43152], [-49.018259, -16.432063], [-49.01841, -16.432786], [-49.018511, -16.433515], [-49.018569, -16.434445], [-49.018979, -16.443187], [-49.019007, -16.443532], [-49.01906, -16.443871], [-49.019136, -16.444196], [-49.01928, -16.444648], [-49.019455, -16.445059], [-49.019587, -16.445318], [-49.019808, -16.445677], [-49.020044, -16.446003], [-49.02029, -16.446297], [-49.020716, -16.446741]]}, "properties": {"SNV": "153BGO0576", "fid": 188, "EXT_KM": 9.1, "GEOCOD": "153BGO0576", "TRECHO": "ENTR GO-330 (P/ANÁPOLIS/DAIA) - ENTR GO-415 (P/GOIANÁPOLIS)", "RODOVIA": "BR-153", "SITUACAO": "DUP"}}, {"type": "Feature", "geometry": {"crs": {"type": "name", "properties": {"name": "EPSG:4674"}}, "type": "LineString", "coordinates": [[-49.020716, -16.446741], [-49.020951, -16.446954], [-49.021292, -16.447217], [-49.021793, -16.447546], [-49.022144, -16.447736], [-49.022392, -16.44785], [-49.02267, -16.447961], [-49.022958, -16.44805], [-49.023535, -16.448176], [-49.02409, -16.448325], [-49.025727, -16.448683], [-49.027932, -16.44911], [-49.030958, -16.449796], [-49.031933, -16.449986], [-49.032496, -16.450115], [-49.033524, -16.450382], [-49.035851, -16.450919], [-49.036903, -16.451129], [-49.037783, -16.451229], [-49.03845, -16.451237], [-49.03865, -16.451255], [-49.039284, -16.451233], [-49.039698, -16.451198], [-49.040104, -16.451149], [-49.040696, -16.451049], [-49.041845, -16.450782], [-49.042841, -16.450601], [-49.044674, -16.450232], [-49.045279, -16.45015], [-49.046019, -16.450123], [-49.046494, -16.450144], [-49.047105, -16.450237], [-49.047683, -16.450357], [-49.048243, -16.450516], [-49.048801, -16.450722], [-49.049171, -16.450889], [-49.049703, -16.451173], [-49.050034, -16.451383], [-49.050501, -16.451721], [-49.050799, -16.45196], [-49.052234, -16.453203], [-49.053531, -16.45429], [-49.053963, -16.45469], [-49.054783, -16.455578], [-49.055402, -16.456157], [-49.062944, -16.462711], [-49.064337, -16.463884], [-49.065865, -16.46525], [-49.069048, -16.468019], [-49.069865, -16.468687], [-49.070661, -16.469234], [-49.0713, -16.469613], [-49.071783, -16.469867], [-49.075501, -16.47162], [-49.076684, -16.472136], [-49.077491, -16.472552], [-49.078614, -16.47309], [-49.079254, -16.473464], [-49.079569, -16.473678], [-49.080046, -16.474034], [-49.09005, -16.481626], [-49.090578, -16.482045], [-49.091187, -16.482565], [-49.091871, -16.483218], [-49.094443, -16.485781], [-49.094937, -16.486326], [-49.095443, -16.486961], [-49.096081, -16.487678], [-49.10059, -16.492157], [-49.101221, -16.492774], [-49.101776, -16.493286], [-49.102561, -16.494106], [-49.103917, -16.495456], [-49.106052, -16.497548], [-49.110723, -16.502178], [-49.111647, -16.503136], [-49.112672, -16.504278], [-49.113122, -16.504755], [-49.116444, -16.508066], [-49.116734, -16.508373], [-49.117004, -16.508694], [-49.117256, -16.509023], [-49.117486, -16.509364], [-49.1177, -16.509718], [-49.120347, -16.514624], [-49.120688, -16.515191], [-49.120938, -16.515538], [-49.121357, -16.516028], [-49.12167, -16.51633], [-49.122331, -16.516896], [-49.134797, -16.527228], [-49.135117, -16.527479], [-49.135623, -16.527819], [-49.135979, -16.52802], [-49.136351, -16.528202], [-49.136939, -16.528436], [-49.144924, -16.531062], [-49.145305, -16.531199], [-49.145849, -16.531444], [-49.14636, -16.531737], [-49.146835, -16.532072], [-49.147276, -16.53245], [-49.14755, -16.53273], [-49.147805, -16.533026], [-49.148038, -16.533338], [-49.148246, -16.533661], [-49.148516, -16.534166], [-49.148667, -16.534513], [-49.148793, -16.534873], [-49.148895, -16.535244], [-49.149004, -16.535819], [-49.149065, -16.536409], [-49.149078, -16.537013], [-49.149036, -16.538224], [-49.14908, -16.538859], [-49.149302, -16.540156], [-49.149984, -16.543838], [-49.150107, -16.544381], [-49.150271, -16.544904], [-49.150553, -16.545579], [-49.151053, -16.546587], [-49.151245, -16.547137], [-49.151387, -16.547715], [-49.154417, -16.564295], [-49.154577, -16.565117], [-49.15472, -16.565713], [-49.154897, -16.566288], [-49.155111, -16.56685], [-49.156931, -16.57093], [-49.157701, -16.572603], [-49.157965, -16.573077], [-49.158158, -16.573378], [-49.158582, -16.573939], [-49.159027, -16.574421], [-49.15945, -16.574812], [-49.160294, -16.575481], [-49.160546, -16.575728], [-49.160688, -16.575799], [-49.161132, -16.576087], [-49.162619, -16.577293], [-49.165813, -16.579779], [-49.166273, -16.580121], [-49.16674, -16.580429], [-49.167211, -16.580696], [-49.167686, -16.580919], [-49.168175, -16.581098], [-49.168665, -16.58125], [-49.169162, -16.581364], [-49.169808, -16.58146], [-49.170267, -16.58149], [-49.171065, -16.581499], [-49.172, -16.581539], [-49.183398, -16.581613], [-49.183903, -16.581627], [-49.18442, -16.581677], [-49.185102, -16.581825], [-49.185786, -16.582048], [-49.189121, -16.583404], [-49.190785, -16.584101], [-49.191239, -16.58433], [-49.191678, -16.584599], [-49.19209, -16.584907], [-49.192469, -16.585238], [-49.192814, -16.585594], [-49.193217, -16.586102], [-49.193556, -16.586638], [-49.193828, -16.587205], [-49.193986, -16.587637], [-49.194311, -16.588704], [-49.194681, -16.589787], [-49.195059, -16.591163], [-49.196236, -16.595195], [-49.196344, -16.595515], [-49.196528, -16.595973], [-49.196884, -16.596681], [-49.197292, -16.597325], [-49.197666, -16.597808], [-49.202183, -16.602876], [-49.202642, -16.603425], [-49.203059, -16.604], [-49.203421, -16.604581], [-49.203736, -16.605175], [-49.204092, -16.605966], [-49.204387, -16.606818], [-49.204533, -16.607345], [-49.204611, -16.607692], [-49.204697, -16.608201], [-49.204886, -16.609558], [-49.205342, -16.611851], [-49.205517, -16.61283], [-49.20581, -16.615005], [-49.206284, -16.618745], [-49.206299, -16.61895], [-49.206292, -16.619102], [-49.206319, -16.619202], [-49.206326, -16.619323]]}, "properties": {"SNV": "153BGO0578", "fid": 189, "EXT_KM": 30.2, "GEOCOD": "153BGO0578", "TRECHO": "ENTR GO-415 (P/GOIANÁPOLIS) - ENTR BR-060/153 (VIADUTO ALDEIA DO VALE - GOIÂNIA)", "RODOVIA": "BR-153", "SITUACAO": "DUP"}}, {"type": "Feature", "geometry": {"crs": {"type": "name", "properties": {"name": "EPSG:4674"}}, "type": "LineString", "coordinates": [[-47.327431, -16.249451], [-47.327813, -16.249207], [-47.327985, -16.24912], [-47.328158, -16.249008], [-47.328298, -16.248892], [-47.329385, -16.248179], [-47.346348, -16.237147], [-47.347636, -16.236363], [-47.348603, -16.235826], [-47.350219, -16.235016], [-47.351649, -16.234387], [-47.352275, -16.234127], [-47.353159, -16.233795], [-47.374485, -16.226112], [-47.388647, -16.220998], [-47.392017, -16.219766], [-47.421378, -16.209176], [-47.427632, -16.206903], [-47.433354, -16.204854]]}, "properties": {"SNV": "251BGO0470", "fid": 239, "EXT_KM": 12, "GEOCOD": "251BGO0470", "TRECHO": "DIV MG/GO - ENTR GO-010", "RODOVIA": "BR-251", "SITUACAO": "PAV"}}, {"type": "Feature", "geometry": {"crs": {"type": "name", "properties": {"name": "EPSG:4674"}}, "type": "LineString", "coordinates": [[-48.895927, -16.416003], [-48.864917, -16.388509]]}, "properties": {"SNV": "457BGO0070", "fid": 353, "EXT_KM": 4.5, "GEOCOD": "457BGO0070", "TRECHO": "ENTR GO-437 (SETOR INDUSTRIAL MUNIR CALIXTO-ANÁPOLIS) - ENTR GO-437", "RODOVIA": "BR-457", "SITUACAO": "PLA"}}, {"type": "Feature", "geometry": {"crs": {"type": "name", "properties": {"name": "EPSG:4674"}}, "type": "LineString", "coordinates": [[-48.864917, -16.388509], [-48.855375, -16.379978], [-48.854776, -16.379407], [-48.854413, -16.378992], [-48.854083, -16.378555], [-48.853742, -16.378014], [-48.85349, -16.377528], [-48.853276, -16.377029], [-48.853102, -16.376512], [-48.852968, -16.375987], [-48.852875, -16.375453], [-48.851824, -16.366565], [-48.851804, -16.366204], [-48.851815, -16.365752], [-48.851864, -16.365306], [-48.851932, -16.364949], [-48.852107, -16.364341], [-48.852205, -16.364085], [-48.852355, -16.363757], [-48.852528, -16.363433], [-48.852672, -16.363204], [-48.852828, -16.362975], [-48.853054, -16.362689], [-48.853363, -16.362348], [-48.853598, -16.362125], [-48.857878, -16.358284], [-48.858248, -16.357876], [-48.858625, -16.357356], [-48.858896, -16.356885], [-48.859117, -16.356385], [-48.859308, -16.355782], [-48.859413, -16.35525], [-48.859465, -16.354618], [-48.859441, -16.353985], [-48.859341, -16.353361], [-48.858541, -16.349924], [-48.858456, -16.3493], [-48.858438, -16.348667], [-48.858456, -16.348306], [-48.858509, -16.347855], [-48.858595, -16.347413], [-48.858687, -16.347062], [-48.858832, -16.346634], [-48.85897, -16.346297], [-48.859128, -16.345968], [-48.859305, -16.345649], [-48.859552, -16.345268], [-48.85977, -16.344972], [-48.860065, -16.344623], [-48.86032, -16.344359], [-48.860803, -16.34393], [-48.861097, -16.343707], [-48.861405, -16.343502], [-48.861724, -16.343316], [-48.862222, -16.343063], [-48.862653, -16.342887], [-48.863366, -16.342668], [-48.863823, -16.342574], [-48.864193, -16.342519], [-48.864566, -16.342486], [-48.865126, -16.342474], [-48.865873, -16.342531], [-48.866425, -16.342627], [-48.867055, -16.342796], [-48.867494, -16.342954], [-48.867835, -16.343102], [-48.868167, -16.343268], [-48.868568, -16.343503], [-48.869097, -16.343874], [-48.869451, -16.344171], [-48.870398, -16.345044], [-48.870686, -16.345277], [-48.870993, -16.345483], [-48.871399, -16.345709], [-48.871739, -16.345857], [-48.87218, -16.34601], [-48.872726, -16.346133], [-48.87319, -16.346188], [-48.873471, -16.346199], [-48.884227, -16.346484], [-48.884601, -16.346488], [-48.885068, -16.346456], [-48.88571, -16.346336], [-48.885979, -16.346257], [-48.886329, -16.346125], [-48.886667, -16.345975], [-48.886911, -16.345842], [-48.887374, -16.345535], [-48.88759, -16.345361], [-48.88786, -16.345111], [-48.888228, -16.344703], [-48.895105, -16.336591], [-48.895164, -16.336524], [-48.895345, -16.336404]]}, "properties": {"SNV": "457BGO0080", "fid": 354, "EXT_KM": 10.2, "GEOCOD": "457BGO0080", "TRECHO": "ENTR GO-437 - ENTR BR-060/457 (ANÁPOLIS)", "RODOVIA": "BR-457", "SITUACAO": "PLA"}}, {"type": "Feature", "geometry": {"crs": {"type": "name", "properties": {"name": "EPSG:4674"}}, "type": "LineString", "coordinates": [[-47.524258, -14.701932], [-47.522055, -14.69498], [-47.521889, -14.694345], [-47.512353, -14.65113], [-47.512172, -14.65047], [-47.511943, -14.649902], [-47.511698, -14.649436], [-47.511242, -14.648776], [-47.510851, -14.648327], [-47.510521, -14.648034], [-47.509877, -14.647512], [-47.502233, -14.641351], [-47.501671, -14.640839], [-47.501262, -14.640394], [-47.500973, -14.640004], [-47.500744, -14.639629], [-47.500507, -14.639179], [-47.500325, -14.638729], [-47.500171, -14.638286], [-47.49999, -14.637422], [-47.499958, -14.636734], [-47.499938, -14.634013], [-47.499915, -14.62252], [-47.499875, -14.620494], [-47.499855, -14.620186], [-47.499796, -14.61972], [-47.499678, -14.61908], [-47.497506, -14.610601], [-47.497197, -14.60947], [-47.496945, -14.608693], [-47.496719, -14.608057], [-47.496501, -14.607563], [-47.495723, -14.605998], [-47.49561, -14.605816], [-47.495527, -14.605713]]}, "properties": {"SNV": "010BGO0140", "fid": 8, "EXT_KM": 11.4, "GEOCOD": "010BGO0140", "TRECHO": "FIM PISTA DUPLA SÃO JOÃO D ALIANÇA - ENTR GO-236", "RODOVIA": "BR-010", "SITUACAO": "PLA"}}, {"type": "Feature", "geometry": {"crs": {"type": "name", "properties": {"name": "EPSG:4674"}}, "type": "LineString", "coordinates": [[-46.958805, -14.918581], [-46.947502, -14.914506], [-46.947397, -14.914471], [-46.947278, -14.91446], [-46.947083, -14.914361], [-46.94664, -14.914198], [-46.939771, -14.911755], [-46.935095, -14.910067], [-46.934932, -14.91004], [-46.9348, -14.909967], [-46.93459, -14.909883], [-46.918819, -14.904196], [-46.914608, -14.902664], [-46.908842, -14.900585], [-46.90779, -14.900212], [-46.907566, -14.900155], [-46.907247, -14.900012], [-46.904272, -14.898935], [-46.902911, -14.898447], [-46.902736, -14.898411], [-46.902533, -14.898306], [-46.902386, -14.89825], [-46.890503, -14.893972], [-46.865423, -14.884897], [-46.862268, -14.883763], [-46.862117, -14.883735], [-46.861817, -14.883593], [-46.860039, -14.882947], [-46.845528, -14.87756], [-46.795853, -14.859069], [-46.783067, -14.85387], [-46.778881, -14.852176], [-46.77849, -14.852033], [-46.778093, -14.851909], [-46.777484, -14.851767], [-46.735388, -14.843296], [-46.734787, -14.843158], [-46.734217, -14.842981], [-46.733853, -14.842835], [-46.733325, -14.842573], [-46.732994, -14.84238], [-46.732671, -14.842165], [-46.732364, -14.841934], [-46.73208, -14.841693], [-46.731556, -14.841169], [-46.731077, -14.840551], [-46.728471, -14.836669], [-46.72591, -14.832809], [-46.724096, -14.830112], [-46.720091, -14.824091], [-46.713833, -14.814736], [-46.71061, -14.809883], [-46.709143, -14.807707], [-46.705127, -14.802039], [-46.704368, -14.800981], [-46.704268, -14.800883], [-46.70416, -14.800682], [-46.703408, -14.799617], [-46.696703, -14.79018], [-46.677601, -14.7632], [-46.677025, -14.762422], [-46.676782, -14.762142], [-46.676398, -14.761761], [-46.676009, -14.761424], [-46.675622, -14.761133], [-46.675128, -14.76082], [-46.674783, -14.760637], [-46.674182, -14.760356]]}, "properties": {"SNV": "020BGO0160", "fid": 19, "EXT_KM": 38, "GEOCOD": "020BGO0160", "TRECHO": "ENTR GO-114 (P/FLORES DE GOIÁS) - SANTA MARIA", "RODOVIA": "BR-020", "SITUACAO": "PAV"}}, {"type": "Feature", "geometry": {"crs": {"type": "name", "properties": {"name": "EPSG:4674"}}, "type": "LineString", "coordinates": [[-47.135451, -15.14848], [-47.132357, -15.141429], [-47.131774, -15.14002], [-47.130954, -15.138221], [-47.127209, -15.129679], [-47.126376, -15.127764], [-47.126144, -15.127176], [-47.126019, -15.126785], [-47.125864, -15.126185], [-47.125758, -15.125596], [-47.125695, -15.125059], [-47.125553, -15.122536], [-47.125517, -15.122421], [-47.125534, -15.122159], [-47.125257, -15.117117], [-47.125169, -15.116326], [-47.125033, -15.115547], [-47.124849, -15.114768], [-47.124677, -15.11419], [-47.124417, -15.113449], [-47.124118, -15.112725], [-47.123791, -15.112046], [-47.123452, -15.111435], [-47.123055, -15.110818], [-47.122591, -15.110173], [-47.122191, -15.109673], [-47.121596, -15.108998], [-47.09942, -15.084779], [-47.098829, -15.084195], [-47.098015, -15.083478], [-47.090901, -15.077599], [-47.090403, -15.077172], [-47.08974, -15.076542], [-47.088212, -15.074936], [-47.077876, -15.063819], [-47.077633, -15.063567], [-47.077499, -15.063461], [-47.077396, -15.063306], [-47.076436, -15.062276], [-47.075834, -15.061602], [-47.075035, -15.060634], [-47.074348, -15.059724], [-47.073349, -15.058324], [-47.034223, -15.003024], [-47.026261, -14.991702], [-47.026161, -14.991607], [-47.026078, -14.991436], [-47.025271, -14.990283], [-47.010071, -14.968641], [-47.009008, -14.967101], [-47.000322, -14.954721], [-46.999946, -14.954214], [-46.999681, -14.953892], [-46.999247, -14.953409], [-46.998764, -14.952922], [-46.975738, -14.930873], [-46.967087, -14.922603], [-46.96632, -14.921895], [-46.965863, -14.921536], [-46.965384, -14.921209], [-46.964711, -14.920811], [-46.964161, -14.920541], [-46.963163, -14.920146], [-46.958805, -14.918581]]}, "properties": {"SNV": "020BGO0150", "fid": 18, "EXT_KM": 32.5, "GEOCOD": "020BGO0150", "TRECHO": "ENTR GO-458 (P/SANTA ROSA) - ENTR GO-114 (P/FLORES DE GOIÁS)", "RODOVIA": "BR-020", "SITUACAO": "PAV"}}, {"type": "Feature", "geometry": {"crs": {"type": "name", "properties": {"name": "EPSG:4674"}}, "type": "LineString", "coordinates": [[-49.433558, -14.223108], [-49.433883, -14.220455], [-49.43526, -14.215155], [-49.438314, -14.204809], [-49.440579, -14.201634], [-49.467387, -14.16838], [-49.468935, -14.166792], [-49.481407, -14.158614], [-49.482147, -14.157831], [-49.491816, -14.13449], [-49.493656, -14.130117], [-49.495383, -14.127181], [-49.497581, -14.123287], [-49.499062, -14.120915], [-49.49987, -14.119802], [-49.502494, -14.114976], [-49.505635, -14.109559], [-49.506756, -14.107579], [-49.507135, -14.106853], [-49.507743, -14.105251], [-49.507992, -14.102411], [-49.507788, -14.100791], [-49.507676, -14.099333], [-49.507784, -14.097593], [-49.508412, -14.096507], [-49.509097, -14.095736], [-49.509954, -14.094908], [-49.515405, -14.0903], [-49.516379, -14.08814], [-49.522291, -14.070891], [-49.522948, -14.069606], [-49.52389, -14.068264], [-49.525204, -14.067008], [-49.526988, -14.065501], [-49.531486, -14.063145], [-49.538497, -14.059933], [-49.539711, -14.059204], [-49.548278, -14.050037], [-49.550163, -14.048524], [-49.55373, -14.046556], [-49.579152, -14.031749], [-49.613862, -14.027549], [-49.633877, -14.018724], [-49.652565, -14.008726], [-49.673989, -14.003501], [-49.682171, -13.998912], [-49.695961, -13.994517], [-49.717967, -13.972455], [-49.725968, -13.965802], [-49.730808, -13.961692], [-49.73481, -13.95975], [-49.745978, -13.956453], [-49.752852, -13.954459], [-49.759855, -13.953075]]}, "properties": {"SNV": "080BGO0225", "fid": 152, "EXT_KM": 49.5, "GEOCOD": "080BGO0225", "TRECHO": "INÍCIO DA PAVIMENTAÇÃO - ENTR GO-154 (P/MARTINÓPOLIS)", "RODOVIA": "BR-080", "SITUACAO": "PAV"}}, {"type": "Feature", "geometry": {"crs": {"type": "name", "properties": {"name": "EPSG:4674"}}, "type": "LineString", "coordinates": [[-47.135451, -15.14848], [-47.132357, -15.141429], [-47.131774, -15.14002], [-47.130954, -15.138221], [-47.127209, -15.129679], [-47.126376, -15.127764], [-47.126144, -15.127176], [-47.126019, -15.126785], [-47.125864, -15.126185], [-47.125758, -15.125596], [-47.125695, -15.125059], [-47.125553, -15.122536], [-47.125517, -15.122421], [-47.125534, -15.122159], [-47.125257, -15.117117], [-47.125169, -15.116326], [-47.125033, -15.115547], [-47.124849, -15.114768], [-47.124677, -15.11419], [-47.124417, -15.113449], [-47.124118, -15.112725], [-47.123791, -15.112046], [-47.123452, -15.111435], [-47.123055, -15.110818], [-47.122591, -15.110173], [-47.122191, -15.109673], [-47.121596, -15.108998], [-47.09942, -15.084779], [-47.098829, -15.084195], [-47.098015, -15.083478], [-47.090901, -15.077599], [-47.090403, -15.077172], [-47.08974, -15.076542], [-47.088212, -15.074936], [-47.077876, -15.063819], [-47.077633, -15.063567], [-47.077499, -15.063461], [-47.077396, -15.063306], [-47.076436, -15.062276], [-47.075834, -15.061602], [-47.075035, -15.060634], [-47.074348, -15.059724], [-47.073349, -15.058324], [-47.034223, -15.003024], [-47.026261, -14.991702], [-47.026161, -14.991607], [-47.026078, -14.991436], [-47.025271, -14.990283], [-47.010071, -14.968641], [-47.009008, -14.967101], [-47.000322, -14.954721], [-46.999946, -14.954214], [-46.999681, -14.953892], [-46.999247, -14.953409], [-46.998764, -14.952922], [-46.975738, -14.930873], [-46.967087, -14.922603], [-46.96632, -14.921895], [-46.965863, -14.921536], [-46.965384, -14.921209], [-46.964711, -14.920811], [-46.964161, -14.920541], [-46.963163, -14.920146], [-46.958805, -14.918581]]}, "properties": {"SNV": "030BGO0160", "fid": 29, "EXT_KM": 32.5, "GEOCOD": "030BGO0160", "TRECHO": "ENTR GO-458 (P/SANTA ROSA) - ENTR GO-114 (P/FLORES DE GOIÁS)", "RODOVIA": "BR-030", "SITUACAO": "PAV"}}, {"type": "Feature", "geometry": {"crs": {"type": "name", "properties": {"name": "EPSG:4674"}}, "type": "LineString", "coordinates": [[-49.021033, -13.714379], [-49.021068, -13.715767], [-49.021147, -13.717171], [-49.021322, -13.724064], [-49.021379, -13.724612], [-49.021468, -13.725156], [-49.021553, -13.725524], [-49.021721, -13.72609], [-49.02186, -13.726465], [-49.022024, -13.726837], [-49.02221, -13.727202], [-49.02252, -13.727737], [-49.026281, -13.733459], [-49.026597, -13.733964], [-49.026898, -13.734506], [-49.027451, -13.735669], [-49.030373, -13.742109], [-49.030598, -13.74269], [-49.030714, -13.74308], [-49.030802, -13.743471], [-49.030886, -13.744056], [-49.030914, -13.74445], [-49.030898, -13.745061], [-49.030849, -13.745482], [-49.029341, -13.753071], [-49.029018, -13.754665], [-49.028962, -13.754821], [-49.028853, -13.755475], [-49.02857, -13.756894], [-49.028513, -13.75729], [-49.028372, -13.757884], [-49.028162, -13.759014], [-49.028106, -13.75957], [-49.02809, -13.760128], [-49.028117, -13.760693], [-49.028212, -13.761457], [-49.02911, -13.765564], [-49.0316, -13.776767], [-49.031689, -13.777196], [-49.03172, -13.777422], [-49.031784, -13.777625], [-49.031977, -13.778487], [-49.034496, -13.78995], [-49.035054, -13.792377], [-49.035608, -13.794967], [-49.038333, -13.807175], [-49.039577, -13.812911], [-49.03991, -13.814324], [-49.040744, -13.818038], [-49.04627, -13.84298], [-49.046891, -13.845684], [-49.047139, -13.846862], [-49.047652, -13.849005], [-49.048267, -13.851799], [-49.048673, -13.853801], [-49.048891, -13.854654], [-49.049029, -13.855417], [-49.050749, -13.863191], [-49.050944, -13.863999], [-49.051294, -13.86531], [-49.051351, -13.865578], [-49.051364, -13.865776]]}, "properties": {"SNV": "153BGO0370", "fid": 167, "EXT_KM": 17.4, "GEOCOD": "153BGO0370", "TRECHO": "ENTR BR-153/414/GO-241 (STA TEREZA DE GOIÁS) - ENTR GO-241 (ESTRELA DO NORTE)", "RODOVIA": "BR-153", "SITUACAO": "PAV"}}, {"type": "Feature", "geometry": {"crs": {"type": "name", "properties": {"name": "EPSG:4674"}}, "type": "LineString", "coordinates": [[-47.981773, -16.051189], [-47.981901, -16.052225], [-47.98412, -16.066099], [-47.984418, -16.067715], [-47.984474, -16.068243], [-47.984685, -16.06917], [-47.985097, -16.070792], [-47.985226, -16.071508], [-47.985303, -16.072143], [-47.985433, -16.073845], [-47.98555, -16.075044], [-47.986524, -16.081124], [-47.986638, -16.081654], [-47.986663, -16.08198], [-47.986856, -16.08326], [-47.986887, -16.083664], [-47.986892, -16.083959], [-47.986866, -16.084565], [-47.986832, -16.084865], [-47.986756, -16.085307], [-47.986688, -16.085602], [-47.986465, -16.086328], [-47.986296, -16.086739], [-47.986103, -16.087134], [-47.98556, -16.08803], [-47.979243, -16.097892], [-47.977017, -16.1014], [-47.97629, -16.102602], [-47.976127, -16.102799], [-47.975344, -16.104023], [-47.962796, -16.123743], [-47.960476, -16.127353], [-47.959113, -16.129519], [-47.958155, -16.130991], [-47.957549, -16.131847], [-47.957006, -16.13253], [-47.956186, -16.133447], [-47.934766, -16.15664], [-47.933819, -16.157819], [-47.933132, -16.158798], [-47.932761, -16.159386], [-47.932402, -16.159998], [-47.931807, -16.161122], [-47.93128, -16.16229], [-47.93101, -16.162971], [-47.930823, -16.163492], [-47.930507, -16.164587], [-47.930422, -16.164972], [-47.930324, -16.165563], [-47.930261, -16.166162], [-47.930191, -16.167374], [-47.930105, -16.168438], [-47.93001, -16.170221], [-47.929473, -16.176395], [-47.92922, -16.178656], [-47.928559, -16.186156], [-47.928465, -16.186878], [-47.928391, -16.187231], [-47.928295, -16.187581], [-47.928116, -16.188098], [-47.927824, -16.188771], [-47.925573, -16.193402], [-47.924676, -16.195151], [-47.922579, -16.199098], [-47.921839, -16.200532], [-47.918592, -16.207132], [-47.918225, -16.207958], [-47.91789, -16.208816], [-47.91771, -16.209332], [-47.917449, -16.21018], [-47.917177, -16.211265], [-47.915316, -16.220448], [-47.915047, -16.221719], [-47.914901, -16.222337], [-47.91475, -16.223285], [-47.914496, -16.225078], [-47.914345, -16.226397], [-47.914193, -16.227279], [-47.912783, -16.234122], [-47.912554, -16.235154], [-47.912377, -16.235805], [-47.912012, -16.236916], [-47.911562, -16.238034], [-47.911338, -16.238521], [-47.911013, -16.239168], [-47.910578, -16.239954], [-47.910197, -16.240569], [-47.909783, -16.241169], [-47.907106, -16.244678]]}, "properties": {"SNV": "050BGO0030", "fid": 41, "EXT_KM": 24.1, "GEOCOD": "050BGO0030", "TRECHO": "ACESSO NORTE VALPARAÍSO DE GOIÁS (DIV DF/GO) - ENTR GO-010 (P/LUZIÂNIA)", "RODOVIA": "BR-050", "SITUACAO": "DUP"}}, {"type": "Feature", "geometry": {"crs": {"type": "name", "properties": {"name": "EPSG:4674"}}, "type": "LineString", "coordinates": [[-51.766407, -17.914559], [-51.766616, -17.91498], [-51.766892, -17.915124], [-51.767135, -17.915178], [-51.773231, -17.915929], [-51.773828, -17.916019], [-51.774467, -17.916155], [-51.774801, -17.916246], [-51.77532, -17.916427], [-51.775795, -17.916635], [-51.776466, -17.917008], [-51.778085, -17.918014], [-51.779062, -17.918568], [-51.780121, -17.919201], [-51.785584, -17.922528], [-51.786993, -17.924138], [-51.788603, -17.928164], [-51.796655, -17.951112], [-51.799574, -17.959667], [-51.799674, -17.960875], [-51.799674, -17.963492], [-51.794931, -17.983053], [-51.794723, -17.984021], [-51.794684, -17.984402], [-51.794674, -17.984933], [-51.794697, -17.985275], [-51.794764, -17.985786], [-51.79558, -17.989809], [-51.795684, -17.990299], [-51.7958, -17.990748], [-51.795883, -17.990993], [-51.796072, -17.991458], [-51.796516, -17.992277], [-51.796952, -17.993028]]}, "properties": {"SNV": "158BGO0392", "fid": 231, "EXT_KM": 10.4, "GEOCOD": "158BGO0392", "TRECHO": "ENTR BR-060/158/364/GO-184 (ACESSO OESTE JATAÍ) - ENTR GO-467", "RODOVIA": "BR-158", "SITUACAO": "PLA"}}, {"type": "Feature", "geometry": {"crs": {"type": "name", "properties": {"name": "EPSG:4674"}}, "type": "LineString", "coordinates": [[-52.0677, -18.434088], [-52.068492, -18.434775], [-52.077325, -18.442651], [-52.080315, -18.445636], [-52.080964, -18.446695], [-52.082459, -18.450913], [-52.089386, -18.470046], [-52.092646, -18.479224], [-52.093674, -18.482746], [-52.09458, -18.50827], [-52.094622, -18.509006], [-52.09459, -18.509806], [-52.094533, -18.510485], [-52.094226, -18.511452], [-52.0936, -18.51268], [-52.091661, -18.516135], [-52.091514, -18.516662], [-52.092809, -18.520903]]}, "properties": {"SNV": "158BGO0405", "fid": 234, "EXT_KM": 10.7, "GEOCOD": "158BGO0405", "TRECHO": "ENTR GO-206 - ENTR BR-060/158/GO-184", "RODOVIA": "BR-158", "SITUACAO": "PLA"}}, {"type": "Feature", "geometry": {"crs": {"type": "name", "properties": {"name": "EPSG:4674"}}, "type": "LineString", "coordinates": [[-51.927772, -18.962508], [-51.918406, -18.971183], [-51.914506, -18.97486], [-51.896289, -18.991755], [-51.886226, -19.001818], [-51.879244, -19.004488], [-51.866717, -19.009006], [-51.861172, -19.011059], [-51.846591, -19.021533], [-51.837145, -19.02872], [-51.830984, -19.03406], [-51.825378, -19.039015], [-51.82317, -19.041013], [-51.819279, -19.044693], [-51.816335, -19.047111], [-51.813391, -19.049109], [-51.810342, -19.051212], [-51.808029, -19.052684], [-51.806031, -19.054261], [-51.803613, -19.055733], [-51.80172, -19.05731], [-51.795096, -19.061832], [-51.785633, -19.06814], [-51.780114, -19.071872], [-51.77823, -19.073056], [-51.776668, -19.073595], [-51.774515, -19.074079], [-51.772523, -19.074618], [-51.76967, -19.075156], [-51.767248, -19.075748], [-51.765471, -19.076071], [-51.764287, -19.07634], [-51.763533, -19.076556], [-51.747598, -19.077202], [-51.74496, -19.077363], [-51.742807, -19.077955], [-51.739846, -19.078817], [-51.738016, -19.07957], [-51.737047, -19.080485], [-51.736078, -19.081778], [-51.732955, -19.086407], [-51.729316, -19.091753], [-51.727286, -19.094771], [-51.726147, -19.096418], [-51.725014, -19.098122], [-51.724783, -19.098423], [-51.724619, -19.098557]]}, "properties": {"SNV": "158BGO0415", "fid": 236, "EXT_KM": 27, "GEOCOD": "158BGO0415", "TRECHO": "ENTR GO-180 (APORÉ) - ENTR GO-302", "RODOVIA": "BR-158", "SITUACAO": "PLA"}}, {"type": "Feature", "geometry": {"crs": {"type": "name", "properties": {"name": "EPSG:4674"}}, "type": "LineString", "coordinates": [[-49.101126, -15.326094], [-49.108237, -15.326257]]}, "properties": {"SNV": "251BGO0825", "fid": 249, "EXT_KM": 0.8, "GEOCOD": "251BGO0825", "TRECHO": "INÍCIO DUPL. GOIANÉSIA - ENTR GO-080 (GOIANÉSIA)", "RODOVIA": "BR-251", "SITUACAO": "PLA"}}, {"type": "Feature", "geometry": {"crs": {"type": "name", "properties": {"name": "EPSG:4674"}}, "type": "LineString", "coordinates": [[-49.129467, -15.326566], [-49.140659, -15.326756]]}, "properties": {"SNV": "251BGO0835", "fid": 251, "EXT_KM": 1.2, "GEOCOD": "251BGO0835", "TRECHO": "ENTR GO-338 (GOIANÉSIA) - R.PAU BRASIL(GOIANÉSIA)", "RODOVIA": "BR-251", "SITUACAO": "PLA"}}, {"type": "Feature", "geometry": {"crs": {"type": "name", "properties": {"name": "EPSG:4674"}}, "type": "LineString", "coordinates": [[-49.572027, -15.319963], [-49.574542, -15.319181], [-49.578639, -15.318278], [-49.57926, -15.318128], [-49.581727, -15.31734], [-49.583717, -15.316599], [-49.58705, -15.315488], [-49.587978, -15.314553], [-49.588349, -15.314232], [-49.589244, -15.313955], [-49.589691, -15.313771], [-49.590362, -15.313609], [-49.590763, -15.313594], [-49.590902, -15.312942], [-49.591142, -15.312405], [-49.591439, -15.311954], [-49.591584, -15.311401]]}, "properties": {"SNV": "251BGO0860", "fid": 255, "EXT_KM": 2.4, "GEOCOD": "251BGO0860", "TRECHO": "ENTR BR-153/251/GO-480 (RIALMA) - ENTR GO-154 (CERES)", "RODOVIA": "BR-251", "SITUACAO": "PLA"}}, {"type": "Feature", "geometry": {"crs": {"type": "name", "properties": {"name": "EPSG:4674"}}, "type": "LineString", "coordinates": [[-49.591584, -15.311401], [-49.58971, -15.309911], [-49.588568, -15.308874], [-49.587151, -15.307718], [-49.58671, -15.307442], [-49.586486, -15.307365], [-49.58587, -15.306961], [-49.584603, -15.305971], [-49.582482, -15.303526]]}, "properties": {"SNV": "251BGO0865", "fid": 256, "EXT_KM": 1.3, "GEOCOD": "251BGO0865", "TRECHO": "ENTR GO-154 (CERES) - FIM DO PERÍMETRO URB CERES", "RODOVIA": "BR-251", "SITUACAO": "PLA"}}, {"type": "Feature", "geometry": {"crs": {"type": "name", "properties": {"name": "EPSG:4674"}}, "type": "LineString", "coordinates": [[-49.79979, -15.155456], [-49.799893, -15.155651], [-49.79964, -15.15907], [-49.80116, -15.160674], [-49.804875, -15.162574], [-49.807239, -15.164643], [-49.80844, -15.163676]]}, "properties": {"SNV": "251BGO0890", "fid": 259, "EXT_KM": 1.6, "GEOCOD": "251BGO0890", "TRECHO": "ENTR GO-334 (RUBIATABA) - FIM PISTA DUPLA", "RODOVIA": "BR-251", "SITUACAO": "PLA"}}, {"type": "Feature", "geometry": {"crs": {"type": "name", "properties": {"name": "EPSG:4674"}}, "type": "LineString", "coordinates": [[-49.80844, -15.163676], [-49.810025, -15.16226], [-49.81021, -15.162164], [-49.810333, -15.162126], [-49.810519, -15.162141], [-49.812374, -15.162752], [-49.812532, -15.16277], [-49.812659, -15.162737], [-49.812813, -15.16264], [-49.813731, -15.161456], [-49.814472, -15.160302], [-49.814541, -15.160105], [-49.814884, -15.158359], [-49.814957, -15.158356], [-49.81775, -15.158859]]}, "properties": {"SNV": "251BGO0895", "fid": 260, "EXT_KM": 1.4, "GEOCOD": "251BGO0895", "TRECHO": "FIM PISTA DUPLA - FIM DA PAVIMENTAÇÃO (RUBIATABA)", "RODOVIA": "BR-251", "SITUACAO": "PLA"}}, {"type": "Feature", "geometry": {"crs": {"type": "name", "properties": {"name": "EPSG:4674"}}, "type": "LineString", "coordinates": [[-46.197733, -13.956491], [-46.198122, -13.958312], [-46.198178, -13.958951], [-46.19816, -13.959493], [-46.198094, -13.960077], [-46.197861, -13.960966], [-46.197619, -13.961557], [-46.197214, -13.962273], [-46.196924, -13.962648], [-46.196602, -13.963012], [-46.192497, -13.966825], [-46.192162, -13.967169], [-46.191862, -13.967554], [-46.191618, -13.967996], [-46.191446, -13.968501], [-46.191352, -13.969052], [-46.191268, -13.970834], [-46.191245, -13.972478], [-46.191356, -13.973317], [-46.191583, -13.974126], [-46.191899, -13.974863], [-46.20852, -14.006153], [-46.209173, -14.007208], [-46.209881, -14.008114], [-46.211078, -14.009298], [-46.212254, -14.010172], [-46.217839, -14.013703], [-46.234348, -14.024092], [-46.23901, -14.027047], [-46.239519, -14.027396], [-46.24775, -14.032543], [-46.249921, -14.033864], [-46.251784, -14.035079], [-46.254678, -14.036909], [-46.267613, -14.045053], [-46.269317, -14.046087], [-46.270268, -14.046723], [-46.271198, -14.047316], [-46.271556, -14.047569], [-46.272219, -14.048114], [-46.272666, -14.048556], [-46.273205, -14.049174], [-46.273563, -14.049676], [-46.277709, -14.056105], [-46.279577, -14.05893], [-46.28302, -14.064355], [-46.290086, -14.0753], [-46.2907, -14.076266], [-46.291105, -14.076952], [-46.291577, -14.077887], [-46.293644, -14.082198], [-46.294867, -14.08466], [-46.295727, -14.086521], [-46.296915, -14.08902], [-46.299641, -14.09465], [-46.300017, -14.095462], [-46.307724, -14.111525], [-46.308912, -14.113986], [-46.309042, -14.114194]]}, "properties": {"SNV": "349BGO0710", "fid": 270, "EXT_KM": 22.8, "GEOCOD": "349BGO0710", "TRECHO": "VILA ROSÁRIO (DIV GO/BA) - ENTR BR-020/349/GO-108 (P/POSSE)", "RODOVIA": "BR-349", "SITUACAO": "PAV"}}, {"type": "Feature", "geometry": {"crs": {"type": "name", "properties": {"name": "EPSG:4674"}}, "type": "LineString", "coordinates": [[-48.96233, -16.972858], [-48.962276, -16.978343]]}, "properties": {"SNV": "352BGO0025", "fid": 274, "EXT_KM": 0.6, "GEOCOD": "352BGO0025", "TRECHO": "ENTR GO-147/219 (BELA VISTA DE GOIÁS) - ENTR GO-219 (BELA VISTA DE GOIÁS)", "RODOVIA": "BR-352", "SITUACAO": "PLA"}}, {"type": "Feature", "geometry": {"crs": {"type": "name", "properties": {"name": "EPSG:4674"}}, "type": "LineString", "coordinates": [[-48.962276, -16.978343], [-48.962246, -16.979043], [-48.962161, -16.984165], [-48.961683, -17.017641], [-48.961605, -17.018888], [-48.960904, -17.020446], [-48.949415, -17.034448]]}, "properties": {"SNV": "352BGO0027", "fid": 275, "EXT_KM": 6.7, "GEOCOD": "352BGO0027", "TRECHO": "ENTR GO-219 (BELA VISTA DE GOIÁS) - ENTR GO-147", "RODOVIA": "BR-352", "SITUACAO": "PLA"}}, {"type": "Feature", "geometry": {"crs": {"type": "name", "properties": {"name": "EPSG:4674"}}, "type": "LineString", "coordinates": [[-48.151803, -17.73085], [-48.153297, -17.734699], [-48.153522, -17.735092], [-48.153778, -17.735436], [-48.153992, -17.735662], [-48.154245, -17.735872], [-48.154685, -17.736164], [-48.158827, -17.738437], [-48.159319, -17.738681], [-48.159653, -17.73883], [-48.161146, -17.73939], [-48.161402, -17.739459], [-48.161655, -17.739473], [-48.16192, -17.739443], [-48.1619, -17.740523], [-48.16196, -17.750053], [-48.162019, -17.751001], [-48.162125, -17.751783], [-48.162211, -17.752252], [-48.162352, -17.752837], [-48.162603, -17.753757], [-48.166681, -17.767815], [-48.16679, -17.768286], [-48.166874, -17.76886], [-48.166902, -17.769141], [-48.166912, -17.769817], [-48.166879, -17.770257], [-48.166814, -17.770726], [-48.166713, -17.771256], [-48.166425, -17.772288], [-48.165476, -17.775477], [-48.164624, -17.778446], [-48.162411, -17.786036], [-48.160429, -17.792938], [-48.160269, -17.793375], [-48.160046, -17.793853], [-48.159705, -17.794399], [-48.159405, -17.794789], [-48.159044, -17.795184], [-48.158659, -17.795524], [-48.158448, -17.795682], [-48.158148, -17.795897], [-48.157752, -17.796131], [-48.15107, -17.799745], [-48.15043, -17.800168], [-48.150094, -17.800459], [-48.14968, -17.800859], [-48.149442, -17.80113], [-48.149164, -17.801494], [-48.148717, -17.802155], [-48.147978, -17.803319], [-48.141531, -17.813275], [-48.141181, -17.813791], [-48.140886, -17.814193], [-48.140523, -17.814638], [-48.140141, -17.815037], [-48.139648, -17.815516], [-48.134156, -17.820483], [-48.133598, -17.821078], [-48.133213, -17.821568], [-48.132959, -17.821951], [-48.132516, -17.822743], [-48.130842, -17.826593], [-48.126082, -17.83764], [-48.125984, -17.837824], [-48.125822, -17.838076], [-48.125657, -17.83828], [-48.125475, -17.83845], [-48.125237, -17.838629], [-48.125044, -17.838738], [-48.12473, -17.838868], [-48.124544, -17.838921], [-48.124263, -17.838974], [-48.118082, -17.839756], [-48.104524, -17.841522], [-48.103851, -17.841707], [-48.103274, -17.841916], [-48.102606, -17.842263], [-48.102359, -17.842411], [-48.10205, -17.84263], [-48.101678, -17.842934], [-48.101382, -17.843225], [-48.101082, -17.843552], [-48.100811, -17.843891], [-48.100556, -17.844285], [-48.100105, -17.845171], [-48.097914, -17.849707], [-48.097412, -17.850688], [-48.097025, -17.85138], [-48.096588, -17.852048], [-48.09473, -17.854789], [-48.085278, -17.868548], [-48.084525, -17.869661], [-48.084221, -17.870179], [-48.083835, -17.87102], [-48.083614, -17.871627], [-48.082763, -17.874387], [-48.082258, -17.8761], [-48.082194, -17.876368], [-48.082106, -17.876915], [-48.082083, -17.87724], [-48.082089, -17.877601], [-48.082141, -17.878099], [-48.082199, -17.878454], [-48.082449, -17.879425], [-48.086273, -17.892855], [-48.089332, -17.903743], [-48.089464, -17.904354], [-48.089482, -17.904785], [-48.089452, -17.905087], [-48.089344, -17.905441], [-48.089256, -17.90563], [-48.089037, -17.905991], [-48.088031, -17.907288], [-48.086904, -17.908706], [-48.08632, -17.909482], [-48.086174, -17.909709], [-48.085906, -17.910198], [-48.085638, -17.910855], [-48.085499, -17.911372], [-48.085429, -17.911773], [-48.085191, -17.914388], [-48.085127, -17.914859], [-48.085006, -17.915377], [-48.084766, -17.916079], [-48.084535, -17.916551], [-48.084173, -17.917126], [-48.081878, -17.920254], [-48.081334, -17.921031], [-48.081015, -17.921607], [-48.080742, -17.922271], [-48.080596, -17.922736], [-48.08041, -17.923695], [-48.079305, -17.93124], [-48.075636, -17.955165], [-48.075526, -17.95574], [-48.075433, -17.95606], [-48.075241, -17.956619], [-48.075086, -17.956939], [-48.074965, -17.957169], [-48.074659, -17.957659], [-48.072233, -17.961009], [-48.071546, -17.961992], [-48.064981, -17.971094], [-48.064533, -17.971693], [-48.064219, -17.972042], [-48.063957, -17.972304], [-48.063335, -17.972804], [-48.063085, -17.972972], [-48.062426, -17.973318], [-48.062147, -17.973435], [-48.061705, -17.973586], [-48.061156, -17.973725], [-48.060885, -17.973772], [-48.060036, -17.973871], [-48.049778, -17.974901], [-48.04739, -17.975168], [-48.047062, -17.975233], [-48.046583, -17.975353], [-48.046293, -17.975458], [-48.045944, -17.975604], [-48.045694, -17.975731], [-48.045099, -17.976082], [-48.044641, -17.976423], [-48.0434, -17.977499], [-48.043039, -17.977844], [-48.042804, -17.978116], [-48.042597, -17.97841], [-48.042452, -17.978687], [-48.042338, -17.978967], [-48.042266, -17.979201], [-48.0422, -17.979511], [-48.042155, -17.980033], [-48.042166, -17.980187], [-48.04219, -17.980504], [-48.04226, -17.980905], [-48.042865, -17.984071], [-48.042888, -17.984321], [-48.042905, -17.984839], [-48.042874, -17.985225], [-48.042822, -17.985611], [-48.042766, -17.985902], [-48.04265, -17.986309], [-48.04248, -17.986754], [-48.042344, -17.987062], [-48.041969, -17.98776], [-48.041634, -17.988315], [-48.041434, -17.988603], [-48.041178, -17.988928], [-48.040627, -17.989489], [-48.040239, -17.989795], [-48.039941, -17.990007], [-48.039674, -17.990169], [-48.039389, -17.990315], [-48.039104, -17.990449], [-48.038484, -17.990674], [-48.037898, -17.990821], [-48.03727, -17.990902], [-48.032209, -17.99128], [-48.031866, -17.991321], [-48.031206, -17.991468], [-48.030603, -17.991673], [-48.023193, -17.994639], [-48.022751, -17.994831], [-48.022414, -17.995007], [-48.022114, -17.995196], [-48.021654, -17.995527], [-48.018822, -17.99788], [-48.018064, -17.998461], [-48.012987, -18.002611], [-48.00983, -18.00516], [-48.006227, -18.008118], [-48.004398, -18.009599], [-48.002647, -18.011068], [-48.002008, -18.011646], [-48.001766, -18.0119], [-48.00115, -18.012603], [-47.998954, -18.015201], [-47.998698, -18.015544], [-47.998537, -18.015796], [-47.99836, -18.016111], [-47.998137, -18.016578], [-47.997953, -18.01712], [-47.997867, -18.01748], [-47.997774, -18.018014], [-47.997745, -18.018578], [-47.997756, -18.018874], [-47.997861, -18.019909], [-47.998115, -18.022009], [-47.998152, -18.022688], [-47.998065, -18.023554], [-47.997937, -18.024107], [-47.997817, -18.024468], [-47.997652, -18.024874], [-47.997431, -18.025293], [-47.995663, -18.028193], [-47.992172, -18.033856]]}, "properties": {"SNV": "352BGO0085", "fid": 285, "EXT_KM": 42.3, "GEOCOD": "352BGO0085", "TRECHO": "ENTR BR-352/490/AV.MIGUEL ALVES DOS SANTOS (IPAMERI) - ENTR GO-305 (P/GOIANDIRA)", "RODOVIA": "BR-352", "SITUACAO": "PLA"}}, {"type": "Feature", "geometry": {"crs": {"type": "name", "properties": {"name": "EPSG:4674"}}, "type": "LineString", "coordinates": [[-50.792708, -19.178841], [-50.794826, -19.181961], [-50.79563, -19.183176], [-50.795942, -19.183677], [-50.796258, -19.184124], [-50.797574, -19.186106], [-50.797781, -19.186385], [-50.797873, -19.186565], [-50.798221, -19.187099], [-50.798913, -19.188096], [-50.799845, -19.189516], [-50.801163, -19.191449], [-50.801788, -19.192396], [-50.801947, -19.192692], [-50.802292, -19.193216], [-50.802521, -19.193531], [-50.804453, -19.196501], [-50.805666, -19.198407], [-50.806203, -19.199199], [-50.806671, -19.199938], [-50.810123, -19.205187], [-50.81237, -19.208567], [-50.815274, -19.213044], [-50.819615, -19.219662], [-50.821418, -19.222483], [-50.823609, -19.225829], [-50.824182, -19.226675], [-50.825052, -19.228066], [-50.828424, -19.233162], [-50.829012, -19.234082], [-50.82918, -19.234296], [-50.82934, -19.234327], [-50.829433, -19.234308], [-50.829515, -19.234269], [-50.829994, -19.23393], [-50.830841, -19.233392], [-50.831086, -19.233259], [-50.831796, -19.232943], [-50.832115, -19.232869], [-50.833577, -19.232433], [-50.834029, -19.232323], [-50.834511, -19.232242], [-50.835641, -19.232097], [-50.836986, -19.231976], [-50.838084, -19.23184], [-50.841538, -19.231466], [-50.844941, -19.231131], [-50.849001, -19.230702], [-50.853161, -19.230296], [-50.854923, -19.23009], [-50.855716, -19.230043], [-50.857225, -19.229883], [-50.858101, -19.229853], [-50.85902, -19.229738], [-50.859277, -19.229692], [-50.860033, -19.229626], [-50.860509, -19.229552], [-50.860817, -19.229443], [-50.861209, -19.229158], [-50.864036, -19.226848], [-50.864211, -19.22667], [-50.865055, -19.226016], [-50.866926, -19.224496], [-50.868568, -19.223198], [-50.870152, -19.221876], [-50.871317, -19.220983], [-50.871815, -19.220549], [-50.872838, -19.219704], [-50.873393, -19.219213], [-50.873858, -19.21886], [-50.874385, -19.218401], [-50.874883, -19.218034], [-50.875412, -19.217549], [-50.87588, -19.217174], [-50.876064, -19.217008], [-50.876995, -19.216286], [-50.877797, -19.215585], [-50.878777, -19.214796], [-50.879446, -19.214195], [-50.879973, -19.213794], [-50.880447, -19.213386], [-50.880808, -19.213104], [-50.882718, -19.211484], [-50.883406, -19.210938], [-50.884249, -19.210215], [-50.884767, -19.209803], [-50.88548, -19.209265], [-50.885783, -19.208941], [-50.886079, -19.208696], [-50.886618, -19.2082], [-50.8869, -19.207987], [-50.887028, -19.207869], [-50.887768, -19.20708], [-50.888124, -19.206665], [-50.888398, -19.206384], [-50.888763, -19.205882], [-50.888998, -19.205626], [-50.889331, -19.205201], [-50.889674, -19.204838], [-50.889866, -19.204592], [-50.890324, -19.203957], [-50.890529, -19.203636], [-50.890657, -19.203353], [-50.891107, -19.202517], [-50.8912, -19.202243], [-50.891445, -19.201346], [-50.89154, -19.200938], [-50.89173, -19.200308], [-50.891922, -19.199749], [-50.892035, -19.19925], [-50.892102, -19.199029], [-50.892395, -19.198338], [-50.89244, -19.198252], [-50.892565, -19.198105], [-50.892768, -19.197741], [-50.892982, -19.197473], [-50.893243, -19.197047], [-50.893845, -19.19637], [-50.894223, -19.196034], [-50.894774, -19.195608], [-50.895256, -19.195292], [-50.895704, -19.195045], [-50.896092, -19.194858], [-50.896659, -19.194634], [-50.897749, -19.194144], [-50.898516, -19.193838], [-50.899648, -19.193293], [-50.900839, -19.192806], [-50.901268, -19.192655], [-50.901926, -19.192477], [-50.902472, -19.192358], [-50.902834, -19.192312], [-50.903736, -19.192281], [-50.903931, -19.192288], [-50.90473, -19.192364], [-50.905067, -19.192414], [-50.905466, -19.192498], [-50.906355, -19.192757], [-50.906973, -19.193005], [-50.907687, -19.193317], [-50.9086, -19.193749], [-50.909049, -19.193992], [-50.909953, -19.194393], [-50.910511, -19.194686], [-50.910616, -19.19472], [-50.91075, -19.194799], [-50.911165, -19.194975], [-50.911685, -19.195255], [-50.913522, -19.196087], [-50.914453, -19.19654], [-50.915715, -19.197115], [-50.916883, -19.197683], [-50.917429, -19.198012], [-50.917714, -19.198201], [-50.918475, -19.198811], [-50.918671, -19.199004], [-50.919357, -19.199773], [-50.919696, -19.200272], [-50.920061, -19.200911], [-50.920185, -19.201156], [-50.920499, -19.201996], [-50.920676, -19.20282], [-50.920712, -19.203111], [-50.920722, -19.203474], [-50.920756, -19.203704], [-50.92073, -19.204009], [-50.920734, -19.20427], [-50.920713, -19.204703], [-50.920589, -19.205779], [-50.920483, -19.20643], [-50.920467, -19.206758], [-50.920191, -19.208912], [-50.920017, -19.210453], [-50.919968, -19.210768], [-50.919894, -19.211536], [-50.919772, -19.212381], [-50.919617, -19.213818], [-50.919466, -19.214848], [-50.919272, -19.216466], [-50.919253, -19.216816], [-50.919169, -19.2174], [-50.919034, -19.218576], [-50.918827, -19.219915], [-50.918741, -19.220794], [-50.918552, -19.222256], [-50.91848, -19.222939], [-50.918468, -19.223445], [-50.91849, -19.223954], [-50.918482, -19.224262], [-50.918545, -19.22438], [-50.918604, -19.224564], [-50.918749, -19.225329], [-50.918813, -19.225528], [-50.919094, -19.226192], [-50.919299, -19.226612], [-50.919682, -19.227253], [-50.920305, -19.228073], [-50.920724, -19.228499], [-50.921242, -19.228934], [-50.922115, -19.229507], [-50.922372, -19.229658], [-50.922815, -19.229884], [-50.923146, -19.23002], [-50.923903, -19.230279], [-50.9247, -19.230458], [-50.925046, -19.230509], [-50.925842, -19.230604], [-50.927115, -19.230724], [-50.928158, -19.230765], [-50.929223, -19.230836], [-50.930358, -19.230927], [-50.930782, -19.230979], [-50.931857, -19.231072], [-50.932113, -19.23111], [-50.932686, -19.231134], [-50.93428, -19.231278], [-50.935885, -19.231378], [-50.93745, -19.231589], [-50.937943, -19.23169], [-50.938571, -19.231894], [-50.938951, -19.232055], [-50.940252, -19.232692], [-50.941526, -19.233266], [-50.942249, -19.233662], [-50.942727, -19.233878], [-50.94375, -19.234379], [-50.944024, -19.234538], [-50.944167, -19.234584], [-50.945195, -19.235077], [-50.945661, -19.235269], [-50.946066, -19.235458], [-50.946378, -19.23561], [-50.946845, -19.235881], [-50.947302, -19.2361], [-50.947781, -19.23627], [-50.948125, -19.236479], [-50.948494, -19.236654], [-50.948836, -19.236853], [-50.94912, -19.236967], [-50.949335, -19.237083], [-50.949513, -19.237154], [-50.950331, -19.237549], [-50.95194, -19.238285], [-50.952919, -19.238757], [-50.953417, -19.239022], [-50.953688, -19.239131], [-50.954196, -19.239401], [-50.954462, -19.239503], [-50.954893, -19.239712], [-50.955533, -19.239987], [-50.955648, -19.240044], [-50.956043, -19.240296], [-50.956255, -19.240403], [-50.95662, -19.240549], [-50.956845, -19.240672], [-50.957202, -19.240826], [-50.957833, -19.241169], [-50.958702, -19.241547], [-50.960777, -19.242587], [-50.961273, -19.242813], [-50.961821, -19.243103], [-50.962312, -19.24331], [-50.963171, -19.243745], [-50.964409, -19.244339], [-50.964916, -19.244612], [-50.965486, -19.244816], [-50.965629, -19.244881], [-50.966256, -19.245226], [-50.966686, -19.245403], [-50.967238, -19.245719], [-50.967586, -19.245899], [-50.968496, -19.246316], [-50.968791, -19.246416], [-50.969086, -19.246596], [-50.96934, -19.246717], [-50.969605, -19.246814], [-50.970924, -19.247467], [-50.971324, -19.247626], [-50.972018, -19.247982], [-50.972152, -19.248024], [-50.972514, -19.248188], [-50.97312, -19.248507], [-50.973938, -19.248879], [-50.975465, -19.249635], [-50.975905, -19.249828], [-50.976846, -19.250324], [-50.977528, -19.250639], [-50.978136, -19.250952], [-50.978485, -19.251099], [-50.979449, -19.251588], [-50.979672, -19.251665], [-50.979975, -19.251837], [-50.980606, -19.252109], [-50.98212, -19.252883], [-50.98324, -19.253401], [-50.985305, -19.254418], [-50.986611, -19.254999], [-50.987831, -19.255639], [-50.988211, -19.255795], [-50.988679, -19.256068], [-50.989314, -19.256353], [-50.989621, -19.256519], [-50.990667, -19.257004], [-50.99351, -19.258365], [-50.99698, -19.260052], [-50.997338, -19.260257], [-50.997815, -19.260434], [-50.999679, -19.261354], [-51.00001, -19.261481], [-51.000348, -19.261655], [-51.001246, -19.262062], [-51.003474, -19.263174], [-51.005299, -19.264062], [-51.007878, -19.26529], [-51.008975, -19.265845], [-51.010372, -19.266502], [-51.011246, -19.26694], [-51.011572, -19.267075], [-51.01261, -19.267585], [-51.012932, -19.267697], [-51.013558, -19.268045], [-51.013866, -19.268163], [-51.014223, -19.268372], [-51.014565, -19.268512], [-51.014801, -19.268633], [-51.015156, -19.268771], [-51.016189, -19.269262], [-51.017862, -19.270149], [-51.018628, -19.270449], [-51.019704, -19.270996], [-51.020145, -19.271195], [-51.020735, -19.271522], [-51.022221, -19.272199], [-51.022717, -19.272459], [-51.023074, -19.272601], [-51.023597, -19.272865], [-51.024312, -19.273187], [-51.024816, -19.273453], [-51.025393, -19.273722], [-51.025983, -19.274027], [-51.026313, -19.274132], [-51.026403, -19.274187], [-51.026954, -19.274437], [-51.027424, -19.274625], [-51.027888, -19.274858], [-51.028776, -19.275218], [-51.029268, -19.275517], [-51.030048, -19.275955], [-51.031193, -19.276541], [-51.031436, -19.276643], [-51.031919, -19.276899], [-51.032509, -19.277148], [-51.032684, -19.277236], [-51.032881, -19.277375], [-51.03324, -19.277552], [-51.033458, -19.277631], [-51.034163, -19.277948], [-51.034368, -19.27806], [-51.035029, -19.278367], [-51.035485, -19.278618], [-51.036645, -19.279181], [-51.03715, -19.279387], [-51.037912, -19.279774], [-51.038344, -19.27996], [-51.038562, -19.280087], [-51.040445, -19.280968], [-51.042555, -19.282046], [-51.042824, -19.282153], [-51.043455, -19.282452], [-51.045059, -19.283228], [-51.046133, -19.283726], [-51.046624, -19.283981], [-51.047294, -19.284261], [-51.04799, -19.284626], [-51.048426, -19.284818], [-51.049002, -19.285117], [-51.049928, -19.28556], [-51.050603, -19.285851], [-51.051787, -19.286455], [-51.055801, -19.288367], [-51.057615, -19.289267], [-51.060174, -19.290468], [-51.060843, -19.290796], [-51.061565, -19.291188], [-51.062108, -19.291417], [-51.062785, -19.291762], [-51.063149, -19.291917], [-51.063459, -19.292074], [-51.064426, -19.292519], [-51.065482, -19.293052], [-51.067049, -19.293773], [-51.067483, -19.29402], [-51.068029, -19.294288], [-51.068161, -19.294379], [-51.069624, -19.295056], [-51.069954, -19.295226], [-51.070231, -19.295342], [-51.07058, -19.295543], [-51.070945, -19.295683], [-51.07151, -19.29595], [-51.072037, -19.296163], [-51.072202, -19.296203], [-51.073008, -19.296368], [-51.07381, -19.296467], [-51.07478, -19.296483], [-51.075179, -19.296449], [-51.076029, -19.296412], [-51.076703, -19.296329], [-51.077997, -19.296295], [-51.07958, -19.296185], [-51.080118, -19.296118], [-51.080526, -19.29612], [-51.081925, -19.296047], [-51.082381, -19.296066], [-51.08305, -19.296126], [-51.083738, -19.296246]]}, "properties": {"SNV": "483BGO0091", "fid": 378, "EXT_KM": 40.7, "GEOCOD": "483BGO0091", "TRECHO": "ENTR GO-406 - ENTR GO-302", "RODOVIA": "BR-483", "SITUACAO": "PLA"}}, {"type": "Feature", "geometry": {"crs": {"type": "name", "properties": {"name": "EPSG:4674"}}, "type": "LineString", "coordinates": [[-47.864395, -18.071153], [-47.864295, -18.071133], [-47.86427, -18.071042], [-47.864218, -18.070961], [-47.864124, -18.07089], [-47.864058, -18.070862], [-47.863895, -18.070837], [-47.863702, -18.070862], [-47.855403, -18.073136], [-47.854525, -18.073311], [-47.853847, -18.073399], [-47.851542, -18.073541], [-47.835498, -18.074405], [-47.834063, -18.074468], [-47.828122, -18.074801], [-47.827535, -18.074845], [-47.809014, -18.076813], [-47.808125, -18.076902], [-47.807498, -18.076945], [-47.807026, -18.07695], [-47.80636, -18.076902], [-47.805949, -18.076848], [-47.805318, -18.076726], [-47.796043, -18.074167], [-47.795607, -18.074086], [-47.795169, -18.07406], [-47.794964, -18.074072], [-47.794536, -18.074144], [-47.794132, -18.07427], [-47.793747, -18.074443], [-47.79299, -18.07491], [-47.792634, -18.075104], [-47.792313, -18.075249], [-47.79183, -18.075427], [-47.777795, -18.079663], [-47.777436, -18.079779], [-47.776645, -18.080099], [-47.775876, -18.080491], [-47.775449, -18.080754], [-47.774963, -18.081086], [-47.768464, -18.08599], [-47.767957, -18.086329], [-47.767436, -18.086603], [-47.766799, -18.086878], [-47.760386, -18.089503], [-47.759241, -18.08997], [-47.758729, -18.09015], [-47.75845, -18.090229], [-47.758, -18.090324], [-47.754138, -18.091053], [-47.753718, -18.091157], [-47.753149, -18.091358], [-47.752593, -18.091639], [-47.752248, -18.091863], [-47.752086, -18.091985], [-47.751745, -18.092274], [-47.748286, -18.095467], [-47.74792, -18.095743], [-47.74757, -18.095968], [-47.747196, -18.096174], [-47.746734, -18.096391], [-47.745898, -18.09674], [-47.741724, -18.098463], [-47.741073, -18.098711], [-47.740767, -18.098806], [-47.740265, -18.098923], [-47.739651, -18.099013], [-47.738502, -18.099124], [-47.738091, -18.099186], [-47.737465, -18.099333], [-47.736877, -18.099541], [-47.73628, -18.099839], [-47.7359, -18.100067], [-47.733576, -18.101549], [-47.733034, -18.101834], [-47.731974, -18.102307], [-47.727518, -18.10422], [-47.727133, -18.104381], [-47.7265, -18.104582], [-47.726032, -18.104684], [-47.725693, -18.10473], [-47.724114, -18.10482], [-47.722826, -18.104939], [-47.719578, -18.105159], [-47.719033, -18.10521], [-47.718629, -18.105272], [-47.718258, -18.105351], [-47.717671, -18.105517], [-47.712395, -18.107421], [-47.711757, -18.107642], [-47.711233, -18.107795], [-47.710609, -18.107919], [-47.709864, -18.107993], [-47.706008, -18.108179], [-47.705516, -18.108186], [-47.705139, -18.108152], [-47.704798, -18.108075], [-47.70461, -18.108015], [-47.704295, -18.107881], [-47.703987, -18.107706], [-47.703854, -18.107616], [-47.703563, -18.107369], [-47.702471, -18.106222], [-47.702021, -18.10582], [-47.701714, -18.105597], [-47.701381, -18.105389], [-47.701169, -18.10527], [-47.700692, -18.105046], [-47.700433, -18.104941], [-47.700022, -18.104803], [-47.695693, -18.103687], [-47.694982, -18.103532], [-47.694619, -18.10352], [-47.694358, -18.103556], [-47.694219, -18.103593], [-47.694041, -18.103658], [-47.693791, -18.103781], [-47.69352, -18.103962], [-47.693, -18.104394], [-47.69212, -18.105186], [-47.69191, -18.105432], [-47.691804, -18.105603], [-47.691737, -18.105746], [-47.691541, -18.106232], [-47.6914, -18.106537], [-47.691267, -18.106736], [-47.691119, -18.106908], [-47.690888, -18.107109], [-47.690687, -18.107243], [-47.690456, -18.107357], [-47.69019, -18.107451], [-47.689807, -18.107522], [-47.689417, -18.10752], [-47.684707, -18.106916], [-47.684283, -18.106874], [-47.683443, -18.10682], [-47.682899, -18.106812], [-47.682288, -18.106824], [-47.681508, -18.106864], [-47.680973, -18.106914], [-47.680007, -18.10705], [-47.67935, -18.107174], [-47.678139, -18.107476], [-47.677462, -18.10769], [-47.676636, -18.10799], [-47.675748, -18.108365], [-47.675393, -18.108548], [-47.675088, -18.108736], [-47.674591, -18.109125], [-47.67436, -18.109351], [-47.673942, -18.109869], [-47.673743, -18.110184], [-47.673512, -18.110672], [-47.67334, -18.111198], [-47.672336, -18.115232], [-47.672287, -18.115532], [-47.672254, -18.115869], [-47.672112, -18.118439], [-47.672045, -18.119249], [-47.671969, -18.119682], [-47.671819, -18.120219], [-47.671661, -18.120634], [-47.671492, -18.120998], [-47.671181, -18.121513], [-47.670982, -18.121791], [-47.670722, -18.122104], [-47.670452, -18.122388], [-47.669929, -18.122835], [-47.669288, -18.123308], [-47.668991, -18.1235], [-47.66867, -18.12368], [-47.668198, -18.1239], [-47.667612, -18.124103], [-47.667242, -18.124195], [-47.666652, -18.124295], [-47.665579, -18.12439], [-47.660524, -18.124773], [-47.659792, -18.124772], [-47.65934, -18.124722], [-47.658621, -18.124582], [-47.654534, -18.123633], [-47.654242, -18.123573], [-47.653641, -18.123484], [-47.653279, -18.123453], [-47.652834, -18.12344], [-47.649212, -18.123541], [-47.648842, -18.12354], [-47.648412, -18.123523], [-47.647965, -18.123476], [-47.64745, -18.123396], [-47.647051, -18.123307], [-47.64649, -18.123143], [-47.645903, -18.122931], [-47.640038, -18.120555], [-47.639391, -18.120254], [-47.638847, -18.119933], [-47.638418, -18.119639], [-47.632863, -18.115345], [-47.6326, -18.115163], [-47.632166, -18.114899], [-47.631706, -18.114659], [-47.63129, -18.114477], [-47.630953, -18.114353], [-47.63051, -18.114223], [-47.629944, -18.114105], [-47.629496, -18.11405], [-47.628925, -18.11402], [-47.628451, -18.114034], [-47.627861, -18.114092], [-47.627242, -18.114215], [-47.626608, -18.114407], [-47.626075, -18.114625], [-47.62551, -18.114919], [-47.60708, -18.126423], [-47.60641, -18.126807], [-47.605852, -18.127073], [-47.605509, -18.127211], [-47.60506, -18.127368], [-47.583758, -18.134018], [-47.582206, -18.134497], [-47.581816, -18.134591], [-47.581523, -18.134641], [-47.58109, -18.134689], [-47.580491, -18.134709], [-47.577723, -18.13461], [-47.577066, -18.134635], [-47.576774, -18.134671], [-47.576142, -18.134798], [-47.574483, -18.135274], [-47.573738, -18.135465], [-47.573095, -18.13555], [-47.572568, -18.135573], [-47.572019, -18.135549], [-47.564587, -18.135012], [-47.564034, -18.134993], [-47.563821, -18.135001], [-47.563603, -18.135024], [-47.563233, -18.135111], [-47.562983, -18.135205], [-47.562717, -18.135339], [-47.56254, -18.13545], [-47.562287, -18.135648], [-47.562052, -18.135883], [-47.561925, -18.136041], [-47.561751, -18.136312], [-47.56167, -18.136484], [-47.561602, -18.136658], [-47.561499, -18.137027], [-47.560982, -18.140178]]}, "properties": {"SNV": "352BGO0105", "fid": 290, "EXT_KM": 36, "GEOCOD": "352BGO0105", "TRECHO": "ENTR BR-050/352/GO-210 - ENTR GO-592 (DAVINÓPOLIS)", "RODOVIA": "BR-352", "SITUACAO": "PLA"}}, {"type": "Feature", "geometry": {"crs": {"type": "name", "properties": {"name": "EPSG:4674"}}, "type": "LineString", "coordinates": [[-47.560982, -18.140178], [-47.566011, -18.152279], [-47.569153, -18.159782], [-47.569595, -18.161742], [-47.569507, -18.163638], [-47.569052, -18.165195], [-47.566891, -18.170652], [-47.56635, -18.172759], [-47.566279, -18.173943], [-47.566531, -18.175553], [-47.568146, -18.18265], [-47.56874, -18.186662], [-47.568778, -18.188607], [-47.568511, -18.190099], [-47.568261, -18.191791], [-47.568256, -18.194066], [-47.568488, -18.195272], [-47.569085, -18.196624], [-47.570705, -18.198958], [-47.571919, -18.201478], [-47.572224, -18.203296], [-47.57228, -18.205126], [-47.571744, -18.207038], [-47.56904, -18.213925]]}, "properties": {"SNV": "352BGO0110", "fid": 291, "EXT_KM": 8.6, "GEOCOD": "352BGO0110", "TRECHO": "ENTR GO-592 (DAVINÓPOLIS) - DIV GO/MG (INÍCIO PONTE S/ RIO PARANAÍBA)", "RODOVIA": "BR-352", "SITUACAO": "PLA"}}, {"type": "Feature", "geometry": {"crs": {"type": "name", "properties": {"name": "EPSG:4674"}}, "type": "LineString", "coordinates": [[-51.718763, -17.91722], [-51.719517, -17.917178], [-51.720466, -17.917215], [-51.721113, -17.9173], [-51.721915, -17.917473], [-51.722341, -17.91761], [-51.722974, -17.917864], [-51.723483, -17.918029], [-51.726501, -17.918805], [-51.72705, -17.919004], [-51.72797, -17.919388], [-51.728385, -17.919524], [-51.72904, -17.919686], [-51.730006, -17.919862], [-51.731978, -17.920079], [-51.73336, -17.920202], [-51.73402, -17.920209], [-51.735336, -17.920167], [-51.736007, -17.920205], [-51.736508, -17.920272], [-51.737229, -17.920396], [-51.737878, -17.920474], [-51.740475, -17.92071], [-51.741245, -17.920756], [-51.741529, -17.920806], [-51.742143, -17.920861], [-51.743001, -17.921017], [-51.74403, -17.92129], [-51.744623, -17.921417], [-51.74537, -17.92149], [-51.746023, -17.921481], [-51.746409, -17.921453], [-51.746784, -17.921404], [-51.747387, -17.921267], [-51.74785, -17.921118], [-51.748197, -17.920987], [-51.748642, -17.920781], [-51.748934, -17.920616], [-51.749596, -17.920159], [-51.749989, -17.919818], [-51.750183, -17.919675], [-51.752679, -17.917382], [-51.753342, -17.916782], [-51.753617, -17.916556], [-51.754015, -17.916272], [-51.754444, -17.916013], [-51.75492, -17.915779], [-51.755444, -17.915572], [-51.755863, -17.915449], [-51.756152, -17.915383], [-51.756594, -17.915315], [-51.756894, -17.915287], [-51.759502, -17.915176], [-51.764205, -17.915017], [-51.764792, -17.914978], [-51.765396, -17.914878], [-51.765931, -17.914724], [-51.766407, -17.914559]]}, "properties": {"SNV": "364BGO0490", "fid": 306, "EXT_KM": 5.2, "GEOCOD": "364BGO0490", "TRECHO": "R.JERÔNIMO VILELA (JATAÍ) - ENTR BR-060/158/364/GO-184 (ACESSO OESTE JATAÍ)", "RODOVIA": "BR-364", "SITUACAO": "DUP"}}, {"type": "Feature", "geometry": {"crs": {"type": "name", "properties": {"name": "EPSG:4674"}}, "type": "LineString", "coordinates": [[-51.766407, -17.914559], [-51.766772, -17.914426], [-51.767252, -17.914186], [-51.76756, -17.914005], [-51.767968, -17.913724], [-51.768115, -17.913581], [-51.768486, -17.913268], [-51.76876, -17.913005], [-51.769897, -17.911751], [-51.770426, -17.911353], [-51.770707, -17.911165], [-51.771161, -17.910908], [-51.77148, -17.910756], [-51.771808, -17.910621], [-51.772502, -17.910408], [-51.773051, -17.910298], [-51.773826, -17.91022], [-51.777771, -17.910051], [-51.778914, -17.909985], [-51.780253, -17.909863], [-51.781357, -17.909729], [-51.782347, -17.909573], [-51.783461, -17.909367], [-51.792006, -17.907587], [-51.792935, -17.907447], [-51.793806, -17.907373], [-51.794571, -17.907356], [-51.795269, -17.90738], [-51.80487, -17.907878], [-51.805543, -17.907925], [-51.806373, -17.907956], [-51.811501, -17.908218], [-51.812111, -17.908223], [-51.812927, -17.908168], [-51.813537, -17.908077], [-51.814345, -17.907903], [-51.814928, -17.907728], [-51.815477, -17.907524], [-51.816182, -17.907205], [-51.819972, -17.905195], [-51.820526, -17.904916], [-51.820904, -17.904746], [-51.821486, -17.904523], [-51.822079, -17.904334], [-51.822683, -17.904173], [-51.823297, -17.904051], [-51.824125, -17.903932], [-51.824544, -17.903897], [-51.825176, -17.903877], [-51.826234, -17.903912], [-51.828972, -17.904148], [-51.829391, -17.904168], [-51.82981, -17.904161], [-51.830429, -17.904102], [-51.830838, -17.90403], [-51.831242, -17.903925], [-51.831819, -17.903719], [-51.832191, -17.903554], [-51.832551, -17.903363], [-51.832899, -17.903146], [-51.833233, -17.902903], [-51.833551, -17.902635], [-51.833851, -17.902344], [-51.834267, -17.901861], [-51.834518, -17.901505], [-51.834755, -17.901129], [-51.839085, -17.893909], [-51.839721, -17.892872], [-51.840123, -17.892331], [-51.840565, -17.891847], [-51.841067, -17.8914], [-51.841629, -17.891005], [-51.842237, -17.890662], [-51.84288, -17.890385], [-51.843327, -17.890238], [-51.844023, -17.890073], [-51.855561, -17.888435], [-51.860013, -17.88782], [-51.860747, -17.887695], [-51.861484, -17.887521], [-51.861975, -17.887377], [-51.862462, -17.887209], [-51.86294, -17.887017], [-51.863407, -17.886806], [-51.864079, -17.886455], [-51.864705, -17.886071], [-51.865075, -17.88581], [-51.865595, -17.88541], [-51.866078, -17.884991], [-51.866381, -17.884699], [-51.866941, -17.884085], [-51.867328, -17.883608], [-51.86985, -17.880341], [-51.874385, -17.874435], [-51.87482, -17.873891], [-51.875276, -17.873362], [-51.875924, -17.872689], [-51.876265, -17.872365], [-51.876798, -17.871896], [-51.87772, -17.871173], [-51.878498, -17.870642], [-51.914773, -17.847668], [-51.915784, -17.847053], [-51.91639, -17.846722], [-51.916999, -17.846425], [-51.917616, -17.846156], [-51.918249, -17.845908], [-51.918908, -17.845681], [-51.920526, -17.845182], [-51.922445, -17.844616], [-51.923855, -17.844179], [-51.933754, -17.841208], [-51.938918, -17.839628], [-51.939511, -17.839412], [-51.940092, -17.839168], [-51.940672, -17.838898], [-51.941234, -17.838606], [-51.941964, -17.838178], [-51.942502, -17.837839], [-51.943503, -17.83713], [-51.949053, -17.833049], [-51.951105, -17.831568], [-51.953449, -17.829821], [-51.955069, -17.828646], [-51.96536, -17.821077], [-51.965874, -17.820719], [-51.966681, -17.820122], [-51.967368, -17.819642], [-51.968097, -17.81918], [-51.968872, -17.818736], [-51.969824, -17.818252], [-51.970523, -17.817926], [-51.971213, -17.817634], [-51.972246, -17.81725], [-51.972955, -17.817016], [-51.97393, -17.816761], [-51.976551, -17.816146], [-51.987114, -17.813917], [-51.989169, -17.813501], [-51.990492, -17.813209], [-51.991343, -17.813042], [-51.994386, -17.812392], [-51.994813, -17.812317], [-51.995238, -17.812263], [-51.996089, -17.812217], [-51.996939, -17.812239], [-51.997573, -17.812307], [-51.998409, -17.812468], [-51.999025, -17.812634], [-52.009459, -17.816227], [-52.012838, -17.81741], [-52.014263, -17.817879], [-52.015316, -17.818154], [-52.016188, -17.818328], [-52.017279, -17.818483], [-52.018323, -17.818564], [-52.019181, -17.818585], [-52.020065, -17.818562], [-52.02093, -17.818492], [-52.021965, -17.818342], [-52.02258, -17.818232], [-52.022987, -17.818141], [-52.024003, -17.817868], [-52.025006, -17.817534], [-52.025969, -17.817137], [-52.026532, -17.816875], [-52.027255, -17.816494], [-52.028122, -17.815971], [-52.028727, -17.815562], [-52.029285, -17.815149], [-52.029812, -17.814734], [-52.033106, -17.81207], [-52.033842, -17.811496], [-52.036368, -17.809453], [-52.03682, -17.809109], [-52.047424, -17.800593]]}, "properties": {"SNV": "364BGO0510", "fid": 307, "EXT_KM": 34.5, "GEOCOD": "364BGO0510", "TRECHO": "ENTR BR-060/158/364/GO-184 (ACESSO OESTE JATAÍ) - ENTR GO-050 (P/CHAPADÃO DO CÉU)", "RODOVIA": "BR-364", "SITUACAO": "PAV"}}, {"type": "Feature", "geometry": {"crs": {"type": "name", "properties": {"name": "EPSG:4674"}}, "type": "LineString", "coordinates": [[-52.527548, -17.557595], [-52.527451, -17.557254], [-52.527394, -17.556878], [-52.527405, -17.556407], [-52.527447, -17.556161], [-52.527497, -17.555978], [-52.527798, -17.555118], [-52.527881, -17.554702], [-52.528369, -17.550159], [-52.528814, -17.54616], [-52.528845, -17.545989], [-52.528928, -17.545077], [-52.529104, -17.543609], [-52.529194, -17.543063], [-52.529306, -17.542519], [-52.529554, -17.541606], [-52.529879, -17.540704], [-52.532956, -17.533612], [-52.533126, -17.53313], [-52.533213, -17.532799], [-52.533285, -17.532462], [-52.533332, -17.532116], [-52.533357, -17.53176], [-52.533357, -17.531402], [-52.533313, -17.530865], [-52.533257, -17.530513], [-52.533178, -17.530167], [-52.533078, -17.529828], [-52.532956, -17.529504], [-52.532743, -17.529038], [-52.53258, -17.528743], [-52.5324, -17.528459], [-52.532194, -17.528189], [-52.531387, -17.527225], [-52.531062, -17.526759], [-52.530874, -17.526426], [-52.530712, -17.526084], [-52.530571, -17.525739], [-52.530458, -17.52539], [-52.53037, -17.525039], [-52.530274, -17.524489], [-52.530241, -17.52411], [-52.530234, -17.523731], [-52.53028, -17.523174], [-52.530345, -17.522807], [-52.530481, -17.522251], [-52.530603, -17.521892], [-52.530748, -17.521554], [-52.531087, -17.520912], [-52.533486, -17.516562], [-52.534177, -17.515276], [-52.535136, -17.513568], [-52.537231, -17.509761], [-52.537811, -17.508685], [-52.538289, -17.50774], [-52.538541, -17.507347], [-52.539019, -17.506389], [-52.540071, -17.504366], [-52.540517, -17.503552], [-52.541092, -17.502577], [-52.541564, -17.501835], [-52.546474, -17.49454], [-52.547262, -17.493449], [-52.547971, -17.492571], [-52.548725, -17.49175], [-52.549327, -17.491144], [-52.549768, -17.490728], [-52.550548, -17.490058], [-52.551356, -17.489424], [-52.552368, -17.488702], [-52.553743, -17.487753], [-52.554523, -17.487186]]}, "properties": {"SNV": "364BGO0545", "fid": 311, "EXT_KM": 11, "GEOCOD": "364BGO0545", "TRECHO": "ENTR GO-551 (P/MINEIROS) - ENTR GO-341", "RODOVIA": "BR-364", "SITUACAO": "PAV"}}, {"type": "Feature", "geometry": {"crs": {"type": "name", "properties": {"name": "EPSG:4674"}}, "type": "LineString", "coordinates": [[-49.466801, -18.486061], [-49.46695, -18.486149], [-49.467499, -18.486577], [-49.467963, -18.487014], [-49.468431, -18.487547], [-49.470147, -18.489777], [-49.47122, -18.491024]]}, "properties": {"SNV": "483BGO0042", "fid": 366, "EXT_KM": 0.7, "GEOCOD": "483BGO0042", "TRECHO": "ACESSO LESTE CACHOEIRA DOURADA - ENTR GO-309 (CACHOEIRA DOURADA)", "RODOVIA": "BR-483", "SITUACAO": "PLA"}}, {"type": "Feature", "geometry": {"crs": {"type": "name", "properties": {"name": "EPSG:4674"}}, "type": "LineString", "coordinates": [[-48.48148, -14.466893], [-48.481664, -14.466979], [-48.481819, -14.467086], [-48.482458, -14.467673], [-48.482753, -14.467892], [-48.483093, -14.468092], [-48.483958, -14.468558], [-48.484691, -14.468982], [-48.486289, -14.469965], [-48.487608, -14.470799], [-48.48782, -14.470955], [-48.488016, -14.471148], [-48.488184, -14.471375], [-48.488317, -14.47163], [-48.48841, -14.47191], [-48.488475, -14.472365], [-48.488949, -14.48027], [-48.488952, -14.481242], [-48.488912, -14.48202], [-48.488607, -14.485344], [-48.488585, -14.485707], [-48.4886, -14.486375], [-48.488657, -14.48684], [-48.488715, -14.487141], [-48.488786, -14.487437], [-48.488881, -14.487742], [-48.489071, -14.488228], [-48.491651, -14.494019], [-48.493523, -14.498091], [-48.493778, -14.498515], [-48.494084, -14.498894], [-48.494321, -14.49912], [-48.494583, -14.499324], [-48.494865, -14.4995], [-48.495167, -14.499645], [-48.495648, -14.499802], [-48.495982, -14.499863], [-48.496325, -14.499892], [-48.496667, -14.499892], [-48.497374, -14.499846], [-48.503194, -14.499367], [-48.503564, -14.499355], [-48.503926, -14.499363], [-48.50428, -14.499397], [-48.50481, -14.499483], [-48.507452, -14.500104], [-48.510254, -14.500846], [-48.51529, -14.502114], [-48.516307, -14.50242], [-48.516961, -14.50266], [-48.517899, -14.503064], [-48.518308, -14.503304], [-48.518649, -14.503604], [-48.518846, -14.503828], [-48.519016, -14.504071], [-48.519153, -14.504331], [-48.519261, -14.504611], [-48.519361, -14.505063], [-48.519389, -14.505388], [-48.519404, -14.506048], [-48.519427, -14.509217], [-48.519423, -14.51166], [-48.519446, -14.512848], [-48.519468, -14.513258], [-48.51953, -14.513878], [-48.519649, -14.514693], [-48.520486, -14.519642], [-48.520566, -14.520029], [-48.520668, -14.520397], [-48.520795, -14.52075], [-48.52094, -14.52109], [-48.521106, -14.521417], [-48.521296, -14.521727], [-48.521506, -14.522025], [-48.521739, -14.522318], [-48.522159, -14.522757], [-48.522948, -14.523446], [-48.527807, -14.527508], [-48.528619, -14.52816], [-48.52914, -14.52854], [-48.529674, -14.528904], [-48.533926, -14.531687], [-48.534558, -14.532144], [-48.534956, -14.532499], [-48.535195, -14.532752], [-48.535421, -14.533027], [-48.536088, -14.53391], [-48.53644, -14.53433], [-48.536698, -14.534572], [-48.536979, -14.534775], [-48.537437, -14.535018], [-48.539372, -14.535912], [-48.539914, -14.536206], [-48.540333, -14.536474], [-48.540446, -14.536584], [-48.540576, -14.536648], [-48.541821, -14.53755], [-48.542229, -14.537816], [-48.542699, -14.538088], [-48.543616, -14.53853], [-48.548623, -14.540751], [-48.549531, -14.541172], [-48.549856, -14.541339], [-48.55016, -14.541525], [-48.550444, -14.541755], [-48.550691, -14.54203], [-48.550799, -14.542183], [-48.550995, -14.542513], [-48.551275, -14.543091], [-48.552418, -14.545631], [-48.552791, -14.546519], [-48.553048, -14.547194], [-48.555161, -14.553418], [-48.555815, -14.555413], [-48.556462, -14.557599], [-48.556606, -14.55822], [-48.556825, -14.559369], [-48.556908, -14.559713], [-48.556963, -14.559873], [-48.557102, -14.560172], [-48.557376, -14.560612], [-48.558767, -14.562719], [-48.559359, -14.563671], [-48.565258, -14.573719], [-48.56557, -14.574227], [-48.565786, -14.57454], [-48.566015, -14.574834], [-48.566258, -14.57511], [-48.566634, -14.575496], [-48.566895, -14.575734], [-48.567314, -14.576072], [-48.569436, -14.577586], [-48.570175, -14.578132], [-48.570547, -14.578471], [-48.570861, -14.578866], [-48.57095, -14.579012], [-48.571103, -14.579325], [-48.571292, -14.579826], [-48.572368, -14.583296], [-48.572572, -14.583877], [-48.572815, -14.584416], [-48.573004, -14.584753], [-48.573213, -14.585072], [-48.57344, -14.585376], [-48.573682, -14.585665], [-48.573937, -14.585938], [-48.574209, -14.586197], [-48.57741, -14.588833], [-48.577856, -14.589246], [-48.578298, -14.589702], [-48.578724, -14.590192], [-48.579125, -14.590705], [-48.581502, -14.593893], [-48.582365, -14.595082], [-48.582557, -14.595401], [-48.582798, -14.595893], [-48.582985, -14.596407], [-48.583122, -14.596946], [-48.583213, -14.597527], [-48.583991, -14.603323], [-48.584066, -14.603697], [-48.584163, -14.604051], [-48.584283, -14.604393], [-48.584423, -14.604728], [-48.584672, -14.605212], [-48.584977, -14.605673], [-48.590778, -14.613462], [-48.591064, -14.613895], [-48.591211, -14.61419], [-48.591272, -14.614347], [-48.591321, -14.614514], [-48.591385, -14.614863], [-48.591417, -14.615422], [-48.591382, -14.620432], [-48.591403, -14.621492], [-48.591366, -14.622301], [-48.59126, -14.623259], [-48.591164, -14.623855], [-48.590429, -14.627421], [-48.590115, -14.629107], [-48.59003, -14.629733], [-48.58967, -14.632857], [-48.589608, -14.633499], [-48.589566, -14.634148], [-48.589555, -14.634583], [-48.589574, -14.635241], [-48.590136, -14.642834], [-48.590168, -14.643545], [-48.590172, -14.644244], [-48.589919, -14.652144], [-48.589801, -14.65484], [-48.589732, -14.655492], [-48.589633, -14.656132], [-48.589196, -14.658531], [-48.588905, -14.660235], [-48.588851, -14.660663], [-48.588804, -14.661316], [-48.588792, -14.661987], [-48.588863, -14.666457], [-48.588941, -14.667371], [-48.589079, -14.668172], [-48.589411, -14.669516], [-48.589708, -14.670609], [-48.58994, -14.671326], [-48.590216, -14.672053], [-48.592565, -14.677606], [-48.592651, -14.677879], [-48.592726, -14.678], [-48.592834, -14.678238], [-48.593899, -14.680745], [-48.601584, -14.698935], [-48.602296, -14.700639], [-48.602624, -14.701485], [-48.602833, -14.702119], [-48.603087, -14.702979], [-48.60771, -14.719185], [-48.607979, -14.720061], [-48.608287, -14.720918], [-48.609626, -14.724048], [-48.613483, -14.732965], [-48.613591, -14.733276], [-48.613648, -14.733347], [-48.613784, -14.733653], [-48.618914, -14.745542], [-48.619325, -14.746587], [-48.619503, -14.747114], [-48.619663, -14.74765], [-48.619936, -14.74879], [-48.623144, -14.764247], [-48.623265, -14.764924], [-48.623319, -14.765069], [-48.623805, -14.767391], [-48.623999, -14.768205], [-48.624146, -14.768661], [-48.62429, -14.769044], [-48.624457, -14.769443], [-48.624731, -14.770009], [-48.624801, -14.770198], [-48.624913, -14.770376], [-48.625293, -14.771127], [-48.628968, -14.778583], [-48.629257, -14.779279], [-48.629501, -14.780058], [-48.629641, -14.780672], [-48.631261, -14.788594], [-48.631266, -14.788749], [-48.631338, -14.788852], [-48.631359, -14.788925], [-48.631517, -14.789875], [-48.632429, -14.79437], [-48.637836, -14.820753], [-48.638131, -14.822269], [-48.638274, -14.823286], [-48.638352, -14.824296], [-48.638369, -14.825332], [-48.638175, -14.835689], [-48.638168, -14.837125], [-48.638188, -14.837946], [-48.638682, -14.847785], [-48.63867, -14.84805], [-48.638707, -14.848183], [-48.638717, -14.848342], [-48.640183, -14.877325], [-48.640578, -14.885273], [-48.640575, -14.885703], [-48.640601, -14.88581], [-48.640617, -14.886008], [-48.6407, -14.88757], [-48.640842, -14.888554], [-48.640885, -14.888764], [-48.643814, -14.902142], [-48.643917, -14.902753], [-48.643906, -14.902894], [-48.644199, -14.903853], [-48.644914, -14.90714], [-48.645047, -14.907643], [-48.645152, -14.907968], [-48.645335, -14.908438], [-48.645538, -14.90889], [-48.646857, -14.911412], [-48.647017, -14.911786], [-48.647108, -14.911904], [-48.647306, -14.912276], [-48.650864, -14.919044], [-48.651712, -14.920619], [-48.653324, -14.923722], [-48.653603, -14.924309], [-48.653762, -14.924705], [-48.653896, -14.925103], [-48.654005, -14.925506], [-48.654124, -14.926121], [-48.654229, -14.926967], [-48.656888, -14.953615], [-48.657028, -14.95465], [-48.65719, -14.95549], [-48.657407, -14.956357], [-48.657675, -14.957233], [-48.657985, -14.958078], [-48.658234, -14.958671], [-48.65859, -14.959427], [-48.658872, -14.959978], [-48.659286, -14.960697], [-48.659632, -14.961249], [-48.660013, -14.9618], [-48.660418, -14.962341], [-48.660847, -14.962869], [-48.661442, -14.963553], [-48.66948, -14.972413]]}, "properties": {"SNV": "414BGO0083", "fid": 322, "EXT_KM": 63.4, "GEOCOD": "414BGO0083", "TRECHO": "ENTR GO-237 - QUEBRA LINHA", "RODOVIA": "BR-414", "SITUACAO": "PAV"}}, {"type": "Feature", "geometry": {"crs": {"type": "name", "properties": {"name": "EPSG:4674"}}, "type": "LineString", "coordinates": [[-48.66948, -14.972413], [-48.670149, -14.973138], [-48.670474, -14.973553], [-48.670906, -14.973982], [-48.673535, -14.976893], [-48.674206, -14.977735], [-48.674326, -14.977898], [-48.674406, -14.978046], [-48.674492, -14.97811], [-48.674605, -14.978244], [-48.677362, -14.981801], [-48.677711, -14.982274], [-48.678011, -14.982748], [-48.678347, -14.983406], [-48.678694, -14.98429], [-48.679722, -14.987178], [-48.680051, -14.988043], [-48.680523, -14.989456], [-48.680584, -14.989689], [-48.680654, -14.989825], [-48.681012, -14.990837], [-48.681076, -14.991099], [-48.681147, -14.991216], [-48.684426, -15.000474], [-48.685007, -15.002092], [-48.685205, -15.002569], [-48.68538, -15.002877], [-48.685597, -15.003164], [-48.685855, -15.003423], [-48.685999, -15.00354], [-48.686479, -15.003865], [-48.688486, -15.005091], [-48.689294, -15.005605], [-48.689563, -15.005809], [-48.689687, -15.005922], [-48.689805, -15.006045], [-48.69002, -15.006312], [-48.69029, -15.00678], [-48.69079, -15.007776], [-48.690977, -15.008095], [-48.691177, -15.008393], [-48.691393, -15.008672], [-48.691623, -15.008934], [-48.692313, -15.009641], [-48.692512, -15.009867], [-48.692769, -15.010224], [-48.69284, -15.010355], [-48.692969, -15.010635], [-48.693138, -15.011113], [-48.694361, -15.014918], [-48.69455, -15.015451], [-48.694694, -15.015788], [-48.694862, -15.016115], [-48.695051, -15.016433], [-48.695256, -15.016739], [-48.695597, -15.017163], [-48.695976, -15.017556], [-48.709144, -15.030517], [-48.709399, -15.030757], [-48.709785, -15.031087], [-48.712931, -15.033591], [-48.713191, -15.033832], [-48.713546, -15.034207], [-48.713853, -15.034597], [-48.714043, -15.034885], [-48.714332, -15.035422], [-48.714573, -15.036021], [-48.717507, -15.044391], [-48.71774, -15.045093], [-48.717932, -15.04578], [-48.720766, -15.057484], [-48.721055, -15.058508], [-48.721342, -15.05935], [-48.721679, -15.060175], [-48.722626, -15.062236], [-48.729781, -15.077746], [-48.730271, -15.078779], [-48.730597, -15.079352], [-48.730969, -15.079896], [-48.731246, -15.080239], [-48.73154, -15.080565], [-48.732016, -15.081022], [-48.732712, -15.081579], [-48.73904, -15.086299], [-48.739565, -15.086764], [-48.740027, -15.087279], [-48.740334, -15.087705], [-48.740605, -15.088167], [-48.740842, -15.088677], [-48.741466, -15.090162], [-48.741633, -15.090527], [-48.741908, -15.091038], [-48.742226, -15.091504], [-48.742456, -15.091806], [-48.74271, -15.092097], [-48.745617, -15.095205], [-48.746126, -15.095825], [-48.746425, -15.096271], [-48.746765, -15.096901], [-48.749252, -15.102087]]}, "properties": {"SNV": "414BGO0090", "fid": 323, "EXT_KM": 17.2, "GEOCOD": "414BGO0090", "TRECHO": "QUEBRA LINHA - ENTR GO-564", "RODOVIA": "BR-414", "SITUACAO": "PAV"}}, {"type": "Feature", "geometry": {"crs": {"type": "name", "properties": {"name": "EPSG:4674"}}, "type": "LineString", "coordinates": [[-50.144658, -18.071577], [-50.141571, -18.07317], [-50.139282, -18.074325], [-50.13908, -18.074409], [-50.138433, -18.074779], [-50.136802, -18.075585], [-50.13607, -18.075975], [-50.127619, -18.080271], [-50.127181, -18.080481], [-50.126424, -18.080794], [-50.113252, -18.085763], [-50.112099, -18.086211], [-50.109135, -18.087312], [-50.097389, -18.091732], [-50.094504, -18.092834], [-50.094196, -18.092936], [-50.093449, -18.093228], [-50.091919, -18.093792], [-50.090997, -18.094151], [-50.089889, -18.094547], [-50.088963, -18.094926], [-50.086164, -18.09596], [-50.080001, -18.098287], [-50.078837, -18.098745], [-50.078297, -18.098926], [-50.077781, -18.099134], [-50.075196, -18.100094], [-50.074795, -18.100271], [-50.07298, -18.101199], [-50.072647, -18.10135], [-50.071063, -18.102197], [-50.070122, -18.102678], [-50.069603, -18.102915], [-50.06874, -18.10326], [-50.067474, -18.103724], [-50.06721, -18.103837], [-50.066459, -18.104098], [-50.065184, -18.104607], [-50.060547, -18.106362], [-50.058907, -18.106965], [-50.058438, -18.10718], [-50.05601, -18.108078], [-50.055442, -18.108268], [-50.054925, -18.108466], [-50.054718, -18.108562], [-50.053609, -18.108983], [-50.053221, -18.109114], [-50.052217, -18.109505], [-50.051431, -18.109777], [-50.050738, -18.110069], [-50.050078, -18.110302], [-50.048018, -18.111082], [-50.047401, -18.111329], [-50.047102, -18.111432], [-50.042762, -18.113096], [-50.040291, -18.114001], [-50.039159, -18.114444], [-50.038952, -18.114503], [-50.038121, -18.114842], [-50.037833, -18.114935], [-50.037074, -18.115234], [-50.036928, -18.115268], [-50.036463, -18.115457], [-50.035305, -18.115887], [-50.035091, -18.115986], [-50.034755, -18.116098], [-50.032399, -18.116982], [-50.031357, -18.117397], [-50.031018, -18.117505], [-50.030759, -18.117616], [-50.030484, -18.117706], [-50.027942, -18.11868], [-50.02693, -18.119051], [-50.026493, -18.119228], [-50.02411, -18.120122], [-50.02384, -18.120208], [-50.022392, -18.120762], [-50.022249, -18.120831], [-50.021641, -18.121036], [-50.020949, -18.121316], [-50.020052, -18.121639], [-50.018594, -18.122205], [-50.016776, -18.12288], [-50.016118, -18.123151], [-50.015449, -18.123384], [-50.014914, -18.123601], [-50.014597, -18.123698], [-50.013545, -18.12412], [-50.011568, -18.124856], [-50.011427, -18.124896], [-50.008697, -18.125935], [-50.008542, -18.125969], [-50.008101, -18.126132], [-50.007764, -18.126263], [-50.007578, -18.126357], [-50.006566, -18.126718], [-50.006063, -18.12694], [-50.005089, -18.12729], [-50.004833, -18.127402], [-50.003661, -18.12785], [-50.002199, -18.128379], [-50.001963, -18.128486], [-50.000559, -18.129016], [-49.999656, -18.129338], [-49.998896, -18.129644], [-49.997182, -18.130281], [-49.996208, -18.13066], [-49.995741, -18.130833], [-49.995576, -18.130877], [-49.995308, -18.130996], [-49.994616, -18.131265], [-49.993657, -18.131607], [-49.993089, -18.131832], [-49.992862, -18.131897], [-49.992369, -18.132107], [-49.992151, -18.132173], [-49.991946, -18.132266], [-49.990503, -18.132797], [-49.990245, -18.132913], [-49.989582, -18.133134], [-49.988782, -18.133444], [-49.988519, -18.13353], [-49.987952, -18.133769], [-49.985534, -18.134677], [-49.985223, -18.134824], [-49.984667, -18.134985], [-49.984384, -18.135098], [-49.98427, -18.135176], [-49.984193, -18.135202], [-49.983928, -18.13526], [-49.982124, -18.135964], [-49.977301, -18.137768], [-49.975296, -18.138537], [-49.972692, -18.139505], [-49.972265, -18.139645], [-49.97172, -18.139879], [-49.967748, -18.141381], [-49.963962, -18.142805], [-49.963616, -18.142914], [-49.962845, -18.143234], [-49.962449, -18.143366], [-49.962009, -18.143543], [-49.958524, -18.144835], [-49.955107, -18.146131], [-49.954077, -18.146573], [-49.953549, -18.146834], [-49.952283, -18.147542], [-49.951512, -18.147953], [-49.951199, -18.148165], [-49.95081, -18.148374], [-49.950652, -18.148486], [-49.950419, -18.148598], [-49.948667, -18.1496], [-49.948506, -18.149675], [-49.948216, -18.149861], [-49.947799, -18.150063], [-49.947606, -18.150189], [-49.946848, -18.150624], [-49.943761, -18.152353], [-49.943224, -18.152674], [-49.941415, -18.153693], [-49.941039, -18.153932], [-49.940786, -18.154041], [-49.940441, -18.154245], [-49.940182, -18.154341], [-49.940103, -18.154422], [-49.939987, -18.154504], [-49.938435, -18.155367], [-49.938173, -18.155528], [-49.937792, -18.155729], [-49.937722, -18.155751], [-49.936809, -18.156297], [-49.93662, -18.156391], [-49.936091, -18.156704], [-49.935184, -18.157178], [-49.934918, -18.157358], [-49.928356, -18.16106], [-49.927912, -18.161327], [-49.926568, -18.162082], [-49.925259, -18.16284], [-49.922565, -18.164325], [-49.922344, -18.164491], [-49.922046, -18.164638], [-49.92169, -18.164853], [-49.92091, -18.165262], [-49.920579, -18.165454], [-49.920406, -18.165577], [-49.920182, -18.165679], [-49.919721, -18.165951], [-49.918929, -18.166376], [-49.91879, -18.16649], [-49.918463, -18.166673], [-49.918084, -18.16684], [-49.917839, -18.16703], [-49.917714, -18.167078], [-49.917517, -18.167191], [-49.917309, -18.167284], [-49.917114, -18.167433], [-49.917001, -18.167458], [-49.916754, -18.167591], [-49.91643, -18.167822], [-49.916115, -18.167982], [-49.915965, -18.168086], [-49.915665, -18.168225], [-49.915347, -18.168428], [-49.915098, -18.168533], [-49.914935, -18.168657], [-49.914759, -18.168762], [-49.914393, -18.168929], [-49.913993, -18.169173], [-49.91359, -18.169378], [-49.913369, -18.169539], [-49.913183, -18.169649], [-49.912806, -18.169828], [-49.911787, -18.170434], [-49.911341, -18.17067], [-49.91121, -18.17076], [-49.911038, -18.17084], [-49.910818, -18.170987], [-49.910015, -18.171445], [-49.909373, -18.171737], [-49.909203, -18.171839], [-49.90899, -18.172005], [-49.908817, -18.172086], [-49.908775, -18.172153], [-49.908731, -18.172181], [-49.908312, -18.172418], [-49.908055, -18.172531], [-49.907693, -18.172728], [-49.905377, -18.174045], [-49.904786, -18.174405], [-49.904529, -18.174511], [-49.904384, -18.174611], [-49.904031, -18.174806], [-49.903616, -18.175064], [-49.90081, -18.176622], [-49.897702, -18.178394], [-49.890096, -18.182671], [-49.888814, -18.183404], [-49.888177, -18.183796], [-49.887224, -18.184306], [-49.886142, -18.184933], [-49.885025, -18.185547], [-49.883828, -18.186247], [-49.883657, -18.186316], [-49.880272, -18.18822], [-49.879665, -18.188588], [-49.879296, -18.188771], [-49.879053, -18.188871], [-49.87894, -18.188969], [-49.877276, -18.189922], [-49.872289, -18.192727], [-49.8717, -18.193037], [-49.871509, -18.193176], [-49.870842, -18.193575], [-49.870478, -18.193762], [-49.869548, -18.194282], [-49.868989, -18.194614], [-49.868822, -18.194668], [-49.868572, -18.194851], [-49.868442, -18.194896], [-49.868225, -18.195005], [-49.868123, -18.19509], [-49.867937, -18.195159], [-49.867256, -18.195569], [-49.86672, -18.195864], [-49.866536, -18.19594], [-49.866289, -18.196104], [-49.865146, -18.196739], [-49.864326, -18.197114], [-49.864153, -18.197223], [-49.864023, -18.197242], [-49.863583, -18.197417], [-49.863383, -18.197527], [-49.86283, -18.197706], [-49.862673, -18.19778], [-49.862165, -18.197893], [-49.861949, -18.197991], [-49.86094, -18.198198], [-49.860779, -18.198265], [-49.859362, -18.198461], [-49.858552, -18.198503], [-49.858213, -18.198542], [-49.857098, -18.198561], [-49.853349, -18.19825], [-49.851741, -18.19809], [-49.850347, -18.19799], [-49.849757, -18.197905], [-49.847971, -18.197732], [-49.847245, -18.197678], [-49.846937, -18.197674], [-49.846572, -18.197584], [-49.846353, -18.19759], [-49.843173, -18.197299], [-49.842944, -18.197293], [-49.842561, -18.197241], [-49.840656, -18.197075], [-49.840173, -18.197015], [-49.839095, -18.196941], [-49.838, -18.196822], [-49.837628, -18.196806], [-49.837052, -18.196738], [-49.836491, -18.196711], [-49.836386, -18.196685], [-49.835822, -18.196616], [-49.83554, -18.196604], [-49.835241, -18.196565], [-49.834776, -18.196543], [-49.834551, -18.196501], [-49.834274, -18.196472], [-49.834105, -18.196468], [-49.830359, -18.196122], [-49.829678, -18.196087], [-49.829428, -18.196042], [-49.829012, -18.196004], [-49.828706, -18.195945], [-49.828416, -18.195911], [-49.82787, -18.195897], [-49.827339, -18.19585], [-49.826702, -18.195762], [-49.824525, -18.195592], [-49.824282, -18.195557], [-49.823878, -18.195564], [-49.823447, -18.195544], [-49.822257, -18.195566], [-49.820801, -18.195641], [-49.818421, -18.195729], [-49.818155, -18.195764], [-49.817617, -18.195766], [-49.815517, -18.195852], [-49.815003, -18.195893], [-49.814481, -18.195891], [-49.813733, -18.195931], [-49.813344, -18.195918], [-49.812551, -18.195983], [-49.808291, -18.196168], [-49.806648, -18.196225], [-49.805702, -18.196283], [-49.800589, -18.196474], [-49.782871, -18.197201], [-49.781923, -18.197263], [-49.781549, -18.197303], [-49.780323, -18.197531], [-49.779722, -18.197687], [-49.778972, -18.197915], [-49.778265, -18.198186], [-49.777584, -18.198483], [-49.776972, -18.19879], [-49.776502, -18.199047], [-49.775901, -18.199422], [-49.771967, -18.201757], [-49.770163, -18.20281], [-49.769467, -18.20324], [-49.768118, -18.204023], [-49.76265, -18.207257], [-49.761516, -18.207905], [-49.758562, -18.209688], [-49.756097, -18.211121], [-49.755148, -18.211691], [-49.754016, -18.212336], [-49.753097, -18.212896], [-49.752968, -18.212966], [-49.752848, -18.213007], [-49.751719, -18.213703], [-49.749915, -18.214777], [-49.749167, -18.215279], [-49.74662, -18.2174], [-49.743775, -18.219694], [-49.742199, -18.22113], [-49.740208, -18.222856], [-49.739744, -18.22325], [-49.739395, -18.223516], [-49.73888, -18.223983]]}, "properties": {"SNV": "452BGO0036", "fid": 340, "EXT_KM": 47, "GEOCOD": "452BGO0036", "TRECHO": "ENTR GO-319 - BOM JESUS DE GOIÁS", "RODOVIA": "BR-452", "SITUACAO": "PAV"}}, {"type": "Feature", "geometry": {"crs": {"type": "name", "properties": {"name": "EPSG:4674"}}, "type": "LineString", "coordinates": [[-49.294341, -18.394746], [-49.293465, -18.394069], [-49.291578, -18.392697], [-49.291028, -18.392367], [-49.290356, -18.392031], [-49.28988, -18.391723], [-49.278379, -18.383378], [-49.277096, -18.382472], [-49.276506, -18.382014], [-49.275988, -18.381644], [-49.275748, -18.381517], [-49.275614, -18.381425], [-49.275387, -18.381252], [-49.275224, -18.381097], [-49.274516, -18.380573], [-49.274134, -18.380324], [-49.273886, -18.380111], [-49.273576, -18.379884], [-49.270284, -18.377513], [-49.268043, -18.375869], [-49.26658, -18.374819], [-49.266379, -18.374655], [-49.265901, -18.374323], [-49.263768, -18.372772], [-49.263155, -18.372381], [-49.262222, -18.371888], [-49.261119, -18.37143], [-49.260126, -18.371118], [-49.253373, -18.369127], [-49.246702, -18.367142], [-49.246145, -18.366957], [-49.245129, -18.366671], [-49.241798, -18.365687], [-49.23646, -18.364093], [-49.234968, -18.363689], [-49.234211, -18.36343], [-49.231984, -18.362769], [-49.230833, -18.362408], [-49.22989, -18.362148], [-49.22822, -18.361638], [-49.225425, -18.360816], [-49.224275, -18.360455], [-49.222789, -18.360035], [-49.220346, -18.359283], [-49.218866, -18.358865], [-49.218358, -18.358679], [-49.217872, -18.358405], [-49.217717, -18.35834], [-49.217328, -18.358303], [-49.217163, -18.358266], [-49.217074, -18.358299], [-49.21689, -18.358316], [-49.21672, -18.358288], [-49.216545, -18.358221]]}, "properties": {"SNV": "452BGO0070", "fid": 344, "EXT_KM": 9, "GEOCOD": "452BGO0070", "TRECHO": "ENTR GO-206/AV.MODESTO DE CARVALHO (ITUMBIARA) - ENTR BR-153/154/452/483 (ACESSO NORTE ITUMBIARA)", "RODOVIA": "BR-452", "SITUACAO": "PAV"}}, {"type": "Feature", "geometry": {"crs": {"type": "name", "properties": {"name": "EPSG:4674"}}, "type": "LineString", "coordinates": [[-49.216545, -18.358221], [-49.209966, -18.37839], [-49.20426, -18.395815], [-49.203974, -18.396772], [-49.203642, -18.397998], [-49.20345, -18.398644], [-49.203138, -18.399613], [-49.203028, -18.399847], [-49.203015, -18.399969], [-49.202804, -18.400627], [-49.202345, -18.402026], [-49.202109, -18.402686], [-49.201867, -18.403233], [-49.201642, -18.403652], [-49.20132, -18.40417], [-49.201041, -18.404555], [-49.20053, -18.405173], [-49.200241, -18.405468], [-49.200182, -18.405581], [-49.199778, -18.406077], [-49.195244, -18.411534], [-49.194753, -18.412269], [-49.19469, -18.412393], [-49.194416, -18.413096], [-49.194268, -18.413583], [-49.194155, -18.414125], [-49.194096, -18.414656], [-49.194082, -18.415252], [-49.194102, -18.415591], [-49.194137, -18.415831], [-49.19431, -18.416447], [-49.194353, -18.416699], [-49.19456, -18.419154]]}, "properties": {"SNV": "452BGO0090", "fid": 345, "EXT_KM": 6.9, "GEOCOD": "452BGO0090", "TRECHO": "ENTR BR-153/154/452/483 (ACESSO NORTE ITUMBIARA) - FIM PONTE S/RIO PARANAÍBA (DIV GO/MG - ARAPORÃ)", "RODOVIA": "BR-452", "SITUACAO": "DUP"}}, {"type": "Feature", "geometry": {"crs": {"type": "name", "properties": {"name": "EPSG:4674"}}, "type": "LineString", "coordinates": [[-50.862615, -15.874454], [-50.86665, -15.875053], [-50.867069, -15.875127], [-50.86873, -15.875518], [-50.873023, -15.876603]]}, "properties": {"SNV": "070BGO0220", "fid": 130, "EXT_KM": 1.3, "GEOCOD": "070BGO0220", "TRECHO": "ENTR GO-324 (INÍCIO DA TRAVESSIA URB DE JUSSARA) - FIM DA TRAVESSIA URBANA DE JUSSARA", "RODOVIA": "BR-070", "SITUACAO": "DUP"}}, {"type": "Feature", "geometry": {"crs": {"type": "name", "properties": {"name": "EPSG:4674"}}, "type": "LineString", "coordinates": [[-51.063921, -15.884597], [-51.070792, -15.884354], [-51.071666, -15.884344], [-51.072238, -15.884392], [-51.072794, -15.884493], [-51.087918, -15.887819], [-51.088495, -15.887968], [-51.088848, -15.888083], [-51.089186, -15.888215], [-51.089677, -15.888452], [-51.090128, -15.88872], [-51.090417, -15.888923], [-51.102065, -15.898101], [-51.102703, -15.898592], [-51.103009, -15.8988], [-51.103469, -15.899073], [-51.103943, -15.899297], [-51.106683, -15.900469], [-51.11047, -15.90212], [-51.110772, -15.902274], [-51.111055, -15.90244], [-51.11157, -15.902805], [-51.11217, -15.903321], [-51.114979, -15.905927], [-51.135106, -15.924648], [-51.135535, -15.925022], [-51.135971, -15.925339], [-51.136433, -15.925614], [-51.137073, -15.925921], [-51.137578, -15.92611], [-51.137931, -15.926215], [-51.138481, -15.926336], [-51.138873, -15.926393], [-51.143565, -15.926717], [-51.144196, -15.926748], [-51.144579, -15.92675], [-51.145127, -15.92673], [-51.14587, -15.926661], [-51.153935, -15.925804], [-51.156321, -15.925565], [-51.156993, -15.925542], [-51.157445, -15.92556], [-51.157867, -15.925604], [-51.158456, -15.925719], [-51.159027, -15.925866], [-51.159585, -15.926065], [-51.160135, -15.926322], [-51.160497, -15.926522], [-51.169817, -15.932541], [-51.170187, -15.932767], [-51.170552, -15.932964], [-51.170924, -15.933135], [-51.171311, -15.933284], [-51.171913, -15.933459], [-51.172544, -15.933583], [-51.179821, -15.934642], [-51.180458, -15.934742], [-51.18088, -15.934824], [-51.181301, -15.934942], [-51.181725, -15.93509], [-51.190731, -15.938379], [-51.191115, -15.938497], [-51.191536, -15.938673], [-51.19404, -15.93959], [-51.195206, -15.939996], [-51.195879, -15.940161], [-51.19639, -15.940239], [-51.198421, -15.940174]]}, "properties": {"SNV": "070BGO0250", "fid": 132, "EXT_KM": 16.4, "GEOCOD": "070BGO0250", "TRECHO": "ENTR GO-173 (NOVA TRINDADE) - ENTR GO-173 (MARECHAL RONDON)", "RODOVIA": "BR-070", "SITUACAO": "PAV"}}, {"type": "Feature", "geometry": {"crs": {"type": "name", "properties": {"name": "EPSG:4674"}}, "type": "LineString", "coordinates": [[-47.524504, -15.500382], [-47.504199, -15.463434], [-47.50312, -15.461554], [-47.502498, -15.459822], [-47.502329, -15.458972], [-47.502176, -15.4576], [-47.502204, -15.456228]]}, "properties": {"SNV": "010BGO0090", "fid": 1, "EXT_KM": 5.5, "GEOCOD": "010BGO0090", "TRECHO": "DIV DF/GO - ENTR GO-430", "RODOVIA": "BR-010", "SITUACAO": "PLA"}}, {"type": "Feature", "geometry": {"crs": {"type": "name", "properties": {"name": "EPSG:4674"}}, "type": "LineString", "coordinates": [[-47.502204, -15.456228], [-47.502356, -15.455363], [-47.502729, -15.453918], [-47.503415, -15.452495], [-47.516504, -15.427384]]}, "properties": {"SNV": "010BGO0095", "fid": 2, "EXT_KM": 3.5, "GEOCOD": "010BGO0095", "TRECHO": "ENTR GO-430 - ENTR GO-430 (P/PLANALTINA)", "RODOVIA": "BR-010", "SITUACAO": "PLA"}}, {"type": "Feature", "geometry": {"crs": {"type": "name", "properties": {"name": "EPSG:4674"}}, "type": "LineString", "coordinates": [[-47.516504, -15.427384], [-47.518519, -15.42352], [-47.518949, -15.422143], [-47.521328, -15.41106], [-47.526683, -15.385303], [-47.534695, -15.348965], [-47.547571, -15.286588], [-47.550146, -15.274284], [-47.551863, -15.271709], [-47.560733, -15.259978], [-47.569317, -15.248533], [-47.57132, -15.244527], [-47.57275, -15.240235], [-47.574367, -15.233539]]}, "properties": {"SNV": "010BGO0110", "fid": 3, "EXT_KM": 22.6, "GEOCOD": "010BGO0110", "TRECHO": "ENTR GO-430 (P/PLANALTINA) - R.TRINTA E QUATRO (SÃO GABRIEL DE GOIÁS)", "RODOVIA": "BR-010", "SITUACAO": "PLA"}}, {"type": "Feature", "geometry": {"crs": {"type": "name", "properties": {"name": "EPSG:4674"}}, "type": "LineString", "coordinates": [[-47.574367, -15.233539], [-47.574753, -15.231937], [-47.584196, -15.189017], [-47.585539, -15.183601], [-47.585985, -15.18241], [-47.586361, -15.181614], [-47.587028, -15.180554], [-47.58798, -15.179398], [-47.588484, -15.178895], [-47.589301, -15.17822], [-47.590357, -15.177406]]}, "properties": {"SNV": "010BGO0120", "fid": 4, "EXT_KM": 6.5, "GEOCOD": "010BGO0120", "TRECHO": "R.TRINTA E QUATRO (SÃO GABRIEL DE GOIÁS) - ENTR GO-230", "RODOVIA": "BR-010", "SITUACAO": "PLA"}}, {"type": "Feature", "geometry": {"crs": {"type": "name", "properties": {"name": "EPSG:4674"}}, "type": "LineString", "coordinates": [[-47.590357, -15.177406], [-47.597576, -15.171967], [-47.605191, -15.166449], [-47.607694, -15.162514], [-47.608211, -15.159178], [-47.606603, -15.151782], [-47.600779, -15.129279], [-47.600594, -15.128714], [-47.60057, -15.128529], [-47.599557, -15.124611], [-47.596075, -15.111238], [-47.595226, -15.108035], [-47.595052, -15.107206], [-47.594954, -15.106515], [-47.594894, -15.105748], [-47.594887, -15.104872], [-47.594938, -15.104153], [-47.595042, -15.103449], [-47.595151, -15.102917], [-47.6026, -15.073158], [-47.602855, -15.072081], [-47.602975, -15.071317], [-47.603018, -15.070614], [-47.603018, -15.069536], [-47.602924, -15.066341], [-47.6029, -15.063766], [-47.602825, -15.061855], [-47.60277, -15.05954], [-47.602691, -15.058881], [-47.602494, -15.058016], [-47.601, -15.053565], [-47.600688, -15.052538], [-47.600321, -15.051578], [-47.599014, -15.047743], [-47.598785, -15.04702], [-47.598639, -15.046345], [-47.598567, -15.045776], [-47.598552, -15.045054], [-47.598631, -15.044098], [-47.599172, -15.039161], [-47.601052, -15.022313], [-47.606255, -14.975295], [-47.606287, -14.974699], [-47.606287, -14.9743], [-47.606219, -14.97362], [-47.606093, -14.973016], [-47.60075, -14.955445], [-47.594132, -14.933581], [-47.593761, -14.932301], [-47.593569, -14.931769]]}, "properties": {"SNV": "010BGO0125", "fid": 5, "EXT_KM": 28.6, "GEOCOD": "010BGO0125", "TRECHO": "ENTR GO-230 - ENTR GO-237", "RODOVIA": "BR-010", "SITUACAO": "PLA"}}, {"type": "Feature", "geometry": {"crs": {"type": "name", "properties": {"name": "EPSG:4674"}}, "type": "LineString", "coordinates": [[-51.198421, -15.940174], [-51.198865, -15.940096], [-51.20018, -15.939697], [-51.220213, -15.933194], [-51.222853, -15.932325], [-51.223783, -15.932039], [-51.224481, -15.931799], [-51.232565, -15.929172], [-51.253593, -15.922359], [-51.25458, -15.922005], [-51.255276, -15.921708], [-51.256175, -15.921266], [-51.258344, -15.920121], [-51.258959, -15.919837], [-51.259378, -15.919676], [-51.260025, -15.919485], [-51.260461, -15.919388], [-51.260901, -15.919311], [-51.261574, -15.919241], [-51.262256, -15.919227], [-51.276603, -15.91953], [-51.289619, -15.919753], [-51.290368, -15.919785], [-51.291067, -15.919848], [-51.291753, -15.919947], [-51.292425, -15.920081], [-51.293525, -15.920384], [-51.304186, -15.923536], [-51.305113, -15.92379], [-51.306267, -15.924152], [-51.317607, -15.92752], [-51.327122, -15.93037], [-51.329811, -15.931167], [-51.329972, -15.931191], [-51.330238, -15.931294], [-51.33324, -15.932206], [-51.334204, -15.932538], [-51.334848, -15.932794], [-51.348292, -15.938553], [-51.34987, -15.939222], [-51.35002, -15.939266], [-51.3503, -15.939407], [-51.356003, -15.941854], [-51.358057, -15.941857]]}, "properties": {"SNV": "070BGO0255", "fid": 133, "EXT_KM": 18, "GEOCOD": "070BGO0255", "TRECHO": "ENTR GO-173 (MARECHAL RONDON) - ENTR GO-174 (APARECIDA DO RIO CLARO)", "RODOVIA": "BR-070", "SITUACAO": "PAV"}}, {"type": "Feature", "geometry": {"crs": {"type": "name", "properties": {"name": "EPSG:4674"}}, "type": "LineString", "coordinates": [[-47.495527, -14.605713], [-47.495498, -14.605594], [-47.485124, -14.584744], [-47.484939, -14.584345], [-47.484678, -14.583618], [-47.484548, -14.583014], [-47.484492, -14.582493], [-47.48448, -14.582066], [-47.484503, -14.58164], [-47.484559, -14.581178], [-47.484675, -14.580701], [-47.484804, -14.580273], [-47.490987, -14.565858], [-47.49297, -14.561198], [-47.495661, -14.55495], [-47.506313, -14.529958], [-47.514133, -14.513046], [-47.514378, -14.512474], [-47.514563, -14.511956], [-47.514677, -14.511455], [-47.514761, -14.510898], [-47.514769, -14.510455], [-47.514753, -14.509997], [-47.514677, -14.509425], [-47.514513, -14.508768], [-47.514247, -14.508062], [-47.513895, -14.50743], [-47.513216, -14.506431], [-47.50826, -14.499259], [-47.508055, -14.498915], [-47.507766, -14.498319], [-47.507643, -14.497959], [-47.507521, -14.497525], [-47.507419, -14.497027], [-47.507375, -14.49647], [-47.507367, -14.496032], [-47.509137, -14.472142], [-47.509322, -14.469413], [-47.509346, -14.468903], [-47.50933, -14.468319], [-47.508979, -14.465535], [-47.50498, -14.43531], [-47.504913, -14.434693], [-47.504909, -14.434066], [-47.504952, -14.43369], [-47.50509, -14.433106], [-47.505312, -14.432545], [-47.505635, -14.431957], [-47.507673, -14.428667], [-47.508396, -14.427467], [-47.50859, -14.427083], [-47.508849, -14.426352], [-47.509016, -14.425673], [-47.509099, -14.425029], [-47.509095, -14.42437], [-47.50902, -14.423576], [-47.508862, -14.422292], [-47.508849, -14.421506], [-47.508866, -14.4211], [-47.509024, -14.420164], [-47.509891, -14.416262], [-47.511937, -14.406886], [-47.512107, -14.406321], [-47.512383, -14.405606], [-47.512612, -14.405148], [-47.51309, -14.404413], [-47.513795, -14.403588], [-47.521356, -14.396052], [-47.524747, -14.392636], [-47.525047, -14.392261], [-47.525315, -14.391862], [-47.525616, -14.391301], [-47.525849, -14.390732], [-47.525955, -14.390377], [-47.526086, -14.38971], [-47.526129, -14.388935], [-47.525323, -14.371021], [-47.52528, -14.37031], [-47.525181, -14.369481], [-47.525033, -14.368615], [-47.524842, -14.367806], [-47.524399, -14.366175], [-47.523609, -14.363371], [-47.51672, -14.338355], [-47.516617, -14.337936], [-47.516487, -14.337241], [-47.516348, -14.336262], [-47.513574, -14.312032], [-47.51353, -14.311262], [-47.513558, -14.310354], [-47.51369, -14.308952], [-47.514788, -14.295425], [-47.51482, -14.29488], [-47.514812, -14.294047], [-47.514693, -14.293087], [-47.512563, -14.27911], [-47.512468, -14.278581], [-47.512373, -14.278217], [-47.512225, -14.277741], [-47.512034, -14.27721], [-47.511769, -14.276685], [-47.511443, -14.276088], [-47.51093, -14.275318], [-47.497839, -14.256219], [-47.497531, -14.25582], [-47.497405, -14.255583], [-47.487034, -14.240453], [-47.486765, -14.239983], [-47.486543, -14.239439], [-47.486362, -14.238952], [-47.486256, -14.238502], [-47.485616, -14.234098], [-47.485584, -14.233371], [-47.485604, -14.232578], [-47.485751, -14.231101], [-47.487223, -14.218857], [-47.487322, -14.218178], [-47.487476, -14.217428], [-47.487677, -14.216614], [-47.489006, -14.211598], [-47.492367, -14.201646], [-47.492663, -14.20084], [-47.492826, -14.200489], [-47.493043, -14.200086], [-47.493548, -14.199327], [-47.494145, -14.198644], [-47.503021, -14.190205], [-47.50516, -14.188143], [-47.505614, -14.187582], [-47.505847, -14.187215], [-47.506088, -14.186717], [-47.506364, -14.18581], [-47.506538, -14.185181], [-47.506672, -14.184813], [-47.506887, -14.18439], [-47.507091, -14.184035], [-47.507355, -14.1837], [-47.50764, -14.183376], [-47.508074, -14.182989], [-47.508648, -14.182568], [-47.510556, -14.181038], [-47.513124, -14.179012], [-47.513684, -14.178534], [-47.514074, -14.178147], [-47.514332, -14.177839], [-47.514569, -14.177515], [-47.514802, -14.177171], [-47.515039, -14.17676], [-47.515233, -14.176318], [-47.515402, -14.175888], [-47.515576, -14.175303], [-47.515762, -14.174596], [-47.520199, -14.157464], [-47.520357, -14.156666], [-47.520444, -14.156121], [-47.52076, -14.152795], [-47.521471, -14.144774], [-47.52167, -14.142293]]}, "properties": {"SNV": "010BGO0150", "fid": 9, "EXT_KM": 55.4, "GEOCOD": "010BGO0150", "TRECHO": "ENTR GO-236 - ENTR GO-239 (ALTO PARAÍSO DE GOIÁS)", "RODOVIA": "BR-010", "SITUACAO": "PLA"}}, {"type": "Feature", "geometry": {"crs": {"type": "name", "properties": {"name": "EPSG:4674"}}, "type": "LineString", "coordinates": [[-46.674182, -14.760356], [-46.658641, -14.75317], [-46.658118, -14.75292], [-46.657628, -14.752651], [-46.65703, -14.752249], [-46.656604, -14.751903], [-46.656071, -14.751385], [-46.655716, -14.75097], [-46.655315, -14.750399], [-46.654971, -14.749806], [-46.654678, -14.749158], [-46.654502, -14.748633], [-46.654367, -14.748078], [-46.65427, -14.747494], [-46.654221, -14.74709], [-46.653512, -14.740402], [-46.651114, -14.718304], [-46.649291, -14.701677], [-46.648876, -14.698231], [-46.648833, -14.697911], [-46.648804, -14.697835], [-46.6488, -14.69761], [-46.648777, -14.697381], [-46.648177, -14.692284], [-46.647887, -14.689916], [-46.647845, -14.689786], [-46.647832, -14.689427], [-46.644784, -14.663827], [-46.644643, -14.6629], [-46.644562, -14.662556], [-46.64446, -14.662214], [-46.644338, -14.661873], [-46.6442, -14.661542], [-46.643897, -14.660944], [-46.643723, -14.660652], [-46.643339, -14.660102], [-46.632039, -14.64533], [-46.623847, -14.634632], [-46.623508, -14.634198], [-46.62341, -14.634102], [-46.623267, -14.633885], [-46.622846, -14.633325], [-46.619364, -14.628779], [-46.615481, -14.623672], [-46.61151, -14.618507], [-46.609847, -14.616308], [-46.605107, -14.610125], [-46.603768, -14.608365], [-46.602919, -14.607207], [-46.602365, -14.606492], [-46.601616, -14.605564], [-46.592738, -14.593942], [-46.591572, -14.592477], [-46.589658, -14.590206], [-46.588448, -14.588863], [-46.587679, -14.587983], [-46.567022, -14.564224], [-46.561895, -14.558342], [-46.561404, -14.557803], [-46.560913, -14.557215], [-46.557576, -14.553363], [-46.542474, -14.536], [-46.539803, -14.532941], [-46.539713, -14.532868], [-46.539493, -14.532576], [-46.533349, -14.525517], [-46.524335, -14.515086], [-46.523472, -14.514124], [-46.523357, -14.514051], [-46.523144, -14.513726], [-46.522535, -14.512999], [-46.495346, -14.481486]]}, "properties": {"SNV": "020BGO0170", "fid": 20, "EXT_KM": 37.8, "GEOCOD": "020BGO0170", "TRECHO": "SANTA MARIA - ENTR GO-112 (ALVORADA DO NORTE)", "RODOVIA": "BR-020", "SITUACAO": "PAV"}}, {"type": "Feature", "geometry": {"crs": {"type": "name", "properties": {"name": "EPSG:4674"}}, "type": "LineString", "coordinates": [[-48.08249, -18.411554], [-48.082525, -18.412595], [-48.08245, -18.412884], [-48.08219, -18.413513], [-48.08201, -18.413844], [-48.081773, -18.414171], [-48.081382, -18.41456], [-48.079991, -18.415747], [-48.079182, -18.416411], [-48.0786, -18.416821], [-48.078234, -18.417028], [-48.077607, -18.417324], [-48.07416, -18.418432], [-48.073745, -18.418628], [-48.073494, -18.418786], [-48.073169, -18.419052], [-48.072983, -18.419246], [-48.072827, -18.419444], [-48.072635, -18.419741], [-48.072498, -18.42001], [-48.072078, -18.420964], [-48.07161, -18.422052], [-48.071511, -18.422321], [-48.071385, -18.422585], [-48.071374, -18.422647], [-48.071388, -18.422721], [-48.071271, -18.422806], [-48.071205, -18.422916], [-48.071033, -18.423124], [-48.070787, -18.423376], [-48.070549, -18.42357], [-48.070255, -18.423755], [-48.069913, -18.42393], [-48.069666, -18.424025], [-48.06928, -18.424129], [-48.068235, -18.424316]]}, "properties": {"SNV": "050BGO0154", "fid": 55, "EXT_KM": 2.5, "GEOCOD": "050BGO0154", "TRECHO": "ENTR GO-402 - DIV GO/MG", "RODOVIA": "BR-050", "SITUACAO": "PAV"}}, {"type": "Feature", "geometry": {"crs": {"type": "name", "properties": {"name": "EPSG:4674"}}, "type": "LineString", "coordinates": [[-47.52167, -14.142293], [-47.522462, -14.133551], [-47.522548, -14.132739], [-47.523397, -14.1232], [-47.52535, -14.100596], [-47.525538, -14.098559], [-47.52557, -14.09788], [-47.525604, -14.097706], [-47.52567, -14.096876], [-47.525676, -14.096446], [-47.525657, -14.096146], [-47.525563, -14.095458], [-47.525476, -14.09509], [-47.525353, -14.094694], [-47.525193, -14.094288], [-47.524952, -14.093798], [-47.524727, -14.093417], [-47.51239, -14.075827], [-47.50459, -14.064738], [-47.504279, -14.064215], [-47.50409, -14.063776], [-47.504022, -14.063553], [-47.503973, -14.06331], [-47.503928, -14.062859], [-47.503937, -14.062482], [-47.504003, -14.061997], [-47.504936, -14.057745], [-47.505126, -14.057187], [-47.505386, -14.05667], [-47.505575, -14.05637], [-47.506007, -14.055874], [-47.506284, -14.055627], [-47.508622, -14.053856], [-47.509479, -14.053248], [-47.520267, -14.046982], [-47.520676, -14.046739], [-47.521482, -14.046203], [-47.521885, -14.045905], [-47.526403, -14.042329], [-47.52927, -14.040048], [-47.529497, -14.039844], [-47.529891, -14.039437], [-47.5301, -14.039175], [-47.530325, -14.038867], [-47.530584, -14.038473], [-47.530869, -14.037928], [-47.531103, -14.037345], [-47.531235, -14.036902], [-47.531301, -14.036604], [-47.531359, -14.036283], [-47.531423, -14.035627], [-47.531425, -14.035236], [-47.531388, -14.03464], [-47.531337, -14.034293], [-47.531225, -14.033778], [-47.526902, -14.018003], [-47.524426, -14.008888], [-47.524219, -14.008245], [-47.524072, -14.007862], [-47.523879, -14.007444], [-47.523595, -14.006885], [-47.523367, -14.006508], [-47.523143, -14.006178], [-47.510119, -13.988843], [-47.505893, -13.983184], [-47.505186, -13.982203], [-47.501897, -13.977891], [-47.501431, -13.977387], [-47.500779, -13.976786], [-47.500232, -13.976361], [-47.499884, -13.97611], [-47.499445, -13.975837], [-47.499076, -13.975636], [-47.498731, -13.975471], [-47.497894, -13.97512], [-47.494571, -13.9741], [-47.493676, -13.973858], [-47.489797, -13.972745], [-47.489487, -13.972632], [-47.489097, -13.972462], [-47.48864, -13.972213], [-47.48812, -13.971855], [-47.48779, -13.971576], [-47.48643, -13.970272], [-47.482682, -13.966615], [-47.48225, -13.966256], [-47.481743, -13.965881], [-47.480902, -13.965355], [-47.462353, -13.954322], [-47.461578, -13.953809], [-47.460863, -13.953226], [-47.460433, -13.952805], [-47.459595, -13.951879], [-47.453124, -13.944549], [-47.452768, -13.944177], [-47.449511, -13.941214], [-47.440359, -13.932775], [-47.439842, -13.93236], [-47.439174, -13.931871], [-47.438365, -13.931345], [-47.421924, -13.920897], [-47.419935, -13.919516], [-47.419101, -13.918965], [-47.418542, -13.918639], [-47.418135, -13.918363], [-47.417901, -13.91818], [-47.417348, -13.917626], [-47.416893, -13.916988], [-47.415423, -13.91461], [-47.415234, -13.914361], [-47.415063, -13.914172], [-47.414484, -13.913604], [-47.414059, -13.913274], [-47.413774, -13.913089], [-47.413331, -13.912838], [-47.410194, -13.911382], [-47.409619, -13.911097], [-47.409051, -13.910784], [-47.408496, -13.910447], [-47.406962, -13.909354], [-47.400274, -13.904461], [-47.399918, -13.90422], [-47.399144, -13.903784], [-47.398392, -13.903428], [-47.397862, -13.903233], [-47.397347, -13.903073], [-47.396671, -13.902909], [-47.394444, -13.902539], [-47.388068, -13.901528], [-47.387136, -13.901398], [-47.386753, -13.901379], [-47.386242, -13.901385], [-47.385761, -13.901419], [-47.385327, -13.901483], [-47.384857, -13.901586], [-47.384284, -13.901758], [-47.372546, -13.905774], [-47.371804, -13.905984], [-47.370926, -13.906129], [-47.370466, -13.906167], [-47.37, -13.90618], [-47.369505, -13.906163], [-47.369192, -13.906136], [-47.362309, -13.905316], [-47.361928, -13.905256], [-47.361573, -13.905157], [-47.361394, -13.905082], [-47.361224, -13.904988], [-47.360975, -13.904814], [-47.36077, -13.904607], [-47.360592, -13.904367], [-47.360494, -13.904188], [-47.360407, -13.903984], [-47.360334, -13.90375], [-47.360258, -13.903377], [-47.359683, -13.899402], [-47.358858, -13.893881], [-47.358679, -13.893308], [-47.358492, -13.892827], [-47.358101, -13.892087], [-47.357788, -13.891646], [-47.357611, -13.891438], [-47.357311, -13.891131], [-47.356929, -13.890786], [-47.356558, -13.890501], [-47.35443, -13.888899], [-47.351229, -13.886521], [-47.350325, -13.885923], [-47.349716, -13.88557], [-47.348739, -13.885082], [-47.339959, -13.880805], [-47.339586, -13.8806], [-47.339174, -13.880339], [-47.338737, -13.879989], [-47.338245, -13.8795], [-47.337917, -13.879123], [-47.337403, -13.878828], [-47.332334, -13.868341], [-47.330237, -13.86537], [-47.32814, -13.861524], [-47.32412, -13.856805], [-47.316604, -13.850513], [-47.31171, -13.848066], [-47.306117, -13.848241], [-47.298776, -13.848765], [-47.291435, -13.85296], [-47.286016, -13.856106], [-47.284268, -13.857854], [-47.281472, -13.858728], [-47.279549, -13.858903], [-47.273606, -13.86065], [-47.267489, -13.864146], [-47.265916, -13.86502], [-47.265217, -13.868691], [-47.264168, -13.870613], [-47.26242, -13.871662], [-47.260847, -13.871662], [-47.259798, -13.869914], [-47.259624, -13.867292], [-47.259798, -13.84457], [-47.25473, -13.831286], [-47.252283, -13.824295], [-47.250884, -13.817129], [-47.250884, -13.815381], [-47.251933, -13.814507], [-47.253156, -13.813633], [-47.255953, -13.813109], [-47.25875, -13.813458], [-47.260497, -13.813458], [-47.261371, -13.812584], [-47.265042, -13.802447], [-47.265916, -13.794931], [-47.266327, -13.787354], [-47.26679, -13.783745], [-47.266817, -13.781729], [-47.267407, -13.780844], [-47.268507, -13.779416]]}, "properties": {"SNV": "010BGO0160", "fid": 10, "EXT_KM": 66.1, "GEOCOD": "010BGO0160", "TRECHO": "ENTR GO-239 (ALTO PARAÍSO DE GOIÁS) - ENTR GO-118/241 (TERESINA DE GOIÁS)", "RODOVIA": "BR-010", "SITUACAO": "PLA"}}, {"type": "Feature", "geometry": {"crs": {"type": "name", "properties": {"name": "EPSG:4674"}}, "type": "LineString", "coordinates": [[-47.268507, -13.779416], [-47.26184, -13.774431], [-47.261088, -13.773928]]}, "properties": {"SNV": "010BGO0180", "fid": 11, "EXT_KM": 1, "GEOCOD": "010BGO0180", "TRECHO": "ENTR GO-118/241 (TERESINA DE GOIÁS) - R. DA CRIANÇA (TERESINA DE GOIÁS)", "RODOVIA": "BR-010", "SITUACAO": "PLA"}}, {"type": "Feature", "geometry": {"crs": {"type": "name", "properties": {"name": "EPSG:4674"}}, "type": "LineString", "coordinates": [[-47.261088, -13.773928], [-47.257135, -13.771345], [-47.249335, -13.765957], [-47.249039, -13.765736], [-47.248691, -13.765425], [-47.248289, -13.764975], [-47.23816, -13.752508], [-47.237841, -13.752067], [-47.237482, -13.751483], [-47.237175, -13.750872], [-47.236915, -13.750222], [-47.235129, -13.745054], [-47.234984, -13.744598], [-47.234877, -13.744171], [-47.234797, -13.743738], [-47.234728, -13.743081], [-47.234716, -13.742641], [-47.234735, -13.742119], [-47.236384, -13.714825], [-47.23687, -13.687343], [-47.236868, -13.687098], [-47.236849, -13.686914], [-47.236803, -13.686712], [-47.23673, -13.686517], [-47.236633, -13.686333], [-47.236513, -13.686162], [-47.236372, -13.686008], [-47.236212, -13.685873], [-47.235941, -13.68571], [-47.235645, -13.6856], [-47.235412, -13.685554], [-47.233713, -13.68541], [-47.233315, -13.685409], [-47.232918, -13.685432], [-47.232523, -13.685479], [-47.232131, -13.68555], [-47.228264, -13.686585], [-47.228026, -13.686616], [-47.227786, -13.686619], [-47.227546, -13.686597], [-47.227311, -13.686548], [-47.227083, -13.686473], [-47.226865, -13.686374], [-47.226661, -13.686251], [-47.226471, -13.686106], [-47.226232, -13.685878], [-47.225256, -13.68487], [-47.225019, -13.684541], [-47.224838, -13.684179], [-47.224718, -13.683794], [-47.224663, -13.683395], [-47.224672, -13.682992], [-47.224715, -13.682727], [-47.224787, -13.682468], [-47.224886, -13.682217], [-47.225012, -13.681978], [-47.225162, -13.681754], [-47.225311, -13.681571], [-47.228388, -13.678041], [-47.228765, -13.677632], [-47.229161, -13.677241], [-47.229794, -13.676694], [-47.230238, -13.676355], [-47.232314, -13.674924], [-47.232611, -13.674687], [-47.23302, -13.674292], [-47.233381, -13.673855], [-47.233689, -13.67338], [-47.23394, -13.672874], [-47.234131, -13.672344], [-47.23426, -13.671797], [-47.234325, -13.671238], [-47.234324, -13.670676], [-47.234288, -13.670303], [-47.234223, -13.669934], [-47.234105, -13.669481], [-47.231671, -13.661263], [-47.231505, -13.660751], [-47.231209, -13.660001], [-47.23098, -13.659514], [-47.230727, -13.659038], [-47.230451, -13.658575], [-47.22667, -13.652598], [-47.226398, -13.652189], [-47.225956, -13.651598], [-47.223881, -13.649223], [-47.223401, -13.648608], [-47.222967, -13.64796], [-47.221039, -13.64485], [-47.220757, -13.644367], [-47.220501, -13.643871], [-47.220271, -13.643363], [-47.219552, -13.641665], [-47.219365, -13.6413], [-47.219203, -13.641037], [-47.213387, -13.633168], [-47.213163, -13.632852], [-47.212949, -13.632514], [-47.212758, -13.632163], [-47.2126, -13.63183], [-47.209247, -13.624393], [-47.208959, -13.623784], [-47.208647, -13.623186], [-47.208314, -13.6226], [-47.207772, -13.621744], [-47.204114, -13.616519], [-47.203716, -13.615908], [-47.203474, -13.615487], [-47.203252, -13.615056], [-47.200787, -13.610002], [-47.20058, -13.609621], [-47.200362, -13.609273], [-47.200121, -13.608941], [-47.199858, -13.608624], [-47.199575, -13.608325], [-47.199269, -13.608039], [-47.189396, -13.599603], [-47.189039, -13.59928], [-47.188633, -13.598844], [-47.188274, -13.598371], [-47.187966, -13.597865], [-47.187711, -13.597331], [-47.187572, -13.596963], [-47.187454, -13.596573], [-47.185218, -13.588223], [-47.185098, -13.587726], [-47.184963, -13.586971], [-47.184903, -13.586463], [-47.184868, -13.585953], [-47.18419, -13.570885], [-47.184158, -13.570511], [-47.184093, -13.570126], [-47.166506, -13.497951], [-47.166301, -13.497275], [-47.148863, -13.445885], [-47.148707, -13.445383], [-47.148622, -13.444929], [-47.148593, -13.444409], [-47.148588, -13.430754], [-47.148535, -13.430075], [-47.148464, -13.429673], [-47.148366, -13.429277], [-47.148239, -13.428889], [-47.147999, -13.428325], [-47.1477, -13.427788], [-47.147345, -13.427285], [-47.14708, -13.426971], [-47.146642, -13.426535], [-47.14616, -13.426146], [-47.14564, -13.425808], [-47.145274, -13.425613], [-47.14473, -13.425378], [-47.135496, -13.421924]]}, "properties": {"SNV": "010BGO0181", "fid": 12, "EXT_KM": 44.8, "GEOCOD": "010BGO0181", "TRECHO": "R. DA CRIANÇA (TERESINA DE GOIÁS) - PORTO REAL", "RODOVIA": "BR-010", "SITUACAO": "PLA"}}, {"type": "Feature", "geometry": {"crs": {"type": "name", "properties": {"name": "EPSG:4674"}}, "type": "LineString", "coordinates": [[-47.135496, -13.421924], [-47.135179, -13.421764], [-47.13493, -13.421596], [-47.134748, -13.421439], [-47.134508, -13.42117], [-47.134315, -13.420868], [-47.134214, -13.420652], [-47.134122, -13.42037], [-47.134066, -13.420084], [-47.134016, -13.419591], [-47.133456, -13.41169], [-47.133467, -13.411282], [-47.133524, -13.410951], [-47.133598, -13.410712], [-47.133758, -13.410373], [-47.133974, -13.410064], [-47.134145, -13.40988], [-47.134438, -13.40964], [-47.134717, -13.409473], [-47.135146, -13.409271], [-47.139038, -13.407602], [-47.139292, -13.40748], [-47.139528, -13.40734], [-47.139749, -13.407177], [-47.13997, -13.40698], [-47.142991, -13.404061], [-47.143191, -13.403886], [-47.14339, -13.403745], [-47.143604, -13.403626], [-47.143895, -13.403505], [-47.145893, -13.402861], [-47.146219, -13.402713], [-47.146438, -13.402576], [-47.146641, -13.402417], [-47.146823, -13.402236], [-47.146984, -13.402036], [-47.14718, -13.401706], [-47.147333, -13.4013], [-47.147573, -13.400374], [-47.147653, -13.399962], [-47.147671, -13.399623], [-47.147631, -13.399257], [-47.147542, -13.39893], [-47.147345, -13.39848], [-47.14534, -13.394464], [-47.145025, -13.393722], [-47.144767, -13.392958], [-47.144568, -13.392179], [-47.144468, -13.391652], [-47.144154, -13.389736], [-47.144076, -13.389401], [-47.143992, -13.389173], [-47.14382, -13.38885], [-47.142917, -13.387641], [-47.14276, -13.387397], [-47.142646, -13.387174], [-47.142562, -13.386953], [-47.14248, -13.386607], [-47.142455, -13.386254], [-47.14247, -13.386018], [-47.142525, -13.385721], [-47.142623, -13.385394], [-47.143444, -13.38316], [-47.143765, -13.382385], [-47.144146, -13.381637], [-47.145939, -13.378608], [-47.146146, -13.378288], [-47.146294, -13.378108], [-47.146538, -13.377877], [-47.147494, -13.37717], [-47.147728, -13.376981], [-47.147923, -13.376785], [-47.148126, -13.376519], [-47.148253, -13.376295], [-47.148372, -13.376021], [-47.149144, -13.373916], [-47.149222, -13.373565], [-47.149253, -13.373082], [-47.149223, -13.368734], [-47.149202, -13.368388], [-47.149146, -13.368084], [-47.149078, -13.367867], [-47.148988, -13.367657], [-47.148773, -13.367305], [-47.147122, -13.365323], [-47.146813, -13.364895], [-47.146649, -13.364572], [-47.146569, -13.36434], [-47.146515, -13.364102], [-47.146484, -13.363737], [-47.146518, -13.363344], [-47.146638, -13.362893], [-47.148006, -13.359317], [-47.148101, -13.359022], [-47.148148, -13.358806], [-47.14819, -13.358442], [-47.148557, -13.352779], [-47.148597, -13.352402], [-47.148685, -13.352053], [-47.148829, -13.351722], [-47.149071, -13.351351], [-47.149333, -13.351006], [-47.149501, -13.350811], [-47.149823, -13.350522], [-47.150888, -13.349773], [-47.151356, -13.349384], [-47.152591, -13.348165], [-47.152808, -13.347892], [-47.152989, -13.347575], [-47.153104, -13.347272], [-47.153195, -13.346895], [-47.1547, -13.338868], [-47.154797, -13.338424], [-47.154942, -13.337994], [-47.155087, -13.337682], [-47.156516, -13.335084], [-47.156597, -13.334896], [-47.15667, -13.334667], [-47.156733, -13.334313], [-47.156737, -13.333932], [-47.156669, -13.333489], [-47.154178, -13.321864], [-47.154094, -13.321402], [-47.154053, -13.320791], [-47.153859, -13.309164], [-47.153834, -13.30878], [-47.153759, -13.308394], [-47.153628, -13.308024], [-47.153437, -13.307648], [-47.145085, -13.292885], [-47.144945, -13.292602], [-47.144848, -13.292336], [-47.144785, -13.292078], [-47.144752, -13.291815], [-47.144752, -13.291343], [-47.145284, -13.27902], [-47.145325, -13.278567], [-47.145401, -13.278258], [-47.145492, -13.278018], [-47.149504, -13.26845], [-47.149691, -13.267952], [-47.149789, -13.267546], [-47.149832, -13.267069], [-47.149822, -13.266702], [-47.149728, -13.265134], [-47.149728, -13.264849], [-47.149749, -13.264588], [-47.149792, -13.264329], [-47.149861, -13.264064], [-47.150193, -13.263102], [-47.150244, -13.262871], [-47.15027, -13.262635], [-47.150271, -13.262398], [-47.150246, -13.262162], [-47.150197, -13.261931], [-47.150118, -13.261694], [-47.148778, -13.258908], [-47.148615, -13.258523], [-47.148514, -13.258207], [-47.148446, -13.257883], [-47.148397, -13.257469], [-47.14814, -13.253469], [-47.148079, -13.252964], [-47.147986, -13.252604], [-47.147861, -13.252275], [-47.146679, -13.24974], [-47.14654, -13.249399], [-47.146473, -13.249163], [-47.146426, -13.248917], [-47.146263, -13.247528], [-47.146263, -13.247127], [-47.146295, -13.246889], [-47.146343, -13.246687], [-47.147331, -13.243855], [-47.147414, -13.243569], [-47.147458, -13.243321], [-47.147473, -13.242996], [-47.14745, -13.242717], [-47.14704, -13.239952], [-47.147026, -13.239617], [-47.147062, -13.239224], [-47.147115, -13.238976], [-47.147204, -13.238683], [-47.148147, -13.235968], [-47.148366, -13.235458], [-47.14849, -13.235251], [-47.14864, -13.235052], [-47.148811, -13.234871], [-47.149002, -13.234709], [-47.14921, -13.234568], [-47.149432, -13.23445], [-47.149751, -13.234331], [-47.150156, -13.234239], [-47.152638, -13.233912], [-47.153106, -13.233829], [-47.153433, -13.233735], [-47.153678, -13.233635], [-47.153912, -13.233513], [-47.154132, -13.23337], [-47.154382, -13.233168], [-47.154631, -13.232916], [-47.155716, -13.231607], [-47.156049, -13.231235], [-47.1564, -13.230879], [-47.156957, -13.230374], [-47.158715, -13.228883], [-47.158936, -13.228672], [-47.159108, -13.228472], [-47.159307, -13.228164], [-47.15941, -13.227943], [-47.159495, -13.22769], [-47.159557, -13.227393], [-47.160402, -13.219803], [-47.160489, -13.219345], [-47.160624, -13.218984], [-47.160741, -13.218773], [-47.160881, -13.218575], [-47.161043, -13.218394], [-47.161235, -13.21822], [-47.163835, -13.216348], [-47.164211, -13.216037], [-47.164477, -13.215739], [-47.164697, -13.215406], [-47.165098, -13.21453], [-47.165268, -13.214238], [-47.165425, -13.214035], [-47.165604, -13.213851], [-47.165803, -13.213687], [-47.16602, -13.213547], [-47.166252, -13.213431], [-47.16662, -13.213307], [-47.166875, -13.213259], [-47.16717, -13.213239], [-47.175015, -13.213686], [-47.175307, -13.213686], [-47.175603, -13.213661], [-47.175896, -13.213609], [-47.176279, -13.213499], [-47.215574, -13.198519], [-47.215926, -13.198349], [-47.216192, -13.19818], [-47.216466, -13.197943], [-47.216698, -13.197668], [-47.216882, -13.19736], [-47.217006, -13.197063], [-47.217109, -13.196725], [-47.217271, -13.196064]]}, "properties": {"SNV": "010BGO0182", "fid": 13, "EXT_KM": 32.6, "GEOCOD": "010BGO0182", "TRECHO": "PORTO REAL - RIO BEZERRA (DIV GO/TO)", "RODOVIA": "BR-010", "SITUACAO": "PLA"}}, {"type": "Feature", "geometry": {"crs": {"type": "name", "properties": {"name": "EPSG:4674"}}, "type": "LineString", "coordinates": [[-46.958805, -14.918581], [-46.947502, -14.914506], [-46.947397, -14.914471], [-46.947278, -14.91446], [-46.947083, -14.914361], [-46.94664, -14.914198], [-46.939771, -14.911755], [-46.935095, -14.910067], [-46.934932, -14.91004], [-46.9348, -14.909967], [-46.93459, -14.909883], [-46.918819, -14.904196], [-46.914608, -14.902664], [-46.908842, -14.900585], [-46.90779, -14.900212], [-46.907566, -14.900155], [-46.907247, -14.900012], [-46.904272, -14.898935], [-46.902911, -14.898447], [-46.902736, -14.898411], [-46.902533, -14.898306], [-46.902386, -14.89825], [-46.890503, -14.893972], [-46.865423, -14.884897], [-46.862268, -14.883763], [-46.862117, -14.883735], [-46.861817, -14.883593], [-46.860039, -14.882947], [-46.845528, -14.87756], [-46.795853, -14.859069], [-46.783067, -14.85387], [-46.778881, -14.852176], [-46.77849, -14.852033], [-46.778093, -14.851909], [-46.777484, -14.851767], [-46.735388, -14.843296], [-46.734787, -14.843158], [-46.734217, -14.842981], [-46.733853, -14.842835], [-46.733325, -14.842573], [-46.732994, -14.84238], [-46.732671, -14.842165], [-46.732364, -14.841934], [-46.73208, -14.841693], [-46.731556, -14.841169], [-46.731077, -14.840551], [-46.728471, -14.836669], [-46.72591, -14.832809], [-46.724096, -14.830112], [-46.720091, -14.824091], [-46.713833, -14.814736], [-46.71061, -14.809883], [-46.709143, -14.807707], [-46.705127, -14.802039], [-46.704368, -14.800981], [-46.704268, -14.800883], [-46.70416, -14.800682], [-46.703408, -14.799617], [-46.696703, -14.79018], [-46.677601, -14.7632], [-46.677025, -14.762422], [-46.676782, -14.762142], [-46.676398, -14.761761], [-46.676009, -14.761424], [-46.675622, -14.761133], [-46.675128, -14.76082], [-46.674783, -14.760637], [-46.674182, -14.760356]]}, "properties": {"SNV": "030BGO0165", "fid": 30, "EXT_KM": 38, "GEOCOD": "030BGO0165", "TRECHO": "ENTR GO-114 (P/FLORES DE GOIÁS) - SANTA MARIA", "RODOVIA": "BR-030", "SITUACAO": "PAV"}}, {"type": "Feature", "geometry": {"crs": {"type": "name", "properties": {"name": "EPSG:4674"}}, "type": "LineString", "coordinates": [[-46.674182, -14.760356], [-46.658641, -14.75317], [-46.658118, -14.75292], [-46.657628, -14.752651], [-46.65703, -14.752249], [-46.656604, -14.751903], [-46.656071, -14.751385], [-46.655716, -14.75097], [-46.655315, -14.750399], [-46.654971, -14.749806], [-46.654678, -14.749158], [-46.654502, -14.748633], [-46.654367, -14.748078], [-46.65427, -14.747494], [-46.654221, -14.74709], [-46.653512, -14.740402], [-46.651114, -14.718304], [-46.649291, -14.701677], [-46.648876, -14.698231], [-46.648833, -14.697911], [-46.648804, -14.697835], [-46.6488, -14.69761], [-46.648777, -14.697381], [-46.648177, -14.692284], [-46.647887, -14.689916], [-46.647845, -14.689786], [-46.647832, -14.689427], [-46.644784, -14.663827], [-46.644643, -14.6629], [-46.644562, -14.662556], [-46.64446, -14.662214], [-46.644338, -14.661873], [-46.6442, -14.661542], [-46.643897, -14.660944], [-46.643723, -14.660652], [-46.643339, -14.660102], [-46.632039, -14.64533], [-46.623847, -14.634632], [-46.623508, -14.634198], [-46.62341, -14.634102], [-46.623267, -14.633885], [-46.622846, -14.633325], [-46.619364, -14.628779], [-46.615481, -14.623672], [-46.61151, -14.618507], [-46.609847, -14.616308], [-46.605107, -14.610125], [-46.603768, -14.608365], [-46.602919, -14.607207], [-46.602365, -14.606492], [-46.601616, -14.605564], [-46.592738, -14.593942], [-46.591572, -14.592477], [-46.589658, -14.590206], [-46.588448, -14.588863], [-46.587679, -14.587983], [-46.567022, -14.564224], [-46.561895, -14.558342], [-46.561404, -14.557803], [-46.560913, -14.557215], [-46.557576, -14.553363], [-46.542474, -14.536], [-46.539803, -14.532941], [-46.539713, -14.532868], [-46.539493, -14.532576], [-46.533349, -14.525517], [-46.524335, -14.515086], [-46.523472, -14.514124], [-46.523357, -14.514051], [-46.523144, -14.513726], [-46.522535, -14.512999], [-46.495346, -14.481486]]}, "properties": {"SNV": "030BGO0170", "fid": 31, "EXT_KM": 37.8, "GEOCOD": "030BGO0170", "TRECHO": "SANTA MARIA - ENTR GO-112 (ALVORADA DO NORTE)", "RODOVIA": "BR-030", "SITUACAO": "PAV"}}, {"type": "Feature", "geometry": {"crs": {"type": "name", "properties": {"name": "EPSG:4674"}}, "type": "LineString", "coordinates": [[-47.343388, -15.581526], [-47.340417, -15.580859], [-47.33466, -15.579514], [-47.334303, -15.579406], [-47.333797, -15.579205], [-47.333323, -15.578967], [-47.332877, -15.578692], [-47.332593, -15.578492], [-47.332195, -15.578166], [-47.329065, -15.575338], [-47.328734, -15.575044], [-47.328636, -15.574982], [-47.32845, -15.57478], [-47.327063, -15.573519], [-47.318929, -15.566176], [-47.315604, -15.563147]]}, "properties": {"SNV": "020BGO0090", "fid": 14, "EXT_KM": 3.7, "GEOCOD": "020BGO0090", "TRECHO": "DIV DF/GO - ACESSO A FORMOSA", "RODOVIA": "BR-020", "SITUACAO": "PAV"}}, {"type": "Feature", "geometry": {"crs": {"type": "name", "properties": {"name": "EPSG:4674"}}, "type": "LineString", "coordinates": [[-47.315604, -15.563147], [-47.312817, -15.560639], [-47.300127, -15.549082], [-47.299371, -15.548404], [-47.299077, -15.548161], [-47.298626, -15.547843], [-47.298003, -15.547482], [-47.297517, -15.547256], [-47.297017, -15.547075], [-47.296337, -15.546897], [-47.295657, -15.54679], [-47.294994, -15.546756], [-47.294488, -15.546776], [-47.293784, -15.546862], [-47.293089, -15.547024], [-47.292588, -15.547193], [-47.291759, -15.547533], [-47.285385, -15.550253], [-47.283519, -15.551015], [-47.282378, -15.551534], [-47.280159, -15.55249], [-47.266794, -15.558187], [-47.265277, -15.558818], [-47.264872, -15.558967], [-47.264266, -15.559217], [-47.263085, -15.559757], [-47.247977, -15.566196], [-47.247877, -15.566271], [-47.247566, -15.56637], [-47.247216, -15.566518], [-47.246937, -15.566656], [-47.246602, -15.566776], [-47.246523, -15.566816], [-47.246424, -15.566899], [-47.246233, -15.56695], [-47.245961, -15.567057], [-47.241349, -15.56901], [-47.240956, -15.569153], [-47.240574, -15.569267], [-47.240189, -15.569357], [-47.239794, -15.569426], [-47.239389, -15.569471], [-47.238992, -15.56949], [-47.238602, -15.569492], [-47.238217, -15.569463], [-47.237642, -15.569382], [-47.23707, -15.569252], [-47.235329, -15.568728], [-47.197086, -15.556938], [-47.191855, -15.555337], [-47.182979, -15.552584], [-47.164691, -15.546949]]}, "properties": {"SNV": "020BGO0110", "fid": 15, "EXT_KM": 18.3, "GEOCOD": "020BGO0110", "TRECHO": "ACESSO A FORMOSA - ENTR GO-346 (P/CABEÇEIRAS)", "RODOVIA": "BR-020", "SITUACAO": "PAV"}}, {"type": "Feature", "geometry": {"crs": {"type": "name", "properties": {"name": "EPSG:4674"}}, "type": "LineString", "coordinates": [[-46.185531, -14.424537], [-46.185265, -14.424591], [-46.184523, -14.424603], [-46.183787, -14.424689], [-46.183333, -14.424781], [-46.182888, -14.42491], [-46.182453, -14.425066], [-46.182114, -14.425212], [-46.181785, -14.425377], [-46.181309, -14.425659], [-46.181007, -14.425869], [-46.180718, -14.426096], [-46.180509, -14.426278], [-46.180118, -14.42666], [-46.179514, -14.427371]]}, "properties": {"SNV": "030BGO0185", "fid": 34, "EXT_KM": 0.8, "GEOCOD": "030BGO0185", "TRECHO": "ACESSO OESTE VILA NOVA (MAMBAÍ) - ACESSO SUL VILA NOVA (MAMBAÍ)", "RODOVIA": "BR-030", "SITUACAO": "PLA"}}, {"type": "Feature", "geometry": {"crs": {"type": "name", "properties": {"name": "EPSG:4674"}}, "type": "LineString", "coordinates": [[-49.325184, -16.695022], [-49.324995, -16.694994], [-49.324844, -16.695005], [-49.324673, -16.694953], [-49.324469, -16.694861], [-49.322299, -16.693513], [-49.321977, -16.693348], [-49.321423, -16.693149]]}, "properties": {"SNV": "060AGO1005", "fid": 56, "EXT_KM": 0.4, "GEOCOD": "060AGO1005", "TRECHO": "AV. FREI MIGUELINO/PEDRO LUDOVICO (GOIÂNIA) - FINAL PISTA DUPLA (GOIÂNIA)", "RODOVIA": "BR-060", "SITUACAO": "DUP"}}, {"type": "Feature", "geometry": {"crs": {"type": "name", "properties": {"name": "EPSG:4674"}}, "type": "LineString", "coordinates": [[-49.321423, -16.693149], [-49.319367, -16.692614]]}, "properties": {"SNV": "060AGO1010", "fid": 57, "EXT_KM": 0.2, "GEOCOD": "060AGO1010", "TRECHO": "FINAL PISTA DUPLA (GOIÂNIA) - ENTR AV PEDRO LUDOVICO C/ AV CONSOLAÇÃO", "RODOVIA": "BR-060", "SITUACAO": "PAV"}}, {"type": "Feature", "geometry": {"crs": {"type": "name", "properties": {"name": "EPSG:4674"}}, "type": "LineString", "coordinates": [[-47.164691, -15.546949], [-47.162145, -15.546146], [-47.16095, -15.545751], [-47.159886, -15.545452], [-47.158613, -15.54507], [-47.138564, -15.538875], [-47.138207, -15.538738], [-47.137693, -15.538508], [-47.137203, -15.538256], [-47.136893, -15.538077], [-47.136441, -15.537787], [-47.136141, -15.537572], [-47.13543, -15.53698], [-47.135036, -15.536596], [-47.134648, -15.536171], [-47.134273, -15.535696], [-47.133906, -15.535169], [-47.120835, -15.515105], [-47.119303, -15.512723], [-47.117509, -15.510003], [-47.108435, -15.49605], [-47.106674, -15.493395]]}, "properties": {"SNV": "020BGO0120", "fid": 16, "EXT_KM": 9, "GEOCOD": "020BGO0120", "TRECHO": "ENTR GO-346 (P/CABEÇEIRAS) - ENTR GO-468 (DISTRITO DE BEZERRA)", "RODOVIA": "BR-020", "SITUACAO": "PAV"}}, {"type": "Feature", "geometry": {"crs": {"type": "name", "properties": {"name": "EPSG:4674"}}, "type": "LineString", "coordinates": [[-47.106674, -15.493395], [-47.106438, -15.493007], [-47.105395, -15.491409], [-47.104956, -15.490701], [-47.103709, -15.488787], [-47.10336, -15.488205], [-47.102997, -15.487482], [-47.102685, -15.486743], [-47.102417, -15.485948], [-47.102235, -15.485255], [-47.102119, -15.484679], [-47.10197, -15.483703], [-47.097419, -15.450186], [-47.097282, -15.449099], [-47.097231, -15.44844], [-47.097231, -15.447996], [-47.097276, -15.447333], [-47.098377, -15.435855], [-47.098442, -15.434984], [-47.09883, -15.42463], [-47.100491, -15.378162], [-47.100529, -15.377303], [-47.100567, -15.376887], [-47.100624, -15.376481], [-47.10074, -15.375919], [-47.10084, -15.375552], [-47.100966, -15.375171], [-47.101213, -15.374566], [-47.104652, -15.366648], [-47.104933, -15.366042], [-47.105246, -15.36547], [-47.105475, -15.365111], [-47.105723, -15.364764], [-47.105994, -15.364432], [-47.106286, -15.364112], [-47.107262, -15.363188], [-47.110597, -15.360154], [-47.111386, -15.35942], [-47.11168, -15.35912], [-47.111957, -15.358808], [-47.112448, -15.358143], [-47.112777, -15.357608], [-47.11353, -15.356294], [-47.12126, -15.342709], [-47.121423, -15.342413], [-47.121473, -15.34227], [-47.121675, -15.341982], [-47.12289, -15.339835], [-47.12299, -15.339711], [-47.123048, -15.339563], [-47.131968, -15.323935], [-47.134922, -15.318731], [-47.135093, -15.318394], [-47.135205, -15.318226], [-47.135688, -15.317385], [-47.135822, -15.317206], [-47.135881, -15.317038], [-47.135981, -15.31686], [-47.141636, -15.30693], [-47.142884, -15.304766], [-47.143111, -15.304412], [-47.143359, -15.304067], [-47.143779, -15.303562], [-47.146531, -15.300641], [-47.147122, -15.299987], [-47.147399, -15.29964], [-47.147651, -15.299276], [-47.147872, -15.298916], [-47.148069, -15.298543], [-47.148251, -15.298151], [-47.148416, -15.29774], [-47.149031, -15.295978], [-47.151659, -15.2883], [-47.155189, -15.27806], [-47.159365, -15.265849], [-47.159865, -15.264449], [-47.160064, -15.264005], [-47.160185, -15.263778], [-47.160495, -15.263287], [-47.16088, -15.262785], [-47.161153, -15.262483], [-47.16158, -15.262079], [-47.16256, -15.261237], [-47.162808, -15.261004], [-47.163043, -15.26075], [-47.163264, -15.26048], [-47.163566, -15.260042], [-47.163903, -15.259415], [-47.164103, -15.258916], [-47.164248, -15.258387], [-47.164573, -15.256948], [-47.164742, -15.256427], [-47.164949, -15.255928], [-47.165113, -15.255607], [-47.165396, -15.25514], [-47.166693, -15.253366], [-47.166924, -15.25302], [-47.167244, -15.252457], [-47.167461, -15.251935], [-47.167677, -15.251174], [-47.167892, -15.250241], [-47.171065, -15.236008], [-47.172891, -15.227762], [-47.173038, -15.227045], [-47.173104, -15.226539], [-47.173113, -15.226053], [-47.173052, -15.22557], [-47.172979, -15.225253], [-47.17288, -15.224944], [-47.172679, -15.22449], [-47.17241, -15.224058], [-47.172081, -15.223659], [-47.171833, -15.223419], [-47.171578, -15.223207], [-47.171189, -15.222948], [-47.170636, -15.222684], [-47.170345, -15.222578], [-47.169878, -15.222463], [-47.169384, -15.222398], [-47.169046, -15.222391], [-47.168695, -15.222413], [-47.16621, -15.222771], [-47.165832, -15.222805], [-47.165453, -15.222819], [-47.164893, -15.222799], [-47.164343, -15.222733], [-47.1638, -15.222623], [-47.163275, -15.222469], [-47.162601, -15.222196], [-47.1621, -15.221938], [-47.161623, -15.221633], [-47.161318, -15.221406], [-47.161024, -15.221161], [-47.160613, -15.22076], [-47.160366, -15.220482], [-47.160136, -15.220191], [-47.159819, -15.219724], [-47.159634, -15.219404], [-47.159471, -15.219083], [-47.159215, -15.218446], [-47.157977, -15.214527], [-47.157805, -15.214067], [-47.157711, -15.213648], [-47.157016, -15.211417], [-47.151993, -15.195505], [-47.142687, -15.165852], [-47.142019, -15.163773], [-47.141504, -15.162365], [-47.140895, -15.1609], [-47.135451, -15.14848]]}, "properties": {"SNV": "020BGO0130", "fid": 17, "EXT_KM": 41.8, "GEOCOD": "020BGO0130", "TRECHO": "ENTR GO-468 (DISTRITO DE BEZERRA) - ENTR GO-458 (P/SANTA ROSA)", "RODOVIA": "BR-020", "SITUACAO": "PAV"}}, {"type": "Feature", "geometry": {"crs": {"type": "name", "properties": {"name": "EPSG:4674"}}, "type": "LineString", "coordinates": [[-46.495346, -14.481486], [-46.490763, -14.476178], [-46.490434, -14.475838], [-46.490313, -14.475658], [-46.488674, -14.47374], [-46.486546, -14.471296], [-46.462186, -14.443032], [-46.46194, -14.442724], [-46.461598, -14.442258], [-46.461181, -14.441625], [-46.460902, -14.441142]]}, "properties": {"SNV": "020BGO0190", "fid": 21, "EXT_KM": 5.8, "GEOCOD": "020BGO0190", "TRECHO": "ENTR GO-112 (ALVORADA DO NORTE) - ENTR GO-236 (P/MAMBAÍ)", "RODOVIA": "BR-020", "SITUACAO": "PAV"}}, {"type": "Feature", "geometry": {"crs": {"type": "name", "properties": {"name": "EPSG:4674"}}, "type": "LineString", "coordinates": [[-46.460902, -14.441142], [-46.460504, -14.440357], [-46.460221, -14.43969], [-46.459982, -14.439001], [-46.459781, -14.438277], [-46.457184, -14.42762], [-46.456905, -14.426423], [-46.450102, -14.398418], [-46.449624, -14.396404], [-46.443458, -14.371164], [-46.443234, -14.370176], [-46.443181, -14.3698], [-46.443152, -14.369423], [-46.443146, -14.368679], [-46.443168, -14.368298], [-46.443211, -14.367916], [-46.443347, -14.36718], [-46.443495, -14.366635], [-46.443629, -14.366262], [-46.444778, -14.363407], [-46.445017, -14.362608], [-46.445164, -14.361857], [-46.44525, -14.361128], [-46.445271, -14.360416], [-46.445248, -14.359869], [-46.445212, -14.359493], [-46.445158, -14.35911], [-46.445044, -14.358528], [-46.44489, -14.357946], [-46.444694, -14.357366], [-46.444382, -14.356636], [-46.444111, -14.356113], [-46.44391, -14.355765], [-46.443592, -14.355282], [-46.4425, -14.353796], [-46.441202, -14.351927], [-46.440914, -14.351441], [-46.440747, -14.351105], [-46.440237, -14.349895], [-46.440071, -14.349352], [-46.439913, -14.348605], [-46.439361, -14.344772], [-46.439248, -14.344127], [-46.439067, -14.343439], [-46.438788, -14.342511], [-46.437209, -14.337494], [-46.437102, -14.337118], [-46.437016, -14.336741], [-46.436936, -14.33617], [-46.436915, -14.335793], [-46.436924, -14.33542], [-46.436954, -14.335051], [-46.43704, -14.334511], [-46.437124, -14.334161], [-46.437292, -14.333667], [-46.437417, -14.333365], [-46.437633, -14.332955], [-46.438262, -14.332076], [-46.438673, -14.331573], [-46.441422, -14.3285], [-46.441597, -14.328256], [-46.44176, -14.327986], [-46.442161, -14.327229], [-46.442471, -14.326543], [-46.442609, -14.326171], [-46.442727, -14.325797], [-46.44287, -14.325231], [-46.442946, -14.324839], [-46.443027, -14.32422], [-46.443302, -14.32122], [-46.443356, -14.320746], [-46.44341, -14.320425], [-46.44356, -14.319753], [-46.443713, -14.31923], [-46.443903, -14.318717], [-46.444128, -14.318202], [-46.444489, -14.31752], [-46.444809, -14.317009], [-46.445048, -14.316669], [-46.44531, -14.316335], [-46.447058, -14.314258], [-46.447295, -14.31395], [-46.447627, -14.313463], [-46.448021, -14.312802], [-46.448356, -14.312151], [-46.448597, -14.311596], [-46.448854, -14.310849], [-46.44903, -14.310241], [-46.449136, -14.309778], [-46.449254, -14.309109], [-46.449339, -14.308439], [-46.449386, -14.307867], [-46.449391, -14.307472], [-46.449379, -14.307071], [-46.449313, -14.306296], [-46.449261, -14.305912], [-46.449187, -14.305519], [-46.448847, -14.304304], [-46.448642, -14.303722], [-46.44849, -14.30335], [-46.448249, -14.302818], [-46.447925, -14.302159], [-46.447653, -14.301704], [-46.447232, -14.301091], [-46.446998, -14.30079], [-46.446487, -14.300198], [-46.446051, -14.299745], [-46.445581, -14.299312], [-46.445249, -14.299031], [-46.444717, -14.298625], [-46.443713, -14.297968], [-46.440159, -14.295746], [-46.438922, -14.29495], [-46.434519, -14.292182], [-46.433681, -14.291712], [-46.432882, -14.291333], [-46.432219, -14.291056], [-46.431807, -14.29091], [-46.430896, -14.290631], [-46.430236, -14.290469], [-46.427154, -14.289894], [-46.414496, -14.287583], [-46.413811, -14.287446], [-46.413376, -14.287331], [-46.412759, -14.287121], [-46.412051, -14.286811], [-46.411581, -14.28656], [-46.41096, -14.286154], [-46.410356, -14.285686], [-46.4098, -14.285153], [-46.409405, -14.284699], [-46.408927, -14.284044], [-46.408356, -14.283178], [-46.407619, -14.282111], [-46.404682, -14.277765], [-46.40409, -14.276988], [-46.403713, -14.276544], [-46.403315, -14.27611], [-46.402744, -14.275546], [-46.402278, -14.275131], [-46.401798, -14.274731], [-46.401301, -14.274354], [-46.400769, -14.273985], [-46.400045, -14.27353], [-46.399483, -14.273217], [-46.398711, -14.272835], [-46.397739, -14.27243], [-46.396962, -14.272156], [-46.395987, -14.271881], [-46.395353, -14.271742], [-46.393722, -14.271432], [-46.375494, -14.268094], [-46.374683, -14.267924], [-46.373928, -14.267715], [-46.373546, -14.267584], [-46.372997, -14.267362], [-46.372322, -14.267029], [-46.371714, -14.266654], [-46.371113, -14.26623], [-46.370404, -14.265625], [-46.36987, -14.265076], [-46.369369, -14.264458], [-46.368079, -14.262648], [-46.364066, -14.256895], [-46.359609, -14.250553], [-46.358191, -14.24851], [-46.357956, -14.248148], [-46.357628, -14.247592], [-46.357329, -14.247027], [-46.356666, -14.245704], [-46.355003, -14.242342], [-46.354645, -14.241719], [-46.354262, -14.241145], [-46.353941, -14.240731], [-46.353583, -14.240318], [-46.352688, -14.239351]]}, "properties": {"SNV": "020BGO0195", "fid": 22, "EXT_KM": 29.4, "GEOCOD": "020BGO0195", "TRECHO": "ENTR GO-236 (P/MAMBAÍ) - ENTR GO-108", "RODOVIA": "BR-020", "SITUACAO": "PAV"}}, {"type": "Feature", "geometry": {"crs": {"type": "name", "properties": {"name": "EPSG:4674"}}, "type": "LineString", "coordinates": [[-46.352688, -14.239351], [-46.337033, -14.222556], [-46.336635, -14.222098], [-46.3362, -14.221486], [-46.335921, -14.220995], [-46.335763, -14.220652], [-46.335626, -14.220304], [-46.335509, -14.219951], [-46.335381, -14.219433], [-46.335314, -14.219089], [-46.335162, -14.218094], [-46.334773, -14.215376], [-46.33427, -14.212095], [-46.333632, -14.207689], [-46.332632, -14.201014], [-46.332513, -14.200088], [-46.332286, -14.198711], [-46.330687, -14.18785], [-46.327992, -14.169733], [-46.327479, -14.166238], [-46.327308, -14.164879], [-46.327221, -14.164303], [-46.327041, -14.163291], [-46.326808, -14.161761], [-46.324732, -14.147762], [-46.324659, -14.147321], [-46.32456, -14.146881], [-46.324352, -14.146227], [-46.324178, -14.145801], [-46.323982, -14.14538], [-46.317373, -14.131597], [-46.310179, -14.116647], [-46.309401, -14.115019], [-46.309042, -14.114194]]}, "properties": {"SNV": "020BGO0200", "fid": 23, "EXT_KM": 15, "GEOCOD": "020BGO0200", "TRECHO": "ENTR GO-108 - ENTR BR-020/349/GO-108 (P/POSSE)", "RODOVIA": "BR-020", "SITUACAO": "PAV"}}, {"type": "Feature", "geometry": {"crs": {"type": "name", "properties": {"name": "EPSG:4674"}}, "type": "LineString", "coordinates": [[-46.309042, -14.114194], [-46.308912, -14.113986], [-46.307724, -14.111525], [-46.300017, -14.095462], [-46.299641, -14.09465], [-46.296915, -14.08902], [-46.295727, -14.086521], [-46.294867, -14.08466], [-46.293644, -14.082198], [-46.291577, -14.077887], [-46.291105, -14.076952], [-46.2907, -14.076266], [-46.290086, -14.0753], [-46.28302, -14.064355], [-46.279577, -14.05893], [-46.277709, -14.056105], [-46.273563, -14.049676], [-46.273205, -14.049174], [-46.272666, -14.048556], [-46.272219, -14.048114], [-46.271556, -14.047569], [-46.271198, -14.047316], [-46.270268, -14.046723], [-46.269317, -14.046087], [-46.267613, -14.045053], [-46.254678, -14.036909], [-46.251784, -14.035079], [-46.249921, -14.033864], [-46.24775, -14.032543], [-46.239519, -14.027396], [-46.23901, -14.027047], [-46.234348, -14.024092], [-46.217839, -14.013703], [-46.212254, -14.010172], [-46.211078, -14.009298], [-46.209881, -14.008114], [-46.209173, -14.007208], [-46.20852, -14.006153], [-46.191899, -13.974863], [-46.191583, -13.974126], [-46.191356, -13.973317], [-46.191245, -13.972478], [-46.191268, -13.970834], [-46.191352, -13.969052], [-46.191446, -13.968501], [-46.191618, -13.967996], [-46.191862, -13.967554], [-46.192162, -13.967169], [-46.192497, -13.966825], [-46.196602, -13.963012], [-46.196924, -13.962648], [-46.197214, -13.962273], [-46.197619, -13.961557], [-46.197861, -13.960966], [-46.198094, -13.960077], [-46.19816, -13.959493], [-46.198178, -13.958951], [-46.198122, -13.958312], [-46.197733, -13.956491]]}, "properties": {"SNV": "020BGO0210", "fid": 24, "EXT_KM": 22.8, "GEOCOD": "020BGO0210", "TRECHO": "ENTR BR-020/349/GO-108 (P/POSSE) - VILA ROSÁRIO (DIV GO/BA)", "RODOVIA": "BR-020", "SITUACAO": "PAV"}}, {"type": "Feature", "geometry": {"crs": {"type": "name", "properties": {"name": "EPSG:4674"}}, "type": "LineString", "coordinates": [[-47.343388, -15.581526], [-47.340417, -15.580859], [-47.33466, -15.579514], [-47.334303, -15.579406], [-47.333797, -15.579205], [-47.333323, -15.578967], [-47.332877, -15.578692], [-47.332593, -15.578492], [-47.332195, -15.578166], [-47.329065, -15.575338], [-47.328734, -15.575044], [-47.328636, -15.574982], [-47.32845, -15.57478], [-47.327063, -15.573519], [-47.318929, -15.566176], [-47.315604, -15.563147]]}, "properties": {"SNV": "030BGO0090", "fid": 25, "EXT_KM": 3.7, "GEOCOD": "030BGO0090", "TRECHO": "DIV DF/GO - ACESSO A FORMOSA", "RODOVIA": "BR-030", "SITUACAO": "PAV"}}, {"type": "Feature", "geometry": {"crs": {"type": "name", "properties": {"name": "EPSG:4674"}}, "type": "LineString", "coordinates": [[-47.315604, -15.563147], [-47.312817, -15.560639], [-47.300127, -15.549082], [-47.299371, -15.548404], [-47.299077, -15.548161], [-47.298626, -15.547843], [-47.298003, -15.547482], [-47.297517, -15.547256], [-47.297017, -15.547075], [-47.296337, -15.546897], [-47.295657, -15.54679], [-47.294994, -15.546756], [-47.294488, -15.546776], [-47.293784, -15.546862], [-47.293089, -15.547024], [-47.292588, -15.547193], [-47.291759, -15.547533], [-47.285385, -15.550253], [-47.283519, -15.551015], [-47.282378, -15.551534], [-47.280159, -15.55249], [-47.266794, -15.558187], [-47.265277, -15.558818], [-47.264872, -15.558967], [-47.264266, -15.559217], [-47.263085, -15.559757], [-47.247977, -15.566196], [-47.247877, -15.566271], [-47.247566, -15.56637], [-47.247216, -15.566518], [-47.246937, -15.566656], [-47.246602, -15.566776], [-47.246523, -15.566816], [-47.246424, -15.566899], [-47.246233, -15.56695], [-47.245961, -15.567057], [-47.241349, -15.56901], [-47.240956, -15.569153], [-47.240574, -15.569267], [-47.240189, -15.569357], [-47.239794, -15.569426], [-47.239389, -15.569471], [-47.238992, -15.56949], [-47.238602, -15.569492], [-47.238217, -15.569463], [-47.237642, -15.569382], [-47.23707, -15.569252], [-47.235329, -15.568728], [-47.197086, -15.556938], [-47.191855, -15.555337], [-47.182979, -15.552584], [-47.164691, -15.546949]]}, "properties": {"SNV": "030BGO0110", "fid": 26, "EXT_KM": 18.3, "GEOCOD": "030BGO0110", "TRECHO": "ACESSO A FORMOSA - ENTR GO-346 (P/CABEÇEIRAS)", "RODOVIA": "BR-030", "SITUACAO": "PAV"}}, {"type": "Feature", "geometry": {"crs": {"type": "name", "properties": {"name": "EPSG:4674"}}, "type": "LineString", "coordinates": [[-47.907106, -16.244678], [-47.906731, -16.245118], [-47.905751, -16.246381], [-47.905038, -16.247259], [-47.902868, -16.249734], [-47.902088, -16.250662], [-47.897491, -16.256488], [-47.896792, -16.25733], [-47.8964, -16.257899], [-47.895953, -16.258458], [-47.89536, -16.259139], [-47.893203, -16.261869], [-47.892239, -16.262985], [-47.891758, -16.26348], [-47.890811, -16.264336], [-47.889927, -16.265044], [-47.889007, -16.265699], [-47.888137, -16.266247], [-47.887118, -16.266816], [-47.886182, -16.267275], [-47.883274, -16.268561], [-47.881078, -16.269513], [-47.879928, -16.269966], [-47.87592, -16.271736], [-47.872543, -16.273198], [-47.871451, -16.273727], [-47.870384, -16.27419], [-47.869952, -16.274342], [-47.869282, -16.274677], [-47.863404, -16.277252], [-47.862818, -16.27756], [-47.862069, -16.278032], [-47.861503, -16.278468], [-47.860949, -16.278955], [-47.860554, -16.279357], [-47.860305, -16.279641], [-47.859953, -16.280083], [-47.859623, -16.280551], [-47.845809, -16.301639], [-47.845283, -16.302494], [-47.8448, -16.303384], [-47.844356, -16.304315], [-47.843962, -16.305279], [-47.843745, -16.305878], [-47.843437, -16.306875], [-47.843277, -16.307478], [-47.843001, -16.308662], [-47.841658, -16.31485], [-47.838533, -16.32906], [-47.833099, -16.353527], [-47.832667, -16.355318], [-47.832491, -16.355908], [-47.832294, -16.356484], [-47.831992, -16.357233], [-47.830822, -16.359609], [-47.828017, -16.36505], [-47.827599, -16.365903], [-47.827336, -16.366522], [-47.827172, -16.366982], [-47.827094, -16.367268], [-47.827006, -16.367731], [-47.826962, -16.368057], [-47.826941, -16.368401], [-47.826944, -16.368759], [-47.826971, -16.369128], [-47.827025, -16.369504], [-47.827106, -16.369882], [-47.827214, -16.370256], [-47.827348, -16.370625], [-47.827592, -16.371167], [-47.827906, -16.371686], [-47.829867, -16.374425], [-47.83019, -16.374952], [-47.830354, -16.375309], [-47.830469, -16.375671], [-47.830526, -16.37604], [-47.830532, -16.376408], [-47.830489, -16.376778], [-47.830393, -16.377145], [-47.830245, -16.377505], [-47.83005, -16.377851], [-47.82981, -16.378175], [-47.82955, -16.378492], [-47.827732, -16.380639], [-47.827382, -16.381102], [-47.827175, -16.381439], [-47.826993, -16.381798], [-47.826838, -16.382173], [-47.826658, -16.382752], [-47.82653, -16.383348], [-47.826131, -16.385542], [-47.824987, -16.392358], [-47.824792, -16.39361], [-47.824733, -16.394239], [-47.824305, -16.400087], [-47.824196, -16.400904], [-47.82405, -16.401522], [-47.823857, -16.40213], [-47.823502, -16.403114], [-47.823141, -16.404057], [-47.823018, -16.40443], [-47.82292, -16.404803], [-47.822827, -16.405361], [-47.822795, -16.405731], [-47.822786, -16.406096], [-47.822799, -16.406457], [-47.82285, -16.406921], [-47.823195, -16.409112], [-47.823353, -16.410251], [-47.823789, -16.412705], [-47.824924, -16.419775], [-47.824964, -16.420248], [-47.824957, -16.420782], [-47.824897, -16.421324], [-47.824783, -16.421869], [-47.824683, -16.422191], [-47.823826, -16.424543], [-47.823708, -16.424852], [-47.823558, -16.42519], [-47.823372, -16.425544], [-47.823081, -16.426004], [-47.822792, -16.426389], [-47.822495, -16.426729], [-47.822188, -16.427025], [-47.821767, -16.427372], [-47.821388, -16.427643], [-47.820968, -16.427898], [-47.820355, -16.42819], [-47.819124, -16.428631], [-47.818653, -16.428826], [-47.818153, -16.429086], [-47.817649, -16.429402], [-47.817174, -16.42978], [-47.816758, -16.430188], [-47.816514, -16.43047], [-47.816288, -16.430764], [-47.81599, -16.431235], [-47.815738, -16.431729], [-47.815597, -16.432074], [-47.815478, -16.432433], [-47.815384, -16.432806], [-47.815255, -16.433597], [-47.814664, -16.438124], [-47.814551, -16.438887], [-47.814477, -16.439263], [-47.814339, -16.439818], [-47.814225, -16.440178], [-47.814024, -16.440706], [-47.813877, -16.44104], [-47.813635, -16.44152], [-47.813458, -16.44183], [-47.813167, -16.442283], [-47.812637, -16.443029], [-47.809845, -16.446792], [-47.809398, -16.447429], [-47.809111, -16.447898], [-47.808855, -16.448365], [-47.808702, -16.44868], [-47.808436, -16.44933], [-47.808323, -16.449666], [-47.808178, -16.45018], [-47.808057, -16.450702], [-47.807995, -16.451064], [-47.807911, -16.451815], [-47.806894, -16.463106], [-47.806865, -16.46371], [-47.80687, -16.464294], [-47.806896, -16.464674], [-47.806965, -16.465231], [-47.807073, -16.465785], [-47.807213, -16.466339], [-47.80733, -16.466705], [-47.80753, -16.467241], [-47.807832, -16.467923], [-47.810152, -16.472843], [-47.810396, -16.473428], [-47.810653, -16.474225], [-47.810855, -16.475052], [-47.813825, -16.488574], [-47.813947, -16.489274], [-47.81401, -16.489975], [-47.814024, -16.490441], [-47.814016, -16.4909], [-47.814002, -16.491127], [-47.813949, -16.491343], [-47.81393, -16.49178], [-47.813815, -16.492386], [-47.813663, -16.492958], [-47.813416, -16.493701], [-47.809356, -16.50536], [-47.809232, -16.505752], [-47.809079, -16.506342], [-47.808962, -16.506939], [-47.808911, -16.507341], [-47.808862, -16.508167], [-47.808881, -16.508815], [-47.808979, -16.509694], [-47.809113, -16.510347], [-47.809291, -16.510979], [-47.809436, -16.511388], [-47.810676, -16.51454], [-47.81087, -16.515165], [-47.810974, -16.515583], [-47.811055, -16.515998], [-47.811154, -16.51681], [-47.811176, -16.51762], [-47.811143, -16.518237], [-47.811099, -16.518652], [-47.810944, -16.51948], [-47.810776, -16.520089], [-47.810568, -16.520691], [-47.808793, -16.525157], [-47.808452, -16.525931], [-47.808155, -16.526474], [-47.80794, -16.526811], [-47.80771, -16.52714], [-47.80746, -16.527456], [-47.807194, -16.527753], [-47.80691, -16.528039], [-47.805334, -16.52944], [-47.801167, -16.533085], [-47.800596, -16.53363], [-47.800211, -16.534069], [-47.799979, -16.534376], [-47.799772, -16.534689], [-47.799531, -16.535102], [-47.799377, -16.535415], [-47.79909, -16.536113], [-47.798996, -16.536281], [-47.798293, -16.538166], [-47.798045, -16.538729], [-47.797896, -16.539014], [-47.79771, -16.539319], [-47.797482, -16.539634], [-47.797217, -16.539954], [-47.796916, -16.540268], [-47.796478, -16.540648], [-47.795979, -16.540995], [-47.795568, -16.541235], [-47.795134, -16.54144], [-47.790684, -16.543306], [-47.790226, -16.543537], [-47.789779, -16.543812], [-47.78949, -16.544019], [-47.789213, -16.544246], [-47.788962, -16.544492], [-47.788742, -16.544743], [-47.788246, -16.545405], [-47.788073, -16.545689], [-47.787847, -16.546136], [-47.787715, -16.546446], [-47.787605, -16.546766], [-47.787479, -16.54726], [-47.78742, -16.547596], [-47.787385, -16.547935], [-47.78737, -16.548274], [-47.78739, -16.548787], [-47.787431, -16.549132], [-47.787569, -16.549827], [-47.787961, -16.551532], [-47.789159, -16.555867], [-47.789387, -16.556825], [-47.789654, -16.557663], [-47.789975, -16.558923], [-47.79119, -16.563311], [-47.791334, -16.563905], [-47.791402, -16.564294], [-47.791462, -16.564872], [-47.791478, -16.565258], [-47.791467, -16.565838], [-47.791435, -16.566212], [-47.791359, -16.566731], [-47.791162, -16.567567], [-47.790924, -16.568236], [-47.790701, -16.568731], [-47.790445, -16.569222], [-47.789802, -16.570371], [-47.789283, -16.571353], [-47.788992, -16.571824], [-47.788103, -16.573399], [-47.780592, -16.586792], [-47.779765, -16.58829], [-47.779299, -16.589181], [-47.779201, -16.589295], [-47.778835, -16.589954], [-47.77859, -16.590431], [-47.778331, -16.590845], [-47.777832, -16.591724], [-47.77181, -16.602427], [-47.77135, -16.603148], [-47.770875, -16.603739], [-47.770296, -16.604355], [-47.769616, -16.604956], [-47.741951, -16.62684], [-47.741452, -16.627248], [-47.741132, -16.627535], [-47.740829, -16.627841], [-47.740406, -16.628331], [-47.740149, -16.628678], [-47.739814, -16.629198], [-47.73953, -16.629721], [-47.739287, -16.630261], [-47.739155, -16.630631], [-47.738996, -16.631198], [-47.738873, -16.63178], [-47.738821, -16.632174], [-47.738596, -16.634397], [-47.738395, -16.636595], [-47.738323, -16.637515], [-47.738319, -16.63802], [-47.738378, -16.638754], [-47.738497, -16.639429], [-47.738606, -16.639884], [-47.739151, -16.641888], [-47.739305, -16.642601], [-47.739349, -16.642889], [-47.739426, -16.643701], [-47.73944, -16.644254], [-47.739428, -16.644633], [-47.739376, -16.645212], [-47.739283, -16.645802], [-47.739147, -16.64639], [-47.738972, -16.646969], [-47.738752, -16.647545], [-47.738489, -16.648108], [-47.738293, -16.648474], [-47.737964, -16.64901], [-47.73746, -16.649692], [-47.737044, -16.650176], [-47.73659, -16.650636], [-47.735925, -16.651208], [-47.715052, -16.667711], [-47.714358, -16.668283], [-47.714035, -16.66857], [-47.713579, -16.669026], [-47.7133, -16.669337], [-47.712912, -16.669819], [-47.712546, -16.670326], [-47.709175, -16.67527], [-47.707969, -16.676988], [-47.707397, -16.677897], [-47.689883, -16.703657], [-47.689469, -16.704236], [-47.689168, -16.704602], [-47.688846, -16.704953], [-47.688501, -16.705286], [-47.687948, -16.705741], [-47.687378, -16.706127], [-47.686817, -16.706443], [-47.686039, -16.706802], [-47.67054, -16.713021], [-47.669684, -16.71339], [-47.669579, -16.713444], [-47.669425, -16.713553], [-47.669179, -16.713596], [-47.669037, -16.713641], [-47.668044, -16.714028], [-47.625935, -16.730967], [-47.624745, -16.731461], [-47.624362, -16.731644], [-47.62399, -16.731848], [-47.623452, -16.732185], [-47.622953, -16.732556], [-47.622646, -16.732816], [-47.622356, -16.733089], [-47.621886, -16.73359], [-47.621727, -16.73378], [-47.621529, -16.734059], [-47.619572, -16.736334], [-47.616706, -16.739728], [-47.616019, -16.740562], [-47.614855, -16.741925], [-47.614496, -16.742368], [-47.604501, -16.754242]]}, "properties": {"SNV": "050BGO0050", "fid": 42, "EXT_KM": 71.6, "GEOCOD": "050BGO0050", "TRECHO": "ENTR GO-010 (P/LUZIÂNIA) - ENTR BR-040/050/354/457 (CRISTALINA)", "RODOVIA": "BR-050", "SITUACAO": "PAV"}}, {"type": "Feature", "geometry": {"crs": {"type": "name", "properties": {"name": "EPSG:4674"}}, "type": "LineString", "coordinates": [[-47.604501, -16.754242], [-47.604624, -16.754434], [-47.60474, -16.754551], [-47.605368, -16.754978], [-47.60578, -16.755225], [-47.606712, -16.755907], [-47.608155, -16.756875], [-47.608826, -16.757355], [-47.609313, -16.75778], [-47.609696, -16.758171], [-47.610025, -16.758562], [-47.61079, -16.759528], [-47.618117, -16.768886], [-47.619159, -16.770205], [-47.619438, -16.770534], [-47.619929, -16.771198], [-47.621434, -16.773121], [-47.621915, -16.773692], [-47.622435, -16.774233], [-47.623078, -16.774829], [-47.628949, -16.78007], [-47.63143, -16.782263], [-47.632061, -16.782843], [-47.634194, -16.784719], [-47.635696, -16.786087], [-47.63673, -16.786987], [-47.64069, -16.790505], [-47.650032, -16.798838], [-47.659916, -16.807623], [-47.663191, -16.810558], [-47.665133, -16.812268], [-47.66589, -16.812949], [-47.666066, -16.81313], [-47.66627, -16.813285], [-47.666849, -16.813784], [-47.667183, -16.814147], [-47.66797, -16.814809], [-47.670977, -16.817466], [-47.671833, -16.81825], [-47.672223, -16.818654], [-47.672572, -16.81909], [-47.672878, -16.819551], [-47.67322, -16.820202], [-47.673437, -16.82067], [-47.673559, -16.821099], [-47.673632, -16.821405], [-47.673719, -16.822045]]}, "properties": {"SNV": "050BGO0070", "fid": 43, "EXT_KM": 11, "GEOCOD": "050BGO0070", "TRECHO": "ENTR BR-040/050/354/457 (CRISTALINA) - ENTR GO-309", "RODOVIA": "BR-050", "SITUACAO": "PAV"}}, {"type": "Feature", "geometry": {"crs": {"type": "name", "properties": {"name": "EPSG:4674"}}, "type": "LineString", "coordinates": [[-47.673719, -16.822045], [-47.675248, -16.837072], [-47.675497, -16.839681], [-47.675733, -16.841884], [-47.676912, -16.85362], [-47.677474, -16.859033], [-47.678053, -16.864865], [-47.678561, -16.869744], [-47.678984, -16.874056], [-47.679253, -16.876582], [-47.679435, -16.878489], [-47.679473, -16.878723], [-47.679502, -16.879214], [-47.680672, -16.890243], [-47.681635, -16.899635], [-47.68168, -16.899879], [-47.681685, -16.900123], [-47.682031, -16.903337], [-47.682373, -16.90672], [-47.68246, -16.907391], [-47.682538, -16.907785], [-47.68263, -16.908145], [-47.68281, -16.908665], [-47.682961, -16.90901], [-47.683136, -16.909353], [-47.683341, -16.909689], [-47.683693, -16.910178], [-47.683956, -16.910487], [-47.684389, -16.91092], [-47.684704, -16.911187], [-47.696971, -16.920173], [-47.700784, -16.922956], [-47.701492, -16.923451], [-47.705862, -16.926661]]}, "properties": {"SNV": "050BGO0075", "fid": 44, "EXT_KM": 12.5, "GEOCOD": "050BGO0075", "TRECHO": "ENTR GO-309 - ENTR GO-519 (DOMICIANO RIBEIRO)", "RODOVIA": "BR-050", "SITUACAO": "PAV"}}, {"type": "Feature", "geometry": {"crs": {"type": "name", "properties": {"name": "EPSG:4674"}}, "type": "LineString", "coordinates": [[-52.598794, -18.430832], [-52.59899, -18.431761], [-52.602458, -18.442388], [-52.603241, -18.444886], [-52.603707, -18.446195], [-52.617764, -18.489216], [-52.622515, -18.50366], [-52.624861, -18.510918], [-52.628066, -18.520623], [-52.629807, -18.526023], [-52.630312, -18.527466], [-52.630907, -18.529359], [-52.631048, -18.530012], [-52.631154, -18.530757], [-52.631207, -18.531535], [-52.631203, -18.532248], [-52.630478, -18.544155], [-52.630276, -18.546973], [-52.629634, -18.5579], [-52.629295, -18.563347], [-52.629096, -18.566152], [-52.629057, -18.567272], [-52.628955, -18.569181], [-52.628634, -18.574539], [-52.628539, -18.575822], [-52.628501, -18.577016], [-52.62843, -18.577846], [-52.628302, -18.580967], [-52.627872, -18.588973], [-52.627061, -18.603447], [-52.626332, -18.61691], [-52.626014, -18.622295], [-52.625734, -18.626749], [-52.625389, -18.631859], [-52.625272, -18.633952], [-52.623836, -18.656606], [-52.623604, -18.659632], [-52.623382, -18.66368], [-52.623061, -18.66869], [-52.623022, -18.669031], [-52.622998, -18.669702], [-52.622134, -18.68275], [-52.621765, -18.688564]]}, "properties": {"SNV": "060BGO0340", "fid": 94, "EXT_KM": 29.1, "GEOCOD": "060BGO0340", "TRECHO": "ENTR GO-206/050 (ACESSO LESTE CHAPADÃO DO CÉU) - DIV GO/MS (RIO APORÉ)", "RODOVIA": "BR-060", "SITUACAO": "PLA"}}, {"type": "Feature", "geometry": {"crs": {"type": "name", "properties": {"name": "EPSG:4674"}}, "type": "LineString", "coordinates": [[-47.164691, -15.546949], [-47.162145, -15.546146], [-47.16095, -15.545751], [-47.159886, -15.545452], [-47.158613, -15.54507], [-47.138564, -15.538875], [-47.138207, -15.538738], [-47.137693, -15.538508], [-47.137203, -15.538256], [-47.136893, -15.538077], [-47.136441, -15.537787], [-47.136141, -15.537572], [-47.13543, -15.53698], [-47.135036, -15.536596], [-47.134648, -15.536171], [-47.134273, -15.535696], [-47.133906, -15.535169], [-47.120835, -15.515105], [-47.119303, -15.512723], [-47.117509, -15.510003], [-47.108435, -15.49605], [-47.106674, -15.493395]]}, "properties": {"SNV": "030BGO0120", "fid": 27, "EXT_KM": 9, "GEOCOD": "030BGO0120", "TRECHO": "ENTR GO-346 (P/CABEÇEIRAS) - ENTR GO-468 (DISTRITO DE BEZERRA)", "RODOVIA": "BR-030", "SITUACAO": "PAV"}}, {"type": "Feature", "geometry": {"crs": {"type": "name", "properties": {"name": "EPSG:4674"}}, "type": "LineString", "coordinates": [[-47.106674, -15.493395], [-47.106438, -15.493007], [-47.105395, -15.491409], [-47.104956, -15.490701], [-47.103709, -15.488787], [-47.10336, -15.488205], [-47.102997, -15.487482], [-47.102685, -15.486743], [-47.102417, -15.485948], [-47.102235, -15.485255], [-47.102119, -15.484679], [-47.10197, -15.483703], [-47.097419, -15.450186], [-47.097282, -15.449099], [-47.097231, -15.44844], [-47.097231, -15.447996], [-47.097276, -15.447333], [-47.098377, -15.435855], [-47.098442, -15.434984], [-47.09883, -15.42463], [-47.100491, -15.378162], [-47.100529, -15.377303], [-47.100567, -15.376887], [-47.100624, -15.376481], [-47.10074, -15.375919], [-47.10084, -15.375552], [-47.100966, -15.375171], [-47.101213, -15.374566], [-47.104652, -15.366648], [-47.104933, -15.366042], [-47.105246, -15.36547], [-47.105475, -15.365111], [-47.105723, -15.364764], [-47.105994, -15.364432], [-47.106286, -15.364112], [-47.107262, -15.363188], [-47.110597, -15.360154], [-47.111386, -15.35942], [-47.11168, -15.35912], [-47.111957, -15.358808], [-47.112448, -15.358143], [-47.112777, -15.357608], [-47.11353, -15.356294], [-47.12126, -15.342709], [-47.121423, -15.342413], [-47.121473, -15.34227], [-47.121675, -15.341982], [-47.12289, -15.339835], [-47.12299, -15.339711], [-47.123048, -15.339563], [-47.131968, -15.323935], [-47.134922, -15.318731], [-47.135093, -15.318394], [-47.135205, -15.318226], [-47.135688, -15.317385], [-47.135822, -15.317206], [-47.135881, -15.317038], [-47.135981, -15.31686], [-47.141636, -15.30693], [-47.142884, -15.304766], [-47.143111, -15.304412], [-47.143359, -15.304067], [-47.143779, -15.303562], [-47.146531, -15.300641], [-47.147122, -15.299987], [-47.147399, -15.29964], [-47.147651, -15.299276], [-47.147872, -15.298916], [-47.148069, -15.298543], [-47.148251, -15.298151], [-47.148416, -15.29774], [-47.149031, -15.295978], [-47.151659, -15.2883], [-47.155189, -15.27806], [-47.159365, -15.265849], [-47.159865, -15.264449], [-47.160064, -15.264005], [-47.160185, -15.263778], [-47.160495, -15.263287], [-47.16088, -15.262785], [-47.161153, -15.262483], [-47.16158, -15.262079], [-47.16256, -15.261237], [-47.162808, -15.261004], [-47.163043, -15.26075], [-47.163264, -15.26048], [-47.163566, -15.260042], [-47.163903, -15.259415], [-47.164103, -15.258916], [-47.164248, -15.258387], [-47.164573, -15.256948], [-47.164742, -15.256427], [-47.164949, -15.255928], [-47.165113, -15.255607], [-47.165396, -15.25514], [-47.166693, -15.253366], [-47.166924, -15.25302], [-47.167244, -15.252457], [-47.167461, -15.251935], [-47.167677, -15.251174], [-47.167892, -15.250241], [-47.171065, -15.236008], [-47.172891, -15.227762], [-47.173038, -15.227045], [-47.173104, -15.226539], [-47.173113, -15.226053], [-47.173052, -15.22557], [-47.172979, -15.225253], [-47.17288, -15.224944], [-47.172679, -15.22449], [-47.17241, -15.224058], [-47.172081, -15.223659], [-47.171833, -15.223419], [-47.171578, -15.223207], [-47.171189, -15.222948], [-47.170636, -15.222684], [-47.170345, -15.222578], [-47.169878, -15.222463], [-47.169384, -15.222398], [-47.169046, -15.222391], [-47.168695, -15.222413], [-47.16621, -15.222771], [-47.165832, -15.222805], [-47.165453, -15.222819], [-47.164893, -15.222799], [-47.164343, -15.222733], [-47.1638, -15.222623], [-47.163275, -15.222469], [-47.162601, -15.222196], [-47.1621, -15.221938], [-47.161623, -15.221633], [-47.161318, -15.221406], [-47.161024, -15.221161], [-47.160613, -15.22076], [-47.160366, -15.220482], [-47.160136, -15.220191], [-47.159819, -15.219724], [-47.159634, -15.219404], [-47.159471, -15.219083], [-47.159215, -15.218446], [-47.157977, -15.214527], [-47.157805, -15.214067], [-47.157711, -15.213648], [-47.157016, -15.211417], [-47.151993, -15.195505], [-47.142687, -15.165852], [-47.142019, -15.163773], [-47.141504, -15.162365], [-47.140895, -15.1609], [-47.135451, -15.14848]]}, "properties": {"SNV": "030BGO0157", "fid": 28, "EXT_KM": 41.8, "GEOCOD": "030BGO0157", "TRECHO": "ENTR GO-468 (DISTRITO DE BEZERRA) - ENTR GO-458 (P/SANTA ROSA)", "RODOVIA": "BR-030", "SITUACAO": "PAV"}}, {"type": "Feature", "geometry": {"crs": {"type": "name", "properties": {"name": "EPSG:4674"}}, "type": "LineString", "coordinates": [[-46.495346, -14.481486], [-46.490763, -14.476178], [-46.490434, -14.475838], [-46.490313, -14.475658], [-46.488674, -14.47374], [-46.486546, -14.471296], [-46.462186, -14.443032], [-46.46194, -14.442724], [-46.461598, -14.442258], [-46.461181, -14.441625], [-46.460902, -14.441142]]}, "properties": {"SNV": "030BGO0175", "fid": 32, "EXT_KM": 5.8, "GEOCOD": "030BGO0175", "TRECHO": "ENTR GO-112 (ALVORADA DO NORTE) - ENTR GO-236 (P/MAMBAÍ)", "RODOVIA": "BR-030", "SITUACAO": "PAV"}}, {"type": "Feature", "geometry": {"crs": {"type": "name", "properties": {"name": "EPSG:4674"}}, "type": "LineString", "coordinates": [[-46.460902, -14.441142], [-46.460215, -14.441675], [-46.457464, -14.443594], [-46.45596, -14.444675], [-46.447973, -14.450314], [-46.445346, -14.452179], [-46.444621, -14.452725], [-46.443865, -14.453266], [-46.442303, -14.454324], [-46.441893, -14.454568], [-46.441464, -14.454786], [-46.440797, -14.455074], [-46.440336, -14.455226], [-46.435753, -14.456557], [-46.435513, -14.456632], [-46.435128, -14.456787], [-46.435008, -14.456805], [-46.434682, -14.456898], [-46.434431, -14.456942], [-46.433675, -14.457174], [-46.430362, -14.458125], [-46.429694, -14.458271], [-46.429066, -14.458363], [-46.425829, -14.458775], [-46.424795, -14.458898], [-46.424323, -14.458906], [-46.424247, -14.458889], [-46.423713, -14.458673], [-46.422705, -14.458209], [-46.409194, -14.451911], [-46.408634, -14.451634], [-46.408091, -14.45133], [-46.407569, -14.450997], [-46.40707, -14.450635], [-46.406123, -14.449854], [-46.400664, -14.44513], [-46.400225, -14.444673], [-46.400033, -14.444427], [-46.399692, -14.443921], [-46.399416, -14.443395], [-46.399198, -14.442846], [-46.399032, -14.442274], [-46.393996, -14.420341], [-46.393913, -14.420028], [-46.393711, -14.419428], [-46.393587, -14.419142], [-46.393444, -14.418865], [-46.3931, -14.418332], [-46.392907, -14.418079], [-46.392476, -14.41761], [-46.391997, -14.41719], [-46.391741, -14.417], [-46.391475, -14.416825], [-46.390922, -14.416522], [-46.390342, -14.416285], [-46.389758, -14.416112], [-46.389169, -14.416004], [-46.38887, -14.415972], [-46.362476, -14.414143], [-46.361867, -14.414085], [-46.361259, -14.413966], [-46.360958, -14.413879], [-46.360356, -14.413669], [-46.352782, -14.410859], [-46.352179, -14.410613], [-46.351894, -14.41047], [-46.351356, -14.41015], [-46.350865, -14.409777], [-46.347702, -14.406944], [-46.347234, -14.406568], [-46.34699, -14.406397], [-46.346738, -14.406239], [-46.346213, -14.405962], [-46.345662, -14.405741], [-46.345087, -14.405579], [-46.344496, -14.405473], [-46.344195, -14.405442], [-46.343584, -14.405428], [-46.342967, -14.405485], [-46.342347, -14.405614], [-46.341732, -14.405813], [-46.3405, -14.406297], [-46.328526, -14.411147], [-46.323223, -14.413276], [-46.322541, -14.413474], [-46.322099, -14.413551], [-46.321654, -14.413589], [-46.321013, -14.413592], [-46.320413, -14.413532], [-46.320031, -14.413461], [-46.319659, -14.413369], [-46.319276, -14.413248], [-46.318704, -14.412999], [-46.309904, -14.408579], [-46.30032, -14.40371], [-46.299525, -14.403335], [-46.298986, -14.403147], [-46.29843, -14.403017], [-46.297863, -14.40294], [-46.297285, -14.402922], [-46.296703, -14.402959], [-46.294887, -14.40325], [-46.290902, -14.403931], [-46.290242, -14.404058], [-46.289918, -14.404138], [-46.289601, -14.404237], [-46.288987, -14.404488], [-46.288693, -14.404639], [-46.288141, -14.404991], [-46.287885, -14.405184], [-46.287419, -14.405603], [-46.287209, -14.405826], [-46.286832, -14.406302], [-46.286665, -14.406551], [-46.286367, -14.407077], [-46.28313, -14.413372], [-46.282829, -14.413871], [-46.282664, -14.414113], [-46.282488, -14.414352], [-46.282109, -14.414814], [-46.280635, -14.416412], [-46.278904, -14.418327], [-46.277508, -14.419781], [-46.273202, -14.42441], [-46.272972, -14.424623], [-46.272485, -14.425004], [-46.272233, -14.425171], [-46.271718, -14.42546], [-46.271454, -14.425584], [-46.270918, -14.425789], [-46.270373, -14.425935], [-46.269824, -14.426025], [-46.268996, -14.426074], [-46.265678, -14.426115], [-46.265065, -14.42614], [-46.264759, -14.426171], [-46.264155, -14.426284], [-46.263564, -14.426457], [-46.263278, -14.426568], [-46.262725, -14.426835], [-46.262213, -14.427155], [-46.260846, -14.4282], [-46.257558, -14.430784], [-46.257043, -14.431132], [-46.256493, -14.431417], [-46.25593, -14.431638], [-46.255363, -14.431796], [-46.254804, -14.43189], [-46.254524, -14.431919], [-46.253965, -14.431937], [-46.253394, -14.431903], [-46.246711, -14.431195], [-46.241691, -14.430643], [-46.241076, -14.430553], [-46.240483, -14.430444], [-46.236914, -14.429612], [-46.236426, -14.42951], [-46.23592, -14.429432], [-46.235403, -14.4294], [-46.234876, -14.429422], [-46.234349, -14.429493], [-46.233833, -14.429615], [-46.233075, -14.429855], [-46.230906, -14.430609], [-46.230453, -14.430782], [-46.230239, -14.430887], [-46.230039, -14.431016], [-46.229857, -14.431168], [-46.229694, -14.431339], [-46.22955, -14.431528], [-46.229422, -14.431735], [-46.228959, -14.432655], [-46.228831, -14.432889], [-46.228682, -14.433116], [-46.228503, -14.433329], [-46.228293, -14.433525], [-46.228062, -14.433705], [-46.223367, -14.436898], [-46.220485, -14.438831], [-46.219944, -14.439134], [-46.219369, -14.439377], [-46.218772, -14.439554], [-46.21817, -14.439668], [-46.217578, -14.439717], [-46.216986, -14.439703], [-46.216693, -14.439674], [-46.216122, -14.439575], [-46.215845, -14.439506], [-46.215572, -14.439426], [-46.215039, -14.43922], [-46.214253, -14.438837], [-46.20635, -14.434789], [-46.204496, -14.433827], [-46.204003, -14.433536], [-46.203772, -14.433377], [-46.203343, -14.433035], [-46.203144, -14.432852], [-46.202778, -14.432457], [-46.202609, -14.432251], [-46.202289, -14.431811], [-46.201329, -14.430404], [-46.200983, -14.429973], [-46.200606, -14.429588], [-46.200203, -14.429252], [-46.199991, -14.429101], [-46.199549, -14.428826], [-46.199096, -14.428595], [-46.197556, -14.427918], [-46.197359, -14.427812], [-46.197175, -14.427689], [-46.197001, -14.427546], [-46.196838, -14.427382], [-46.196685, -14.427198], [-46.195755, -14.425913], [-46.195422, -14.42549], [-46.195046, -14.425125], [-46.194836, -14.424971], [-46.194617, -14.424837], [-46.194386, -14.424725], [-46.194144, -14.424635], [-46.193899, -14.424566], [-46.193652, -14.424518], [-46.193161, -14.424471], [-46.185531, -14.424537]]}, "properties": {"SNV": "030BGO0180", "fid": 33, "EXT_KM": 36.1, "GEOCOD": "030BGO0180", "TRECHO": "ENTR GO-236 (P/MAMBAÍ) - ACESSO OESTE VILA NOVA (MAMBAÍ)", "RODOVIA": "BR-030", "SITUACAO": "PLA"}}, {"type": "Feature", "geometry": {"crs": {"type": "name", "properties": {"name": "EPSG:4674"}}, "type": "LineString", "coordinates": [[-50.867301, -17.729361], [-50.887334, -17.726838], [-50.904356, -17.724832], [-50.92012, -17.724832], [-50.937942, -17.723346]]}, "properties": {"SNV": "060CGO1005", "fid": 95, "EXT_KM": 4.4, "GEOCOD": "060CGO1005", "TRECHO": "ACESSO NORTE RIO VERDE - ENTR GO-174 (CONTORNO NORDESTE DE RIO VERDE)", "RODOVIA": "BR-060", "SITUACAO": "PLA"}}, {"type": "Feature", "geometry": {"crs": {"type": "name", "properties": {"name": "EPSG:4674"}}, "type": "LineString", "coordinates": [[-49.051364, -13.865776], [-49.051523, -13.866502], [-49.051714, -13.867536], [-49.052347, -13.870502], [-49.054846, -13.881775], [-49.055111, -13.882995], [-49.055227, -13.883675], [-49.055673, -13.885558], [-49.056315, -13.888534], [-49.056841, -13.890772], [-49.057068, -13.89148], [-49.057461, -13.89252], [-49.059131, -13.896697], [-49.065743, -13.913446], [-49.06792, -13.919001], [-49.07133, -13.927572], [-49.071504, -13.92795], [-49.071706, -13.928324], [-49.072259, -13.929258], [-49.074315, -13.932609], [-49.074879, -13.933556], [-49.075133, -13.93394], [-49.075988, -13.935355], [-49.084321, -13.948925], [-49.085075, -13.950167], [-49.085468, -13.950888], [-49.085806, -13.951641], [-49.086134, -13.952549], [-49.086908, -13.955061], [-49.086931, -13.955225], [-49.087014, -13.955399], [-49.087344, -13.956442], [-49.087404, -13.956593], [-49.088047, -13.958714], [-49.089692, -13.963984], [-49.089913, -13.964718], [-49.090007, -13.965089], [-49.090125, -13.965663], [-49.090209, -13.966251], [-49.09026, -13.966834], [-49.090281, -13.967449], [-49.090273, -13.967655], [-49.090303, -13.968515], [-49.090319, -13.970013], [-49.090342, -13.97024], [-49.090336, -13.970673], [-49.090374, -13.973083], [-49.090342, -13.973977], [-49.090398, -13.974473], [-49.090417, -13.975428], [-49.090474, -13.979105], [-49.090465, -13.979313], [-49.090488, -13.979939], [-49.090637, -13.989132], [-49.090638, -13.989843], [-49.090603, -13.990387], [-49.090488, -13.99112], [-49.090353, -13.991687], [-49.086501, -14.005575], [-49.085648, -14.008686], [-49.085395, -14.009688], [-49.085321, -14.010165], [-49.085274, -14.01064], [-49.085254, -14.011278], [-49.085275, -14.011745], [-49.085374, -14.012488], [-49.085742, -14.014463], [-49.085802, -14.014917]]}, "properties": {"SNV": "153BGO0390", "fid": 168, "EXT_KM": 17.5, "GEOCOD": "153BGO0390", "TRECHO": "ENTR GO-241 (ESTRELA DO NORTE) - ENTR GO-239 (P/MARA ROSA)", "RODOVIA": "BR-153", "SITUACAO": "PAV"}}, {"type": "Feature", "geometry": {"crs": {"type": "name", "properties": {"name": "EPSG:4674"}}, "type": "LineString", "coordinates": [[-46.179514, -14.427371], [-46.176771, -14.431103], [-46.176424, -14.431516], [-46.176239, -14.431701], [-46.175842, -14.432023], [-46.175626, -14.432161], [-46.175182, -14.432393], [-46.174954, -14.432487], [-46.174487, -14.432639], [-46.173791, -14.432803], [-46.173571, -14.43287], [-46.173163, -14.43305], [-46.172976, -14.43316], [-46.172802, -14.433282], [-46.172485, -14.433564], [-46.171063, -14.435051], [-46.170739, -14.435415], [-46.170597, -14.435616], [-46.170474, -14.435833], [-46.170267, -14.436297], [-46.170104, -14.436792], [-46.169149, -14.440092], [-46.169008, -14.440453], [-46.168913, -14.440613], [-46.168801, -14.440756], [-46.16867, -14.440883], [-46.168353, -14.441093], [-46.166628, -14.441924], [-46.166174, -14.442187], [-46.165741, -14.442484], [-46.164886, -14.443165], [-46.16272, -14.444941], [-46.162333, -14.445309], [-46.162158, -14.445504], [-46.161842, -14.445907], [-46.161571, -14.446326], [-46.161334, -14.446756], [-46.159984, -14.449588], [-46.15977, -14.450235], [-46.159337, -14.451868], [-46.159223, -14.452237], [-46.159015, -14.45275], [-46.158625, -14.453613], [-46.158553, -14.453724], [-46.158181, -14.454187], [-46.157934, -14.454471], [-46.156675, -14.455724], [-46.156442, -14.455974], [-46.156083, -14.456417], [-46.155814, -14.456834], [-46.155562, -14.457307], [-46.155312, -14.457929], [-46.154627, -14.460366], [-46.15448, -14.460801], [-46.154296, -14.46124], [-46.15362, -14.462506], [-46.153146, -14.463312], [-46.152742, -14.463879], [-46.152295, -14.464425], [-46.150283, -14.466544], [-46.148645, -14.468141], [-46.14816, -14.468593], [-46.147809, -14.46888], [-46.147434, -14.469158], [-46.14579, -14.470192], [-46.145367, -14.470477], [-46.14495, -14.470791], [-46.144543, -14.471125], [-46.129784, -14.484016]]}, "properties": {"SNV": "030BGO0190", "fid": 35, "EXT_KM": 8.5, "GEOCOD": "030BGO0190", "TRECHO": "ACESSO SUL VILA NOVA (MAMBAÍ) - ENTR GO-108 (P/MAMBAÍ)", "RODOVIA": "BR-030", "SITUACAO": "PLA"}}, {"type": "Feature", "geometry": {"crs": {"type": "name", "properties": {"name": "EPSG:4674"}}, "type": "LineString", "coordinates": [[-50.937942, -17.723346], [-50.941139, -17.72308], [-50.973157, -17.730556], [-50.973683, -17.730768], [-50.974333, -17.730919], [-50.98689, -17.734115], [-50.998495, -17.737084], [-51.002274, -17.738433], [-51.004028, -17.739648], [-51.008346, -17.746125], [-51.014419, -17.755031], [-51.016443, -17.75719], [-51.025885, -17.764102]]}, "properties": {"SNV": "060CGO1010", "fid": 96, "EXT_KM": 6.3, "GEOCOD": "060CGO1010", "TRECHO": "ENTR GO-174 (CONTORNO NORDESTE DE RIO VERDE) - PROLONG AV UNIVERSITÁRIA (C N RIO VERDE)", "RODOVIA": "BR-060", "SITUACAO": "PLA"}}, {"type": "Feature", "geometry": {"crs": {"type": "name", "properties": {"name": "EPSG:4674"}}, "type": "LineString", "coordinates": [[-51.025885, -17.764102], [-51.029532, -17.766771], [-51.031691, -17.769065], [-51.032636, -17.771899], [-51.033176, -17.775408], [-51.033716, -17.779996], [-51.033041, -17.782964], [-51.029532, -17.787822], [-51.028588, -17.793355], [-51.027643, -17.794569], [-51.026564, -17.795649], [-51.024944, -17.796324], [-51.02292, -17.796324], [-51.019816, -17.796729], [-51.017927, -17.797403], [-51.015498, -17.799697], [-51.012934, -17.801721], [-51.005512, -17.808334], [-51.002274, -17.810493], [-51.001197, -17.811599], [-50.999535, -17.813438], [-51.001275, -17.819891], [-51.000879, -17.822302]]}, "properties": {"SNV": "060CGO1015", "fid": 97, "EXT_KM": 4.9, "GEOCOD": "060CGO1015", "TRECHO": "PROLONG AV UNIVERSITÁRIA (C N RIO VERDE) - ENTR GO-174 (ACESSO OESTE RIO VERDE)", "RODOVIA": "BR-060", "SITUACAO": "PLA"}}, {"type": "Feature", "geometry": {"crs": {"type": "name", "properties": {"name": "EPSG:4674"}}, "type": "LineString", "coordinates": [[-51.619028, -17.87217], [-51.646048, -17.857308], [-51.667619, -17.84843], [-51.693418, -17.841443], [-51.728824, -17.846354]]}, "properties": {"SNV": "060CGO2005", "fid": 98, "EXT_KM": 12.9, "GEOCOD": "060CGO2005", "TRECHO": "ACESSO OESTE JATAÍ - ENTR GO-050/184 (ACESSO NORTE JATAÍ)", "RODOVIA": "BR-060", "SITUACAO": "PLA"}}, {"type": "Feature", "geometry": {"crs": {"type": "name", "properties": {"name": "EPSG:4674"}}, "type": "LineString", "coordinates": [[-46.129784, -14.484016], [-46.129631, -14.484076], [-46.129562, -14.484131], [-46.128593, -14.484976], [-46.128228, -14.485258], [-46.127998, -14.485413], [-46.127599, -14.485641], [-46.127182, -14.485833], [-46.126837, -14.48597], [-46.126483, -14.48608], [-46.125941, -14.4862], [-46.125296, -14.486276], [-46.124925, -14.486287], [-46.124554, -14.48627], [-46.124094, -14.486218], [-46.123729, -14.486148], [-46.123018, -14.485943], [-46.114588, -14.483136], [-46.114137, -14.483029], [-46.113678, -14.482968], [-46.113215, -14.482952], [-46.112844, -14.482972], [-46.112476, -14.483019], [-46.112024, -14.483121], [-46.111671, -14.483231], [-46.111162, -14.48345], [-46.11076, -14.483678], [-46.110312, -14.483997], [-46.109906, -14.484369], [-46.109662, -14.484641], [-46.109442, -14.484932], [-46.109104, -14.485476], [-46.108898, -14.485775], [-46.108672, -14.486065], [-46.108362, -14.486401], [-46.108025, -14.48671], [-46.107587, -14.487047], [-46.106954, -14.487421], [-46.103333, -14.489056], [-46.101896, -14.489686], [-46.101454, -14.489824], [-46.100817, -14.489944], [-46.100447, -14.489973], [-46.100169, -14.489975], [-46.099706, -14.489941], [-46.099602, -14.48995]]}, "properties": {"SNV": "030BGO0195", "fid": 36, "EXT_KM": 3.7, "GEOCOD": "030BGO0195", "TRECHO": "ENTR GO-108 (P/MAMBAÍ) - ENTR GO-236 (P/MAMBAÍ)", "RODOVIA": "BR-030", "SITUACAO": "PLA"}}, {"type": "Feature", "geometry": {"crs": {"type": "name", "properties": {"name": "EPSG:4674"}}, "type": "LineString", "coordinates": [[-46.099602, -14.48995], [-46.098183, -14.489621], [-46.09703, -14.489387], [-46.096612, -14.489277], [-46.096132, -14.489181], [-46.095551, -14.489037], [-46.094758, -14.488868], [-46.094303, -14.488748], [-46.093513, -14.488591], [-46.093168, -14.488489], [-46.092558, -14.488343], [-46.091764, -14.488187], [-46.091104, -14.488039], [-46.090862, -14.487963], [-46.089097, -14.487593], [-46.088151, -14.487368], [-46.08784, -14.487314], [-46.087524, -14.487279], [-46.087202, -14.487256], [-46.086882, -14.487255], [-46.086234, -14.48733], [-46.085246, -14.487485], [-46.084375, -14.487601], [-46.082607, -14.487932], [-46.08111, -14.488141], [-46.080056, -14.488336], [-46.078261, -14.488634], [-46.078014, -14.488692], [-46.077646, -14.488726], [-46.076969, -14.488878], [-46.076512, -14.488926], [-46.075592, -14.489062], [-46.074674, -14.489239], [-46.073933, -14.489339], [-46.073244, -14.489481], [-46.072725, -14.489548], [-46.072107, -14.48966], [-46.071744, -14.489705], [-46.070926, -14.489839], [-46.070317, -14.489976], [-46.069534, -14.490098], [-46.068164, -14.490345], [-46.067317, -14.490453], [-46.066922, -14.490545], [-46.066512, -14.49059], [-46.065972, -14.490685], [-46.065277, -14.490778], [-46.064904, -14.490858], [-46.064664, -14.490868], [-46.064414, -14.49092], [-46.063446, -14.49107], [-46.06327, -14.491088], [-46.063113, -14.491071], [-46.062231, -14.490813], [-46.06041, -14.490332], [-46.059822, -14.490196], [-46.059382, -14.490058], [-46.058995, -14.489872], [-46.058413, -14.489475], [-46.058011, -14.489259], [-46.057806, -14.489085], [-46.057594, -14.488937], [-46.057445, -14.4888], [-46.057137, -14.488577], [-46.05657, -14.488127], [-46.056025, -14.487744], [-46.055863, -14.487601], [-46.05538, -14.487226], [-46.054827, -14.486829], [-46.054072, -14.48632], [-46.053432, -14.485817], [-46.052257, -14.484979], [-46.051783, -14.48462], [-46.051616, -14.484472], [-46.050547, -14.483706], [-46.050247, -14.483446], [-46.050019, -14.483273], [-46.048917, -14.482496], [-46.048484, -14.482149], [-46.047994, -14.481801], [-46.047331, -14.481225], [-46.046984, -14.480972], [-46.046564, -14.480619], [-46.045636, -14.479971], [-46.044798, -14.479313], [-46.043727, -14.478553], [-46.043326, -14.478211], [-46.042655, -14.477733], [-46.042425, -14.477601], [-46.042037, -14.477274], [-46.04182, -14.477125], [-46.041235, -14.476663], [-46.040843, -14.476395], [-46.040138, -14.475834], [-46.03914, -14.475138], [-46.038684, -14.474776], [-46.038418, -14.474605], [-46.037706, -14.474025], [-46.037277, -14.473725], [-46.037042, -14.473604], [-46.036687, -14.473501], [-46.036054, -14.473406], [-46.035879, -14.473406], [-46.035287, -14.473467], [-46.034313, -14.473427], [-46.033313, -14.47333], [-46.033161, -14.473344], [-46.032773, -14.473302], [-46.032461, -14.473237], [-46.032033, -14.473241], [-46.031655, -14.473179], [-46.031188, -14.473159], [-46.030781, -14.473096], [-46.029696, -14.472989], [-46.028976, -14.472899], [-46.028612, -14.472879], [-46.028399, -14.472906], [-46.028219, -14.472951], [-46.02733, -14.47327], [-46.026158, -14.473601], [-46.025222, -14.473807], [-46.024883, -14.473898], [-46.02448, -14.474041], [-46.02419, -14.474121], [-46.023975, -14.474141], [-46.0237, -14.4742], [-46.023018, -14.474415], [-46.02265, -14.474551], [-46.022279, -14.47464], [-46.021808, -14.474711], [-46.021203, -14.474755], [-46.020438, -14.474761], [-46.019505, -14.474861], [-46.018897, -14.474864], [-46.018361, -14.474969], [-46.017779, -14.47505], [-46.016577, -14.475072], [-46.015644, -14.475132]]}, "properties": {"SNV": "030BGO0200", "fid": 37, "EXT_KM": 9.8, "GEOCOD": "030BGO0200", "TRECHO": "ENTR GO-236 (P/MAMBAÍ) - DIV GO/BA", "RODOVIA": "BR-030", "SITUACAO": "PLA"}}, {"type": "Feature", "geometry": {"crs": {"type": "name", "properties": {"name": "EPSG:4674"}}, "type": "LineString", "coordinates": [[-47.981773, -16.051189], [-47.981901, -16.052225], [-47.98412, -16.066099], [-47.984418, -16.067715], [-47.984474, -16.068243], [-47.984685, -16.06917], [-47.985097, -16.070792], [-47.985226, -16.071508], [-47.985303, -16.072143], [-47.985433, -16.073845], [-47.98555, -16.075044], [-47.986524, -16.081124], [-47.986638, -16.081654], [-47.986663, -16.08198], [-47.986856, -16.08326], [-47.986887, -16.083664], [-47.986892, -16.083959], [-47.986866, -16.084565], [-47.986832, -16.084865], [-47.986756, -16.085307], [-47.986688, -16.085602], [-47.986465, -16.086328], [-47.986296, -16.086739], [-47.986103, -16.087134], [-47.98556, -16.08803], [-47.979243, -16.097892], [-47.977017, -16.1014], [-47.97629, -16.102602], [-47.976127, -16.102799], [-47.975344, -16.104023], [-47.962796, -16.123743], [-47.960476, -16.127353], [-47.959113, -16.129519], [-47.958155, -16.130991], [-47.957549, -16.131847], [-47.957006, -16.13253], [-47.956186, -16.133447], [-47.934766, -16.15664], [-47.933819, -16.157819], [-47.933132, -16.158798], [-47.932761, -16.159386], [-47.932402, -16.159998], [-47.931807, -16.161122], [-47.93128, -16.16229], [-47.93101, -16.162971], [-47.930823, -16.163492], [-47.930507, -16.164587], [-47.930422, -16.164972], [-47.930324, -16.165563], [-47.930261, -16.166162], [-47.930191, -16.167374], [-47.930105, -16.168438], [-47.93001, -16.170221], [-47.929473, -16.176395], [-47.92922, -16.178656], [-47.928559, -16.186156], [-47.928465, -16.186878], [-47.928391, -16.187231], [-47.928295, -16.187581], [-47.928116, -16.188098], [-47.927824, -16.188771], [-47.925573, -16.193402], [-47.924676, -16.195151], [-47.922579, -16.199098], [-47.921839, -16.200532], [-47.918592, -16.207132], [-47.918225, -16.207958], [-47.91789, -16.208816], [-47.91771, -16.209332], [-47.917449, -16.21018], [-47.917177, -16.211265], [-47.915316, -16.220448], [-47.915047, -16.221719], [-47.914901, -16.222337], [-47.91475, -16.223285], [-47.914496, -16.225078], [-47.914345, -16.226397], [-47.914193, -16.227279], [-47.912783, -16.234122], [-47.912554, -16.235154], [-47.912377, -16.235805], [-47.912012, -16.236916], [-47.911562, -16.238034], [-47.911338, -16.238521], [-47.911013, -16.239168], [-47.910578, -16.239954], [-47.910197, -16.240569], [-47.909783, -16.241169], [-47.907106, -16.244678]]}, "properties": {"SNV": "040BGO0030", "fid": 38, "EXT_KM": 24.1, "GEOCOD": "040BGO0030", "TRECHO": "ACESSO NORTE VALPARAÍSO DE GOIÁS (DIV DF/GO) - ENTR GO-010 (P/LUZIÂNIA)", "RODOVIA": "BR-040", "SITUACAO": "DUP"}}, {"type": "Feature", "geometry": {"crs": {"type": "name", "properties": {"name": "EPSG:4674"}}, "type": "LineString", "coordinates": [[-47.907106, -16.244678], [-47.906731, -16.245118], [-47.905751, -16.246381], [-47.905038, -16.247259], [-47.902868, -16.249734], [-47.902088, -16.250662], [-47.897491, -16.256488], [-47.896792, -16.25733], [-47.8964, -16.257899], [-47.895953, -16.258458], [-47.89536, -16.259139], [-47.893203, -16.261869], [-47.892239, -16.262985], [-47.891758, -16.26348], [-47.890811, -16.264336], [-47.889927, -16.265044], [-47.889007, -16.265699], [-47.888137, -16.266247], [-47.887118, -16.266816], [-47.886182, -16.267275], [-47.883274, -16.268561], [-47.881078, -16.269513], [-47.879928, -16.269966], [-47.87592, -16.271736], [-47.872543, -16.273198], [-47.871451, -16.273727], [-47.870384, -16.27419], [-47.869952, -16.274342], [-47.869282, -16.274677], [-47.863404, -16.277252], [-47.862818, -16.27756], [-47.862069, -16.278032], [-47.861503, -16.278468], [-47.860949, -16.278955], [-47.860554, -16.279357], [-47.860305, -16.279641], [-47.859953, -16.280083], [-47.859623, -16.280551], [-47.845809, -16.301639], [-47.845283, -16.302494], [-47.8448, -16.303384], [-47.844356, -16.304315], [-47.843962, -16.305279], [-47.843745, -16.305878], [-47.843437, -16.306875], [-47.843277, -16.307478], [-47.843001, -16.308662], [-47.841658, -16.31485], [-47.838533, -16.32906], [-47.833099, -16.353527], [-47.832667, -16.355318], [-47.832491, -16.355908], [-47.832294, -16.356484], [-47.831992, -16.357233], [-47.830822, -16.359609], [-47.828017, -16.36505], [-47.827599, -16.365903], [-47.827336, -16.366522], [-47.827172, -16.366982], [-47.827094, -16.367268], [-47.827006, -16.367731], [-47.826962, -16.368057], [-47.826941, -16.368401], [-47.826944, -16.368759], [-47.826971, -16.369128], [-47.827025, -16.369504], [-47.827106, -16.369882], [-47.827214, -16.370256], [-47.827348, -16.370625], [-47.827592, -16.371167], [-47.827906, -16.371686], [-47.829867, -16.374425], [-47.83019, -16.374952], [-47.830354, -16.375309], [-47.830469, -16.375671], [-47.830526, -16.37604], [-47.830532, -16.376408], [-47.830489, -16.376778], [-47.830393, -16.377145], [-47.830245, -16.377505], [-47.83005, -16.377851], [-47.82981, -16.378175], [-47.82955, -16.378492], [-47.827732, -16.380639], [-47.827382, -16.381102], [-47.827175, -16.381439], [-47.826993, -16.381798], [-47.826838, -16.382173], [-47.826658, -16.382752], [-47.82653, -16.383348], [-47.826131, -16.385542], [-47.824987, -16.392358], [-47.824792, -16.39361], [-47.824733, -16.394239], [-47.824305, -16.400087], [-47.824196, -16.400904], [-47.82405, -16.401522], [-47.823857, -16.40213], [-47.823502, -16.403114], [-47.823141, -16.404057], [-47.823018, -16.40443], [-47.82292, -16.404803], [-47.822827, -16.405361], [-47.822795, -16.405731], [-47.822786, -16.406096], [-47.822799, -16.406457], [-47.82285, -16.406921], [-47.823195, -16.409112], [-47.823353, -16.410251], [-47.823789, -16.412705], [-47.824924, -16.419775], [-47.824964, -16.420248], [-47.824957, -16.420782], [-47.824897, -16.421324], [-47.824783, -16.421869], [-47.824683, -16.422191], [-47.823826, -16.424543], [-47.823708, -16.424852], [-47.823558, -16.42519], [-47.823372, -16.425544], [-47.823081, -16.426004], [-47.822792, -16.426389], [-47.822495, -16.426729], [-47.822188, -16.427025], [-47.821767, -16.427372], [-47.821388, -16.427643], [-47.820968, -16.427898], [-47.820355, -16.42819], [-47.819124, -16.428631], [-47.818653, -16.428826], [-47.818153, -16.429086], [-47.817649, -16.429402], [-47.817174, -16.42978], [-47.816758, -16.430188], [-47.816514, -16.43047], [-47.816288, -16.430764], [-47.81599, -16.431235], [-47.815738, -16.431729], [-47.815597, -16.432074], [-47.815478, -16.432433], [-47.815384, -16.432806], [-47.815255, -16.433597], [-47.814664, -16.438124], [-47.814551, -16.438887], [-47.814477, -16.439263], [-47.814339, -16.439818], [-47.814225, -16.440178], [-47.814024, -16.440706], [-47.813877, -16.44104], [-47.813635, -16.44152], [-47.813458, -16.44183], [-47.813167, -16.442283], [-47.812637, -16.443029], [-47.809845, -16.446792], [-47.809398, -16.447429], [-47.809111, -16.447898], [-47.808855, -16.448365], [-47.808702, -16.44868], [-47.808436, -16.44933], [-47.808323, -16.449666], [-47.808178, -16.45018], [-47.808057, -16.450702], [-47.807995, -16.451064], [-47.807911, -16.451815], [-47.806894, -16.463106], [-47.806865, -16.46371], [-47.80687, -16.464294], [-47.806896, -16.464674], [-47.806965, -16.465231], [-47.807073, -16.465785], [-47.807213, -16.466339], [-47.80733, -16.466705], [-47.80753, -16.467241], [-47.807832, -16.467923], [-47.810152, -16.472843], [-47.810396, -16.473428], [-47.810653, -16.474225], [-47.810855, -16.475052], [-47.813825, -16.488574], [-47.813947, -16.489274], [-47.81401, -16.489975], [-47.814024, -16.490441], [-47.814016, -16.4909], [-47.814002, -16.491127], [-47.813949, -16.491343], [-47.81393, -16.49178], [-47.813815, -16.492386], [-47.813663, -16.492958], [-47.813416, -16.493701], [-47.809356, -16.50536], [-47.809232, -16.505752], [-47.809079, -16.506342], [-47.808962, -16.506939], [-47.808911, -16.507341], [-47.808862, -16.508167], [-47.808881, -16.508815], [-47.808979, -16.509694], [-47.809113, -16.510347], [-47.809291, -16.510979], [-47.809436, -16.511388], [-47.810676, -16.51454], [-47.81087, -16.515165], [-47.810974, -16.515583], [-47.811055, -16.515998], [-47.811154, -16.51681], [-47.811176, -16.51762], [-47.811143, -16.518237], [-47.811099, -16.518652], [-47.810944, -16.51948], [-47.810776, -16.520089], [-47.810568, -16.520691], [-47.808793, -16.525157], [-47.808452, -16.525931], [-47.808155, -16.526474], [-47.80794, -16.526811], [-47.80771, -16.52714], [-47.80746, -16.527456], [-47.807194, -16.527753], [-47.80691, -16.528039], [-47.805334, -16.52944], [-47.801167, -16.533085], [-47.800596, -16.53363], [-47.800211, -16.534069], [-47.799979, -16.534376], [-47.799772, -16.534689], [-47.799531, -16.535102], [-47.799377, -16.535415], [-47.79909, -16.536113], [-47.798996, -16.536281], [-47.798293, -16.538166], [-47.798045, -16.538729], [-47.797896, -16.539014], [-47.79771, -16.539319], [-47.797482, -16.539634], [-47.797217, -16.539954], [-47.796916, -16.540268], [-47.796478, -16.540648], [-47.795979, -16.540995], [-47.795568, -16.541235], [-47.795134, -16.54144], [-47.790684, -16.543306], [-47.790226, -16.543537], [-47.789779, -16.543812], [-47.78949, -16.544019], [-47.789213, -16.544246], [-47.788962, -16.544492], [-47.788742, -16.544743], [-47.788246, -16.545405], [-47.788073, -16.545689], [-47.787847, -16.546136], [-47.787715, -16.546446], [-47.787605, -16.546766], [-47.787479, -16.54726], [-47.78742, -16.547596], [-47.787385, -16.547935], [-47.78737, -16.548274], [-47.78739, -16.548787], [-47.787431, -16.549132], [-47.787569, -16.549827], [-47.787961, -16.551532], [-47.789159, -16.555867], [-47.789387, -16.556825], [-47.789654, -16.557663], [-47.789975, -16.558923], [-47.79119, -16.563311], [-47.791334, -16.563905], [-47.791402, -16.564294], [-47.791462, -16.564872], [-47.791478, -16.565258], [-47.791467, -16.565838], [-47.791435, -16.566212], [-47.791359, -16.566731], [-47.791162, -16.567567], [-47.790924, -16.568236], [-47.790701, -16.568731], [-47.790445, -16.569222], [-47.789802, -16.570371], [-47.789283, -16.571353], [-47.788992, -16.571824], [-47.788103, -16.573399], [-47.780592, -16.586792], [-47.779765, -16.58829], [-47.779299, -16.589181], [-47.779201, -16.589295], [-47.778835, -16.589954], [-47.77859, -16.590431], [-47.778331, -16.590845], [-47.777832, -16.591724], [-47.77181, -16.602427], [-47.77135, -16.603148], [-47.770875, -16.603739], [-47.770296, -16.604355], [-47.769616, -16.604956], [-47.741951, -16.62684], [-47.741452, -16.627248], [-47.741132, -16.627535], [-47.740829, -16.627841], [-47.740406, -16.628331], [-47.740149, -16.628678], [-47.739814, -16.629198], [-47.73953, -16.629721], [-47.739287, -16.630261], [-47.739155, -16.630631], [-47.738996, -16.631198], [-47.738873, -16.63178], [-47.738821, -16.632174], [-47.738596, -16.634397], [-47.738395, -16.636595], [-47.738323, -16.637515], [-47.738319, -16.63802], [-47.738378, -16.638754], [-47.738497, -16.639429], [-47.738606, -16.639884], [-47.739151, -16.641888], [-47.739305, -16.642601], [-47.739349, -16.642889], [-47.739426, -16.643701], [-47.73944, -16.644254], [-47.739428, -16.644633], [-47.739376, -16.645212], [-47.739283, -16.645802], [-47.739147, -16.64639], [-47.738972, -16.646969], [-47.738752, -16.647545], [-47.738489, -16.648108], [-47.738293, -16.648474], [-47.737964, -16.64901], [-47.73746, -16.649692], [-47.737044, -16.650176], [-47.73659, -16.650636], [-47.735925, -16.651208], [-47.715052, -16.667711], [-47.714358, -16.668283], [-47.714035, -16.66857], [-47.713579, -16.669026], [-47.7133, -16.669337], [-47.712912, -16.669819], [-47.712546, -16.670326], [-47.709175, -16.67527], [-47.707969, -16.676988], [-47.707397, -16.677897], [-47.689883, -16.703657], [-47.689469, -16.704236], [-47.689168, -16.704602], [-47.688846, -16.704953], [-47.688501, -16.705286], [-47.687948, -16.705741], [-47.687378, -16.706127], [-47.686817, -16.706443], [-47.686039, -16.706802], [-47.67054, -16.713021], [-47.669684, -16.71339], [-47.669579, -16.713444], [-47.669425, -16.713553], [-47.669179, -16.713596], [-47.669037, -16.713641], [-47.668044, -16.714028], [-47.625935, -16.730967], [-47.624745, -16.731461], [-47.624362, -16.731644], [-47.62399, -16.731848], [-47.623452, -16.732185], [-47.622953, -16.732556], [-47.622646, -16.732816], [-47.622356, -16.733089], [-47.621886, -16.73359], [-47.621727, -16.73378], [-47.621529, -16.734059], [-47.619572, -16.736334], [-47.616706, -16.739728], [-47.616019, -16.740562], [-47.614855, -16.741925], [-47.614496, -16.742368], [-47.604501, -16.754242]]}, "properties": {"SNV": "040BGO0050", "fid": 39, "EXT_KM": 71.6, "GEOCOD": "040BGO0050", "TRECHO": "ENTR GO-010 (P/LUZIÂNIA) - ENTR BR-040/050/354/457 (CRISTALINA)", "RODOVIA": "BR-040", "SITUACAO": "PAV"}}, {"type": "Feature", "geometry": {"crs": {"type": "name", "properties": {"name": "EPSG:4674"}}, "type": "LineString", "coordinates": [[-47.604501, -16.754242], [-47.601589, -16.757727], [-47.601189, -16.75818], [-47.587911, -16.77395], [-47.587569, -16.774418], [-47.587259, -16.774911], [-47.586685, -16.775964], [-47.585032, -16.779108], [-47.584682, -16.779696], [-47.584281, -16.780268], [-47.583833, -16.780821], [-47.571161, -16.795962], [-47.570397, -16.796894], [-47.568841, -16.799048], [-47.566595, -16.802214], [-47.563499, -16.806532], [-47.562402, -16.808092], [-47.560601, -16.810594], [-47.552396, -16.821391], [-47.5521, -16.821744], [-47.551789, -16.82208], [-47.551134, -16.822697], [-47.550634, -16.823092], [-47.549932, -16.823565], [-47.54956, -16.823781], [-47.546071, -16.825638], [-47.531886, -16.833147], [-47.529957, -16.834155], [-47.528487, -16.834949], [-47.52577, -16.836375], [-47.503184, -16.848344], [-47.50254, -16.84867], [-47.502106, -16.848866], [-47.501442, -16.849116], [-47.500991, -16.849256], [-47.500297, -16.849426], [-47.49959, -16.849542], [-47.49888, -16.849608], [-47.498163, -16.849627], [-47.488205, -16.849432], [-47.487455, -16.849396], [-47.486964, -16.849333], [-47.486488, -16.849225], [-47.485799, -16.848996], [-47.485148, -16.848691], [-47.484741, -16.848447], [-47.484172, -16.848027], [-47.482291, -16.846476], [-47.481522, -16.845861], [-47.481126, -16.845586], [-47.480491, -16.84524], [-47.480052, -16.845055], [-47.479615, -16.84491], [-47.479184, -16.844804], [-47.478754, -16.844727], [-47.478327, -16.844682], [-47.477904, -16.844669], [-47.477489, -16.844689], [-47.476888, -16.844766], [-47.476311, -16.844891], [-47.475943, -16.845008], [-47.475584, -16.845148], [-47.470302, -16.847424], [-47.469659, -16.847716], [-47.469242, -16.847925], [-47.464715, -16.850323], [-47.464275, -16.850542], [-47.46383, -16.850743], [-47.463378, -16.850923], [-47.462684, -16.851147], [-47.462205, -16.851271], [-47.461467, -16.851415], [-47.460464, -16.851571], [-47.429456, -16.856205], [-47.428518, -16.856389], [-47.427828, -16.856576], [-47.427375, -16.856731], [-47.426929, -16.856906], [-47.426278, -16.85721], [-47.425854, -16.857436], [-47.42397, -16.8585], [-47.419922, -16.860842], [-47.414207, -16.864104], [-47.412651, -16.865009], [-47.412057, -16.865307], [-47.411646, -16.865479], [-47.41123, -16.865633], [-47.410597, -16.865833], [-47.409761, -16.866021], [-47.408902, -16.866138], [-47.401066, -16.866911], [-47.398439, -16.867188], [-47.395071, -16.867509], [-47.390685, -16.86796], [-47.389729, -16.868082], [-47.389023, -16.868215], [-47.388319, -16.868374], [-47.387623, -16.868565], [-47.386947, -16.86878], [-47.386506, -16.868935], [-47.385875, -16.869186], [-47.385045, -16.86955], [-47.384433, -16.869858], [-47.383635, -16.870313], [-47.383055, -16.870681], [-47.382677, -16.870944], [-47.382306, -16.871218], [-47.381764, -16.87165], [-47.38089, -16.872406], [-47.378494, -16.874727], [-47.376568, -16.876553], [-47.374346, -16.878703], [-47.373182, -16.879798], [-47.369269, -16.883568], [-47.36532, -16.887329], [-47.36124, -16.89125], [-47.359449, -16.892944], [-47.357842, -16.894501], [-47.357346, -16.894999], [-47.356744, -16.89565], [-47.356324, -16.896148], [-47.355925, -16.896666], [-47.35527, -16.897588], [-47.354661, -16.898583], [-47.35411, -16.899624], [-47.35372, -16.900479], [-47.350904, -16.906946], [-47.350034, -16.909003], [-47.344778, -16.921134], [-47.342924, -16.925368], [-47.341881, -16.927797], [-47.341579, -16.92842], [-47.341257, -16.929021], [-47.340796, -16.929788], [-47.340279, -16.93053], [-47.339727, -16.931236], [-47.339125, -16.931922], [-47.338473, -16.932581], [-47.337769, -16.933213], [-47.337028, -16.93381], [-47.336458, -16.934217], [-47.335915, -16.934574], [-47.334161, -16.935664], [-47.333548, -16.936026], [-47.333057, -16.936275], [-47.332537, -16.936511], [-47.331978, -16.936726], [-47.331583, -16.936856], [-47.330753, -16.937075], [-47.329871, -16.937244], [-47.321267, -16.938617], [-47.320538, -16.93875], [-47.319819, -16.93893], [-47.318883, -16.939242], [-47.318205, -16.939531], [-47.317546, -16.939863], [-47.316696, -16.940379], [-47.313165, -16.942764], [-47.312406, -16.943302], [-47.311691, -16.943893], [-47.311078, -16.944499], [-47.310447, -16.945235], [-47.30951, -16.94653], [-47.309167, -16.947046], [-47.30902, -16.947191], [-47.307177, -16.949737], [-47.30686, -16.950126], [-47.306357, -16.950622], [-47.306071, -16.950857], [-47.305762, -16.951081], [-47.305434, -16.951289], [-47.305088, -16.951478], [-47.304727, -16.95164], [-47.30436, -16.951778], [-47.303809, -16.951942], [-47.303254, -16.952052], [-47.302685, -16.952112], [-47.302294, -16.952121], [-47.299482, -16.951948], [-47.29274, -16.951488], [-47.291911, -16.951496], [-47.291131, -16.951553], [-47.290539, -16.951635], [-47.289701, -16.951782], [-47.274851, -16.95457], [-47.274427, -16.954666], [-47.273807, -16.954864], [-47.273403, -16.955027], [-47.272815, -16.955332], [-47.272437, -16.955568], [-47.272078, -16.95583], [-47.271742, -16.956114], [-47.271433, -16.956417], [-47.271149, -16.956736], [-47.270889, -16.957062], [-47.270653, -16.957398], [-47.27045, -16.957745], [-47.270272, -16.958099], [-47.270031, -16.95865], [-47.266047, -16.968269], [-47.265757, -16.968955], [-47.265548, -16.969404], [-47.265192, -16.970101], [-47.265, -16.970432], [-47.26488, -16.97057], [-47.264606, -16.970958], [-47.264295, -16.971355], [-47.263843, -16.971867], [-47.263362, -16.972367], [-47.25712, -16.978682], [-47.251378, -16.984527], [-47.250927, -16.984979], [-47.250463, -16.985414], [-47.250142, -16.98569], [-47.249808, -16.985951], [-47.249097, -16.986442], [-47.238467, -16.992983], [-47.237633, -16.993529], [-47.237031, -16.993988], [-47.236646, -16.99432], [-47.235713, -16.995185], [-47.213979, -17.015773], [-47.212959, -17.016719], [-47.212561, -17.017049], [-47.212274, -17.01726], [-47.211804, -17.01755], [-47.21129, -17.017805], [-47.210922, -17.017944], [-47.210339, -17.018109], [-47.209723, -17.018222], [-47.209304, -17.018265], [-47.208884, -17.018272], [-47.208258, -17.018226], [-47.207848, -17.018164], [-47.207445, -17.018076], [-47.206852, -17.017888], [-47.203149, -17.016416], [-47.202307, -17.016112], [-47.201875, -17.016001], [-47.201217, -17.015898], [-47.200549, -17.015863], [-47.200105, -17.015879], [-47.199453, -17.015972], [-47.196778, -17.016529], [-47.18266, -17.019558], [-47.181985, -17.019717], [-47.181551, -17.019842], [-47.181133, -17.019997], [-47.180538, -17.020285], [-47.179984, -17.020632], [-47.179632, -17.020892], [-47.179154, -17.021326], [-47.178872, -17.02164], [-47.178613, -17.021968], [-47.178273, -17.022485], [-47.177998, -17.02303], [-47.177791, -17.023584], [-47.176202, -17.028782], [-47.176049, -17.029371], [-47.175936, -17.029651], [-47.175573, -17.030836], [-47.175208, -17.031947], [-47.175092, -17.032185], [-47.174809, -17.032609], [-47.174584, -17.032906], [-47.174402, -17.033116], [-47.174185, -17.033325], [-47.173697, -17.033722], [-47.173425, -17.033901], [-47.17313, -17.034065], [-47.172814, -17.034209], [-47.172484, -17.034333], [-47.172135, -17.034435], [-47.171777, -17.03451], [-47.171039, -17.034579], [-47.167329, -17.034737], [-47.165376, -17.0348], [-47.163734, -17.034731], [-47.163568, -17.034694], [-47.163317, -17.034671], [-47.160951, -17.034531]]}, "properties": {"SNV": "040BGO0070", "fid": 40, "EXT_KM": 61.6, "GEOCOD": "040BGO0070", "TRECHO": "ENTR BR-040/050/354/457 (CRISTALINA) - FIM PONTE S/RESERVATÓRIO RIO SÃO MARCOS - DIV GO/MG", "RODOVIA": "BR-040", "SITUACAO": "PAV"}}, {"type": "Feature", "geometry": {"crs": {"type": "name", "properties": {"name": "EPSG:4674"}}, "type": "LineString", "coordinates": [[-47.705862, -16.926661], [-47.727714, -16.942641], [-47.728293, -16.943078], [-47.728663, -16.943388], [-47.729007, -16.94372], [-47.72933, -16.944072], [-47.72963, -16.944444], [-47.730039, -16.945035], [-47.730285, -16.945448], [-47.730504, -16.945879], [-47.740883, -16.968251]]}, "properties": {"SNV": "050BGO0080", "fid": 45, "EXT_KM": 6, "GEOCOD": "050BGO0080", "TRECHO": "ENTR GO-519 (DOMICIANO RIBEIRO) - ENTR GO-219", "RODOVIA": "BR-050", "SITUACAO": "PAV"}}, {"type": "Feature", "geometry": {"crs": {"type": "name", "properties": {"name": "EPSG:4674"}}, "type": "LineString", "coordinates": [[-47.740883, -16.968251], [-47.756329, -17.00153], [-47.756623, -17.002195], [-47.756885, -17.002868], [-47.757254, -17.004008], [-47.75767, -17.005552], [-47.763849, -17.029361], [-47.763933, -17.029819], [-47.763992, -17.030479], [-47.763981, -17.030912], [-47.763925, -17.031554], [-47.763798, -17.032176], [-47.76368, -17.032579], [-47.763536, -17.032976], [-47.763269, -17.033553], [-47.762838, -17.034291], [-47.751466, -17.052777], [-47.749925, -17.055253], [-47.748251, -17.058005], [-47.738637, -17.073604], [-47.737278, -17.075831], [-47.736591, -17.076911], [-47.735212, -17.079145], [-47.728063, -17.090887], [-47.727344, -17.092096], [-47.720773, -17.102902], [-47.720574, -17.103268], [-47.720405, -17.103635], [-47.720198, -17.104198], [-47.720086, -17.104588], [-47.719998, -17.104988], [-47.719908, -17.105579], [-47.71988, -17.105966], [-47.719878, -17.106347], [-47.719931, -17.107113], [-47.721732, -17.123838], [-47.722151, -17.12755], [-47.723061, -17.13611], [-47.72316, -17.137093], [-47.723196, -17.137714], [-47.723208, -17.138905], [-47.722876, -17.147429], [-47.722832, -17.148417], [-47.722766, -17.149289], [-47.72266, -17.153001], [-47.722378, -17.15989], [-47.722326, -17.161528], [-47.722021, -17.169225], [-47.722031, -17.16968], [-47.722094, -17.170362], [-47.722169, -17.170816], [-47.722268, -17.17126], [-47.72245, -17.171873], [-47.722748, -17.172602], [-47.723015, -17.173128], [-47.723541, -17.173978], [-47.724633, -17.175692], [-47.726011, -17.177799], [-47.726559, -17.17871], [-47.727223, -17.179747], [-47.728364, -17.181441], [-47.733238, -17.188971], [-47.733834, -17.189925], [-47.734895, -17.191518], [-47.738431, -17.196989], [-47.739833, -17.199117], [-47.744471, -17.206254], [-47.745401, -17.207672], [-47.745491, -17.207768], [-47.745553, -17.207908], [-47.746161, -17.208832]]}, "properties": {"SNV": "050BGO0090", "fid": 46, "EXT_KM": 29.3, "GEOCOD": "050BGO0090", "TRECHO": "ENTR GO-219 - ENTR GO-020", "RODOVIA": "BR-050", "SITUACAO": "PAV"}}, {"type": "Feature", "geometry": {"crs": {"type": "name", "properties": {"name": "EPSG:4674"}}, "type": "LineString", "coordinates": [[-47.772143, -17.627324], [-47.771034, -17.629123], [-47.770566, -17.629951], [-47.770433, -17.630125], [-47.770153, -17.630566], [-47.763826, -17.640849], [-47.763351, -17.641558], [-47.762956, -17.642069], [-47.76268, -17.642396], [-47.762249, -17.642858], [-47.761832, -17.643262], [-47.761085, -17.643894], [-47.759686, -17.64499], [-47.759237, -17.645316]]}, "properties": {"SNV": "050BGO0120", "fid": 49, "EXT_KM": 2.2, "GEOCOD": "050BGO0120", "TRECHO": "ENTR GO-213 (CAMPO ALEGRE DE GOIÁS) - ENTR BR-050/490/GO-213", "RODOVIA": "BR-050", "SITUACAO": "PAV"}}, {"type": "Feature", "geometry": {"crs": {"type": "name", "properties": {"name": "EPSG:4674"}}, "type": "LineString", "coordinates": [[-47.746161, -17.208832], [-47.74894, -17.213116], [-47.749596, -17.214088], [-47.751625, -17.217234], [-47.752379, -17.218345], [-47.753245, -17.219684], [-47.753719, -17.220459], [-47.754605, -17.221764], [-47.760125, -17.23023], [-47.760503, -17.230883], [-47.760834, -17.231592], [-47.761105, -17.23235], [-47.765222, -17.247616], [-47.765575, -17.248981], [-47.769309, -17.262754], [-47.769474, -17.263425], [-47.769554, -17.263873], [-47.76961, -17.264548], [-47.769593, -17.265222], [-47.769542, -17.265665], [-47.769461, -17.266102], [-47.769277, -17.266743], [-47.769115, -17.26716], [-47.768922, -17.267571], [-47.768698, -17.267971], [-47.76783, -17.269313], [-47.765944, -17.272314], [-47.7607, -17.280574]]}, "properties": {"SNV": "050BGO0095", "fid": 47, "EXT_KM": 9, "GEOCOD": "050BGO0095", "TRECHO": "ENTR GO-020 - ENTR GO-020", "RODOVIA": "BR-050", "SITUACAO": "PAV"}}, {"type": "Feature", "geometry": {"crs": {"type": "name", "properties": {"name": "EPSG:4674"}}, "type": "LineString", "coordinates": [[-47.7607, -17.280574], [-47.758179, -17.284552], [-47.757881, -17.285047], [-47.757707, -17.285389], [-47.757497, -17.285916], [-47.757331, -17.286458], [-47.757215, -17.287], [-47.757169, -17.28736], [-47.757148, -17.28772], [-47.756986, -17.293598], [-47.756974, -17.294244], [-47.756988, -17.294567], [-47.75696, -17.294704], [-47.756933, -17.295706], [-47.756916, -17.297266], [-47.756948, -17.297758], [-47.757045, -17.298304], [-47.757213, -17.298889], [-47.757454, -17.299466], [-47.757692, -17.299891], [-47.757974, -17.300304], [-47.758185, -17.300568], [-47.75865, -17.30106], [-47.761809, -17.304252], [-47.762395, -17.304759], [-47.76302, -17.3052], [-47.763522, -17.305496], [-47.764049, -17.305766], [-47.771131, -17.309263], [-47.778401, -17.312875], [-47.778989, -17.313238], [-47.779528, -17.313653], [-47.779861, -17.313964], [-47.78032, -17.314468], [-47.780724, -17.315021], [-47.780959, -17.315412], [-47.781162, -17.315812], [-47.781421, -17.316425], [-47.785797, -17.32756], [-47.785912, -17.327901], [-47.786511, -17.329372], [-47.787738, -17.332515], [-47.787971, -17.333067], [-47.790593, -17.339691], [-47.790739, -17.340102], [-47.790866, -17.340527], [-47.790969, -17.340962], [-47.79105, -17.341409], [-47.791103, -17.341851], [-47.791126, -17.342263], [-47.791125, -17.342663], [-47.791084, -17.343282], [-47.789288, -17.359749], [-47.789074, -17.36157], [-47.788916, -17.363142], [-47.787686, -17.374418], [-47.787598, -17.375063], [-47.787472, -17.375693], [-47.787367, -17.376111], [-47.787171, -17.376739], [-47.786845, -17.377553], [-47.785252, -17.380998], [-47.785137, -17.381155], [-47.785066, -17.381402], [-47.784945, -17.381555], [-47.784874, -17.381797], [-47.784762, -17.381972], [-47.784689, -17.382208], [-47.778149, -17.396352], [-47.777729, -17.397336], [-47.777528, -17.397942], [-47.777332, -17.398772], [-47.777235, -17.399403], [-47.777186, -17.400042], [-47.777183, -17.400684], [-47.777231, -17.401324], [-47.777324, -17.401963], [-47.777467, -17.402577], [-47.777635, -17.403152], [-47.777846, -17.403714], [-47.778283, -17.404611], [-47.778575, -17.405103], [-47.77902, -17.405736], [-47.779397, -17.406202], [-47.779824, -17.406649], [-47.780449, -17.40721], [-47.780947, -17.407587], [-47.781469, -17.407934], [-47.781825, -17.408144], [-47.78238, -17.40843], [-47.785013, -17.409567], [-47.785459, -17.409729], [-47.785635, -17.409836], [-47.785867, -17.409936], [-47.78827, -17.410938], [-47.790585, -17.411926], [-47.791046, -17.412147], [-47.791354, -17.412313], [-47.791971, -17.412689], [-47.792429, -17.413017], [-47.793027, -17.413518], [-47.79358, -17.414068], [-47.793974, -17.414529], [-47.794223, -17.414854], [-47.794456, -17.415195], [-47.794776, -17.415731], [-47.795066, -17.416308], [-47.795313, -17.41692], [-47.795518, -17.41755], [-47.795627, -17.417985], [-47.795712, -17.418429], [-47.795772, -17.418876], [-47.796183, -17.424528], [-47.796304, -17.425902], [-47.796375, -17.426362], [-47.796466, -17.426815], [-47.796642, -17.427486], [-47.796785, -17.427932], [-47.798647, -17.432944], [-47.804892, -17.449574], [-47.809237, -17.461062], [-47.810073, -17.463314], [-47.810448, -17.464392], [-47.811592, -17.467288], [-47.817208, -17.482094], [-47.821595, -17.4936], [-47.821919, -17.494495], [-47.822186, -17.495393], [-47.822397, -17.496302], [-47.822515, -17.496987], [-47.82272, -17.498359], [-47.823329, -17.502097], [-47.823459, -17.503027], [-47.823586, -17.503711], [-47.827084, -17.525574], [-47.830782, -17.548404], [-47.830956, -17.549586], [-47.831012, -17.550294], [-47.831, -17.551001], [-47.830918, -17.551705], [-47.830826, -17.552172], [-47.830705, -17.552633], [-47.830471, -17.553308], [-47.824491, -17.567358], [-47.819508, -17.579119], [-47.819204, -17.579785], [-47.81897, -17.580213], [-47.818709, -17.580628], [-47.818422, -17.581028], [-47.817941, -17.581592], [-47.81723, -17.582275], [-47.805076, -17.593263], [-47.79442, -17.602926], [-47.782493, -17.613803], [-47.778977, -17.617026], [-47.778525, -17.61746], [-47.778238, -17.617761], [-47.777834, -17.618234], [-47.777584, -17.618562], [-47.777237, -17.619065], [-47.772143, -17.627324]]}, "properties": {"SNV": "050BGO0110", "fid": 48, "EXT_KM": 44.1, "GEOCOD": "050BGO0110", "TRECHO": "ENTR GO-020 - ENTR GO-213 (CAMPO ALEGRE DE GOIÁS)", "RODOVIA": "BR-050", "SITUACAO": "PAV"}}, {"type": "Feature", "geometry": {"crs": {"type": "name", "properties": {"name": "EPSG:4674"}}, "type": "LineString", "coordinates": [[-47.759237, -17.645316], [-47.750741, -17.651845], [-47.733809, -17.66492], [-47.733251, -17.66541], [-47.732908, -17.665768], [-47.732451, -17.666352], [-47.732185, -17.66677], [-47.731955, -17.66721], [-47.731854, -17.667437], [-47.731678, -17.667903], [-47.731533, -17.668375], [-47.719968, -17.709719], [-47.71979, -17.710419], [-47.71967, -17.711107], [-47.719647, -17.711333], [-47.719631, -17.711778], [-47.719663, -17.712426], [-47.719764, -17.713062], [-47.719936, -17.713686], [-47.720174, -17.714288], [-47.720478, -17.714867], [-47.720835, -17.71543], [-47.725914, -17.723008], [-47.726287, -17.723616], [-47.7265, -17.724042], [-47.726593, -17.724261], [-47.72675, -17.724714], [-47.72687, -17.725176], [-47.726955, -17.725642], [-47.727018, -17.726353], [-47.727069, -17.729901], [-47.727108, -17.730596], [-47.727169, -17.731036], [-47.727264, -17.731459], [-47.727388, -17.73187], [-47.727543, -17.732274], [-47.727839, -17.732856], [-47.728078, -17.733226], [-47.729429, -17.735022], [-47.729817, -17.735576], [-47.730169, -17.736153], [-47.730488, -17.736757], [-47.741533, -17.760585], [-47.741855, -17.761255], [-47.742091, -17.761696], [-47.742492, -17.76233], [-47.742927, -17.762927], [-47.749488, -17.771376], [-47.749903, -17.771954], [-47.75008, -17.77214], [-47.75099, -17.773305], [-47.75652, -17.780446], [-47.764369, -17.79054], [-47.764776, -17.791128], [-47.765011, -17.791537], [-47.765315, -17.792174], [-47.765482, -17.792616], [-47.765669, -17.793301], [-47.765753, -17.793768], [-47.765803, -17.794239], [-47.765818, -17.795192], [-47.765733, -17.797895], [-47.765767, -17.798554], [-47.765833, -17.798991], [-47.765928, -17.799426], [-47.766954, -17.802886], [-47.76709, -17.80331], [-47.767247, -17.803724], [-47.767434, -17.804125], [-47.767651, -17.804509], [-47.768927, -17.806532], [-47.76925, -17.80708], [-47.769334, -17.807264], [-47.76946, -17.807644], [-47.769535, -17.808037], [-47.769546, -17.808436], [-47.769508, -17.808824], [-47.76947, -17.809014], [-47.769245, -17.809983], [-47.768208, -17.814176], [-47.768128, -17.814584], [-47.768064, -17.815225], [-47.768065, -17.815667], [-47.768104, -17.81611], [-47.76823, -17.816781], [-47.768356, -17.817228], [-47.768614, -17.817884], [-47.768831, -17.818307], [-47.769215, -17.818914], [-47.769357, -17.819108], [-47.769666, -17.819478], [-47.771607, -17.821592], [-47.772041, -17.822135], [-47.772293, -17.822513], [-47.772617, -17.823111], [-47.772873, -17.823746], [-47.773056, -17.824404], [-47.773166, -17.825078], [-47.773196, -17.825526], [-47.773197, -17.825953], [-47.773139, -17.827218], [-47.771997, -17.848319], [-47.771988, -17.84901], [-47.772019, -17.849456], [-47.77208, -17.849875], [-47.772168, -17.850255], [-47.772278, -17.850616], [-47.772412, -17.850958], [-47.772573, -17.851289], [-47.772756, -17.85161], [-47.772959, -17.851923], [-47.773185, -17.852225], [-47.77343, -17.852511], [-47.773684, -17.852768], [-47.775454, -17.85433], [-47.775937, -17.85471], [-47.776044, -17.85485], [-47.77843, -17.856899], [-47.787391, -17.864731], [-47.787806, -17.865161], [-47.788053, -17.865472], [-47.788276, -17.865797], [-47.78856, -17.866302], [-47.788784, -17.866817], [-47.788956, -17.867363], [-47.789035, -17.86775], [-47.789098, -17.868345], [-47.789096, -17.868745], [-47.789064, -17.869143], [-47.788685, -17.872124], [-47.788655, -17.872509], [-47.788648, -17.872897], [-47.788666, -17.873289], [-47.788742, -17.873869], [-47.788882, -17.874472], [-47.794544, -17.896261], [-47.794899, -17.897667], [-47.795046, -17.898364], [-47.795112, -17.898828], [-47.795272, -17.900422], [-47.796029, -17.908227], [-47.796044, -17.908631], [-47.796003, -17.909244], [-47.795937, -17.90966], [-47.795776, -17.910284], [-47.795554, -17.9109], [-47.795375, -17.911293], [-47.79506, -17.91184], [-47.794714, -17.912316], [-47.794176, -17.912916], [-47.790049, -17.917224], [-47.789501, -17.917854], [-47.789167, -17.918299], [-47.788657, -17.919089], [-47.788416, -17.919535], [-47.788188, -17.920007], [-47.787983, -17.920491], [-47.787867, -17.92081], [-47.787663, -17.921443], [-47.787534, -17.92193]]}, "properties": {"SNV": "050BGO0130", "fid": 50, "EXT_KM": 35.6, "GEOCOD": "050BGO0130", "TRECHO": "ENTR BR-050/490/GO-213 - ENTR GO-506", "RODOVIA": "BR-050", "SITUACAO": "PAV"}}, {"type": "Feature", "geometry": {"crs": {"type": "name", "properties": {"name": "EPSG:4674"}}, "type": "LineString", "coordinates": [[-47.787534, -17.92193], [-47.787434, -17.92243], [-47.787385, -17.922765], [-47.787309, -17.92353], [-47.787299, -17.923933], [-47.78732, -17.925026], [-47.787393, -17.927046], [-47.787457, -17.927817], [-47.787455, -17.928413], [-47.787492, -17.929294], [-47.787529, -17.929528], [-47.787501, -17.929675], [-47.787506, -17.929958], [-47.787619, -17.93325], [-47.787647, -17.933534], [-47.787649, -17.934099], [-47.787729, -17.936249], [-47.787744, -17.937069], [-47.787702, -17.937913], [-47.78699, -17.947853], [-47.786977, -17.948488], [-47.787029, -17.949111], [-47.787146, -17.949719], [-47.787255, -17.950108], [-47.787378, -17.950456], [-47.787671, -17.951087], [-47.788014, -17.951659], [-47.788309, -17.952062], [-47.788834, -17.952679], [-47.793873, -17.958389], [-47.794521, -17.959167], [-47.794752, -17.959481], [-47.794955, -17.959805], [-47.795309, -17.960472], [-47.795526, -17.960982], [-47.795653, -17.961326], [-47.795854, -17.962034], [-47.795981, -17.962756], [-47.796015, -17.963124], [-47.796042, -17.963691], [-47.79684, -17.993191], [-47.79687, -17.993632], [-47.796919, -17.994057], [-47.796992, -17.994469], [-47.797081, -17.994851], [-47.797298, -17.995551], [-47.797491, -17.996033], [-47.797641, -17.996352], [-47.797904, -17.99683], [-47.798204, -17.997296], [-47.798542, -17.997738], [-47.798896, -17.998168], [-47.820106, -18.022808], [-47.821093, -18.023921], [-47.821621, -18.024439], [-47.822381, -18.025076], [-47.835158, -18.035071], [-47.835515, -18.035317], [-47.835879, -18.035532], [-47.836437, -18.035808], [-47.836814, -18.035965], [-47.837197, -18.036099], [-47.837585, -18.036212], [-47.837978, -18.036304], [-47.838572, -18.036397], [-47.839172, -18.036446], [-47.839994, -18.036469], [-47.844101, -18.03653], [-47.846663, -18.036545], [-47.848444, -18.036574], [-47.849101, -18.036617], [-47.849536, -18.036669], [-47.849968, -18.036738], [-47.850608, -18.036871], [-47.85144, -18.037102], [-47.851843, -18.037239], [-47.852433, -18.037468], [-47.853953, -18.038173], [-47.855475, -18.038905], [-47.855855, -18.039114], [-47.856223, -18.039346], [-47.856745, -18.039729], [-47.857238, -18.040154], [-47.85769, -18.040621], [-47.858108, -18.041129], [-47.858365, -18.041491], [-47.85872, -18.042062], [-47.858933, -18.04246], [-47.862152, -18.04936], [-47.862568, -18.050311], [-47.862773, -18.050871], [-47.862861, -18.051165], [-47.863004, -18.052135], [-47.86304, -18.052506], [-47.864395, -18.071153]]}, "properties": {"SNV": "050BGO0135", "fid": 51, "EXT_KM": 19.7, "GEOCOD": "050BGO0135", "TRECHO": "ENTR GO-506 - ENTR BR-050/352/GO-210", "RODOVIA": "BR-050", "SITUACAO": "PAV"}}, {"type": "Feature", "geometry": {"crs": {"type": "name", "properties": {"name": "EPSG:4674"}}, "type": "LineString", "coordinates": [[-47.864395, -18.071153], [-47.864485, -18.072125], [-47.864576, -18.072666], [-47.86477, -18.073409], [-47.865046, -18.074161], [-47.865147, -18.074346], [-47.865385, -18.074917], [-47.866469, -18.077278], [-47.871807, -18.088811], [-47.872076, -18.089356], [-47.872386, -18.089891], [-47.872758, -18.0904], [-47.876182, -18.094591], [-47.878808, -18.097766], [-47.885301, -18.105705], [-47.885977, -18.106489], [-47.889623, -18.110938]]}, "properties": {"SNV": "050BGO0140", "fid": 52, "EXT_KM": 5, "GEOCOD": "050BGO0140", "TRECHO": "ENTR BR-050/352/GO-210 - ENTR GO-504", "RODOVIA": "BR-050", "SITUACAO": "PAV"}}, {"type": "Feature", "geometry": {"crs": {"type": "name", "properties": {"name": "EPSG:4674"}}, "type": "LineString", "coordinates": [[-47.889623, -18.110938], [-47.896294, -18.119079], [-47.898056, -18.121196], [-47.903442, -18.127753], [-47.90379, -18.128202], [-47.903994, -18.128505], [-47.904249, -18.128966], [-47.904443, -18.129414], [-47.904633, -18.129981], [-47.904752, -18.13051], [-47.905095, -18.133186], [-47.905332, -18.134573], [-47.905487, -18.135931], [-47.905531, -18.13674], [-47.905593, -18.137296], [-47.907368, -18.151358], [-47.908641, -18.161278], [-47.908711, -18.161636], [-47.908781, -18.161809], [-47.908847, -18.162037], [-47.908874, -18.16222], [-47.908945, -18.162407], [-47.90924, -18.163039], [-47.9096, -18.163609], [-47.909797, -18.163868], [-47.910032, -18.164135], [-47.910466, -18.164557], [-47.91057, -18.164637], [-47.910713, -18.16471], [-47.910874, -18.164881], [-47.910984, -18.164957], [-47.91146, -18.165241], [-47.913308, -18.166161], [-47.913587, -18.166273], [-47.913721, -18.166366], [-47.914804, -18.166919], [-47.91691, -18.16795], [-47.925325, -18.172147], [-47.927723, -18.173321], [-47.931123, -18.175021], [-47.931609, -18.17528], [-47.932085, -18.175575], [-47.932779, -18.176055], [-47.939793, -18.180752], [-47.94058, -18.181234], [-47.941167, -18.181631]]}, "properties": {"SNV": "050BGO0150", "fid": 53, "EXT_KM": 10.4, "GEOCOD": "050BGO0150", "TRECHO": "ENTR GO-504 - ENTR BR-050/352/GO-210/330 (CATALÃO)", "RODOVIA": "BR-050", "SITUACAO": "PAV"}}, {"type": "Feature", "geometry": {"crs": {"type": "name", "properties": {"name": "EPSG:4674"}}, "type": "LineString", "coordinates": [[-47.941167, -18.181631], [-47.942462, -18.182506], [-47.943765, -18.183502], [-47.953856, -18.191972], [-47.954334, -18.192419], [-47.954647, -18.192773], [-47.954835, -18.193016], [-47.955081, -18.193394], [-47.955596, -18.194353], [-47.959028, -18.201219], [-47.960747, -18.204585], [-47.966739, -18.216476], [-47.967027, -18.216995], [-47.967367, -18.217498], [-47.967614, -18.21782], [-47.96788, -18.218133], [-47.968312, -18.218578], [-47.96862, -18.218855], [-47.972665, -18.222075], [-47.972987, -18.222311], [-47.973275, -18.22248], [-47.973514, -18.222725], [-47.97396, -18.223116], [-47.977772, -18.22614], [-47.979195, -18.227288], [-47.979615, -18.227677], [-47.980007, -18.228096], [-47.980255, -18.228392], [-47.980486, -18.228703], [-47.980702, -18.229023], [-47.9809, -18.229353], [-47.981169, -18.22986], [-47.982535, -18.232624], [-47.983029, -18.233585], [-47.98349, -18.234379], [-47.983918, -18.235005], [-47.986611, -18.23836], [-47.988213, -18.240321], [-47.997023, -18.251211], [-47.997262, -18.251522], [-47.997474, -18.251834], [-47.997749, -18.252305], [-47.997964, -18.252784], [-47.998124, -18.25327], [-47.998269, -18.253926], [-47.998485, -18.255561], [-47.99965, -18.265225], [-47.999761, -18.266488], [-47.999784, -18.267567], [-47.999743, -18.268428], [-47.999593, -18.270379], [-47.999582, -18.270804], [-47.999606, -18.271225], [-47.999661, -18.271644], [-47.999803, -18.27226], [-47.999933, -18.272643], [-48.000082, -18.272999], [-48.000445, -18.273703], [-48.003419, -18.278949], [-48.005625, -18.282884], [-48.007006, -18.285289], [-48.009184, -18.289168], [-48.010355, -18.29121], [-48.01055, -18.291565], [-48.010715, -18.291921], [-48.010854, -18.292277], [-48.01096, -18.292642], [-48.011074, -18.293194], [-48.011139, -18.293754], [-48.011143, -18.294133], [-48.011123, -18.294513], [-48.010855, -18.297749], [-48.010836, -18.298142], [-48.010864, -18.298724], [-48.010993, -18.299479], [-48.011095, -18.299844], [-48.011223, -18.300196], [-48.011372, -18.300535], [-48.011542, -18.30086], [-48.011831, -18.301322], [-48.014051, -18.304577], [-48.014413, -18.305194], [-48.014688, -18.305832], [-48.014792, -18.306161], [-48.014902, -18.306663], [-48.01496, -18.307006], [-48.015285, -18.310973], [-48.015362, -18.311529], [-48.015441, -18.311896], [-48.015613, -18.312429], [-48.015754, -18.312773], [-48.015917, -18.3131], [-48.016198, -18.313562], [-48.016529, -18.313989], [-48.016994, -18.314478], [-48.017475, -18.314881], [-48.017791, -18.3151], [-48.018018, -18.315236], [-48.019905, -18.31623], [-48.020515, -18.316567], [-48.020666, -18.316657], [-48.021226, -18.317064], [-48.021609, -18.317409], [-48.02206, -18.317913], [-48.022357, -18.318323], [-48.02261, -18.318749], [-48.022812, -18.319176], [-48.023015, -18.319754], [-48.023122, -18.320209], [-48.023194, -18.320666], [-48.023335, -18.324341], [-48.023385, -18.324847], [-48.02353, -18.325523], [-48.023695, -18.326029], [-48.024562, -18.328271], [-48.0249, -18.329136], [-48.025124, -18.329645], [-48.025663, -18.331003], [-48.025958, -18.331645], [-48.026136, -18.331948], [-48.02633, -18.332238], [-48.026541, -18.332511], [-48.026769, -18.332771], [-48.027264, -18.333249], [-48.028159, -18.334022], [-48.029325, -18.334991], [-48.029918, -18.335537], [-48.032864, -18.338049], [-48.033422, -18.338485], [-48.033691, -18.338744], [-48.034249, -18.339213], [-48.034953, -18.339753], [-48.035051, -18.339919], [-48.035285, -18.340174], [-48.035594, -18.340569], [-48.035855, -18.340968], [-48.036009, -18.341243], [-48.036149, -18.341533], [-48.036265, -18.341823], [-48.036363, -18.342112], [-48.036481, -18.342539], [-48.036538, -18.342822], [-48.036607, -18.343421], [-48.036636, -18.343882], [-48.036638, -18.344182], [-48.036602, -18.344638], [-48.036556, -18.344944], [-48.035828, -18.348536], [-48.035756, -18.349061], [-48.035743, -18.34941], [-48.035783, -18.349912], [-48.035845, -18.350234], [-48.035934, -18.35055], [-48.03611, -18.351013], [-48.036262, -18.351302], [-48.036435, -18.351578], [-48.036633, -18.351836], [-48.03686, -18.352079], [-48.037104, -18.352299], [-48.037372, -18.352499], [-48.037808, -18.352755], [-48.038108, -18.352902], [-48.038573, -18.353094], [-48.042315, -18.354263], [-48.042934, -18.354498], [-48.043364, -18.354716], [-48.043873, -18.355044], [-48.044397, -18.355449], [-48.044824, -18.355851], [-48.045042, -18.356094], [-48.04847, -18.359663], [-48.048697, -18.359922], [-48.048893, -18.360198], [-48.049057, -18.360491], [-48.049186, -18.360804], [-48.049888, -18.362907], [-48.050073, -18.363362], [-48.050235, -18.36365], [-48.05099, -18.364836], [-48.051242, -18.365267], [-48.051688, -18.366192], [-48.051806, -18.366496], [-48.052516, -18.368066], [-48.052602, -18.368296], [-48.05287, -18.368734], [-48.05313, -18.36908], [-48.053331, -18.369283], [-48.053557, -18.369456], [-48.053803, -18.369604], [-48.054063, -18.369727], [-48.054336, -18.369824], [-48.054761, -18.369939], [-48.055753, -18.37007], [-48.056245, -18.370173], [-48.056554, -18.370285], [-48.056847, -18.370431], [-48.057125, -18.370608], [-48.057382, -18.370814], [-48.057612, -18.371053], [-48.058007, -18.371576], [-48.06036, -18.374938], [-48.060602, -18.37532], [-48.060784, -18.375724], [-48.060895, -18.376163], [-48.060931, -18.376472], [-48.060992, -18.377382], [-48.061035, -18.377657], [-48.061098, -18.377929], [-48.061192, -18.378196], [-48.061324, -18.378456], [-48.061483, -18.378712], [-48.061673, -18.378955], [-48.061893, -18.379177], [-48.062132, -18.379373], [-48.062524, -18.379616], [-48.063562, -18.380108], [-48.065546, -18.381002], [-48.065944, -18.381207], [-48.066298, -18.381445], [-48.066515, -18.381623], [-48.066717, -18.381821], [-48.066901, -18.382037], [-48.067067, -18.382266], [-48.067209, -18.382509], [-48.067326, -18.382773], [-48.067464, -18.383194], [-48.067906, -18.384897], [-48.068885, -18.388809], [-48.068992, -18.389202], [-48.069123, -18.389607], [-48.069305, -18.390023], [-48.069656, -18.390723], [-48.070897, -18.393152], [-48.071234, -18.393721], [-48.07153, -18.394123], [-48.071857, -18.394496], [-48.072639, -18.395313], [-48.072966, -18.395679], [-48.073259, -18.396062], [-48.073598, -18.3966], [-48.073883, -18.397182], [-48.075742, -18.401373], [-48.076387, -18.402766], [-48.076551, -18.403157], [-48.076702, -18.403452], [-48.076947, -18.403869], [-48.077248, -18.404292], [-48.077428, -18.404491], [-48.07753, -18.404526], [-48.077616, -18.404621], [-48.077674, -18.404787], [-48.078161, -18.405177], [-48.078194, -18.405226], [-48.078274, -18.405292], [-48.078733, -18.405636], [-48.079894, -18.406337], [-48.080134, -18.406513], [-48.081179, -18.40719], [-48.081429, -18.407387], [-48.081654, -18.40761], [-48.081909, -18.407945], [-48.082063, -18.408207], [-48.082185, -18.408478], [-48.082276, -18.408775], [-48.082322, -18.40898], [-48.082357, -18.409285], [-48.08239, -18.410115], [-48.082474, -18.411026], [-48.08249, -18.411554]]}, "properties": {"SNV": "050BGO0152", "fid": 54, "EXT_KM": 31.2, "GEOCOD": "050BGO0152", "TRECHO": "ENTR BR-050/352/GO-210/330 (CATALÃO) - ENTR GO-402", "RODOVIA": "BR-050", "SITUACAO": "PAV"}}, {"type": "Feature", "geometry": {"crs": {"type": "name", "properties": {"name": "EPSG:4674"}}, "type": "LineString", "coordinates": [[-51.728824, -17.846354], [-51.733825, -17.844024], [-51.742155, -17.844211]]}, "properties": {"SNV": "060CGO2010", "fid": 99, "EXT_KM": 0.5, "GEOCOD": "060CGO2010", "TRECHO": "ENTR GO-050/184 (ACESSO NORTE JATAÍ) - ANEL VIÁRIO OESTE JATAÍ", "RODOVIA": "BR-060", "SITUACAO": "PLA"}}, {"type": "Feature", "geometry": {"crs": {"type": "name", "properties": {"name": "EPSG:4674"}}, "type": "LineString", "coordinates": [[-50.849821, -15.872651], [-50.850558, -15.872681], [-50.851472, -15.872792], [-50.861346, -15.874261], [-50.861926, -15.874342], [-50.862068, -15.874341], [-50.862314, -15.874405], [-50.862615, -15.874454]]}, "properties": {"SNV": "070BGO0215", "fid": 129, "EXT_KM": 2.2, "GEOCOD": "070BGO0215", "TRECHO": "ENTR GO-324 - ENTR GO-324 (INÍCIO DA TRAVESSIA URB DE JUSSARA)", "RODOVIA": "BR-070", "SITUACAO": "DUP"}}, {"type": "Feature", "geometry": {"crs": {"type": "name", "properties": {"name": "EPSG:4674"}}, "type": "LineString", "coordinates": [[-49.085802, -14.014917], [-49.085898, -14.015288], [-49.086, -14.015802], [-49.087796, -14.025305], [-49.088105, -14.026967], [-49.088192, -14.027533], [-49.088235, -14.027926], [-49.088262, -14.028322], [-49.088277, -14.028928], [-49.088289, -14.031615], [-49.088399, -14.043422], [-49.08843, -14.044258], [-49.088489, -14.044874], [-49.088666, -14.04589], [-49.089538, -14.050499], [-49.090906, -14.057653], [-49.091147, -14.058499], [-49.091386, -14.059147], [-49.092804, -14.062509], [-49.092947, -14.062922], [-49.093269, -14.063594], [-49.094316, -14.066047], [-49.09445, -14.066395], [-49.096006, -14.070075], [-49.096254, -14.070715], [-49.096407, -14.071186], [-49.096535, -14.071656], [-49.096907, -14.07348], [-49.09696, -14.073832], [-49.097062, -14.074331], [-49.097071, -14.074543], [-49.09714, -14.074754], [-49.097987, -14.079145], [-49.104157, -14.111454], [-49.104331, -14.11228], [-49.104547, -14.113109], [-49.104762, -14.113732], [-49.106136, -14.117322], [-49.122664, -14.16033], [-49.122873, -14.160922], [-49.123046, -14.161515], [-49.123181, -14.162108], [-49.123247, -14.162514], [-49.126402, -14.183072], [-49.12744, -14.189707], [-49.127769, -14.191903], [-49.12777, -14.192097], [-49.127857, -14.192511], [-49.128177, -14.194532], [-49.133366, -14.228222], [-49.13357, -14.229322], [-49.133891, -14.230582], [-49.137149, -14.242024], [-49.142763, -14.261879], [-49.149566, -14.285845], [-49.150112, -14.287802], [-49.150244, -14.288342], [-49.150373, -14.289065], [-49.150427, -14.28962], [-49.150454, -14.290184], [-49.150457, -14.290571], [-49.150432, -14.291163], [-49.150335, -14.291982], [-49.150218, -14.29261], [-49.149988, -14.293649], [-49.147931, -14.302636], [-49.147839, -14.303132], [-49.147797, -14.303466], [-49.147761, -14.303963], [-49.147754, -14.304299], [-49.147763, -14.304638], [-49.147808, -14.305156], [-49.147923, -14.305844], [-49.149095, -14.310932], [-49.14912, -14.311055], [-49.149134, -14.31125], [-49.149199, -14.311426], [-49.149284, -14.311776], [-49.149991, -14.314801]]}, "properties": {"SNV": "153BGO0392", "fid": 169, "EXT_KM": 34.1, "GEOCOD": "153BGO0392", "TRECHO": "ENTR GO-239 (P/MARA ROSA) - ENTR GO-428 (CAMPINORTE)", "RODOVIA": "BR-153", "SITUACAO": "PAV"}}, {"type": "Feature", "geometry": {"crs": {"type": "name", "properties": {"name": "EPSG:4674"}}, "type": "LineString", "coordinates": [[-48.259756, -16.052114], [-48.260484, -16.053899], [-48.260639, -16.054158], [-48.261406, -16.056039], [-48.261508, -16.056354], [-48.261705, -16.056794], [-48.261832, -16.057029], [-48.262129, -16.057756], [-48.262489, -16.058709], [-48.262997, -16.059955], [-48.263057, -16.060163], [-48.263129, -16.060325], [-48.26335, -16.061049], [-48.263411, -16.061414], [-48.264111, -16.063139], [-48.264264, -16.063592], [-48.264368, -16.064058], [-48.264404, -16.064378], [-48.264411, -16.064701], [-48.264395, -16.065022], [-48.264353, -16.06534], [-48.264287, -16.06565], [-48.263961, -16.066687], [-48.263861, -16.067131], [-48.263828, -16.067433], [-48.263823, -16.067737], [-48.263864, -16.068186], [-48.263934, -16.068471], [-48.264085, -16.06891], [-48.264297, -16.069362], [-48.264476, -16.069639], [-48.264673, -16.069905], [-48.264885, -16.070155], [-48.265464, -16.070785], [-48.265678, -16.071055], [-48.265963, -16.071515], [-48.26619, -16.072012], [-48.266304, -16.072357], [-48.266409, -16.072886], [-48.266448, -16.073412], [-48.266501, -16.074837], [-48.266533, -16.075183], [-48.266643, -16.075679], [-48.266823, -16.076161], [-48.267076, -16.076605], [-48.267388, -16.077015], [-48.269368, -16.079102], [-48.269812, -16.07962], [-48.270107, -16.080016], [-48.270286, -16.080287], [-48.270677, -16.080966], [-48.27086, -16.081356], [-48.271008, -16.081727], [-48.271296, -16.082617], [-48.272267, -16.086375], [-48.272629, -16.087717], [-48.272725, -16.087988], [-48.272837, -16.088243], [-48.273042, -16.088598], [-48.273344, -16.088991], [-48.273662, -16.08931], [-48.273903, -16.089511], [-48.274424, -16.089869], [-48.274546, -16.089976], [-48.274679, -16.090024], [-48.275081, -16.090221], [-48.275421, -16.090362], [-48.275945, -16.090542], [-48.276695, -16.090772]]}, "properties": {"SNV": "060BGO0090", "fid": 58, "EXT_KM": 4.8, "GEOCOD": "060BGO0090", "TRECHO": "DIV DF/GO - ENTR GO-425", "RODOVIA": "BR-060", "SITUACAO": "DUP"}}, {"type": "Feature", "geometry": {"crs": {"type": "name", "properties": {"name": "EPSG:4674"}}, "type": "LineString", "coordinates": [[-48.276695, -16.090772], [-48.277819, -16.091124], [-48.278235, -16.091295], [-48.278611, -16.091507], [-48.278836, -16.091673], [-48.279037, -16.091853], [-48.279625, -16.092484], [-48.279712, -16.092591], [-48.279784, -16.092712], [-48.279906, -16.092808], [-48.281821, -16.094944], [-48.282299, -16.095509], [-48.28269, -16.095921], [-48.283491, -16.096722], [-48.284683, -16.097786], [-48.285466, -16.098528], [-48.285703, -16.098815], [-48.285915, -16.099119], [-48.286575, -16.100215], [-48.286775, -16.100513], [-48.287659, -16.101683], [-48.287885, -16.101961], [-48.288123, -16.102209], [-48.288374, -16.102425], [-48.288644, -16.102613], [-48.289077, -16.10284], [-48.28938, -16.102952], [-48.28969, -16.10303], [-48.290199, -16.103118], [-48.292193, -16.103382], [-48.292914, -16.103492], [-48.293435, -16.103621], [-48.293934, -16.103823], [-48.294399, -16.104107], [-48.295004, -16.104599], [-48.299926, -16.109018], [-48.300538, -16.109479], [-48.301045, -16.109794], [-48.303532, -16.111164], [-48.305385, -16.112138], [-48.305895, -16.112346], [-48.309869, -16.113683], [-48.310427, -16.113898], [-48.31077, -16.114066], [-48.311101, -16.114252], [-48.313453, -16.115715], [-48.314124, -16.116092], [-48.314454, -16.116249], [-48.314935, -16.116433], [-48.316297, -16.116819], [-48.317247, -16.117019], [-48.317854, -16.117076], [-48.319479, -16.117116], [-48.319854, -16.117098], [-48.320226, -16.117039], [-48.320599, -16.116936], [-48.320982, -16.116793], [-48.322197, -16.11628], [-48.325091, -16.115152], [-48.32563, -16.114997], [-48.326146, -16.114885], [-48.327643, -16.114678], [-48.329809, -16.114425], [-48.330378, -16.114341], [-48.330941, -16.114313], [-48.331497, -16.114341], [-48.333984, -16.114617], [-48.334368, -16.114639], [-48.334955, -16.114621], [-48.335361, -16.114596], [-48.33577, -16.114539], [-48.338842, -16.114037], [-48.340067, -16.113772], [-48.341706, -16.113366], [-48.342732, -16.113086], [-48.345396, -16.112493], [-48.346534, -16.1122], [-48.346879, -16.112092], [-48.348306, -16.111523], [-48.348901, -16.111343], [-48.349186, -16.111279], [-48.34973, -16.111201], [-48.350294, -16.111148], [-48.35051, -16.111137], [-48.350684, -16.11115], [-48.350791, -16.11112], [-48.351036, -16.111096], [-48.35423, -16.11086], [-48.354615, -16.110807], [-48.355188, -16.110689], [-48.355571, -16.110584], [-48.356145, -16.110372], [-48.359842, -16.108804], [-48.360018, -16.108746], [-48.360366, -16.108669], [-48.360715, -16.108629], [-48.361069, -16.108628], [-48.36143, -16.108678], [-48.361608, -16.10872], [-48.361963, -16.108844], [-48.3623, -16.109008], [-48.362614, -16.109218], [-48.366156, -16.1121], [-48.367348, -16.113099], [-48.373189, -16.117845], [-48.37367, -16.118177], [-48.37418, -16.118458], [-48.374532, -16.118615], [-48.375082, -16.118799], [-48.375455, -16.118891], [-48.376022, -16.118979], [-48.376401, -16.119007], [-48.376778, -16.119006], [-48.377329, -16.118965], [-48.377684, -16.11891], [-48.378029, -16.118831], [-48.378363, -16.118732], [-48.378854, -16.118545], [-48.379189, -16.118386], [-48.385712, -16.114942], [-48.386468, -16.114565], [-48.387016, -16.114352], [-48.38757, -16.114227], [-48.38812, -16.11417], [-48.388481, -16.114172], [-48.388661, -16.114188], [-48.389197, -16.11428], [-48.389545, -16.114377], [-48.390047, -16.114575], [-48.390365, -16.114743], [-48.39096, -16.115149], [-48.393038, -16.116756], [-48.39337, -16.116991], [-48.393712, -16.117202], [-48.394065, -16.117392], [-48.394612, -16.117632], [-48.394985, -16.117758], [-48.395546, -16.117904], [-48.39611, -16.118007], [-48.397397, -16.118211], [-48.397915, -16.118343], [-48.398567, -16.118596], [-48.399841, -16.119201], [-48.400466, -16.119481], [-48.401263, -16.119776], [-48.402061, -16.120025], [-48.402705, -16.120186], [-48.403505, -16.120347], [-48.405293, -16.120588], [-48.405851, -16.120702], [-48.406218, -16.120812], [-48.406985, -16.121074], [-48.408998, -16.121789], [-48.409417, -16.121924], [-48.409834, -16.122036], [-48.410252, -16.122121], [-48.410688, -16.122179], [-48.411136, -16.122205], [-48.412052, -16.122189], [-48.424925, -16.121438], [-48.42547, -16.121385], [-48.425823, -16.121327], [-48.426349, -16.121194], [-48.426651, -16.121094], [-48.427261, -16.120845], [-48.427568, -16.120688], [-48.427893, -16.120496], [-48.428578, -16.120019], [-48.429674, -16.119194], [-48.430209, -16.118754], [-48.430712, -16.118295], [-48.432228, -16.116741], [-48.432534, -16.116447], [-48.43302, -16.116049], [-48.433548, -16.115707], [-48.43391, -16.115513], [-48.434276, -16.115348], [-48.434645, -16.11521], [-48.43502, -16.115095], [-48.435582, -16.114972], [-48.439304, -16.114264], [-48.439612, -16.114175], [-48.440079, -16.114004], [-48.440905, -16.113657], [-48.441387, -16.113402], [-48.441856, -16.113112], [-48.445287, -16.110938], [-48.446028, -16.110428], [-48.446879, -16.109873], [-48.44752, -16.109518], [-48.447807, -16.109341], [-48.448108, -16.109137], [-48.448408, -16.108906], [-48.448836, -16.10852], [-48.453324, -16.104011], [-48.453603, -16.103746], [-48.45403, -16.1034], [-48.454327, -16.103197], [-48.454788, -16.102933], [-48.455259, -16.102719], [-48.455893, -16.102506], [-48.456506, -16.102378], [-48.459381, -16.102024], [-48.459709, -16.101995], [-48.459933, -16.101942], [-48.460678, -16.101858], [-48.461264, -16.101823], [-48.46198, -16.10183], [-48.462572, -16.101873], [-48.464239, -16.102035], [-48.465068, -16.102058], [-48.465493, -16.102034], [-48.465912, -16.101988], [-48.466326, -16.101929], [-48.466738, -16.101848], [-48.467348, -16.101689], [-48.467747, -16.101558], [-48.473637, -16.099352], [-48.474298, -16.099121], [-48.474745, -16.098997], [-48.475205, -16.098895], [-48.478307, -16.098353], [-48.47963, -16.098067], [-48.480985, -16.097811], [-48.481859, -16.097603], [-48.482491, -16.097391], [-48.487839, -16.0954]]}, "properties": {"SNV": "060BGO0092", "fid": 59, "EXT_KM": 25.6, "GEOCOD": "060BGO0092", "TRECHO": "ENTR GO-425 - ENTR GO-139 (INÍCIO TRAVESSIA URBANA ALEXÂNIA)", "RODOVIA": "BR-060", "SITUACAO": "DUP"}}, {"type": "Feature", "geometry": {"crs": {"type": "name", "properties": {"name": "EPSG:4674"}}, "type": "LineString", "coordinates": [[-49.237546, -16.787513], [-49.237499, -16.78751], [-49.23239, -16.788282], [-49.22849, -16.788582], [-49.22389, -16.788482], [-49.21979, -16.787782], [-49.21409, -16.784282], [-49.21189, -16.782682], [-49.19739, -16.769482], [-49.19539, -16.767182], [-49.18969, -16.759282], [-49.17859, -16.740682], [-49.174443, -16.732558]]}, "properties": {"SNV": "060NGO1040", "fid": 108, "EXT_KM": 10.6, "GEOCOD": "060NGO1040", "TRECHO": "ENTR BR-060/153 (ACESSO SUL GOIÂNIA) - ENTR BR-060/352/GO-020 (ACESSO SUDESTE GOIÂNIA)", "RODOVIA": "BR-060", "SITUACAO": "PLA"}}, {"type": "Feature", "geometry": {"crs": {"type": "name", "properties": {"name": "EPSG:4674"}}, "type": "LineString", "coordinates": [[-49.174443, -16.732558], [-49.15999, -16.701882], [-49.15539, -16.691882], [-49.153913, -16.686746]]}, "properties": {"SNV": "060NGO1045", "fid": 109, "EXT_KM": 4.9, "GEOCOD": "060NGO1045", "TRECHO": "ENTR BR-060/352/GO-020 (ACESSO SUDESTE GOIÂNIA) - ENTR GO-403 (ACESSO LESTE GOIÂNIA)", "RODOVIA": "BR-060", "SITUACAO": "PLA"}}, {"type": "Feature", "geometry": {"crs": {"type": "name", "properties": {"name": "EPSG:4674"}}, "type": "LineString", "coordinates": [[-49.153913, -16.686746], [-49.148863, -16.667111], [-49.14649, -16.658382], [-49.14479, -16.647182], [-49.144936, -16.64547]]}, "properties": {"SNV": "060NGO1050", "fid": 110, "EXT_KM": 5.5, "GEOCOD": "060NGO1050", "TRECHO": "ENTR GO-403 (ACESSO LESTE GOIÂNIA) - ENTR GO-010 (ACESSO NORDESTE GOIÂNIA)", "RODOVIA": "BR-060", "SITUACAO": "PLA"}}, {"type": "Feature", "geometry": {"crs": {"type": "name", "properties": {"name": "EPSG:4674"}}, "type": "LineString", "coordinates": [[-49.149991, -14.314801], [-49.154154, -14.33278], [-49.154296, -14.333439], [-49.154346, -14.333779], [-49.154523, -14.334413], [-49.155532, -14.338765], [-49.155916, -14.340278], [-49.156123, -14.341304], [-49.156537, -14.34312], [-49.158338, -14.350909], [-49.158504, -14.351692], [-49.158566, -14.352076], [-49.158619, -14.352644], [-49.158629, -14.35321], [-49.15831, -14.367755], [-49.157729, -14.392841], [-49.157422, -14.407207], [-49.15719, -14.416981], [-49.156904, -14.430428], [-49.156837, -14.432904], [-49.156669, -14.44096], [-49.156045, -14.468487], [-49.156014, -14.468953], [-49.155888, -14.469446], [-49.155893, -14.46966], [-49.155929, -14.469882], [-49.155978, -14.470865], [-49.155965, -14.471914], [-49.155949, -14.472035], [-49.155926, -14.472863], [-49.155842, -14.473668], [-49.155691, -14.474494], [-49.153751, -14.482271], [-49.153668, -14.482647], [-49.153605, -14.483031], [-49.153562, -14.483427], [-49.153532, -14.484045], [-49.153412, -14.488628], [-49.153358, -14.489205], [-49.153261, -14.489773], [-49.153118, -14.490344], [-49.152879, -14.49114], [-49.150433, -14.498979], [-49.150241, -14.499666], [-49.149765, -14.501759], [-49.149007, -14.504536], [-49.148908, -14.5048], [-49.148813, -14.505252], [-49.148429, -14.506731], [-49.148299, -14.507378], [-49.148233, -14.507901], [-49.148195, -14.508421], [-49.148188, -14.508937], [-49.1482, -14.509277], [-49.148263, -14.509949], [-49.148371, -14.510597], [-49.148523, -14.511206], [-49.148711, -14.511799], [-49.148947, -14.51239], [-49.149234, -14.512983], [-49.149466, -14.513398], [-49.149884, -14.514032], [-49.150336, -14.51462], [-49.155008, -14.519669], [-49.155825, -14.520641], [-49.157512, -14.522471], [-49.157747, -14.522751], [-49.158259, -14.523416], [-49.158539, -14.523854], [-49.158708, -14.524197], [-49.158899, -14.524647], [-49.159067, -14.525115], [-49.159174, -14.525474], [-49.15934, -14.526174], [-49.160841, -14.533037]]}, "properties": {"SNV": "153BGO0410", "fid": 170, "EXT_KM": 26.2, "GEOCOD": "153BGO0410", "TRECHO": "ENTR GO-428 (CAMPINORTE) - ENTR BR-080/153/GO-237 (URUAÇU)", "RODOVIA": "BR-153", "SITUACAO": "PAV"}}, {"type": "Feature", "geometry": {"crs": {"type": "name", "properties": {"name": "EPSG:4674"}}, "type": "LineString", "coordinates": [[-48.487839, -16.0954], [-48.488555, -16.095113], [-48.489473, -16.094649], [-48.490202, -16.094229], [-48.491173, -16.093625], [-48.491726, -16.093321], [-48.492266, -16.093069], [-48.492397, -16.092984], [-48.492645, -16.092895], [-48.493678, -16.092411], [-48.495928, -16.091206], [-48.496147, -16.09113], [-48.496282, -16.091034], [-48.496487, -16.090928], [-48.496713, -16.090824], [-48.496934, -16.090747], [-48.497077, -16.090658], [-48.497533, -16.090503], [-48.49811, -16.090372], [-48.498555, -16.090304], [-48.501666, -16.089962], [-48.50849, -16.089256], [-48.508993, -16.089237], [-48.509457, -16.089252], [-48.509814, -16.089285], [-48.510206, -16.08935], [-48.510617, -16.089439], [-48.511016, -16.089559], [-48.511276, -16.089649], [-48.51177, -16.089891], [-48.512227, -16.090157], [-48.512654, -16.090467], [-48.514479, -16.092042], [-48.515108, -16.092552], [-48.515939, -16.09319]]}, "properties": {"SNV": "060BGO0100", "fid": 60, "EXT_KM": 2, "GEOCOD": "060BGO0100", "TRECHO": "ENTR GO-139 (INÍCIO TRAVESSIA URBANA ALEXÂNIA) - ALEXÂNIA (FIM TRAVESSIA URBANA)", "RODOVIA": "BR-060", "SITUACAO": "DUP"}}, {"type": "Feature", "geometry": {"crs": {"type": "name", "properties": {"name": "EPSG:4674"}}, "type": "LineString", "coordinates": [[-48.515939, -16.09319], [-48.517854, -16.094652], [-48.519376, -16.095867], [-48.52088, -16.097121], [-48.521198, -16.097407], [-48.521495, -16.097716], [-48.521895, -16.098226], [-48.522129, -16.098594], [-48.522334, -16.098984], [-48.522588, -16.099603], [-48.524505, -16.105483], [-48.524714, -16.106058], [-48.524882, -16.106428], [-48.525076, -16.106787], [-48.525296, -16.107129], [-48.525668, -16.107611], [-48.525944, -16.10792], [-48.528529, -16.110657], [-48.528957, -16.111093], [-48.52941, -16.111497], [-48.531058, -16.112709], [-48.531735, -16.113159], [-48.532095, -16.113351], [-48.532471, -16.113519], [-48.532858, -16.113662], [-48.533445, -16.113832], [-48.534033, -16.113945], [-48.535148, -16.11413], [-48.53599, -16.114239], [-48.536818, -16.11441], [-48.538385, -16.114675], [-48.538887, -16.114741], [-48.539216, -16.11476], [-48.539854, -16.114743], [-48.54046, -16.114666], [-48.542986, -16.114111], [-48.543564, -16.11401], [-48.544164, -16.11397], [-48.544579, -16.113991], [-48.545001, -16.114044], [-48.545631, -16.114194], [-48.548766, -16.115175], [-48.549147, -16.115287], [-48.54974, -16.115426], [-48.550357, -16.115521], [-48.55078, -16.115556], [-48.55144, -16.115567], [-48.551895, -16.115545], [-48.552583, -16.115469], [-48.553246, -16.115331], [-48.555762, -16.114688], [-48.556098, -16.114585], [-48.556577, -16.114403], [-48.557034, -16.114191], [-48.557457, -16.113951], [-48.559477, -16.112607], [-48.559631, -16.112539], [-48.559712, -16.112453], [-48.559856, -16.112354], [-48.561073, -16.11157], [-48.561602, -16.11131], [-48.562116, -16.111112], [-48.562509, -16.110995], [-48.563112, -16.110867], [-48.563923, -16.110779], [-48.567971, -16.110469], [-48.568583, -16.110467], [-48.5707, -16.110521], [-48.573576, -16.110466], [-48.575013, -16.110305], [-48.576804, -16.110147], [-48.580979, -16.109816], [-48.581663, -16.109776], [-48.582165, -16.109792], [-48.582493, -16.109821], [-48.583136, -16.109935], [-48.583783, -16.11012], [-48.58426, -16.110305], [-48.584572, -16.110449], [-48.585031, -16.110709], [-48.585492, -16.111025], [-48.586996, -16.11226], [-48.58741, -16.112652], [-48.587653, -16.112918], [-48.587984, -16.113335], [-48.588202, -16.113657], [-48.588408, -16.114004], [-48.588594, -16.114362], [-48.588758, -16.114733], [-48.588894, -16.115103], [-48.589052, -16.115669], [-48.589331, -16.117261], [-48.589467, -16.117871], [-48.589631, -16.118486], [-48.589825, -16.119093], [-48.590119, -16.119883], [-48.590353, -16.120457], [-48.590613, -16.121006], [-48.591012, -16.121704], [-48.591566, -16.122554], [-48.594836, -16.127223], [-48.595866, -16.128888], [-48.596871, -16.130343], [-48.597054, -16.130654], [-48.597218, -16.130982], [-48.597357, -16.131321], [-48.597476, -16.131666], [-48.597825, -16.132855], [-48.598122, -16.133775], [-48.598301, -16.13451], [-48.598608, -16.135601], [-48.598742, -16.136227], [-48.598819, -16.136808], [-48.598841, -16.137278], [-48.598819, -16.138036], [-48.59876, -16.138758], [-48.598694, -16.14025], [-48.598688, -16.140573], [-48.598707, -16.141049], [-48.598766, -16.141521], [-48.598875, -16.141999], [-48.598982, -16.142326], [-48.599111, -16.142653], [-48.599355, -16.143128], [-48.599651, -16.143577], [-48.599873, -16.143856], [-48.600111, -16.144116], [-48.600361, -16.144356], [-48.60063, -16.14458], [-48.600908, -16.144781], [-48.601199, -16.144965], [-48.601656, -16.145203], [-48.602119, -16.14541], [-48.603222, -16.145878], [-48.603809, -16.146104], [-48.604222, -16.146282], [-48.604431, -16.146395], [-48.604643, -16.146458], [-48.606446, -16.147227], [-48.60817, -16.14805], [-48.608686, -16.148316], [-48.609012, -16.148512], [-48.60946, -16.148859], [-48.609728, -16.149129], [-48.609967, -16.149423], [-48.610172, -16.149743], [-48.610417, -16.150258], [-48.610534, -16.150625], [-48.610684, -16.151406], [-48.611107, -16.154429], [-48.611339, -16.155971], [-48.611521, -16.15673], [-48.611721, -16.157286], [-48.611878, -16.157639], [-48.612149, -16.158144], [-48.612455, -16.158617], [-48.612796, -16.159055], [-48.613165, -16.159462], [-48.613428, -16.159713], [-48.613846, -16.160061], [-48.614287, -16.160379], [-48.614785, -16.160681], [-48.61514, -16.160861], [-48.615505, -16.161019], [-48.61627, -16.161281], [-48.616872, -16.161424], [-48.618162, -16.161614], [-48.623094, -16.162276], [-48.623799, -16.16242], [-48.624962, -16.162744], [-48.625664, -16.162891], [-48.626365, -16.162965], [-48.627535, -16.162981], [-48.628003, -16.163014], [-48.630765, -16.163393], [-48.631382, -16.163517], [-48.631574, -16.163581], [-48.631939, -16.163742], [-48.632278, -16.163948], [-48.632436, -16.16407], [-48.632727, -16.164344], [-48.632986, -16.16465], [-48.633744, -16.165639], [-48.634192, -16.166108], [-48.634523, -16.166393], [-48.634874, -16.166656], [-48.635839, -16.167318], [-48.640025, -16.17013], [-48.640429, -16.170363], [-48.640843, -16.170563], [-48.641265, -16.170733], [-48.641687, -16.170881], [-48.643441, -16.171455], [-48.643762, -16.171517], [-48.644362, -16.171573], [-48.644654, -16.171642], [-48.645391, -16.171884], [-48.646012, -16.17212], [-48.646341, -16.172279], [-48.646681, -16.172468], [-48.647911, -16.173251], [-48.648589, -16.173695], [-48.649269, -16.174239], [-48.649914, -16.175051], [-48.650218, -16.175565], [-48.650689, -16.17678], [-48.65101, -16.177721], [-48.651872, -16.179385], [-48.652123, -16.180005], [-48.652246, -16.180243], [-48.652496, -16.180614], [-48.652924, -16.1812], [-48.653398, -16.181788], [-48.653658, -16.182067], [-48.653939, -16.182335], [-48.65424, -16.182584], [-48.654554, -16.182813], [-48.655062, -16.183127], [-48.65582, -16.18353], [-48.660219, -16.185774], [-48.662662, -16.187057], [-48.663465, -16.187446], [-48.663857, -16.187598], [-48.664444, -16.187773], [-48.667649, -16.188525], [-48.668201, -16.188672], [-48.668571, -16.18879], [-48.669309, -16.189078], [-48.672858, -16.190705], [-48.673285, -16.190847], [-48.673722, -16.190963], [-48.674398, -16.191084], [-48.674854, -16.191121], [-48.675308, -16.191125], [-48.675754, -16.191097], [-48.676191, -16.191041], [-48.676622, -16.190953], [-48.677265, -16.190779], [-48.679582, -16.190087], [-48.680735, -16.189714], [-48.682089, -16.189343], [-48.683032, -16.189057], [-48.68399, -16.188725], [-48.684381, -16.188572], [-48.684954, -16.188296], [-48.68532, -16.188083], [-48.685669, -16.187851], [-48.685998, -16.187602], [-48.686887, -16.186813], [-48.687481, -16.186343], [-48.688078, -16.185955], [-48.688526, -16.185704], [-48.688824, -16.185555], [-48.689567, -16.185248], [-48.691389, -16.184575], [-48.692008, -16.184369], [-48.69247, -16.184256], [-48.692776, -16.184204], [-48.693233, -16.184157], [-48.693545, -16.184143], [-48.694028, -16.184158], [-48.694365, -16.184194], [-48.694886, -16.18429], [-48.695233, -16.184381], [-48.695574, -16.184494], [-48.695912, -16.184634], [-48.696423, -16.184899], [-48.696767, -16.185119], [-48.697108, -16.185376], [-48.697621, -16.185818], [-48.702278, -16.190215], [-48.702765, -16.190612]]}, "properties": {"SNV": "060BGO0110", "fid": 61, "EXT_KM": 28, "GEOCOD": "060BGO0110", "TRECHO": "ALEXÂNIA (FIM TRAVESSIA URBANA) - INÍCIO TRAVESSIA URBANA ABADIÂNIA", "RODOVIA": "BR-060", "SITUACAO": "DUP"}}, {"type": "Feature", "geometry": {"crs": {"type": "name", "properties": {"name": "EPSG:4674"}}, "type": "LineString", "coordinates": [[-48.702765, -16.190612], [-48.703153, -16.190866], [-48.703687, -16.191152], [-48.704224, -16.191385], [-48.704776, -16.191559], [-48.705328, -16.191675], [-48.705869, -16.191733], [-48.706387, -16.191748], [-48.706891, -16.191714], [-48.707616, -16.191604], [-48.708047, -16.191496], [-48.708523, -16.191351], [-48.710654, -16.190581], [-48.713411, -16.189619], [-48.714299, -16.189291]]}, "properties": {"SNV": "060BGO0111", "fid": 62, "EXT_KM": 1.4, "GEOCOD": "060BGO0111", "TRECHO": "INÍCIO TRAVESSIA URBANA ABADIÂNIA - ENTR GO-338 (ABADIÂNIA - FIM TRAVESSIA URBANA)", "RODOVIA": "BR-060", "SITUACAO": "DUP"}}, {"type": "Feature", "geometry": {"crs": {"type": "name", "properties": {"name": "EPSG:4674"}}, "type": "LineString", "coordinates": [[-48.714299, -16.189291], [-48.716059, -16.188524], [-48.716808, -16.188244], [-48.717212, -16.188114], [-48.717627, -16.18801], [-48.718252, -16.187918], [-48.718672, -16.187891], [-48.719086, -16.187891], [-48.719489, -16.187926], [-48.719881, -16.187988], [-48.72046, -16.18813], [-48.720837, -16.188257], [-48.721205, -16.188408], [-48.721558, -16.188585], [-48.722057, -16.188892], [-48.722836, -16.189495], [-48.737903, -16.201851], [-48.738458, -16.202316], [-48.738814, -16.202643], [-48.739137, -16.202992], [-48.739424, -16.203364], [-48.739802, -16.203958], [-48.751258, -16.223571], [-48.76012, -16.238787], [-48.760518, -16.239519], [-48.760675, -16.239889], [-48.760796, -16.240267], [-48.760888, -16.24065], [-48.760973, -16.241234], [-48.76102, -16.242008], [-48.761038, -16.242914], [-48.761118, -16.244688], [-48.761221, -16.246083], [-48.761342, -16.248561], [-48.761406, -16.249217], [-48.761473, -16.249581], [-48.761561, -16.249933], [-48.762461, -16.253052], [-48.762527, -16.253319], [-48.762594, -16.253715], [-48.76267, -16.254512], [-48.76296, -16.258278], [-48.76302, -16.259518], [-48.763165, -16.261443], [-48.763224, -16.261937], [-48.763337, -16.262417], [-48.763454, -16.262726], [-48.763609, -16.263025], [-48.7638, -16.263322], [-48.764155, -16.263782], [-48.766716, -16.266825], [-48.767674, -16.267909], [-48.768415, -16.268838], [-48.770398, -16.2712], [-48.770753, -16.271587], [-48.771132, -16.271925], [-48.771537, -16.272215], [-48.771949, -16.272461], [-48.773715, -16.273446], [-48.773894, -16.273587], [-48.77406, -16.273644], [-48.774831, -16.274092], [-48.775213, -16.274348], [-48.776792, -16.275479], [-48.777129, -16.2757], [-48.777653, -16.275991], [-48.778198, -16.276223], [-48.778761, -16.276404], [-48.779332, -16.276526], [-48.785529, -16.27734], [-48.78681, -16.277529], [-48.787374, -16.27767], [-48.787898, -16.277861], [-48.788232, -16.278012], [-48.788556, -16.278183], [-48.789025, -16.278477], [-48.789327, -16.278703], [-48.789747, -16.279069], [-48.7916, -16.280899], [-48.792647, -16.281945], [-48.793103, -16.282434], [-48.793579, -16.282913], [-48.797189, -16.286501], [-48.797569, -16.286915], [-48.797807, -16.287213], [-48.798027, -16.287531], [-48.798224, -16.287871], [-48.7984, -16.28823], [-48.798551, -16.28861], [-48.798744, -16.289208], [-48.799582, -16.292172], [-48.799701, -16.292546], [-48.799923, -16.293081], [-48.800094, -16.29342], [-48.800281, -16.293748], [-48.800703, -16.294351], [-48.800927, -16.294629], [-48.801163, -16.294891], [-48.801664, -16.295364], [-48.802295, -16.29586], [-48.80279, -16.296157], [-48.804925, -16.297219], [-48.805036, -16.297304], [-48.805162, -16.297343], [-48.808198, -16.298841], [-48.809068, -16.299206], [-48.813536, -16.300809], [-48.813858, -16.300976], [-48.8143, -16.301267], [-48.814566, -16.3014], [-48.81578, -16.301834], [-48.816501, -16.302114], [-48.817215, -16.302429], [-48.817732, -16.30271], [-48.818063, -16.302925], [-48.81838, -16.303157], [-48.819418, -16.304045], [-48.826874, -16.310977], [-48.827204, -16.311248], [-48.827717, -16.31162], [-48.828077, -16.311844], [-48.828448, -16.312049], [-48.829036, -16.312318], [-48.829657, -16.312545], [-48.830086, -16.312666], [-48.830737, -16.312803], [-48.831419, -16.312907], [-48.840476, -16.314138], [-48.84113, -16.314263], [-48.84216, -16.314534], [-48.842763, -16.314649], [-48.843356, -16.314713], [-48.844544, -16.314737], [-48.84534, -16.314813], [-48.860126, -16.316864], [-48.861334, -16.317035], [-48.862047, -16.317162], [-48.862738, -16.317328], [-48.863607, -16.317608], [-48.867278, -16.319044], [-48.868286, -16.319488], [-48.869187, -16.319979], [-48.869708, -16.320238], [-48.870243, -16.320476], [-48.87079, -16.320692], [-48.871704, -16.320992], [-48.873169, -16.321367], [-48.873536, -16.321487], [-48.873899, -16.32163], [-48.874264, -16.321797], [-48.8748, -16.322091], [-48.876066, -16.32294], [-48.88897, -16.331867], [-48.890318, -16.332757], [-48.890851, -16.333184], [-48.891436, -16.333745], [-48.891669, -16.333947], [-48.892977, -16.33489], [-48.893848, -16.335444], [-48.894793, -16.335969], [-48.895017, -16.336126], [-48.895235, -16.336303], [-48.895566, -16.336618], [-48.901042, -16.341995], [-48.901351, -16.342281], [-48.902241, -16.343033], [-48.902427, -16.343242], [-48.902542, -16.343281], [-48.904513, -16.344888], [-48.90672, -16.346647], [-48.906918, -16.346841], [-48.907099, -16.346954], [-48.907424, -16.347207], [-48.912359, -16.351128], [-48.912998, -16.351617], [-48.913328, -16.351829], [-48.913898, -16.352124], [-48.91436, -16.352308], [-48.914923, -16.352484], [-48.915472, -16.352595], [-48.916302, -16.3527], [-48.921109, -16.353229], [-48.921979, -16.353348], [-48.922902, -16.353426], [-48.924075, -16.353561], [-48.92413, -16.353551], [-48.924645, -16.353623], [-48.926491, -16.353801], [-48.928586, -16.354055]]}, "properties": {"SNV": "060BGO0112", "fid": 63, "EXT_KM": 32.4, "GEOCOD": "060BGO0112", "TRECHO": "ENTR GO-338 (ABADIÂNIA - FIM TRAVESSIA URBANA) - ENTR BR-060/153 (ANÁPOLIS)", "RODOVIA": "BR-060", "SITUACAO": "DUP"}}, {"type": "Feature", "geometry": {"crs": {"type": "name", "properties": {"name": "EPSG:4674"}}, "type": "LineString", "coordinates": [[-48.928586, -16.354055], [-48.928848, -16.354112], [-48.929016, -16.354173], [-48.929183, -16.354252], [-48.929347, -16.354354], [-48.929499, -16.354476], [-48.92963, -16.354609], [-48.929831, -16.354892], [-48.930717, -16.356648], [-48.932993, -16.361461], [-48.933213, -16.361863], [-48.933477, -16.362292], [-48.933685, -16.362591], [-48.933916, -16.362888], [-48.934304, -16.363323], [-48.93472, -16.363744], [-48.943628, -16.372481], [-48.944233, -16.373146], [-48.945231, -16.374388], [-48.945656, -16.374865], [-48.945993, -16.375189], [-48.946702, -16.375799], [-48.947309, -16.376355], [-48.948021, -16.377101], [-48.94892, -16.378113], [-48.951009, -16.38013], [-48.951349, -16.380484], [-48.951654, -16.380853], [-48.951844, -16.381112], [-48.95245, -16.382076], [-48.953218, -16.38317], [-48.953595, -16.383748], [-48.958443, -16.391921], [-48.958799, -16.39246], [-48.959092, -16.392829], [-48.9594, -16.393157], [-48.959716, -16.393447], [-48.960519, -16.394137], [-48.961458, -16.395093], [-48.961788, -16.395378], [-48.962243, -16.395686]]}, "properties": {"SNV": "060BGO0114", "fid": 64, "EXT_KM": 5.9, "GEOCOD": "060BGO0114", "TRECHO": "ENTR BR-060/153 (ANÁPOLIS) - ENTR GO-330 (P/ANÁPOLIS/DAIA)", "RODOVIA": "BR-060", "SITUACAO": "DUP"}}, {"type": "Feature", "geometry": {"crs": {"type": "name", "properties": {"name": "EPSG:4674"}}, "type": "LineString", "coordinates": [[-48.962243, -16.395686], [-48.962694, -16.395932], [-48.964, -16.396505], [-48.964579, -16.396806], [-48.968439, -16.399296], [-48.969092, -16.399686], [-48.969788, -16.40006], [-48.970321, -16.400311], [-48.972612, -16.401321], [-48.981611, -16.405271], [-48.982878, -16.405912], [-48.988308, -16.408736], [-48.988867, -16.409011], [-48.989357, -16.409228], [-48.990237, -16.409539], [-48.990601, -16.409643], [-48.991337, -16.40982], [-48.995388, -16.410732], [-48.996646, -16.410986], [-48.997884, -16.41129], [-49.000924, -16.411974], [-49.002716, -16.412339], [-49.004684, -16.412799], [-49.005167, -16.412971], [-49.005793, -16.413255], [-49.006279, -16.413506], [-49.006901, -16.413904], [-49.007495, -16.414373], [-49.007906, -16.414761], [-49.008161, -16.415034], [-49.008511, -16.415469], [-49.008821, -16.415923], [-49.010254, -16.41824], [-49.010899, -16.419224], [-49.011677, -16.42047], [-49.016946, -16.429001], [-49.01744, -16.429877], [-49.017615, -16.430235], [-49.017851, -16.430785], [-49.018108, -16.43152], [-49.018259, -16.432063], [-49.01841, -16.432786], [-49.018511, -16.433515], [-49.018569, -16.434445], [-49.018979, -16.443187], [-49.019007, -16.443532], [-49.01906, -16.443871], [-49.019136, -16.444196], [-49.01928, -16.444648], [-49.019455, -16.445059], [-49.019587, -16.445318], [-49.019808, -16.445677], [-49.020044, -16.446003], [-49.02029, -16.446297], [-49.020716, -16.446741]]}, "properties": {"SNV": "060BGO0116", "fid": 65, "EXT_KM": 9.1, "GEOCOD": "060BGO0116", "TRECHO": "ENTR GO-330 (P/ANÁPOLIS/DAIA) - ENTR GO-415 (P/GOIANÁPOLIS)", "RODOVIA": "BR-060", "SITUACAO": "DUP"}}, {"type": "Feature", "geometry": {"crs": {"type": "name", "properties": {"name": "EPSG:4674"}}, "type": "LineString", "coordinates": [[-49.020716, -16.446741], [-49.020951, -16.446954], [-49.021292, -16.447217], [-49.021793, -16.447546], [-49.022144, -16.447736], [-49.022392, -16.44785], [-49.02267, -16.447961], [-49.022958, -16.44805], [-49.023535, -16.448176], [-49.02409, -16.448325], [-49.025727, -16.448683], [-49.027932, -16.44911], [-49.030958, -16.449796], [-49.031933, -16.449986], [-49.032496, -16.450115], [-49.033524, -16.450382], [-49.035851, -16.450919], [-49.036903, -16.451129], [-49.037783, -16.451229], [-49.03845, -16.451237], [-49.03865, -16.451255], [-49.039284, -16.451233], [-49.039698, -16.451198], [-49.040104, -16.451149], [-49.040696, -16.451049], [-49.041845, -16.450782], [-49.042841, -16.450601], [-49.044674, -16.450232], [-49.045279, -16.45015], [-49.046019, -16.450123], [-49.046494, -16.450144], [-49.047105, -16.450237], [-49.047683, -16.450357], [-49.048243, -16.450516], [-49.048801, -16.450722], [-49.049171, -16.450889], [-49.049703, -16.451173], [-49.050034, -16.451383], [-49.050501, -16.451721], [-49.050799, -16.45196], [-49.052234, -16.453203], [-49.053531, -16.45429], [-49.053963, -16.45469], [-49.054783, -16.455578], [-49.055402, -16.456157], [-49.062944, -16.462711], [-49.064337, -16.463884], [-49.065865, -16.46525], [-49.069048, -16.468019], [-49.069865, -16.468687], [-49.070661, -16.469234], [-49.0713, -16.469613], [-49.071783, -16.469867], [-49.075501, -16.47162], [-49.076684, -16.472136], [-49.077491, -16.472552], [-49.078614, -16.47309], [-49.079254, -16.473464], [-49.079569, -16.473678], [-49.080046, -16.474034], [-49.09005, -16.481626], [-49.090578, -16.482045], [-49.091187, -16.482565], [-49.091871, -16.483218], [-49.094443, -16.485781], [-49.094937, -16.486326], [-49.095443, -16.486961], [-49.096081, -16.487678], [-49.10059, -16.492157], [-49.101221, -16.492774], [-49.101776, -16.493286], [-49.102561, -16.494106], [-49.103917, -16.495456], [-49.106052, -16.497548], [-49.110723, -16.502178], [-49.111647, -16.503136], [-49.112672, -16.504278], [-49.113122, -16.504755], [-49.116444, -16.508066], [-49.116734, -16.508373], [-49.117004, -16.508694], [-49.117256, -16.509023], [-49.117486, -16.509364], [-49.1177, -16.509718], [-49.120347, -16.514624], [-49.120688, -16.515191], [-49.120938, -16.515538], [-49.121357, -16.516028], [-49.12167, -16.51633], [-49.122331, -16.516896], [-49.134797, -16.527228], [-49.135117, -16.527479], [-49.135623, -16.527819], [-49.135979, -16.52802], [-49.136351, -16.528202], [-49.136939, -16.528436], [-49.144924, -16.531062], [-49.145305, -16.531199], [-49.145849, -16.531444], [-49.14636, -16.531737], [-49.146835, -16.532072], [-49.147276, -16.53245], [-49.14755, -16.53273], [-49.147805, -16.533026], [-49.148038, -16.533338], [-49.148246, -16.533661], [-49.148516, -16.534166], [-49.148667, -16.534513], [-49.148793, -16.534873], [-49.148895, -16.535244], [-49.149004, -16.535819], [-49.149065, -16.536409], [-49.149078, -16.537013], [-49.149036, -16.538224], [-49.14908, -16.538859], [-49.149302, -16.540156], [-49.149984, -16.543838], [-49.150107, -16.544381], [-49.150271, -16.544904], [-49.150553, -16.545579], [-49.151053, -16.546587], [-49.151245, -16.547137], [-49.151387, -16.547715], [-49.154417, -16.564295], [-49.154577, -16.565117], [-49.15472, -16.565713], [-49.154897, -16.566288], [-49.155111, -16.56685], [-49.156931, -16.57093], [-49.157701, -16.572603], [-49.157965, -16.573077], [-49.158158, -16.573378], [-49.158582, -16.573939], [-49.159027, -16.574421], [-49.15945, -16.574812], [-49.160294, -16.575481], [-49.160546, -16.575728], [-49.160688, -16.575799], [-49.161132, -16.576087], [-49.162619, -16.577293], [-49.165813, -16.579779], [-49.166273, -16.580121], [-49.16674, -16.580429], [-49.167211, -16.580696], [-49.167686, -16.580919], [-49.168175, -16.581098], [-49.168665, -16.58125], [-49.169162, -16.581364], [-49.169808, -16.58146], [-49.170267, -16.58149], [-49.171065, -16.581499], [-49.172, -16.581539], [-49.183398, -16.581613], [-49.183903, -16.581627], [-49.18442, -16.581677], [-49.185102, -16.581825], [-49.185786, -16.582048], [-49.189121, -16.583404], [-49.190785, -16.584101], [-49.191239, -16.58433], [-49.191678, -16.584599], [-49.19209, -16.584907], [-49.192469, -16.585238], [-49.192814, -16.585594], [-49.193217, -16.586102], [-49.193556, -16.586638], [-49.193828, -16.587205], [-49.193986, -16.587637], [-49.194311, -16.588704], [-49.194681, -16.589787], [-49.195059, -16.591163], [-49.196236, -16.595195], [-49.196344, -16.595515], [-49.196528, -16.595973], [-49.196884, -16.596681], [-49.197292, -16.597325], [-49.197666, -16.597808], [-49.202183, -16.602876], [-49.202642, -16.603425], [-49.203059, -16.604], [-49.203421, -16.604581], [-49.203736, -16.605175], [-49.204092, -16.605966], [-49.204387, -16.606818], [-49.204533, -16.607345], [-49.204611, -16.607692], [-49.204697, -16.608201], [-49.204886, -16.609558], [-49.205342, -16.611851], [-49.205517, -16.61283], [-49.20581, -16.615005], [-49.206284, -16.618745], [-49.206299, -16.61895], [-49.206292, -16.619102], [-49.206319, -16.619202], [-49.206326, -16.619323]]}, "properties": {"SNV": "060BGO0118", "fid": 66, "EXT_KM": 30.2, "GEOCOD": "060BGO0118", "TRECHO": "ENTR GO-415 (P/GOIANÁPOLIS) - ENTR BR-060/153 (VIADUTO ALDEIA DO VALE - GOIÂNIA)", "RODOVIA": "BR-060", "SITUACAO": "DUP"}}, {"type": "Feature", "geometry": {"crs": {"type": "name", "properties": {"name": "EPSG:4674"}}, "type": "LineString", "coordinates": [[-49.144936, -16.64547], [-49.14699, -16.639482], [-49.14809, -16.636982], [-49.15109, -16.631682], [-49.15299, -16.629382], [-49.15539, -16.626782], [-49.16289, -16.618882], [-49.16569, -16.616382], [-49.16849, -16.614882], [-49.19589, -16.602682], [-49.19859, -16.601682], [-49.200363, -16.60084]]}, "properties": {"SNV": "060NGO1055", "fid": 111, "EXT_KM": 8.9, "GEOCOD": "060NGO1055", "TRECHO": "ENTR GO-010 (ACESSO NORDESTE GOIÂNIA) - ENTR BR-060/153 (GOIÂNIA)", "RODOVIA": "BR-060", "SITUACAO": "PLA"}}, {"type": "Feature", "geometry": {"crs": {"type": "name", "properties": {"name": "EPSG:4674"}}, "type": "LineString", "coordinates": [[-49.206326, -16.619323], [-49.206786, -16.619021], [-49.207052, -16.61876], [-49.207112, -16.618717], [-49.207245, -16.618667], [-49.207381, -16.618675], [-49.207834, -16.618927], [-49.20861, -16.619229], [-49.224788, -16.624939], [-49.225471, -16.625163], [-49.225751, -16.625211], [-49.226109, -16.625208], [-49.226492, -16.625135], [-49.226936, -16.625024], [-49.229584, -16.624277], [-49.229926, -16.624193], [-49.230324, -16.624124], [-49.230467, -16.624066], [-49.230616, -16.623904], [-49.230743, -16.623825], [-49.231158, -16.623752], [-49.232132, -16.623384], [-49.236025, -16.622065], [-49.236617, -16.621906], [-49.237338, -16.621781], [-49.237877, -16.621745], [-49.238129, -16.621751], [-49.238485, -16.621788], [-49.239945, -16.622057], [-49.240142, -16.622065], [-49.240296, -16.622127], [-49.240401, -16.622151], [-49.242608, -16.622578], [-49.243362, -16.622741], [-49.243616, -16.622762], [-49.243942, -16.622762]]}, "properties": {"SNV": "060BGO0130", "fid": 67, "EXT_KM": 4.3, "GEOCOD": "060BGO0130", "TRECHO": "ENTR BR-060/153 (VIADUTO ALDEIA DO VALE - GOIÂNIA) - ENTR GO-080 (P/ NERÓPOLIS)(GOIÂNIA)", "RODOVIA": "BR-060", "SITUACAO": "DUP"}}, {"type": "Feature", "geometry": {"crs": {"type": "name", "properties": {"name": "EPSG:4674"}}, "type": "LineString", "coordinates": [[-49.243942, -16.622762], [-49.244136, -16.622781], [-49.244261, -16.622819], [-49.244436, -16.622926], [-49.244478, -16.622983], [-49.245148, -16.623035], [-49.246658, -16.623316], [-49.251592, -16.624363], [-49.253202, -16.62468], [-49.253416, -16.624715], [-49.25357, -16.624723], [-49.25382, -16.624667], [-49.253958, -16.624666], [-49.254327, -16.624867], [-49.254653, -16.624968], [-49.259047, -16.625847], [-49.25934, -16.62592], [-49.259485, -16.625935], [-49.260605, -16.626158], [-49.26107, -16.626237], [-49.261421, -16.626276], [-49.262159, -16.626304], [-49.262368, -16.626281], [-49.262627, -16.626317], [-49.263302, -16.62636], [-49.263763, -16.626424], [-49.26476, -16.626603], [-49.265068, -16.62667], [-49.265355, -16.626765], [-49.266346, -16.627222], [-49.266813, -16.627378], [-49.270549, -16.62813], [-49.270714, -16.628134], [-49.270938, -16.628203], [-49.27251, -16.628527], [-49.272893, -16.628586], [-49.273427, -16.628589], [-49.273596, -16.628642], [-49.273737, -16.628755], [-49.273927, -16.628978], [-49.274188, -16.629173], [-49.282401, -16.634364], [-49.282669, -16.634573], [-49.282831, -16.634779], [-49.283004, -16.635103], [-49.284456, -16.638326], [-49.286069, -16.641845], [-49.286395, -16.642526], [-49.286589, -16.642847], [-49.286745, -16.643038], [-49.286836, -16.643123], [-49.287145, -16.643335], [-49.287381, -16.64344], [-49.28774, -16.64353], [-49.29124, -16.644158], [-49.29249, -16.644413], [-49.292882, -16.644464], [-49.293139, -16.64446], [-49.293382, -16.644428], [-49.293739, -16.644354], [-49.29467, -16.644096], [-49.294878, -16.644014], [-49.295034, -16.643887], [-49.29515, -16.643825], [-49.295532, -16.643824], [-49.295733, -16.643798], [-49.295835, -16.643742], [-49.295953, -16.64375], [-49.300745, -16.642451], [-49.301168, -16.642323], [-49.302577, -16.641958], [-49.30284, -16.641902], [-49.303229, -16.641871], [-49.303602, -16.641889], [-49.303972, -16.641953], [-49.304315, -16.642063], [-49.304626, -16.642202], [-49.304906, -16.642366], [-49.305337, -16.642686], [-49.310385, -16.647229], [-49.31101, -16.647776], [-49.311305, -16.648011], [-49.311605, -16.648207], [-49.311924, -16.648357], [-49.313994, -16.649152], [-49.31421, -16.649246], [-49.314414, -16.649356], [-49.314601, -16.649496], [-49.315053, -16.649882], [-49.316765, -16.651371], [-49.316955, -16.651513], [-49.317157, -16.651629], [-49.317379, -16.651703], [-49.317494, -16.651718], [-49.317719, -16.65171], [-49.317918, -16.651666], [-49.318835, -16.651345], [-49.320036, -16.650888], [-49.321875, -16.650224], [-49.322332, -16.650073], [-49.322703, -16.649974], [-49.323205, -16.649884], [-49.323701, -16.649847], [-49.324073, -16.649849], [-49.324652, -16.649911], [-49.325105, -16.650004], [-49.32552, -16.650132], [-49.325902, -16.650285], [-49.326168, -16.650414], [-49.326803, -16.650785], [-49.330995, -16.653478], [-49.331128, -16.653547], [-49.331241, -16.653583], [-49.331642, -16.65361], [-49.331736, -16.653649], [-49.33181, -16.653707]]}, "properties": {"SNV": "060BGO0132", "fid": 68, "EXT_KM": 10.8, "GEOCOD": "060BGO0132", "TRECHO": "ENTR GO-080 (P/ NERÓPOLIS)(GOIÂNIA) - ENTR GO-070 (P/INHUMAS)(GOIÂNIA)", "RODOVIA": "BR-060", "SITUACAO": "DUP"}}, {"type": "Feature", "geometry": {"crs": {"type": "name", "properties": {"name": "EPSG:4674"}}, "type": "LineString", "coordinates": [[-49.33181, -16.653707], [-49.330301, -16.655216], [-49.329791, -16.655836], [-49.329718, -16.656071], [-49.329619, -16.656705], [-49.329718, -16.659411], [-49.329726, -16.660047], [-49.32959, -16.660232], [-49.329246, -16.660582], [-49.33027, -16.661376], [-49.329755, -16.661947], [-49.329755, -16.665612], [-49.331328, -16.669537], [-49.331437, -16.670186], [-49.328995, -16.67593], [-49.328805, -16.676606], [-49.328805, -16.677281], [-49.328534, -16.678503], [-49.327774, -16.681517], [-49.328426, -16.686949], [-49.328534, -16.687417], [-49.328697, -16.688612], [-49.32848, -16.690587], [-49.328344, -16.690847], [-49.325184, -16.695022]]}, "properties": {"SNV": "060BGO0140", "fid": 69, "EXT_KM": 5.7, "GEOCOD": "060BGO0140", "TRECHO": "ENTR GO-070 (P/INHUMAS)(GOIÂNIA) - AV. FREI MIGUELINO/PEDRO LUDOVICO (GOIÂNIA)", "RODOVIA": "BR-060", "SITUACAO": "DUP"}}, {"type": "Feature", "geometry": {"crs": {"type": "name", "properties": {"name": "EPSG:4674"}}, "type": "LineString", "coordinates": [[-49.325184, -16.695022], [-49.325225, -16.695054], [-49.325374, -16.695239], [-49.3256, -16.695403], [-49.327908, -16.696782], [-49.328106, -16.696881], [-49.328279, -16.696897], [-49.328377, -16.696929], [-49.328424, -16.696961], [-49.328662, -16.697228], [-49.328974, -16.697452], [-49.329467, -16.697771], [-49.330357, -16.698268], [-49.332669, -16.699656], [-49.332717, -16.699781], [-49.332933, -16.700066], [-49.333078, -16.700192], [-49.333319, -16.700351], [-49.333517, -16.700453], [-49.333788, -16.700468], [-49.333886, -16.700511], [-49.335154, -16.70127], [-49.335559, -16.701482], [-49.335885, -16.701624], [-49.336357, -16.701796], [-49.338893, -16.702589], [-49.339858, -16.702913], [-49.340355, -16.703049], [-49.340763, -16.703185], [-49.341308, -16.703402], [-49.342086, -16.703768]]}, "properties": {"SNV": "060BGO0150", "fid": 70, "EXT_KM": 1.9, "GEOCOD": "060BGO0150", "TRECHO": "AV. FREI MIGUELINO/PEDRO LUDOVICO (GOIÂNIA) - AV. GABRIEL HENRIQUE DE ARAÚJO (GOIÂNIA)", "RODOVIA": "BR-060", "SITUACAO": "DUP"}}, {"type": "Feature", "geometry": {"crs": {"type": "name", "properties": {"name": "EPSG:4674"}}, "type": "LineString", "coordinates": [[-49.342086, -16.703768], [-49.356475, -16.712007], [-49.356772, -16.712182], [-49.356872, -16.71229], [-49.357129, -16.712401]]}, "properties": {"SNV": "060BGO0152", "fid": 71, "EXT_KM": 1.9, "GEOCOD": "060BGO0152", "TRECHO": "AV. GABRIEL HENRIQUE DE ARAÚJO (GOIÂNIA) - ENTR BR-060 (ACESSO SUDOESTE GOIÂNIA)", "RODOVIA": "BR-060", "SITUACAO": "DUP"}}, {"type": "Feature", "geometry": {"crs": {"type": "name", "properties": {"name": "EPSG:4674"}}, "type": "LineString", "coordinates": [[-49.357129, -16.712401], [-49.357471, -16.712571], [-49.369729, -16.719591], [-49.372201, -16.721021], [-49.375595, -16.722946], [-49.379064, -16.724946], [-49.379706, -16.725363], [-49.382752, -16.727532], [-49.38459, -16.728821], [-49.384914, -16.729036], [-49.385233, -16.729225], [-49.385551, -16.729385], [-49.386015, -16.729583], [-49.386479, -16.729738], [-49.386955, -16.72986], [-49.393398, -16.73121], [-49.395806, -16.731735], [-49.396328, -16.731891], [-49.396841, -16.732074], [-49.39735, -16.73228], [-49.397864, -16.732518], [-49.398722, -16.732987], [-49.399714, -16.733571], [-49.404927, -16.73656], [-49.406116, -16.737278], [-49.406931, -16.73775], [-49.407422, -16.738005], [-49.407955, -16.738306], [-49.413775, -16.741652], [-49.414203, -16.741937], [-49.414532, -16.742103], [-49.415208, -16.742482], [-49.417877, -16.744012], [-49.432438, -16.752379], [-49.436949, -16.754993], [-49.437657, -16.755385], [-49.438427, -16.755769], [-49.438987, -16.756007], [-49.439591, -16.756218]]}, "properties": {"SNV": "060BGO0161", "fid": 72, "EXT_KM": 10, "GEOCOD": "060BGO0161", "TRECHO": "ENTR BR-060 (ACESSO SUDOESTE GOIÂNIA) - ENTR GO-469 (ABADIA DE GOIÁS)", "RODOVIA": "BR-060", "SITUACAO": "DUP"}}, {"type": "Feature", "geometry": {"crs": {"type": "name", "properties": {"name": "EPSG:4674"}}, "type": "LineString", "coordinates": [[-49.439591, -16.756218], [-49.440087, -16.756365], [-49.441002, -16.756587], [-49.441466, -16.756666], [-49.442151, -16.756747], [-49.442427, -16.756766], [-49.443291, -16.756787], [-49.443846, -16.756753], [-49.445954, -16.756498], [-49.446166, -16.756511], [-49.446325, -16.756491], [-49.446485, -16.756437], [-49.446657, -16.756411], [-49.44754, -16.756309], [-49.447891, -16.756287], [-49.448239, -16.756288], [-49.44876, -16.756326], [-49.449279, -16.756407], [-49.449961, -16.75658], [-49.450454, -16.756761], [-49.450943, -16.756984], [-49.456365, -16.759674], [-49.457976, -16.760465], [-49.45946, -16.761172], [-49.460761, -16.761845], [-49.461459, -16.762188], [-49.461856, -16.762361], [-49.462388, -16.762562], [-49.46314, -16.762896], [-49.465982, -16.763842], [-49.467008, -16.764164], [-49.469224, -16.764844], [-49.470198, -16.765112], [-49.471799, -16.765591], [-49.475338, -16.766705], [-49.480685, -16.768349], [-49.481372, -16.7686], [-49.481856, -16.768822], [-49.482468, -16.769172], [-49.48303, -16.769573], [-49.483294, -16.769795], [-49.483671, -16.770153], [-49.484031, -16.770554], [-49.484258, -16.770851], [-49.485399, -16.772514], [-49.485841, -16.773207], [-49.492118, -16.782554], [-49.49241, -16.782954], [-49.492733, -16.783334], [-49.493099, -16.783703], [-49.493366, -16.783942], [-49.494091, -16.784496], [-49.502547, -16.790469], [-49.503056, -16.790833], [-49.503297, -16.791035], [-49.50369, -16.791291], [-49.506378, -16.793174], [-49.506907, -16.793583], [-49.507462, -16.793946], [-49.510124, -16.795816], [-49.51191, -16.797032], [-49.513631, -16.798287], [-49.515222, -16.799415], [-49.516495, -16.800276], [-49.518291, -16.801579], [-49.518388, -16.801664], [-49.524918, -16.806267], [-49.525542, -16.806745], [-49.525834, -16.807013], [-49.526105, -16.807303], [-49.526361, -16.80761], [-49.526593, -16.807934], [-49.526994, -16.808631], [-49.527883, -16.810628], [-49.529777, -16.814993], [-49.530037, -16.81556], [-49.530325, -16.816125], [-49.53721, -16.828292], [-49.537421, -16.828626], [-49.537466, -16.828737], [-49.538166, -16.829991], [-49.542203, -16.837121], [-49.542565, -16.837693], [-49.542862, -16.838082], [-49.543077, -16.838319], [-49.543662, -16.838853], [-49.543908, -16.839044], [-49.544307, -16.839312]]}, "properties": {"SNV": "060BGO0165", "fid": 73, "EXT_KM": 15.3, "GEOCOD": "060BGO0165", "TRECHO": "ENTR GO-469 (ABADIA DE GOIÁS) - ENTR GO-219 (GUAPÓ)", "RODOVIA": "BR-060", "SITUACAO": "DUP"}}, {"type": "Feature", "geometry": {"crs": {"type": "name", "properties": {"name": "EPSG:4674"}}, "type": "LineString", "coordinates": [[-49.544307, -16.839312], [-49.554657, -16.845657], [-49.557906, -16.847677], [-49.561933, -16.850153], [-49.562712, -16.850586], [-49.563047, -16.850742], [-49.563393, -16.850877], [-49.563933, -16.85104], [-49.564307, -16.85113], [-49.564703, -16.851203], [-49.565319, -16.851267], [-49.571036, -16.851763], [-49.589826, -16.853341], [-49.590866, -16.853439], [-49.591676, -16.85356], [-49.592256, -16.853703], [-49.592622, -16.853824], [-49.59314, -16.85404], [-49.593639, -16.854274], [-49.600954, -16.857883], [-49.601451, -16.858172], [-49.602074, -16.858626], [-49.602518, -16.859025], [-49.602794, -16.859315], [-49.603052, -16.859626], [-49.603415, -16.860127], [-49.607023, -16.865456], [-49.607141, -16.865608], [-49.607241, -16.86578], [-49.608013, -16.86692], [-49.608581, -16.867731], [-49.609244, -16.868724], [-49.609711, -16.86937], [-49.610572, -16.870709], [-49.614358, -16.8763], [-49.614722, -16.876812], [-49.614827, -16.876991], [-49.615535, -16.878041], [-49.616533, -16.879459], [-49.61748, -16.880906], [-49.618656, -16.882656], [-49.619108, -16.883267], [-49.619581, -16.883795], [-49.619952, -16.884135], [-49.620337, -16.884444], [-49.625357, -16.888202], [-49.626739, -16.889198], [-49.628372, -16.890476], [-49.632186, -16.893315], [-49.632964, -16.89393], [-49.633458, -16.894364], [-49.633918, -16.894829], [-49.635866, -16.896949], [-49.636252, -16.897389], [-49.636475, -16.897672], [-49.636623, -16.897798], [-49.637383, -16.898592], [-49.637643, -16.898826], [-49.637931, -16.899054], [-49.638412, -16.899379], [-49.638933, -16.899666], [-49.642999, -16.901644], [-49.643562, -16.901957], [-49.644234, -16.902387], [-49.648045, -16.905236], [-49.652857, -16.908867], [-49.654265, -16.909902], [-49.655877, -16.911139], [-49.658658, -16.913233], [-49.658925, -16.913441], [-49.65912, -16.913616], [-49.65947, -16.913876], [-49.659937, -16.914341], [-49.660318, -16.914812], [-49.660609, -16.91524], [-49.660851, -16.91567], [-49.661105, -16.916238], [-49.664999, -16.927243], [-49.665219, -16.927839], [-49.665461, -16.928411], [-49.665923, -16.929318], [-49.67006, -16.936548], [-49.670342, -16.937089], [-49.670589, -16.937629], [-49.670805, -16.93818], [-49.671977, -16.94141], [-49.672586, -16.943032], [-49.672953, -16.944088], [-49.67419, -16.947489], [-49.674476, -16.948161], [-49.674733, -16.948623], [-49.674924, -16.948916], [-49.675251, -16.949336], [-49.675491, -16.949603], [-49.675885, -16.949968], [-49.676303, -16.950289], [-49.676726, -16.950562], [-49.677015, -16.950725], [-49.677463, -16.950934], [-49.678071, -16.951145], [-49.678694, -16.951294], [-49.679179, -16.951367], [-49.680651, -16.951539], [-49.681123, -16.951612], [-49.681568, -16.951704], [-49.682195, -16.951888], [-49.682732, -16.952079], [-49.682951, -16.952184], [-49.683194, -16.952243], [-49.683505, -16.952346]]}, "properties": {"SNV": "060BGO0170", "fid": 74, "EXT_KM": 21.5, "GEOCOD": "060BGO0170", "TRECHO": "ENTR GO-219 (GUAPÓ) - ENTR GO-413 (P/VARJÃO)", "RODOVIA": "BR-060", "SITUACAO": "DUP"}}, {"type": "Feature", "geometry": {"crs": {"type": "name", "properties": {"name": "EPSG:4674"}}, "type": "LineString", "coordinates": [[-49.160841, -14.533037], [-49.161973, -14.538231], [-49.162099, -14.53889], [-49.162162, -14.539397], [-49.162193, -14.539915], [-49.162189, -14.540432], [-49.162156, -14.540929], [-49.162028, -14.541723], [-49.161681, -14.543115], [-49.157101, -14.560684], [-49.156355, -14.563655], [-49.156213, -14.564586], [-49.156187, -14.565013], [-49.156182, -14.565436], [-49.156321, -14.569737], [-49.156345, -14.570114], [-49.156406, -14.570605], [-49.156514, -14.571071], [-49.158423, -14.576843], [-49.158709, -14.577771], [-49.163921, -14.596229], [-49.164448, -14.598154], [-49.164551, -14.598471], [-49.165704, -14.602547], [-49.166406, -14.605079], [-49.167218, -14.607847], [-49.170546, -14.618592], [-49.171367, -14.621297], [-49.171557, -14.621872], [-49.1718, -14.622688], [-49.171861, -14.622971], [-49.171928, -14.623122], [-49.172192, -14.623954], [-49.17322, -14.627316], [-49.174672, -14.631959], [-49.174923, -14.632648], [-49.17531, -14.633485], [-49.175582, -14.633974], [-49.175987, -14.634578]]}, "properties": {"SNV": "153BGO0412", "fid": 171, "EXT_KM": 10.3, "GEOCOD": "153BGO0412", "TRECHO": "ENTR BR-080/153/GO-237 (URUAÇU) - ENTR BR-080/153", "RODOVIA": "BR-153", "SITUACAO": "PAV"}}, {"type": "Feature", "geometry": {"crs": {"type": "name", "properties": {"name": "EPSG:4674"}}, "type": "LineString", "coordinates": [[-49.175987, -14.634578], [-49.176389, -14.635217], [-49.177727, -14.63717], [-49.178624, -14.638582], [-49.179183, -14.639411], [-49.179527, -14.639973], [-49.180659, -14.641704], [-49.184713, -14.648021], [-49.194994, -14.663899], [-49.197463, -14.667748], [-49.19794, -14.668469], [-49.198551, -14.669343], [-49.199339, -14.670647], [-49.202675, -14.675822], [-49.204919, -14.679281], [-49.205624, -14.6803], [-49.205938, -14.680792], [-49.206213, -14.681277], [-49.207934, -14.683912], [-49.208916, -14.685458], [-49.210615, -14.688049], [-49.211219, -14.689009], [-49.212089, -14.690333], [-49.213587, -14.692674], [-49.216466, -14.697088], [-49.218757, -14.700657], [-49.219802, -14.702245], [-49.225217, -14.710623], [-49.225958, -14.711695], [-49.226322, -14.712267], [-49.226585, -14.712725], [-49.228481, -14.715624], [-49.228772, -14.7161], [-49.229108, -14.716566], [-49.229504, -14.717211], [-49.23052, -14.718783], [-49.230807, -14.719301], [-49.231024, -14.719789], [-49.231297, -14.720712], [-49.231744, -14.722369], [-49.232055, -14.723167], [-49.232262, -14.723544], [-49.232304, -14.723648], [-49.232823, -14.724339], [-49.23553, -14.727649], [-49.236491, -14.728846], [-49.237546, -14.730117], [-49.239481, -14.73252], [-49.240093, -14.733251], [-49.240689, -14.734011], [-49.242686, -14.736429], [-49.243643, -14.737562], [-49.244907, -14.739183], [-49.249177, -14.744423], [-49.249869, -14.745364], [-49.252868, -14.750042], [-49.254493, -14.752632], [-49.257208, -14.756908], [-49.258026, -14.758165], [-49.259652, -14.760755], [-49.262685, -14.765527], [-49.264683, -14.768633], [-49.271843, -14.779949], [-49.273325, -14.782253], [-49.274632, -14.784334], [-49.27608, -14.786586], [-49.279669, -14.792261], [-49.283663, -14.798526], [-49.286701, -14.803329], [-49.287935, -14.805248], [-49.290697, -14.809639], [-49.294661, -14.815852], [-49.294739, -14.816044], [-49.29482, -14.816125], [-49.295088, -14.81653], [-49.313399, -14.845372], [-49.314297, -14.846756], [-49.316221, -14.84979], [-49.316964, -14.850911], [-49.31769, -14.85206], [-49.318664, -14.85366], [-49.319594, -14.855111], [-49.320195, -14.855935], [-49.320661, -14.856482], [-49.326119, -14.862531], [-49.326465, -14.862931]]}, "properties": {"SNV": "153BGO0430", "fid": 172, "EXT_KM": 30.2, "GEOCOD": "153BGO0430", "TRECHO": "ENTR BR-080/153 - ENTR GO-338 (SAO LUIZ DO NORTE)", "RODOVIA": "BR-153", "SITUACAO": "PAV"}}, {"type": "Feature", "geometry": {"crs": {"type": "name", "properties": {"name": "EPSG:4674"}}, "type": "LineString", "coordinates": [[-49.683505, -16.952346], [-49.685308, -16.952982], [-49.68605, -16.953199], [-49.686438, -16.953281], [-49.686823, -16.953335], [-49.687202, -16.953366], [-49.687758, -16.953377], [-49.688307, -16.953345], [-49.691294, -16.953057], [-49.69333, -16.952842], [-49.694153, -16.952738], [-49.69655, -16.952368], [-49.702739, -16.951337], [-49.703352, -16.95126], [-49.703982, -16.951213], [-49.704614, -16.951203], [-49.705234, -16.951229], [-49.70625, -16.95134], [-49.707061, -16.951506], [-49.70767, -16.951665], [-49.708476, -16.951938], [-49.709074, -16.952189], [-49.709668, -16.95248], [-49.710243, -16.952802], [-49.710783, -16.953158], [-49.711335, -16.953559], [-49.739957, -16.975147], [-49.745522, -16.97946], [-49.746398, -16.980147], [-49.746554, -16.980302], [-49.746678, -16.980372], [-49.747009, -16.980618], [-49.750317, -16.983186]]}, "properties": {"SNV": "060BGO0172", "fid": 75, "EXT_KM": 8.5, "GEOCOD": "060BGO0172", "TRECHO": "ENTR GO-413 (P/VARJÃO) - ENTR GO-156 (CEZARINA)", "RODOVIA": "BR-060", "SITUACAO": "DUP"}}, {"type": "Feature", "geometry": {"crs": {"type": "name", "properties": {"name": "EPSG:4674"}}, "type": "LineString", "coordinates": [[-49.487064, -15.11021], [-49.492325, -15.114337], [-49.493133, -15.114947], [-49.493851, -15.115526], [-49.493932, -15.115609], [-49.4941, -15.115719], [-49.499222, -15.119742], [-49.499689, -15.120128], [-49.49994, -15.120295], [-49.501869, -15.1218], [-49.505125, -15.124372], [-49.508515, -15.127017], [-49.511602, -15.129451], [-49.511909, -15.129676], [-49.512885, -15.130458], [-49.514264, -15.131524], [-49.517654, -15.134198], [-49.519164, -15.135381], [-49.519344, -15.135496], [-49.519629, -15.135738], [-49.521098, -15.1369], [-49.525581, -15.140418], [-49.528307, -15.142531], [-49.529475, -15.143488], [-49.529996, -15.143982], [-49.530242, -15.144239], [-49.535352, -15.150131], [-49.535666, -15.150555], [-49.535872, -15.150866], [-49.536248, -15.151532], [-49.536415, -15.151885], [-49.536653, -15.15245], [-49.540267, -15.161298], [-49.541224, -15.163676], [-49.544305, -15.171192], [-49.544521, -15.171744], [-49.544689, -15.172232], [-49.544753, -15.172443], [-49.544853, -15.172878]]}, "properties": {"SNV": "153BGO0452", "fid": 174, "EXT_KM": 9.7, "GEOCOD": "153BGO0452", "TRECHO": "ENTR GO-336 (P/ITAPACI) - ENTR GO-434 (JARDIM PAULISTA)", "RODOVIA": "BR-153", "SITUACAO": "PAV"}}, {"type": "Feature", "geometry": {"crs": {"type": "name", "properties": {"name": "EPSG:4674"}}, "type": "LineString", "coordinates": [[-49.750317, -16.983186], [-49.757354, -16.988656], [-49.758655, -16.989697], [-49.759265, -16.990247], [-49.759713, -16.990717], [-49.770917, -17.003015], [-49.771314, -17.003494], [-49.771662, -17.003985], [-49.771979, -17.004484], [-49.772351, -17.00516], [-49.772681, -17.005868], [-49.773094, -17.006866], [-49.774042, -17.009307], [-49.776754, -17.016169], [-49.777091, -17.01712], [-49.777198, -17.017493], [-49.777323, -17.018055], [-49.777464, -17.019009], [-49.777494, -17.0194], [-49.777525, -17.020186], [-49.777714, -17.035244], [-49.777733, -17.035996], [-49.777771, -17.03654], [-49.777853, -17.037066], [-49.777936, -17.037411], [-49.77804, -17.037746], [-49.778223, -17.038225], [-49.778436, -17.03867], [-49.778658, -17.039084], [-49.779313, -17.040219], [-49.779626, -17.04079]]}, "properties": {"SNV": "060BGO0190", "fid": 76, "EXT_KM": 7.3, "GEOCOD": "060BGO0190", "TRECHO": "ENTR GO-156 (CEZARINA) - ENTR GO-217 (P/MAIRIPOTABA)", "RODOVIA": "BR-060", "SITUACAO": "DUP"}}, {"type": "Feature", "geometry": {"crs": {"type": "name", "properties": {"name": "EPSG:4674"}}, "type": "LineString", "coordinates": [[-49.779626, -17.04079], [-49.781149, -17.043432], [-49.781592, -17.044055], [-49.781999, -17.044527], [-49.789714, -17.052494], [-49.802829, -17.066088], [-49.803237, -17.066494], [-49.803907, -17.067124], [-49.804446, -17.067571], [-49.80498, -17.067946], [-49.805378, -17.068198], [-49.806053, -17.068567], [-49.8069, -17.068956], [-49.807668, -17.069234], [-49.808295, -17.069421], [-49.81028, -17.069869], [-49.81103, -17.070076], [-49.811596, -17.070279], [-49.812274, -17.070592], [-49.812786, -17.07089], [-49.813271, -17.071225], [-49.813722, -17.071597], [-49.814551, -17.072346], [-49.815091, -17.072769], [-49.815648, -17.073131], [-49.815906, -17.073277], [-49.816273, -17.073455], [-49.819125, -17.074704], [-49.819857, -17.075034], [-49.820098, -17.075164], [-49.820348, -17.07524], [-49.821497, -17.075739], [-49.833045, -17.080811], [-49.839222, -17.083507], [-49.840554, -17.084045], [-49.841253, -17.084378], [-49.842557, -17.084948], [-49.853461, -17.089661], [-49.85952, -17.0923], [-49.884825, -17.103104], [-49.889783, -17.105234], [-49.89341, -17.106771], [-49.89395, -17.106972], [-49.894322, -17.107088], [-49.894888, -17.107228], [-49.895462, -17.107329], [-49.896223, -17.107399], [-49.896807, -17.107408], [-49.928911, -17.106235], [-49.929534, -17.106253], [-49.930157, -17.106329], [-49.930775, -17.106458], [-49.931386, -17.106652], [-49.932001, -17.106914], [-49.933256, -17.107543], [-49.941211, -17.111609], [-49.957006, -17.119641], [-49.95958, -17.120939], [-49.960485, -17.121366], [-49.961147, -17.121704], [-49.962152, -17.122253], [-49.964911, -17.123662], [-49.96815, -17.125299], [-49.968315, -17.125339], [-49.9687, -17.125589], [-49.969054, -17.125756], [-49.985602, -17.134157], [-49.986748, -17.134745], [-49.987054, -17.134937], [-49.987926, -17.135343], [-49.992418, -17.137625]]}, "properties": {"SNV": "060BGO0210", "fid": 77, "EXT_KM": 26.1, "GEOCOD": "060BGO0210", "TRECHO": "ENTR GO-217 (P/MAIRIPOTABA) - ENTR GO-320 (INDIARA)", "RODOVIA": "BR-060", "SITUACAO": "DUP"}}, {"type": "Feature", "geometry": {"crs": {"type": "name", "properties": {"name": "EPSG:4674"}}, "type": "LineString", "coordinates": [[-49.992418, -17.137625], [-50.001516, -17.142232], [-50.003492, -17.143244], [-50.003848, -17.143453], [-50.004052, -17.143532], [-50.005896, -17.144462], [-50.006181, -17.144613], [-50.006438, -17.144774], [-50.006588, -17.144821], [-50.006865, -17.144954], [-50.016633, -17.149931], [-50.01781, -17.150508], [-50.01884, -17.151044], [-50.029396, -17.156386], [-50.035093, -17.159249], [-50.042495, -17.163002], [-50.04464, -17.164066], [-50.04613, -17.164831], [-50.049065, -17.166302], [-50.049711, -17.166653], [-50.050034, -17.166857], [-50.050365, -17.167088], [-50.050864, -17.167487], [-50.075439, -17.189249], [-50.078267, -17.191744], [-50.07974, -17.193003], [-50.082385, -17.195385], [-50.090989, -17.20301], [-50.091648, -17.203561], [-50.092336, -17.204056], [-50.092694, -17.204279], [-50.093247, -17.204589], [-50.094016, -17.20496], [-50.094844, -17.205277], [-50.095698, -17.205531], [-50.096572, -17.20571], [-50.097228, -17.205799], [-50.097669, -17.205838], [-50.099043, -17.205881], [-50.104496, -17.205951], [-50.105107, -17.205965], [-50.105424, -17.205991], [-50.105561, -17.205963], [-50.105716, -17.205961], [-50.110159, -17.206016], [-50.111265, -17.206055], [-50.111951, -17.206107], [-50.139254, -17.20914], [-50.148617, -17.210158], [-50.1507, -17.210396], [-50.15141, -17.2105], [-50.152341, -17.210691], [-50.15321, -17.210918], [-50.162842, -17.21362], [-50.170487, -17.215737], [-50.173087, -17.216475], [-50.184029, -17.219524], [-50.184629, -17.219712], [-50.185374, -17.220013], [-50.185905, -17.220281], [-50.186615, -17.220721], [-50.187209, -17.221128], [-50.195006, -17.226652], [-50.197827, -17.228667], [-50.199096, -17.229518], [-50.199503, -17.229817], [-50.199968, -17.230193], [-50.200441, -17.230614], [-50.201116, -17.231276], [-50.207234, -17.237475], [-50.213266, -17.243553], [-50.214294, -17.244618], [-50.214927, -17.245342], [-50.225606, -17.258759], [-50.234469, -17.269861], [-50.23511, -17.270629], [-50.235351, -17.270886], [-50.23574, -17.271259], [-50.236142, -17.271612], [-50.236565, -17.271946], [-50.236997, -17.272258], [-50.237455, -17.272549], [-50.237963, -17.272841], [-50.238483, -17.273101], [-50.238997, -17.273329], [-50.239506, -17.273522], [-50.240347, -17.27378], [-50.241254, -17.273979], [-50.244291, -17.274485], [-50.244533, -17.274539], [-50.244554, -17.274557], [-50.24493, -17.274583], [-50.245917, -17.274751], [-50.246462, -17.274868], [-50.246636, -17.274875], [-50.24688, -17.274911], [-50.247484, -17.27504], [-50.248056, -17.27523], [-50.248431, -17.275391], [-50.248789, -17.275567], [-50.249283, -17.275864], [-50.249735, -17.276199], [-50.250155, -17.276581], [-50.251186, -17.277659], [-50.275718, -17.30358], [-50.276122, -17.303941], [-50.277386, -17.304984], [-50.291898, -17.316802], [-50.29266, -17.317442], [-50.293075, -17.317824], [-50.296096, -17.321008], [-50.306268, -17.331796], [-50.306655, -17.332185], [-50.307393, -17.332987], [-50.311455, -17.337303], [-50.315544, -17.341616], [-50.317803, -17.344036], [-50.319355, -17.345654], [-50.330091, -17.357051], [-50.331952, -17.359001], [-50.332461, -17.359596], [-50.333045, -17.360337], [-50.333369, -17.360773], [-50.333467, -17.360937], [-50.33371, -17.361238], [-50.339071, -17.368513], [-50.339575, -17.369146], [-50.339955, -17.369534], [-50.34038, -17.369933], [-50.340933, -17.370386], [-50.341392, -17.370699], [-50.34207, -17.371128], [-50.345376, -17.373114], [-50.34569, -17.373288], [-50.346171, -17.373511], [-50.346815, -17.373746], [-50.347415, -17.373896], [-50.348323, -17.374077], [-50.36468, -17.377273], [-50.365186, -17.377402], [-50.365658, -17.377563], [-50.366105, -17.377752], [-50.36652, -17.377966], [-50.3669, -17.378203], [-50.367145, -17.378377], [-50.367488, -17.378656], [-50.367706, -17.378861], [-50.372884, -17.384101], [-50.381627, -17.392997]]}, "properties": {"SNV": "060BGO0230", "fid": 78, "EXT_KM": 51.7, "GEOCOD": "060BGO0230", "TRECHO": "ENTR GO-320 (INDIARA) - ENTR GO-164/513 (ACREÚNA)", "RODOVIA": "BR-060", "SITUACAO": "DUP"}}, {"type": "Feature", "geometry": {"crs": {"type": "name", "properties": {"name": "EPSG:4674"}}, "type": "LineString", "coordinates": [[-50.381627, -17.392997], [-50.38264, -17.39407], [-50.383625, -17.395066], [-50.384395, -17.395793], [-50.388653, -17.400124], [-50.388912, -17.400426], [-50.389076, -17.400553], [-50.390923, -17.402417], [-50.391301, -17.402741], [-50.391696, -17.403028], [-50.392268, -17.40337], [-50.393335, -17.403933], [-50.420481, -17.41813], [-50.421018, -17.418446], [-50.421507, -17.418797], [-50.4218, -17.41905], [-50.422191, -17.419455], [-50.422426, -17.419739], [-50.422645, -17.420035], [-50.422933, -17.420509], [-50.423177, -17.421026], [-50.423318, -17.421412], [-50.423453, -17.421845], [-50.430273, -17.445758], [-50.431173, -17.448859], [-50.431788, -17.450912], [-50.43322, -17.456083], [-50.437237, -17.470158], [-50.437418, -17.470746], [-50.437637, -17.4713], [-50.43791, -17.471831], [-50.438241, -17.472335], [-50.438626, -17.472832], [-50.442671, -17.477842], [-50.443109, -17.478356], [-50.443421, -17.47869], [-50.459383, -17.494699], [-50.472539, -17.507858], [-50.473044, -17.50833], [-50.473926, -17.509096], [-50.491752, -17.524328], [-50.492344, -17.524841], [-50.492771, -17.525249], [-50.49391, -17.526475], [-50.495107, -17.527805], [-50.516075, -17.550749], [-50.516461, -17.551189], [-50.51714, -17.552039], [-50.517808, -17.552789], [-50.518216, -17.553213], [-50.518505, -17.553475]]}, "properties": {"SNV": "060BGO0235", "fid": 79, "EXT_KM": 23.6, "GEOCOD": "060BGO0235", "TRECHO": "ENTR GO-164/513 (ACREÚNA) - ENTR GO-164", "RODOVIA": "BR-060", "SITUACAO": "DUP"}}, {"type": "Feature", "geometry": {"crs": {"type": "name", "properties": {"name": "EPSG:4674"}}, "type": "LineString", "coordinates": [[-50.518505, -17.553475], [-50.519137, -17.553975], [-50.519544, -17.554206], [-50.51999, -17.554376], [-50.520824, -17.554625], [-50.521574, -17.554805], [-50.527262, -17.556015], [-50.527835, -17.556113], [-50.52841, -17.556166], [-50.528809, -17.556174], [-50.529219, -17.556158], [-50.529631, -17.556113], [-50.530049, -17.556045], [-50.537134, -17.554564], [-50.537701, -17.554423], [-50.538241, -17.55424], [-50.538763, -17.554005], [-50.539307, -17.553704], [-50.555145, -17.544103], [-50.555757, -17.543745], [-50.556631, -17.543283], [-50.557135, -17.543041], [-50.557442, -17.542924], [-50.55754, -17.542846], [-50.560145, -17.541584], [-50.562516, -17.540449], [-50.563159, -17.540193], [-50.56367, -17.540046], [-50.564199, -17.539933], [-50.564748, -17.539856], [-50.565124, -17.539832], [-50.578902, -17.539452], [-50.579333, -17.539452], [-50.579751, -17.539475], [-50.580151, -17.539518], [-50.580543, -17.539582], [-50.581131, -17.539728], [-50.581529, -17.539857], [-50.582346, -17.540198], [-50.60147, -17.548867], [-50.603013, -17.549583], [-50.603593, -17.549921], [-50.604119, -17.5503], [-50.605384, -17.551305], [-50.605729, -17.551622], [-50.605859, -17.551683], [-50.609131, -17.554304], [-50.609891, -17.554889], [-50.610351, -17.555194], [-50.610827, -17.55546], [-50.611337, -17.55569], [-50.611729, -17.555832], [-50.612651, -17.556095], [-50.62286, -17.558655], [-50.625887, -17.559433], [-50.646865, -17.56471], [-50.648912, -17.565128], [-50.674287, -17.569984], [-50.675103, -17.570176], [-50.675789, -17.570421], [-50.676036, -17.570531], [-50.676423, -17.570734], [-50.677455, -17.571364], [-50.689087, -17.578768], [-50.690028, -17.579351], [-50.691059, -17.580032], [-50.693552, -17.5816], [-50.707525, -17.590495]]}, "properties": {"SNV": "060BGO0250", "fid": 80, "EXT_KM": 21.9, "GEOCOD": "060BGO0250", "TRECHO": "ENTR GO-164 - ENTR GO-407", "RODOVIA": "BR-060", "SITUACAO": "DUP"}}, {"type": "Feature", "geometry": {"crs": {"type": "name", "properties": {"name": "EPSG:4674"}}, "type": "LineString", "coordinates": [[-50.707525, -17.590495], [-50.719296, -17.597975], [-50.719865, -17.59831], [-50.72025, -17.598504], [-50.72064, -17.59867], [-50.721037, -17.598804], [-50.721631, -17.598956], [-50.722224, -17.599066], [-50.722635, -17.599105], [-50.723298, -17.599116], [-50.724458, -17.599038], [-50.728066, -17.598719], [-50.734042, -17.598223], [-50.734466, -17.59821], [-50.734891, -17.59822], [-50.735315, -17.598248], [-50.735739, -17.598298], [-50.73616, -17.598372], [-50.736768, -17.598518], [-50.737162, -17.598642], [-50.737752, -17.598871], [-50.741384, -17.600483], [-50.74308, -17.601256], [-50.743597, -17.601526], [-50.744084, -17.601834], [-50.744677, -17.602287], [-50.74509, -17.602647], [-50.745479, -17.603036], [-50.745867, -17.603496], [-50.749156, -17.607992], [-50.751364, -17.611056], [-50.757244, -17.619152], [-50.757604, -17.61961], [-50.758107, -17.620188], [-50.758376, -17.620458], [-50.758796, -17.62084], [-50.761146, -17.62276], [-50.76617, -17.626808], [-50.774789, -17.633794], [-50.776306, -17.634984], [-50.776847, -17.635327], [-50.777439, -17.635668], [-50.782112, -17.638252], [-50.782721, -17.638616], [-50.78312, -17.63888], [-50.802697, -17.652752], [-50.80449, -17.65403], [-50.805192, -17.654552], [-50.805876, -17.6551], [-50.806537, -17.655663], [-50.817107, -17.664964], [-50.823848, -17.670874], [-50.826139, -17.672898], [-50.826438, -17.673177], [-50.826716, -17.673472], [-50.826972, -17.67378], [-50.827446, -17.674427], [-50.840214, -17.693678], [-50.843661, -17.698859], [-50.844486, -17.700074], [-50.845124, -17.701068], [-50.849822, -17.70813], [-50.851888, -17.711262], [-50.859369, -17.722516], [-50.859737, -17.723048], [-50.860002, -17.723385], [-50.860435, -17.723856], [-50.8609, -17.724291], [-50.861222, -17.724565], [-50.865947, -17.728282], [-50.867658, -17.729646], [-50.868153, -17.730067], [-50.868731, -17.730642], [-50.869244, -17.731233], [-50.869588, -17.731687], [-50.870005, -17.73232], [-50.870288, -17.732826], [-50.870564, -17.733387], [-50.870734, -17.733782], [-50.871053, -17.734612], [-50.876467, -17.749496], [-50.882898, -17.767105], [-50.883401, -17.768307], [-50.88385, -17.769225], [-50.884313, -17.770078], [-50.884957, -17.771106], [-50.885297, -17.7716], [-50.885775, -17.772247], [-50.88652, -17.77317], [-50.887315, -17.77404], [-50.888138, -17.774847], [-50.889257, -17.775826], [-50.897142, -17.782374], [-50.900371, -17.785083], [-50.900568, -17.785224], [-50.900882, -17.785486], [-50.901139, -17.785737], [-50.901418, -17.786094], [-50.901469, -17.786164], [-50.901512, -17.78633]]}, "properties": {"SNV": "060BGO0255", "fid": 81, "EXT_KM": 31.2, "GEOCOD": "060BGO0255", "TRECHO": "ENTR GO-407 - ENTR BR-060/452/AV.PRESIDENTE VARGAS (RIO VERDE)", "RODOVIA": "BR-060", "SITUACAO": "DUP"}}, {"type": "Feature", "geometry": {"crs": {"type": "name", "properties": {"name": "EPSG:4674"}}, "type": "LineString", "coordinates": [[-50.901512, -17.78633], [-50.902053, -17.786531], [-50.90233, -17.786661], [-50.902572, -17.786815], [-50.902751, -17.786982], [-50.904831, -17.788738], [-50.906065, -17.789748], [-50.914772, -17.796998], [-50.915341, -17.79746], [-50.915545, -17.797608], [-50.915811, -17.797862], [-50.916487, -17.798438], [-50.916955, -17.798922], [-50.91794, -17.800014], [-50.928252, -17.811528], [-50.928819, -17.812095], [-50.928927, -17.812228], [-50.92952, -17.8127], [-50.929991, -17.813004], [-50.930561, -17.81331], [-50.949014, -17.82205], [-50.949503, -17.822259], [-50.95068, -17.82265], [-50.95116, -17.822857]]}, "properties": {"SNV": "060BGO0260", "fid": 82, "EXT_KM": 6.8, "GEOCOD": "060BGO0260", "TRECHO": "ENTR BR-060/452/AV.PRESIDENTE VARGAS (RIO VERDE) - ENTR GO-174", "RODOVIA": "BR-060", "SITUACAO": "DUP"}}, {"type": "Feature", "geometry": {"crs": {"type": "name", "properties": {"name": "EPSG:4674"}}, "type": "LineString", "coordinates": [[-50.95116, -17.822857], [-50.953201, -17.823894], [-50.953475, -17.823996], [-50.953749, -17.824071], [-50.954026, -17.824135], [-50.954454, -17.824206], [-50.955589, -17.824339], [-50.962518, -17.825064], [-50.962707, -17.825074], [-50.962921, -17.825048], [-50.963656, -17.825179], [-50.964343, -17.825262], [-50.978597, -17.826768], [-50.979245, -17.826823], [-50.979815, -17.826834], [-50.980504, -17.826793], [-50.980843, -17.826747], [-50.981374, -17.826646], [-50.98511, -17.825808], [-50.985757, -17.825666], [-50.986147, -17.825597], [-50.986794, -17.82543], [-50.989718, -17.824798], [-50.99724, -17.82312], [-50.999994, -17.822499], [-51.000542, -17.822357], [-51.000879, -17.822302]]}, "properties": {"SNV": "060BGO0265", "fid": 83, "EXT_KM": 5.2, "GEOCOD": "060BGO0265", "TRECHO": "ENTR GO-174 - ENTR GO-174 (ACESSO OESTE RIO VERDE)", "RODOVIA": "BR-060", "SITUACAO": "DUP"}}, {"type": "Feature", "geometry": {"crs": {"type": "name", "properties": {"name": "EPSG:4674"}}, "type": "LineString", "coordinates": [[-51.650447, -17.88528], [-51.650824, -17.885495], [-51.651009, -17.88562], [-51.651708, -17.88618], [-51.657212, -17.890323]]}, "properties": {"SNV": "060BGO0275", "fid": 85, "EXT_KM": 0.9, "GEOCOD": "060BGO0275", "TRECHO": "INICIO PISTA DUPLA - ACESSO P/JATAI", "RODOVIA": "BR-060", "SITUACAO": "DUP"}}, {"type": "Feature", "geometry": {"crs": {"type": "name", "properties": {"name": "EPSG:4674"}}, "type": "LineString", "coordinates": [[-51.657212, -17.890323], [-51.661994, -17.893938], [-51.662652, -17.894416], [-51.663068, -17.894696], [-51.664242, -17.895405], [-51.670745, -17.899138], [-51.671352, -17.899516], [-51.671949, -17.89992], [-51.676579, -17.903391], [-51.677761, -17.904181], [-51.68221, -17.907534], [-51.684381, -17.909184], [-51.684744, -17.90949], [-51.685195, -17.909921], [-51.685432, -17.910114], [-51.689315, -17.913059], [-51.690048, -17.913562], [-51.691152, -17.91423], [-51.693657, -17.915977], [-51.694085, -17.916241]]}, "properties": {"SNV": "060BGO0280", "fid": 86, "EXT_KM": 4.8, "GEOCOD": "060BGO0280", "TRECHO": "ACESSO P/JATAI - ENTR BR-060/364", "RODOVIA": "BR-060", "SITUACAO": "DUP"}}, {"type": "Feature", "geometry": {"crs": {"type": "name", "properties": {"name": "EPSG:4674"}}, "type": "LineString", "coordinates": [[-49.776757, -16.024152], [-49.77748, -16.025253], [-49.779419, -16.028304], [-49.786367, -16.039107]]}, "properties": {"SNV": "070BGO0120", "fid": 120, "EXT_KM": 3.1, "GEOCOD": "070BGO0120", "TRECHO": "AV. DERVAL DE CASTRO (ITABERAÍ) - INÍCIO PISTA DUPLA", "RODOVIA": "BR-070", "SITUACAO": "PAV"}}, {"type": "Feature", "geometry": {"crs": {"type": "name", "properties": {"name": "EPSG:4674"}}, "type": "LineString", "coordinates": [[-51.694085, -17.916241], [-51.694899, -17.916842], [-51.700373, -17.920742], [-51.700872, -17.921046], [-51.701982, -17.921592], [-51.702437, -17.92177], [-51.702992, -17.921944], [-51.703454, -17.922057], [-51.703958, -17.922152], [-51.704486, -17.922226], [-51.70726, -17.922545], [-51.708275, -17.922638], [-51.708666, -17.922644], [-51.709059, -17.922623], [-51.709636, -17.922552], [-51.710016, -17.922478], [-51.710384, -17.922386], [-51.710744, -17.922274], [-51.711265, -17.922066], [-51.711599, -17.921903], [-51.712073, -17.921625], [-51.712659, -17.921207], [-51.715298, -17.918847], [-51.715582, -17.918615], [-51.715886, -17.918402], [-51.716506, -17.918039], [-51.716817, -17.917883], [-51.717282, -17.917679], [-51.717901, -17.917462], [-51.718763, -17.91722]]}, "properties": {"SNV": "060BGO0290", "fid": 87, "EXT_KM": 3.1, "GEOCOD": "060BGO0290", "TRECHO": "ENTR BR-060/364 - R.JERÔNIMO VILELA (JATAÍ)", "RODOVIA": "BR-060", "SITUACAO": "DUP"}}, {"type": "Feature", "geometry": {"crs": {"type": "name", "properties": {"name": "EPSG:4674"}}, "type": "LineString", "coordinates": [[-51.718763, -17.91722], [-51.719517, -17.917178], [-51.720466, -17.917215], [-51.721113, -17.9173], [-51.721915, -17.917473], [-51.722341, -17.91761], [-51.722974, -17.917864], [-51.723483, -17.918029], [-51.726501, -17.918805], [-51.72705, -17.919004], [-51.72797, -17.919388], [-51.728385, -17.919524], [-51.72904, -17.919686], [-51.730006, -17.919862], [-51.731978, -17.920079], [-51.73336, -17.920202], [-51.73402, -17.920209], [-51.735336, -17.920167], [-51.736007, -17.920205], [-51.736508, -17.920272], [-51.737229, -17.920396], [-51.737878, -17.920474], [-51.740475, -17.92071], [-51.741245, -17.920756], [-51.741529, -17.920806], [-51.742143, -17.920861], [-51.743001, -17.921017], [-51.74403, -17.92129], [-51.744623, -17.921417], [-51.74537, -17.92149], [-51.746023, -17.921481], [-51.746409, -17.921453], [-51.746784, -17.921404], [-51.747387, -17.921267], [-51.74785, -17.921118], [-51.748197, -17.920987], [-51.748642, -17.920781], [-51.748934, -17.920616], [-51.749596, -17.920159], [-51.749989, -17.919818], [-51.750183, -17.919675], [-51.752679, -17.917382], [-51.753342, -17.916782], [-51.753617, -17.916556], [-51.754015, -17.916272], [-51.754444, -17.916013], [-51.75492, -17.915779], [-51.755444, -17.915572], [-51.755863, -17.915449], [-51.756152, -17.915383], [-51.756594, -17.915315], [-51.756894, -17.915287], [-51.759502, -17.915176], [-51.764205, -17.915017], [-51.764792, -17.914978], [-51.765396, -17.914878], [-51.765931, -17.914724], [-51.766407, -17.914559]]}, "properties": {"SNV": "060BGO0292", "fid": 88, "EXT_KM": 5.2, "GEOCOD": "060BGO0292", "TRECHO": "R.JERÔNIMO VILELA (JATAÍ) - ENTR BR-060/158/364/GO-184 (ACESSO OESTE JATAÍ)", "RODOVIA": "BR-060", "SITUACAO": "DUP"}}, {"type": "Feature", "geometry": {"crs": {"type": "name", "properties": {"name": "EPSG:4674"}}, "type": "LineString", "coordinates": [[-51.766407, -17.914559], [-51.766616, -17.91498], [-51.766892, -17.915124], [-51.767135, -17.915178], [-51.773231, -17.915929], [-51.773828, -17.916019], [-51.774467, -17.916155], [-51.774801, -17.916246], [-51.77532, -17.916427], [-51.775795, -17.916635], [-51.776466, -17.917008], [-51.778085, -17.918014], [-51.779062, -17.918568], [-51.780121, -17.919201], [-51.785584, -17.922528], [-51.786993, -17.924138], [-51.788603, -17.928164], [-51.796655, -17.951112], [-51.799574, -17.959667], [-51.799674, -17.960875], [-51.799674, -17.963492], [-51.794931, -17.983053], [-51.794723, -17.984021], [-51.794684, -17.984402], [-51.794674, -17.984933], [-51.794697, -17.985275], [-51.794764, -17.985786], [-51.79558, -17.989809], [-51.795684, -17.990299], [-51.7958, -17.990748], [-51.795883, -17.990993], [-51.796072, -17.991458], [-51.796516, -17.992277], [-51.796952, -17.993028]]}, "properties": {"SNV": "060BGO0295", "fid": 89, "EXT_KM": 10.4, "GEOCOD": "060BGO0295", "TRECHO": "ENTR BR-060/158/364/GO-184 (ACESSO OESTE JATAÍ) - ENTR GO-467", "RODOVIA": "BR-060", "SITUACAO": "PLA"}}, {"type": "Feature", "geometry": {"crs": {"type": "name", "properties": {"name": "EPSG:4674"}}, "type": "LineString", "coordinates": [[-49.786367, -16.039107], [-49.786582, -16.039396], [-49.787033, -16.0399], [-49.787298, -16.040137], [-49.787658, -16.040379], [-49.788055, -16.040581], [-49.789097, -16.041059], [-49.791092, -16.041933], [-49.791178, -16.041963], [-49.791308, -16.04198], [-49.791397, -16.04196]]}, "properties": {"SNV": "070BGO0125", "fid": 121, "EXT_KM": 0.4, "GEOCOD": "070BGO0125", "TRECHO": "INÍCIO PISTA DUPLA - ENTR GO-070", "RODOVIA": "BR-070", "SITUACAO": "DUP"}}, {"type": "Feature", "geometry": {"crs": {"type": "name", "properties": {"name": "EPSG:4674"}}, "type": "LineString", "coordinates": [[-51.796952, -17.993028], [-51.797043, -17.993324], [-51.79903, -17.996836], [-51.800443, -17.999389], [-51.801985, -18.002128], [-51.802208, -18.002471], [-51.802465, -18.002808], [-51.802723, -18.003099], [-51.803126, -18.003494], [-51.803616, -18.003874], [-51.80389, -18.004052], [-51.804539, -18.004442], [-51.809313, -18.007146], [-51.810056, -18.007594], [-51.81052, -18.007924], [-51.811107, -18.008406], [-51.825634, -18.021276], [-51.826476, -18.022062], [-51.826641, -18.02224], [-51.826925, -18.022609], [-51.827383, -18.023318], [-51.833333, -18.032936], [-51.833481, -18.033138], [-51.833628, -18.033416], [-51.834309, -18.034526], [-51.835831, -18.036964], [-51.83619, -18.037599], [-51.836403, -18.038053], [-51.83667, -18.038708], [-51.837092, -18.04019], [-51.837185, -18.04045], [-51.837499, -18.0417], [-51.83774, -18.042544], [-51.837895, -18.043174], [-51.842779, -18.060949], [-51.845705, -18.071749], [-51.846824, -18.075813], [-51.847185, -18.076935], [-51.847374, -18.077407], [-51.847607, -18.077881], [-51.847881, -18.078375], [-51.848395, -18.079123], [-51.848824, -18.079653], [-51.849204, -18.080061], [-51.859713, -18.09064], [-51.863211, -18.094184], [-51.863479, -18.09446], [-51.863678, -18.094691], [-51.863786, -18.094781], [-51.864969, -18.095938], [-51.871782, -18.102793], [-51.873958, -18.104955], [-51.875387, -18.106416], [-51.880719, -18.11178], [-51.882201, -18.11323], [-51.88392, -18.115017], [-51.886154, -18.117271], [-51.891368, -18.122523], [-51.894686, -18.125841], [-51.89519, -18.126319], [-51.896948, -18.128125], [-51.903386, -18.134597], [-51.903563, -18.134793], [-51.903878, -18.135203], [-51.904256, -18.135826], [-51.904446, -18.136224], [-51.904679, -18.136897], [-51.904785, -18.137338], [-51.904848, -18.137765], [-51.904932, -18.139112], [-51.90543, -18.148925], [-51.905494, -18.149528], [-51.905594, -18.150069], [-51.905664, -18.150364], [-51.905927, -18.151143], [-51.907122, -18.154229], [-51.912739, -18.168597], [-51.913841, -18.171462], [-51.918494, -18.183391], [-51.91876, -18.184081], [-51.919061, -18.184957], [-51.919464, -18.186398], [-51.925386, -18.208667], [-51.926053, -18.211131], [-51.928695, -18.221141], [-51.929184, -18.222887], [-51.931472, -18.231468], [-51.932956, -18.237114], [-51.935657, -18.247251], [-51.93618, -18.249168], [-51.936392, -18.250017], [-51.936541, -18.250716], [-51.936651, -18.251435], [-51.936694, -18.252008], [-51.936712, -18.253574], [-51.936624, -18.270729], [-51.936657, -18.271449], [-51.936787, -18.272372], [-51.936927, -18.272992], [-51.93726, -18.274108], [-51.941458, -18.2875], [-51.943166, -18.293031], [-51.943747, -18.294818], [-51.943861, -18.295111], [-51.944018, -18.295439], [-51.944344, -18.296018]]}, "properties": {"SNV": "060BGO0300", "fid": 90, "EXT_KM": 38.3, "GEOCOD": "060BGO0300", "TRECHO": "ENTR GO-467 - ENTR GO-306 (SERRANÓPOLIS)", "RODOVIA": "BR-060", "SITUACAO": "PLA"}}, {"type": "Feature", "geometry": {"crs": {"type": "name", "properties": {"name": "EPSG:4674"}}, "type": "LineString", "coordinates": [[-51.944344, -18.296018], [-51.944404, -18.296119], [-51.944914, -18.296723], [-51.945373, -18.297185], [-51.945712, -18.297462], [-51.946055, -18.297704], [-51.946469, -18.297966], [-51.946808, -18.298137], [-51.947455, -18.298422], [-51.96151, -18.304156], [-51.96253, -18.304709], [-51.964966, -18.306108], [-51.96946, -18.308727], [-51.969912, -18.309112], [-51.971896, -18.31136], [-51.973389, -18.312932], [-51.973922, -18.313394], [-51.974789, -18.313879], [-51.976075, -18.314347], [-51.980199, -18.315171], [-51.981163, -18.315493], [-51.981688, -18.315763], [-51.982416, -18.316197], [-51.983206, -18.316894], [-51.989021, -18.322376], [-51.99445, -18.327597], [-51.995697, -18.328734], [-51.996193, -18.329323], [-51.996844, -18.330392], [-51.997169, -18.331508], [-51.997711, -18.334685], [-51.998674, -18.340046], [-51.999757, -18.345827], [-52.000408, -18.349438], [-52.000509, -18.350301], [-52.000678, -18.350893], [-52.000795, -18.351701], [-52.00117, -18.352614], [-52.001861, -18.353657], [-52.00329, -18.355086], [-52.004391, -18.356241], [-52.004794, -18.356892], [-52.005099, -18.357478], [-52.008358, -18.369259], [-52.008993, -18.370405], [-52.009476, -18.370931], [-52.010326, -18.371723], [-52.018299, -18.376527], [-52.026892, -18.381734], [-52.027865, -18.38263], [-52.028256, -18.383191], [-52.028752, -18.384027], [-52.030135, -18.388594], [-52.030333, -18.389389], [-52.034176, -18.402624], [-52.034703, -18.404034], [-52.035214, -18.404824], [-52.03585, -18.405537], [-52.040904, -18.410112], [-52.044408, -18.413208], [-52.047112, -18.415652], [-52.056735, -18.424233], [-52.065015, -18.431667], [-52.067274, -18.433674], [-52.067586, -18.433958], [-52.0677, -18.434088]]}, "properties": {"SNV": "060BGO0310", "fid": 91, "EXT_KM": 21.3, "GEOCOD": "060BGO0310", "TRECHO": "ENTR GO-306 (SERRANÓPOLIS) - ENTR GO-206", "RODOVIA": "BR-060", "SITUACAO": "PLA"}}, {"type": "Feature", "geometry": {"crs": {"type": "name", "properties": {"name": "EPSG:4674"}}, "type": "LineString", "coordinates": [[-52.0677, -18.434088], [-52.068492, -18.434775], [-52.077325, -18.442651], [-52.080315, -18.445636], [-52.080964, -18.446695], [-52.082459, -18.450913], [-52.089386, -18.470046], [-52.092646, -18.479224], [-52.093674, -18.482746], [-52.09458, -18.50827], [-52.094622, -18.509006], [-52.09459, -18.509806], [-52.094533, -18.510485], [-52.094226, -18.511452], [-52.0936, -18.51268], [-52.091661, -18.516135], [-52.091514, -18.516662], [-52.092809, -18.520903]]}, "properties": {"SNV": "060BGO0320", "fid": 92, "EXT_KM": 10.7, "GEOCOD": "060BGO0320", "TRECHO": "ENTR GO-206 - ENTR BR-060/158/GO-184", "RODOVIA": "BR-060", "SITUACAO": "PLA"}}, {"type": "Feature", "geometry": {"crs": {"type": "name", "properties": {"name": "EPSG:4674"}}, "type": "LineString", "coordinates": [[-52.092809, -18.520903], [-52.093199, -18.521954], [-52.093391, -18.522298], [-52.093542, -18.522528], [-52.093764, -18.52282], [-52.09401, -18.523094], [-52.094279, -18.52335], [-52.109333, -18.536027], [-52.109785, -18.536359], [-52.110426, -18.536744], [-52.111018, -18.537029], [-52.111455, -18.537203], [-52.111812, -18.537323], [-52.167726, -18.553586], [-52.169004, -18.553921], [-52.169923, -18.554141], [-52.188511, -18.558489], [-52.189162, -18.558607], [-52.189915, -18.558688], [-52.196059, -18.559083], [-52.212498, -18.560271], [-52.213247, -18.560383], [-52.230943, -18.56354], [-52.244369, -18.565851], [-52.244648, -18.565903], [-52.245014, -18.565996], [-52.245544, -18.566191], [-52.245799, -18.566311], [-52.246125, -18.566494], [-52.246434, -18.566705], [-52.246723, -18.566938], [-52.292953, -18.608699], [-52.293319, -18.608986], [-52.293634, -18.609187], [-52.293881, -18.609321], [-52.2944, -18.609543], [-52.29476, -18.609654], [-52.295222, -18.609755], [-52.295692, -18.609806], [-52.296355, -18.609801], [-52.296824, -18.609739], [-52.297284, -18.609632], [-52.297646, -18.609526], [-52.314019, -18.604645], [-52.333395, -18.598938], [-52.334026, -18.598744], [-52.334821, -18.598449], [-52.335338, -18.598224], [-52.336091, -18.597844], [-52.362578, -18.583039], [-52.36321, -18.582641], [-52.363674, -18.582326], [-52.375916, -18.573644], [-52.376778, -18.573086], [-52.377269, -18.572811], [-52.377856, -18.572518], [-52.37846, -18.572256], [-52.379078, -18.572026], [-52.379617, -18.571855], [-52.380255, -18.571683], [-52.397698, -18.567822], [-52.398707, -18.567575], [-52.399341, -18.56739], [-52.399789, -18.567242], [-52.400583, -18.566947], [-52.401276, -18.566653], [-52.40187, -18.566373], [-52.408473, -18.563012], [-52.4088, -18.562829], [-52.409194, -18.562577], [-52.409571, -18.562303], [-52.409788, -18.562126], [-52.4102, -18.561757], [-52.410703, -18.561215], [-52.411095, -18.560706], [-52.411392, -18.560243], [-52.438992, -18.511612], [-52.439456, -18.510827], [-52.43996, -18.510059], [-52.459285, -18.482392], [-52.474915, -18.458254], [-52.47514, -18.457963], [-52.47539, -18.457695], [-52.475734, -18.457385], [-52.476033, -18.457161], [-52.494633, -18.445346], [-52.495128, -18.44508], [-52.495642, -18.44485], [-52.496084, -18.444688], [-52.49681, -18.444484], [-52.497273, -18.44439], [-52.49793, -18.444308], [-52.498403, -18.444282], [-52.499065, -18.444294], [-52.499536, -18.444336], [-52.52566, -18.447389], [-52.526511, -18.447423], [-52.527078, -18.447396], [-52.527361, -18.447367], [-52.527828, -18.447295], [-52.528473, -18.44715], [-52.558993, -18.438919], [-52.560102, -18.438684], [-52.583478, -18.434139], [-52.596661, -18.431635], [-52.597305, -18.431489], [-52.597842, -18.431313], [-52.59844, -18.431041], [-52.598794, -18.430832]]}, "properties": {"SNV": "060BGO0330", "fid": 93, "EXT_KM": 64.8, "GEOCOD": "060BGO0330", "TRECHO": "ENTR BR-060/158/GO-184 - ENTR GO-206/050 (ACESSO LESTE CHAPADÃO DO CÉU)", "RODOVIA": "BR-060", "SITUACAO": "PLA"}}, {"type": "Feature", "geometry": {"crs": {"type": "name", "properties": {"name": "EPSG:4674"}}, "type": "LineString", "coordinates": [[-50.130704, -15.959706], [-50.130719, -15.959668], [-50.130775, -15.959637], [-50.134806, -15.959061], [-50.135708, -15.958912], [-50.136156, -15.958813], [-50.136906, -15.958602], [-50.141146, -15.95731], [-50.141655, -15.957108], [-50.141814, -15.957026], [-50.142114, -15.95683], [-50.142389, -15.9566], [-50.142516, -15.956473], [-50.142854, -15.956079], [-50.145155, -15.953167], [-50.145699, -15.952513], [-50.146247, -15.951974], [-50.147261, -15.951062], [-50.148056, -15.950407], [-50.149302, -15.94932], [-50.149852, -15.948808], [-50.151095, -15.947508], [-50.151215, -15.947322], [-50.151288, -15.947126], [-50.151508, -15.946988], [-50.151657, -15.946865], [-50.153359, -15.945043], [-50.153798, -15.944619], [-50.154081, -15.944393], [-50.154509, -15.944095], [-50.158294, -15.941686], [-50.158774, -15.941401], [-50.160416, -15.940512], [-50.161065, -15.940136], [-50.16154, -15.939771], [-50.161863, -15.939468], [-50.162758, -15.938532], [-50.162865, -15.938402], [-50.16416, -15.937022], [-50.164683, -15.936434], [-50.164974, -15.93606], [-50.165138, -15.935816], [-50.165323, -15.935493], [-50.166857, -15.932465], [-50.167036, -15.932156], [-50.16724, -15.931864], [-50.167477, -15.931593], [-50.167932, -15.931164], [-50.16826, -15.930923], [-50.168644, -15.930701], [-50.174109, -15.927988], [-50.175427, -15.92735], [-50.176853, -15.92663], [-50.177759, -15.92623], [-50.178475, -15.925988], [-50.179258, -15.925802], [-50.180637, -15.925596], [-50.181505, -15.925513], [-50.182168, -15.925518], [-50.182784, -15.925574], [-50.186356, -15.926224], [-50.187079, -15.926319], [-50.187431, -15.92633], [-50.187942, -15.926317], [-50.189416, -15.926155], [-50.190426, -15.926015], [-50.191512, -15.925985], [-50.192763, -15.926064], [-50.196492, -15.926359], [-50.197232, -15.926438], [-50.19776, -15.926533], [-50.1981, -15.926619], [-50.198598, -15.926783], [-50.199084, -15.926987], [-50.199557, -15.927232], [-50.199863, -15.927411], [-50.202431, -15.928985], [-50.202864, -15.929197], [-50.203482, -15.92943], [-50.203978, -15.929556], [-50.204501, -15.929638], [-50.20521, -15.929703], [-50.206203, -15.929756], [-50.206542, -15.929748], [-50.206882, -15.9297], [-50.207051, -15.929663], [-50.207383, -15.929557], [-50.207858, -15.929325], [-50.208991, -15.928509], [-50.226234, -15.915818], [-50.228017, -15.914503], [-50.228361, -15.914232], [-50.228671, -15.913967], [-50.229041, -15.91359], [-50.229441, -15.913069], [-50.229802, -15.912501], [-50.230936, -15.91056], [-50.231336, -15.909952], [-50.231839, -15.909419], [-50.232281, -15.909032], [-50.233254, -15.908275], [-50.233386, -15.908196], [-50.234326, -15.907516], [-50.234797, -15.907223], [-50.235267, -15.906961], [-50.239039, -15.904976], [-50.23999, -15.904485], [-50.240361, -15.904371], [-50.240984, -15.904218], [-50.241631, -15.904123], [-50.24301, -15.903999], [-50.243307, -15.903991], [-50.246139, -15.903757], [-50.247961, -15.903593], [-50.248391, -15.903513], [-50.248814, -15.903399], [-50.249234, -15.903244], [-50.249528, -15.903102], [-50.249829, -15.902932], [-50.250113, -15.902743], [-50.250386, -15.902529], [-50.250635, -15.902303], [-50.253478, -15.899418], [-50.253911, -15.898942], [-50.254643, -15.898317], [-50.255551, -15.897676], [-50.26543, -15.891112], [-50.266147, -15.890653], [-50.266725, -15.890323], [-50.273851, -15.88659], [-50.276021, -15.885465], [-50.276362, -15.885321], [-50.276722, -15.885217], [-50.277096, -15.885159], [-50.277476, -15.885146], [-50.277666, -15.885156], [-50.278044, -15.885211], [-50.278607, -15.885345], [-50.298222, -15.890501], [-50.302878, -15.891743], [-50.303473, -15.891889], [-50.310597, -15.89379], [-50.311145, -15.893961], [-50.311689, -15.894172], [-50.312187, -15.894413], [-50.313981, -15.895354], [-50.314536, -15.895663], [-50.315382, -15.896102], [-50.315561, -15.896182], [-50.320388, -15.898781], [-50.320637, -15.898895], [-50.322962, -15.900153], [-50.323413, -15.90039], [-50.323573, -15.900459], [-50.324159, -15.900774], [-50.324454, -15.900909], [-50.324756, -15.90101], [-50.325064, -15.901079], [-50.325381, -15.901116], [-50.325873, -15.90112], [-50.326519, -15.901084], [-50.329288, -15.900811], [-50.331622, -15.90061], [-50.335654, -15.900232], [-50.336181, -15.90014], [-50.336868, -15.899969], [-50.342167, -15.898405], [-50.342675, -15.898276], [-50.343037, -15.898209], [-50.353247, -15.896897], [-50.358054, -15.896265], [-50.360648, -15.895905], [-50.370789, -15.894635], [-50.371308, -15.894579], [-50.371642, -15.894566], [-50.372158, -15.894589], [-50.373499, -15.894779], [-50.386265, -15.896731], [-50.387365, -15.896878], [-50.388, -15.896987], [-50.396266, -15.89826], [-50.401061, -15.898976], [-50.402626, -15.899196], [-50.403137, -15.899251], [-50.40367, -15.899263], [-50.40461, -15.899226], [-50.408029, -15.899039], [-50.408615, -15.899037], [-50.409179, -15.899084], [-50.409896, -15.899213], [-50.416965, -15.900939], [-50.417321, -15.90102], [-50.417693, -15.901082], [-50.418064, -15.901118], [-50.419173, -15.901177], [-50.426444, -15.901486], [-50.427128, -15.901482], [-50.427631, -15.90142], [-50.428108, -15.901287], [-50.432566, -15.899493], [-50.433974, -15.898907], [-50.435021, -15.89837], [-50.437496, -15.896968], [-50.437836, -15.896797], [-50.439705, -15.895748], [-50.440248, -15.895487], [-50.440535, -15.895378], [-50.440979, -15.89524], [-50.441433, -15.895129], [-50.44173, -15.895076], [-50.442408, -15.895012], [-50.443476, -15.894966]]}, "properties": {"SNV": "070BGO0180", "fid": 126, "EXT_KM": 37.4, "GEOCOD": "070BGO0180", "TRECHO": "ENTR GO-164 (CIDADE DE GOIÁS) - UVÁ", "RODOVIA": "BR-070", "SITUACAO": "PLA"}}, {"type": "Feature", "geometry": {"crs": {"type": "name", "properties": {"name": "EPSG:4674"}}, "type": "LineString", "coordinates": [[-51.742155, -17.844211], [-51.742809, -17.844884], [-51.743275, -17.845287], [-51.757674, -17.857562], [-51.758047, -17.857906], [-51.758335, -17.858189], [-51.758821, -17.858734], [-51.75928, -17.859349], [-51.759534, -17.859739], [-51.759945, -17.860486], [-51.760136, -17.860901], [-51.760298, -17.861302], [-51.760534, -17.862013], [-51.760682, -17.862601], [-51.760806, -17.863326], [-51.76087, -17.864085], [-51.760876, -17.864367], [-51.760855, -17.865067], [-51.760368, -17.87034], [-51.760307, -17.871215], [-51.760297, -17.871503], [-51.760317, -17.872446], [-51.760394, -17.873366], [-51.760568, -17.874439], [-51.761722, -17.880088], [-51.761793, -17.880582], [-51.761853, -17.881294], [-51.761935, -17.881744], [-51.762543, -17.884504], [-51.762629, -17.884824], [-51.76266, -17.885033], [-51.763038, -17.886904], [-51.763312, -17.888096], [-51.76339, -17.888639], [-51.763416, -17.889005], [-51.763496, -17.889314], [-51.763545, -17.889581], [-51.763608, -17.890232], [-51.763622, -17.890663], [-51.763595, -17.892378], [-51.763394, -17.894123], [-51.763245, -17.894918], [-51.763192, -17.895083], [-51.763043, -17.895785], [-51.762805, -17.896558], [-51.762132, -17.900685], [-51.762063, -17.901629], [-51.762011, -17.903386], [-51.762018, -17.904005], [-51.762041, -17.904351], [-51.76209, -17.904702], [-51.762209, -17.905235], [-51.762308, -17.90556], [-51.76258, -17.906229], [-51.763098, -17.907296], [-51.763413, -17.907858], [-51.764128, -17.90936], [-51.764593, -17.91041], [-51.76485, -17.911091], [-51.76619, -17.913985], [-51.766281, -17.914189], [-51.766407, -17.914559]]}, "properties": {"SNV": "060CGO2015", "fid": 100, "EXT_KM": 8.8, "GEOCOD": "060CGO2015", "TRECHO": "ANEL VIÁRIO OESTE JATAÍ - ENTR BR-060/158/364/GO-184 (ACESSO OESTE JATAÍ)", "RODOVIA": "BR-060", "SITUACAO": "DUP"}}, {"type": "Feature", "geometry": {"crs": {"type": "name", "properties": {"name": "EPSG:4674"}}, "type": "LineString", "coordinates": [[-49.269676, -16.587051], [-49.27899, -16.586782], [-49.28209, -16.586882], [-49.29109, -16.587682], [-49.29399, -16.587982], [-49.30979, -16.590282], [-49.31299, -16.590882], [-49.32229, -16.593282], [-49.32989, -16.596482], [-49.33359, -16.598082], [-49.33929, -16.601382], [-49.34979, -16.607882], [-49.35299, -16.610082], [-49.35489, -16.611682], [-49.35989, -16.616591]]}, "properties": {"SNV": "060NGO1015", "fid": 103, "EXT_KM": 13.5, "GEOCOD": "060NGO1015", "TRECHO": "ENTR GO-462 (ACESSO NORTE GOIÂNIA) - ENTR GO-070 (ACESSO NOROESTE GOIÂNIA)", "RODOVIA": "BR-060", "SITUACAO": "PLA"}}, {"type": "Feature", "geometry": {"crs": {"type": "name", "properties": {"name": "EPSG:4674"}}, "type": "LineString", "coordinates": [[-49.35989, -16.616591], [-49.36559, -16.622182], [-49.36719, -16.624482], [-49.36959, -16.629282], [-49.37099, -16.636882], [-49.37045, -16.658535]]}, "properties": {"SNV": "060NGO1020", "fid": 104, "EXT_KM": 6.3, "GEOCOD": "060NGO1020", "TRECHO": "ENTR GO-070 (ACESSO NOROESTE GOIÂNIA) - ENTR GO-050 (ACESSO OESTE GOIÂNIA)", "RODOVIA": "BR-060", "SITUACAO": "PLA"}}, {"type": "Feature", "geometry": {"crs": {"type": "name", "properties": {"name": "EPSG:4674"}}, "type": "LineString", "coordinates": [[-49.37045, -16.658535], [-49.36972, -16.675048], [-49.368598, -16.681467], [-49.357129, -16.712401]]}, "properties": {"SNV": "060NGO1025", "fid": 105, "EXT_KM": 6.2, "GEOCOD": "060NGO1025", "TRECHO": "ENTR GO-050 (ACESSO OESTE GOIÂNIA) - ENTR BR-060 (ACESSO SUDOESTE GOIÂNIA)", "RODOVIA": "BR-060", "SITUACAO": "PLA"}}, {"type": "Feature", "geometry": {"crs": {"type": "name", "properties": {"name": "EPSG:4674"}}, "type": "LineString", "coordinates": [[-50.443476, -15.894966], [-50.443887, -15.894937], [-50.444023, -15.894954], [-50.444459, -15.894945], [-50.445869, -15.894891], [-50.446599, -15.894885], [-50.447193, -15.894855], [-50.450592, -15.894755], [-50.450948, -15.894762], [-50.455636, -15.895012], [-50.456598, -15.89503], [-50.457308, -15.89496], [-50.457794, -15.894872], [-50.458403, -15.89471], [-50.458886, -15.894541], [-50.459492, -15.894249], [-50.460774, -15.893538], [-50.465112, -15.891054], [-50.467998, -15.889423], [-50.471951, -15.887151], [-50.474667, -15.885619], [-50.476029, -15.884829], [-50.47649, -15.884522], [-50.476777, -15.884304], [-50.482499, -15.87959], [-50.483043, -15.879194], [-50.483781, -15.878729], [-50.488996, -15.875916], [-50.49041, -15.875171], [-50.491096, -15.874838], [-50.491439, -15.8747], [-50.491788, -15.874586], [-50.49216, -15.874505], [-50.492912, -15.874394], [-50.493272, -15.874348], [-50.493628, -15.874332], [-50.494165, -15.874347], [-50.494527, -15.874376], [-50.495063, -15.874463], [-50.49559, -15.874588], [-50.495946, -15.874699], [-50.496661, -15.874986], [-50.503635, -15.878125], [-50.504417, -15.878454], [-50.505019, -15.878657], [-50.50563, -15.878805], [-50.506201, -15.878893], [-50.506588, -15.878919], [-50.506979, -15.878924], [-50.507567, -15.878886], [-50.507955, -15.878832], [-50.508529, -15.878709], [-50.508903, -15.8786], [-50.520762, -15.874733], [-50.521633, -15.874431], [-50.522296, -15.874151], [-50.522772, -15.87392], [-50.523238, -15.873667], [-50.527465, -15.871222], [-50.52791, -15.870921], [-50.528203, -15.870689], [-50.528481, -15.870442], [-50.52887, -15.870057], [-50.529227, -15.869642], [-50.529441, -15.869351], [-50.53607, -15.858706], [-50.536518, -15.858113], [-50.536759, -15.857841], [-50.53701, -15.857589], [-50.537534, -15.857137], [-50.538083, -15.856754], [-50.538805, -15.85634], [-50.543295, -15.853993], [-50.543904, -15.853689], [-50.549435, -15.850792], [-50.556826, -15.846956], [-50.561339, -15.844588], [-50.562611, -15.843945], [-50.563267, -15.843674], [-50.56428, -15.843337], [-50.565481, -15.842975], [-50.566388, -15.842731], [-50.570112, -15.841668], [-50.571032, -15.841385], [-50.571392, -15.841254], [-50.571909, -15.84103], [-50.572714, -15.840588], [-50.57301, -15.840395], [-50.573431, -15.84009], [-50.599626, -15.819511], [-50.600189, -15.819097], [-50.600797, -15.818736], [-50.601298, -15.81851], [-50.601626, -15.818385], [-50.602128, -15.818226], [-50.602532, -15.818126], [-50.603899, -15.817899], [-50.608914, -15.817114], [-50.613209, -15.816414], [-50.613277, -15.816397], [-50.61334, -15.816333]]}, "properties": {"SNV": "070BGO0190", "fid": 127, "EXT_KM": 20.8, "GEOCOD": "070BGO0190", "TRECHO": "UVÁ - ENTR GO-070/432 (ITAPIRAPUÃ)", "RODOVIA": "BR-070", "SITUACAO": "PLA"}}, {"type": "Feature", "geometry": {"crs": {"type": "name", "properties": {"name": "EPSG:4674"}}, "type": "LineString", "coordinates": [[-50.61334, -15.816333], [-50.613604, -15.816345], [-50.61379, -15.816321], [-50.619986, -15.81534], [-50.621466, -15.815116], [-50.621936, -15.815059], [-50.622567, -15.815033], [-50.623212, -15.81507], [-50.623864, -15.815173], [-50.624352, -15.815293], [-50.62512, -15.81557], [-50.626179, -15.81605], [-50.626345, -15.816107], [-50.626926, -15.816401], [-50.628493, -15.817119], [-50.62861, -15.817157], [-50.62879, -15.817261], [-50.629657, -15.817666], [-50.633449, -15.819416], [-50.634049, -15.819666], [-50.63468, -15.819904], [-50.635785, -15.820261], [-50.638003, -15.820867], [-50.639349, -15.821256], [-50.639572, -15.821345], [-50.640037, -15.821455], [-50.645774, -15.823063], [-50.647075, -15.823412], [-50.657873, -15.82644], [-50.658106, -15.826524], [-50.65835, -15.826572], [-50.662047, -15.827605], [-50.678252, -15.832157], [-50.708314, -15.840531], [-50.711108, -15.841328], [-50.712582, -15.841721], [-50.720602, -15.84395], [-50.721654, -15.844228], [-50.7231, -15.844666], [-50.724539, -15.845163], [-50.726309, -15.845868], [-50.729944, -15.847359], [-50.731222, -15.847909], [-50.74368, -15.853023], [-50.744898, -15.853459], [-50.745983, -15.853768], [-50.748899, -15.854526], [-50.765502, -15.858812], [-50.767423, -15.859342], [-50.768823, -15.859708], [-50.770984, -15.860234], [-50.784299, -15.863677], [-50.784944, -15.863837], [-50.785207, -15.863887], [-50.785945, -15.864099], [-50.794104, -15.866215], [-50.795487, -15.866559], [-50.804556, -15.868893], [-50.816551, -15.872008], [-50.817247, -15.872241], [-50.817891, -15.872514], [-50.825264, -15.87607], [-50.825824, -15.876297], [-50.826392, -15.876466], [-50.826965, -15.876577], [-50.827538, -15.876632], [-50.828115, -15.87663], [-50.828503, -15.876598], [-50.828898, -15.876544], [-50.837033, -15.874991], [-50.837319, -15.874907], [-50.837613, -15.874879], [-50.838495, -15.874708], [-50.839002, -15.874627], [-50.842702, -15.873903], [-50.842927, -15.873836], [-50.843359, -15.873774], [-50.848182, -15.872842], [-50.848962, -15.872712], [-50.849821, -15.872651]]}, "properties": {"SNV": "070BGO0210", "fid": 128, "EXT_KM": 26.4, "GEOCOD": "070BGO0210", "TRECHO": "ENTR GO-070/432 (ITAPIRAPUÃ) - ENTR GO-324", "RODOVIA": "BR-070", "SITUACAO": "PAV"}}, {"type": "Feature", "geometry": {"crs": {"type": "name", "properties": {"name": "EPSG:4674"}}, "type": "LineString", "coordinates": [[-50.489977, -15.263137], [-50.490943, -15.261867], [-50.494117, -15.257881], [-50.494621, -15.257293], [-50.494826, -15.257081], [-50.495525, -15.25642], [-50.501926, -15.250726], [-50.505902, -15.247153], [-50.506425, -15.246656], [-50.506576, -15.246458]]}, "properties": {"SNV": "251BGO0922", "fid": 264, "EXT_KM": 2.6, "GEOCOD": "251BGO0922", "TRECHO": "ENTR GO-164 - ENTR GO-449 (P/MATRINCHÃ)", "RODOVIA": "BR-251", "SITUACAO": "PLA"}}, {"type": "Feature", "geometry": {"crs": {"type": "name", "properties": {"name": "EPSG:4674"}}, "type": "LineString", "coordinates": [[-49.357129, -16.712401], [-49.356899, -16.712777], [-49.356741, -16.713087], [-49.356654, -16.71336], [-49.356615, -16.713659], [-49.356635, -16.713962], [-49.356694, -16.714267], [-49.35703, -16.715464], [-49.35707, -16.715733], [-49.357069, -16.715985], [-49.357048, -16.716062], [-49.357009, -16.716131], [-49.356768, -16.716318], [-49.356689, -16.716436], [-49.356675, -16.71658], [-49.356724, -16.71696], [-49.356709, -16.717149], [-49.356636, -16.717387], [-49.356349, -16.718097], [-49.356091, -16.718651], [-49.355861, -16.719071], [-49.353055, -16.723773], [-49.352925, -16.723961], [-49.352782, -16.724109], [-49.352621, -16.724215], [-49.352313, -16.724381], [-49.352215, -16.72451], [-49.352178, -16.724662], [-49.35223, -16.724969], [-49.352225, -16.725049], [-49.352159, -16.725221], [-49.351188, -16.72688], [-49.350437, -16.72859], [-49.350329, -16.728721], [-49.350044, -16.728886], [-49.349941, -16.729014], [-49.349909, -16.729087], [-49.349897, -16.729239], [-49.34996, -16.729486], [-49.349966, -16.729651], [-49.349825, -16.730044], [-49.34827, -16.733701], [-49.348175, -16.733871], [-49.348116, -16.733939], [-49.347844, -16.734123], [-49.347746, -16.734235], [-49.347707, -16.734379], [-49.347709, -16.734622], [-49.347691, -16.734795], [-49.34756, -16.73519], [-49.346276, -16.738179], [-49.346126, -16.73845], [-49.345904, -16.73872], [-49.345864, -16.73879], [-49.345827, -16.738943], [-49.345835, -16.739253], [-49.345759, -16.739508], [-49.344147, -16.743298], [-49.343963, -16.743651], [-49.343847, -16.743769], [-49.343723, -16.743864], [-49.34364, -16.743988], [-49.343624, -16.744133], [-49.343655, -16.744356], [-49.34362, -16.744525], [-49.342543, -16.747056], [-49.342282, -16.74761], [-49.342229, -16.747676], [-49.341981, -16.747872], [-49.34194, -16.747932], [-49.341906, -16.748068], [-49.341932, -16.748358], [-49.341903, -16.748516], [-49.341708, -16.749011], [-49.341088, -16.750453], [-49.340962, -16.750655], [-49.340884, -16.750745], [-49.340013, -16.751547], [-49.339857, -16.751644], [-49.339548, -16.751735], [-49.339433, -16.751817], [-49.339367, -16.751937], [-49.339309, -16.75213], [-49.339234, -16.75225], [-49.338342, -16.753114], [-49.337918, -16.753499], [-49.337767, -16.753677], [-49.337669, -16.753737], [-49.337422, -16.753711], [-49.337345, -16.753723], [-49.337283, -16.753756]]}, "properties": {"SNV": "060NGO1030", "fid": 106, "EXT_KM": 5.2, "GEOCOD": "060NGO1030", "TRECHO": "ENTR BR-060 (ACESSO SUDOESTE GOIÂNIA) - ENTR GO-040 (ACESSO SUDOESTE GOIÂNIA)", "RODOVIA": "BR-060", "SITUACAO": "DUP"}}, {"type": "Feature", "geometry": {"crs": {"type": "name", "properties": {"name": "EPSG:4674"}}, "type": "LineString", "coordinates": [[-49.337283, -16.753756], [-49.337232, -16.753814], [-49.337193, -16.753894], [-49.337168, -16.754149], [-49.337123, -16.754245], [-49.336113, -16.755222], [-49.334481, -16.756686], [-49.333848, -16.75728], [-49.333664, -16.7574], [-49.333386, -16.757486], [-49.333325, -16.757519], [-49.333276, -16.757566], [-49.333248, -16.757626], [-49.333161, -16.757884], [-49.332708, -16.758346], [-49.332387, -16.758615], [-49.331677, -16.759262], [-49.330666, -16.760216], [-49.329558, -16.761217], [-49.323573, -16.766722], [-49.323124, -16.767113], [-49.323054, -16.767157], [-49.32276, -16.767267], [-49.322699, -16.767318], [-49.322648, -16.767385], [-49.322537, -16.767621], [-49.322352, -16.767839], [-49.320356, -16.769674], [-49.320208, -16.769794], [-49.320041, -16.769877], [-49.31983, -16.769917], [-49.318277, -16.7701], [-49.317457, -16.770228], [-49.316351, -16.770336], [-49.314062, -16.7706], [-49.313767, -16.770596], [-49.313453, -16.770499], [-49.313303, -16.770504], [-49.313171, -16.770578], [-49.313049, -16.770686], [-49.312899, -16.770792], [-49.312568, -16.770927], [-49.309693, -16.771762], [-49.309511, -16.771771], [-49.309272, -16.771727], [-49.309122, -16.771743], [-49.309052, -16.771776], [-49.308792, -16.771995], [-49.308606, -16.772083], [-49.305155, -16.773092], [-49.30451, -16.773298], [-49.304152, -16.773472], [-49.302853, -16.774192], [-49.300998, -16.775188], [-49.30082, -16.775245], [-49.300577, -16.775251], [-49.300501, -16.775271], [-49.300368, -16.775363], [-49.300137, -16.775634], [-49.29997, -16.775751], [-49.298594, -16.7765], [-49.298377, -16.776599], [-49.298041, -16.776719], [-49.296587, -16.777128], [-49.295784, -16.777333], [-49.295268, -16.777496], [-49.291565, -16.778522], [-49.29137, -16.778545], [-49.290971, -16.778483], [-49.290862, -16.778491], [-49.290643, -16.778537], [-49.27786, -16.782086], [-49.27748, -16.782187], [-49.277291, -16.782212], [-49.276802, -16.782382], [-49.274865, -16.782938], [-49.271105, -16.783989], [-49.270243, -16.7842], [-49.269739, -16.784364], [-49.268143, -16.784793], [-49.267432, -16.784882], [-49.261331, -16.785336], [-49.252443, -16.786071], [-49.251701, -16.78612], [-49.251318, -16.786109], [-49.250524, -16.786198], [-49.249265, -16.786285], [-49.244111, -16.786697], [-49.24351, -16.786752], [-49.24321, -16.786798], [-49.241994, -16.787085], [-49.241296, -16.787211], [-49.237669, -16.787485], [-49.237546, -16.787513]]}, "properties": {"SNV": "060NGO1035", "fid": 107, "EXT_KM": 11.7, "GEOCOD": "060NGO1035", "TRECHO": "ENTR GO-040 (ACESSO SUDOESTE GOIÂNIA) - ENTR BR-060/153 (ACESSO SUL GOIÂNIA)", "RODOVIA": "BR-060", "SITUACAO": "DUP"}}, {"type": "Feature", "geometry": {"crs": {"type": "name", "properties": {"name": "EPSG:4674"}}, "type": "LineString", "coordinates": [[-48.232533, -15.783629], [-48.233162, -15.782943], [-48.233407, -15.782652], [-48.23366, -15.782297], [-48.233884, -15.781889], [-48.234061, -15.781457], [-48.234179, -15.781003], [-48.234243, -15.780537], [-48.234249, -15.780072], [-48.234211, -15.779717], [-48.234142, -15.779371], [-48.234052, -15.77905], [-48.233943, -15.778756], [-48.233649, -15.778087], [-48.230367, -15.771161], [-48.23009, -15.770443], [-48.229961, -15.769991], [-48.229897, -15.769688], [-48.229815, -15.769066], [-48.229796, -15.76875], [-48.229796, -15.76828], [-48.229815, -15.767972], [-48.229873, -15.76751], [-48.23, -15.766912], [-48.230228, -15.766215], [-48.230341, -15.765943], [-48.230527, -15.765561], [-48.230728, -15.765211], [-48.230947, -15.764876], [-48.231369, -15.764339], [-48.231657, -15.764029], [-48.23208, -15.763637], [-48.232408, -15.763377], [-48.232864, -15.763066], [-48.23323, -15.762853], [-48.233614, -15.76266], [-48.234147, -15.762442], [-48.23456, -15.762305], [-48.235682, -15.762042], [-48.249203, -15.759151], [-48.249681, -15.759032], [-48.250409, -15.758819], [-48.251293, -15.758518], [-48.252094, -15.7582], [-48.252906, -15.757816], [-48.253585, -15.757454], [-48.254221, -15.757072], [-48.254926, -15.756611], [-48.255684, -15.756045], [-48.256195, -15.755627], [-48.256849, -15.755029]]}, "properties": {"SNV": "070BGO0070", "fid": 112, "EXT_KM": 4, "GEOCOD": "070BGO0070", "TRECHO": "DIV DF/GO - ENTR GO-547 (ÁGUAS LINDAS DE GOIÁS)", "RODOVIA": "BR-070", "SITUACAO": "DUP"}}, {"type": "Feature", "geometry": {"crs": {"type": "name", "properties": {"name": "EPSG:4674"}}, "type": "LineString", "coordinates": [[-48.75061, -15.754426], [-48.754282, -15.758737], [-48.755224, -15.759881], [-48.755592, -15.760368], [-48.756045, -15.761012], [-48.756939, -15.762452], [-48.757473, -15.763386], [-48.758015, -15.764428], [-48.758711, -15.765677], [-48.768161, -15.782546], [-48.768555, -15.783288], [-48.768911, -15.784133], [-48.769307, -15.784933], [-48.769681, -15.785541], [-48.771143, -15.788202], [-48.77237, -15.790395], [-48.772651, -15.790851]]}, "properties": {"SNV": "070BGO0080", "fid": 115, "EXT_KM": 1.8, "GEOCOD": "070BGO0080", "TRECHO": "ENTR BR-070/414 (ACESSO NORTE COCALZINHO DE GOIÁS) - ENTR BR-070/414 (COCALZINHO DE GOIÁS)", "RODOVIA": "BR-070", "SITUACAO": "PAV"}}, {"type": "Feature", "geometry": {"crs": {"type": "name", "properties": {"name": "EPSG:4674"}}, "type": "LineString", "coordinates": [[-48.772651, -15.790851], [-48.77322, -15.790487], [-48.77475, -15.789698], [-48.77515, -15.789472], [-48.77631, -15.788864], [-48.776463, -15.788764], [-48.776857, -15.788578], [-48.777424, -15.788277], [-48.778001, -15.787998], [-48.778222, -15.787912], [-48.781914, -15.78685], [-48.783085, -15.78654], [-48.784149, -15.78622], [-48.786578, -15.785573], [-48.788925, -15.78487], [-48.789423, -15.78474], [-48.790337, -15.78447], [-48.791341, -15.784158], [-48.795194, -15.783014], [-48.796113, -15.78275], [-48.798765, -15.78203], [-48.799869, -15.78195], [-48.800187, -15.781911], [-48.800703, -15.781792], [-48.801026, -15.781694], [-48.801185, -15.781626], [-48.802331, -15.781548], [-48.8056, -15.781468], [-48.80669, -15.781423], [-48.808172, -15.781387], [-48.808869, -15.781348], [-48.809477, -15.781355], [-48.810393, -15.781339], [-48.810791, -15.781356], [-48.812439, -15.781277], [-48.813101, -15.781296], [-48.813623, -15.781286], [-48.814248, -15.781247], [-48.81498, -15.78124], [-48.815113, -15.781214], [-48.815178, -15.781222], [-48.815575, -15.781197], [-48.815835, -15.78121], [-48.816062, -15.781185], [-48.816451, -15.781075], [-48.816633, -15.78105], [-48.81691, -15.781114], [-48.817058, -15.781132], [-48.817922, -15.781145], [-48.818319, -15.781113], [-48.819327, -15.781092], [-48.820094, -15.781049], [-48.821233, -15.781057], [-48.821882, -15.781016], [-48.822544, -15.781019], [-48.8236, -15.780959], [-48.825203, -15.780928], [-48.825536, -15.780906], [-48.826303, -15.780912], [-48.82727, -15.780887], [-48.828006, -15.780889], [-48.828379, -15.780854], [-48.828764, -15.780743], [-48.82896, -15.780753], [-48.829222, -15.780798], [-48.829673, -15.780812], [-48.830943, -15.780735], [-48.832818, -15.780709], [-48.834274, -15.780668], [-48.835067, -15.780612], [-48.835685, -15.780621], [-48.836152, -15.780593], [-48.83744, -15.780571], [-48.837756, -15.780574], [-48.837989, -15.780599], [-48.838114, -15.780551], [-48.838314, -15.780538], [-48.839362, -15.780525], [-48.839498, -15.780542], [-48.842267, -15.780434], [-48.843303, -15.780434], [-48.845112, -15.780344], [-48.845814, -15.780335], [-48.847869, -15.780253], [-48.848986, -15.780246], [-48.849606, -15.780212], [-48.850135, -15.78021], [-48.850422, -15.780168], [-48.850905, -15.780192], [-48.851372, -15.780157], [-48.852769, -15.780121], [-48.853445, -15.78008], [-48.853678, -15.780128], [-48.853933, -15.780074], [-48.85427, -15.780051], [-48.854449, -15.780079], [-48.854594, -15.78005], [-48.854974, -15.780024], [-48.855355, -15.780028], [-48.856657, -15.779985], [-48.857279, -15.779979], [-48.858355, -15.780183], [-48.859086, -15.780433], [-48.859393, -15.780581], [-48.859592, -15.7807], [-48.860414, -15.781315], [-48.860527, -15.781425], [-48.861138, -15.782117], [-48.862871, -15.784445], [-48.863274, -15.784915], [-48.863529, -15.785159], [-48.86372, -15.7853], [-48.864083, -15.785606], [-48.864901, -15.786169], [-48.865381, -15.786478], [-48.86611, -15.786904], [-48.866301, -15.786978], [-48.866812, -15.787129], [-48.866967, -15.787166], [-48.867172, -15.787183], [-48.867673, -15.787303], [-48.867926, -15.787324], [-48.869022, -15.78758], [-48.869175, -15.787609], [-48.86944, -15.787631], [-48.869833, -15.787747], [-48.870238, -15.787802], [-48.870974, -15.787959], [-48.871046, -15.787993], [-48.871095, -15.788045], [-48.871205, -15.788314], [-48.871291, -15.788443], [-48.871348, -15.788497], [-48.871416, -15.788531], [-48.871506, -15.788527], [-48.871791, -15.78842], [-48.871945, -15.788406], [-48.872044, -15.788367], [-48.872277, -15.788331], [-48.872495, -15.788266], [-48.872658, -15.788276], [-48.873501, -15.788412], [-48.874796, -15.788675], [-48.874897, -15.788679], [-48.875453, -15.788769], [-48.875738, -15.788875], [-48.876124, -15.788984], [-48.876619, -15.789096], [-48.877146, -15.789207], [-48.877934, -15.789322], [-48.878513, -15.789458], [-48.878878, -15.789519], [-48.879149, -15.789589], [-48.880003, -15.789758], [-48.880359, -15.789852], [-48.881196, -15.790027], [-48.881507, -15.790106], [-48.881861, -15.790164], [-48.881995, -15.790204], [-48.882246, -15.790367], [-48.882354, -15.790417], [-48.88245, -15.790425], [-48.882712, -15.790314], [-48.882836, -15.790298], [-48.883044, -15.790396], [-48.883348, -15.790474], [-48.886294, -15.791109], [-48.886649, -15.791174], [-48.887104, -15.791294], [-48.888145, -15.791507], [-48.889238, -15.79176], [-48.889451, -15.791795], [-48.890837, -15.791914], [-48.892119, -15.792003], [-48.893044, -15.792094], [-48.893577, -15.792095], [-48.894254, -15.79215], [-48.894657, -15.792164], [-48.895239, -15.792147], [-48.895767, -15.792171], [-48.89603, -15.792198], [-48.896512, -15.792172], [-48.897484, -15.792059], [-48.897735, -15.792059], [-48.897949, -15.792025], [-48.898101, -15.792033], [-48.898595, -15.792005], [-48.899239, -15.791936], [-48.899414, -15.791935], [-48.900214, -15.791788], [-48.900484, -15.791753], [-48.900841, -15.791749], [-48.901179, -15.791785], [-48.901368, -15.79182], [-48.901515, -15.791821], [-48.901786, -15.791871], [-48.903188, -15.791871], [-48.9033, -15.79189], [-48.903523, -15.791897], [-48.903922, -15.791948], [-48.904417, -15.792088], [-48.904867, -15.792163], [-48.905273, -15.79214], [-48.905547, -15.792098], [-48.905774, -15.792045], [-48.906395, -15.79181], [-48.907007, -15.791619], [-48.907343, -15.791485], [-48.907431, -15.791427], [-48.907598, -15.791229], [-48.907695, -15.791175], [-48.90781, -15.791147], [-48.907856, -15.791115], [-48.907903, -15.790974], [-48.908001, -15.790777], [-48.908053, -15.790734], [-48.908125, -15.790708], [-48.908215, -15.790735], [-48.908295, -15.790877], [-48.908409, -15.790967], [-48.908518, -15.791012], [-48.908704, -15.791035], [-48.908779, -15.79102], [-48.908953, -15.790943], [-48.90974, -15.790677], [-48.909993, -15.790568], [-48.910478, -15.790402], [-48.910759, -15.790356], [-48.910979, -15.790413], [-48.911143, -15.790476], [-48.911535, -15.790719], [-48.91185, -15.790861], [-48.912001, -15.790891], [-48.912231, -15.790971], [-48.912479, -15.791019], [-48.912707, -15.791098], [-48.912793, -15.7911], [-48.913029, -15.79105], [-48.913261, -15.790959], [-48.913515, -15.790803], [-48.914, -15.790479], [-48.914197, -15.790305], [-48.914312, -15.790138], [-48.914475, -15.789801], [-48.914785, -15.789036], [-48.914834, -15.788979], [-48.914944, -15.788918], [-48.915651, -15.788696], [-48.91611, -15.788534], [-48.916478, -15.788428], [-48.916645, -15.788399], [-48.916932, -15.788267], [-48.917418, -15.788154], [-48.91779, -15.788115], [-48.917963, -15.788046], [-48.918167, -15.787886], [-48.919021, -15.787602], [-48.919255, -15.78749], [-48.919971, -15.787229], [-48.920271, -15.787089], [-48.920676, -15.786942], [-48.921048, -15.786768], [-48.921441, -15.786635], [-48.921785, -15.786492], [-48.921913, -15.786463], [-48.922145, -15.78635], [-48.922604, -15.786158], [-48.924167, -15.785557], [-48.925232, -15.785286], [-48.925533, -15.785233], [-48.926017, -15.785109], [-48.926458, -15.78503], [-48.92674, -15.784926], [-48.928096, -15.78462], [-48.928632, -15.784451], [-48.929238, -15.784326], [-48.929465, -15.784255], [-48.930815, -15.783927], [-48.931107, -15.783827], [-48.931325, -15.783802], [-48.931963, -15.783632], [-48.93224, -15.783578], [-48.93268, -15.783448], [-48.932969, -15.783396], [-48.933605, -15.783224], [-48.934612, -15.78299], [-48.934844, -15.782902], [-48.935177, -15.782725], [-48.935516, -15.782483], [-48.935799, -15.782229], [-48.936025, -15.781933], [-48.936121, -15.781758], [-48.936269, -15.781406], [-48.936407, -15.78099], [-48.936594, -15.78057], [-48.936737, -15.780114], [-48.936882, -15.779753], [-48.93708, -15.779382], [-48.937296, -15.77915], [-48.937446, -15.778951], [-48.937588, -15.778822], [-48.937717, -15.778755], [-48.93805, -15.778531], [-48.938517, -15.778274], [-48.938728, -15.778117], [-48.939237, -15.777885], [-48.939359, -15.777858], [-48.939735, -15.777873], [-48.940092, -15.777987], [-48.940624, -15.778234], [-48.940951, -15.778433], [-48.941297, -15.778681], [-48.941694, -15.779047], [-48.941818, -15.779174], [-48.942082, -15.779512], [-48.942288, -15.779745], [-48.942396, -15.779906], [-48.942441, -15.780012], [-48.942493, -15.780269], [-48.942503, -15.780485], [-48.94243, -15.781089], [-48.942316, -15.781743], [-48.942304, -15.78197], [-48.942328, -15.782253], [-48.942432, -15.782497], [-48.942669, -15.782759], [-48.942852, -15.782865], [-48.94312, -15.782949], [-48.944181, -15.783097], [-48.944272, -15.783123], [-48.944518, -15.783133], [-48.94477, -15.783182], [-48.94493, -15.783183], [-48.946302, -15.783394], [-48.946989, -15.783391], [-48.9472, -15.783373], [-48.947593, -15.783307], [-48.94883, -15.78302], [-48.949231, -15.782912], [-48.949832, -15.782705], [-48.950444, -15.782566], [-48.951007, -15.782412], [-48.951184, -15.782349], [-48.95179, -15.782194], [-48.953185, -15.781972], [-48.953912, -15.781889], [-48.954337, -15.781788], [-48.954599, -15.781776], [-48.955298, -15.781695], [-48.955759, -15.781602], [-48.956145, -15.781597], [-48.956395, -15.781548], [-48.957823, -15.781369], [-48.958294, -15.781283], [-48.958669, -15.781246], [-48.959834, -15.781082], [-48.960523, -15.781018], [-48.961911, -15.780853], [-48.962729, -15.78079], [-48.964262, -15.780628], [-48.964458, -15.780631], [-48.964827, -15.78069], [-48.966114, -15.780488], [-48.966666, -15.780355], [-48.968089, -15.779938], [-48.968329, -15.779847], [-48.968479, -15.77982], [-48.968694, -15.779744], [-48.968892, -15.779706], [-48.969243, -15.779569], [-48.97041, -15.779207], [-48.9705, -15.779192], [-48.970954, -15.779204], [-48.971142, -15.779115], [-48.971299, -15.778959], [-48.971393, -15.778901], [-48.971491, -15.778864], [-48.971765, -15.778805], [-48.972078, -15.778707], [-48.97236, -15.778593], [-48.972772, -15.778493], [-48.973154, -15.778356], [-48.973728, -15.778191], [-48.973948, -15.778106], [-48.97441, -15.777966], [-48.974609, -15.777921], [-48.974682, -15.777881], [-48.974992, -15.777811], [-48.975436, -15.777666], [-48.975605, -15.777631], [-48.978258, -15.776761], [-48.978442, -15.776723], [-48.978661, -15.776655], [-48.979009, -15.77661], [-48.979174, -15.776539], [-48.979372, -15.776429], [-48.979661, -15.776318], [-48.981045, -15.77587], [-48.981742, -15.775625], [-48.982608, -15.775354], [-48.983609, -15.77507], [-48.984079, -15.774989], [-49.020749, -15.774243], [-49.027235, -15.774394], [-49.045682, -15.780628], [-49.047177, -15.781023], [-49.048646, -15.780311]]}, "properties": {"SNV": "070BGO0085", "fid": 116, "EXT_KM": 31.5, "GEOCOD": "070BGO0085", "TRECHO": "ENTR BR-070/414 (COCALZINHO DE GOIÁS) - ENTR GO-338", "RODOVIA": "BR-070", "SITUACAO": "LEN"}}, {"type": "Feature", "geometry": {"crs": {"type": "name", "properties": {"name": "EPSG:4674"}}, "type": "LineString", "coordinates": [[-49.048646, -15.780311], [-49.04871, -15.78041], [-49.049349, -15.780815], [-49.049453, -15.780923], [-49.049515, -15.781056], [-49.049536, -15.781182], [-49.04951, -15.781638], [-49.049518, -15.781855], [-49.04954, -15.781989], [-49.049602, -15.782071], [-49.049776, -15.782153], [-49.051965, -15.782889], [-49.052469, -15.783098], [-49.053103, -15.78331], [-49.05396, -15.783626], [-49.055609, -15.784143], [-49.056606, -15.784479], [-49.058496, -15.785134], [-49.058756, -15.785209], [-49.058885, -15.785271], [-49.060415, -15.785804], [-49.065692, -15.787578], [-49.069708, -15.788992], [-49.071361, -15.789616], [-49.071568, -15.789682], [-49.071922, -15.789751], [-49.072007, -15.789795], [-49.072233, -15.789974], [-49.072471, -15.7901], [-49.074141, -15.790768], [-49.074485, -15.790924], [-49.075121, -15.791143], [-49.076369, -15.791658], [-49.076847, -15.791877], [-49.077236, -15.792023], [-49.07772, -15.792169], [-49.078304, -15.792322], [-49.078909, -15.792463], [-49.079627, -15.792604], [-49.08008, -15.79272], [-49.080301, -15.792817], [-49.0804, -15.792935], [-49.08043, -15.793051], [-49.080433, -15.79335], [-49.080459, -15.793439], [-49.080525, -15.793543], [-49.080634, -15.793609], [-49.08081, -15.793663], [-49.081045, -15.79378], [-49.081265, -15.793813], [-49.081456, -15.793799], [-49.081574, -15.793762], [-49.081966, -15.793592], [-49.082376, -15.793457], [-49.082581, -15.793418], [-49.082718, -15.793414], [-49.082986, -15.793441], [-49.083871, -15.793587], [-49.084823, -15.793807], [-49.086017, -15.794109], [-49.086255, -15.794114], [-49.0867, -15.794002], [-49.086961, -15.793971], [-49.087161, -15.793986], [-49.087748, -15.794091], [-49.087879, -15.794165], [-49.087951, -15.794288], [-49.087994, -15.79441], [-49.087987, -15.794721], [-49.088044, -15.79487], [-49.088357, -15.795179], [-49.088841, -15.795457], [-49.08945, -15.795727], [-49.090458, -15.796231], [-49.091517, -15.79673], [-49.093798, -15.797863], [-49.096397, -15.799115], [-49.098598, -15.800202], [-49.099098, -15.800475], [-49.099734, -15.800914], [-49.103571, -15.803777], [-49.105911, -15.805473], [-49.10627, -15.805759], [-49.10771, -15.806835], [-49.108418, -15.807316], [-49.108907, -15.807704], [-49.109418, -15.808075], [-49.110224, -15.808695], [-49.110451, -15.808849], [-49.111099, -15.809375], [-49.111311, -15.809564], [-49.111577, -15.809832], [-49.111884, -15.810201], [-49.112239, -15.810699], [-49.113666, -15.812788], [-49.114688, -15.814328], [-49.115823, -15.815918], [-49.117451, -15.818321], [-49.117867, -15.818904], [-49.118281, -15.81955], [-49.118599, -15.820086], [-49.118778, -15.820313], [-49.118824, -15.82035], [-49.119106, -15.820743], [-49.120813, -15.823267], [-49.121557, -15.824328], [-49.122603, -15.825883], [-49.123385, -15.826996], [-49.123871, -15.827622], [-49.124188, -15.827933], [-49.124363, -15.828055], [-49.124543, -15.828149], [-49.12472, -15.828225], [-49.124913, -15.828284], [-49.125416, -15.828378], [-49.126334, -15.828444], [-49.128904, -15.828529], [-49.129727, -15.828551], [-49.129777, -15.828541], [-49.134011, -15.828692], [-49.13537, -15.828703], [-49.136566, -15.828754], [-49.136746, -15.828774], [-49.138902, -15.828846], [-49.139316, -15.828873], [-49.142366, -15.828951], [-49.142867, -15.828943], [-49.143123, -15.828968], [-49.143837, -15.82899], [-49.144919, -15.829007], [-49.14839, -15.829111], [-49.149064, -15.829113], [-49.14992, -15.829146], [-49.151611, -15.82918], [-49.15235, -15.829206], [-49.152642, -15.829232], [-49.153496, -15.829233], [-49.156852, -15.829303], [-49.158656, -15.829381], [-49.160619, -15.82942], [-49.163005, -15.829509], [-49.163756, -15.829503], [-49.164201, -15.82945], [-49.164759, -15.829312], [-49.165289, -15.829082], [-49.166668, -15.828372], [-49.167758, -15.827837], [-49.168664, -15.827358], [-49.170065, -15.826651], [-49.173637, -15.824954], [-49.17467, -15.824421], [-49.177371, -15.823088], [-49.178086, -15.822714], [-49.178919, -15.822238], [-49.179768, -15.821898], [-49.180366, -15.821632], [-49.184183, -15.819731], [-49.185155, -15.819287], [-49.185372, -15.819174], [-49.185641, -15.819006], [-49.187234, -15.818236], [-49.187595, -15.818084], [-49.187872, -15.817987], [-49.188265, -15.817881], [-49.188682, -15.817797], [-49.189129, -15.817732], [-49.189476, -15.817705], [-49.189894, -15.817694], [-49.190198, -15.817707], [-49.190819, -15.817765], [-49.191315, -15.817867], [-49.191804, -15.818016], [-49.192601, -15.81833], [-49.193016, -15.818529], [-49.193333, -15.818705], [-49.197724, -15.821406], [-49.198342, -15.821755], [-49.198772, -15.821943], [-49.199332, -15.822143], [-49.199954, -15.82228], [-49.200599, -15.822358], [-49.20137, -15.822366], [-49.201717, -15.822327], [-49.202339, -15.822223], [-49.204064, -15.821884], [-49.205689, -15.821541], [-49.206889, -15.821329], [-49.207531, -15.821173], [-49.209196, -15.820813], [-49.21045, -15.820555], [-49.211011, -15.820462], [-49.211376, -15.820371], [-49.214129, -15.819798], [-49.215634, -15.819507], [-49.216268, -15.819429], [-49.216668, -15.819414], [-49.217169, -15.819432], [-49.21767, -15.819505], [-49.218343, -15.81967], [-49.21928, -15.820003], [-49.22217, -15.821112], [-49.226815, -15.82286], [-49.227367, -15.823083], [-49.227838, -15.823236], [-49.230886, -15.824389], [-49.231454, -15.824618], [-49.232203, -15.824962], [-49.232535, -15.825146], [-49.232954, -15.825408], [-49.233657, -15.825929], [-49.236131, -15.82803], [-49.237522, -15.82924], [-49.238408, -15.829932], [-49.238966, -15.830303], [-49.239634, -15.830666], [-49.24016, -15.830901], [-49.240865, -15.831132], [-49.241257, -15.831235], [-49.241663, -15.831315], [-49.242079, -15.831374], [-49.242501, -15.831411], [-49.243344, -15.831425], [-49.243757, -15.831403], [-49.244147, -15.831357], [-49.245224, -15.831139], [-49.247982, -15.830427], [-49.248769, -15.830245], [-49.251563, -15.829535], [-49.252199, -15.829426], [-49.252698, -15.82938], [-49.253084, -15.829369], [-49.253568, -15.829406], [-49.254512, -15.829562], [-49.255163, -15.829784], [-49.259502, -15.831682], [-49.264235, -15.833724], [-49.265388, -15.83419], [-49.266039, -15.834402], [-49.266916, -15.834634], [-49.267907, -15.834874], [-49.270637, -15.835508], [-49.273743, -15.836254], [-49.274269, -15.836367], [-49.274453, -15.83638], [-49.274541, -15.836355], [-49.274607, -15.836289], [-49.274764, -15.836046], [-49.274863, -15.835952], [-49.275373, -15.835738]]}, "properties": {"SNV": "070BGO0090", "fid": 117, "EXT_KM": 30.2, "GEOCOD": "070BGO0090", "TRECHO": "ENTR GO-338 - ENTR BR-070/153", "RODOVIA": "BR-070", "SITUACAO": "LEN"}}, {"type": "Feature", "geometry": {"crs": {"type": "name", "properties": {"name": "EPSG:4674"}}, "type": "LineString", "coordinates": [[-49.275373, -15.835738], [-49.275508, -15.835734], [-49.275623, -15.835768], [-49.27572, -15.835831], [-49.2758, -15.835938], [-49.275878, -15.836121], [-49.276144, -15.836592], [-49.276273, -15.836732], [-49.27648, -15.836831], [-49.277052, -15.836996], [-49.277557, -15.83718], [-49.2785, -15.837377], [-49.279255, -15.837576], [-49.284139, -15.838732], [-49.287495, -15.839546], [-49.288388, -15.839737], [-49.289156, -15.839845], [-49.289753, -15.839884], [-49.290193, -15.839893], [-49.290667, -15.839871], [-49.291303, -15.839815], [-49.301776, -15.838659], [-49.306737, -15.838129], [-49.313704, -15.837348], [-49.314782, -15.837251], [-49.315693, -15.837262], [-49.316238, -15.837306], [-49.316774, -15.83739], [-49.317299, -15.837506], [-49.317813, -15.837651], [-49.322073, -15.839177], [-49.323028, -15.839533], [-49.323939, -15.839945], [-49.324527, -15.840246], [-49.324958, -15.840486], [-49.325661, -15.840915], [-49.327484, -15.842111], [-49.328077, -15.842457], [-49.328552, -15.842672], [-49.329052, -15.842841], [-49.329573, -15.842971], [-49.330114, -15.843057], [-49.330486, -15.843089], [-49.330858, -15.843096], [-49.332493, -15.843016], [-49.333703, -15.842933], [-49.334231, -15.842962], [-49.33514, -15.842943], [-49.336117, -15.842871], [-49.336596, -15.842801], [-49.344183, -15.842451], [-49.344877, -15.842397], [-49.345829, -15.842384], [-49.346619, -15.842317], [-49.346725, -15.842327], [-49.347604, -15.842294], [-49.349927, -15.842173], [-49.354386, -15.841966], [-49.354938, -15.841953], [-49.356338, -15.842003], [-49.357112, -15.842063], [-49.357105, -15.842127], [-49.357118, -15.84216], [-49.357271, -15.842304], [-49.3575, -15.842441], [-49.357618, -15.842493], [-49.358071, -15.842568], [-49.358323, -15.842587], [-49.358548, -15.842577], [-49.358892, -15.842651], [-49.359095, -15.842715], [-49.360173, -15.843153], [-49.360303, -15.843188], [-49.360492, -15.843193], [-49.360783, -15.843087], [-49.360961, -15.843066], [-49.361306, -15.843113], [-49.361647, -15.843124], [-49.361996, -15.843218], [-49.362147, -15.843237], [-49.362566, -15.843394], [-49.363704, -15.843908], [-49.364403, -15.844261], [-49.365415, -15.844815], [-49.366431, -15.845405], [-49.37667, -15.851209], [-49.377141, -15.851522], [-49.377851, -15.85194], [-49.380508, -15.853437], [-49.38057, -15.853487], [-49.381006, -15.853709], [-49.381716, -15.85414], [-49.382152, -15.854383], [-49.382423, -15.85456], [-49.383417, -15.855135], [-49.383694, -15.855269], [-49.386421, -15.85683], [-49.387133, -15.85726], [-49.387442, -15.857416], [-49.387786, -15.857634], [-49.38791, -15.857682], [-49.388237, -15.857738], [-49.388343, -15.857778], [-49.388586, -15.857909], [-49.388652, -15.857961], [-49.388671, -15.858002], [-49.388738, -15.858421], [-49.388891, -15.858779], [-49.388924, -15.858989], [-49.388991, -15.859076], [-49.38906, -15.859082], [-49.389139, -15.859029], [-49.389192, -15.858901], [-49.389181, -15.858766], [-49.389226, -15.858712], [-49.389345, -15.858692], [-49.389604, -15.858705], [-49.389712, -15.858669], [-49.389922, -15.858562], [-49.389995, -15.858548], [-49.390086, -15.858562], [-49.390164, -15.858616], [-49.390217, -15.85868], [-49.390398, -15.859046], [-49.390494, -15.859154], [-49.390639, -15.859256], [-49.391082, -15.859471], [-49.391467, -15.859698], [-49.391941, -15.85994], [-49.392209, -15.860109], [-49.39347, -15.860817], [-49.394785, -15.861585], [-49.395164, -15.861776], [-49.395321, -15.86188], [-49.395461, -15.862], [-49.396246, -15.862459], [-49.397133, -15.862941], [-49.397804, -15.86334], [-49.399786, -15.864472], [-49.400188, -15.864693], [-49.400584, -15.864885], [-49.403582, -15.866606], [-49.404375, -15.867034], [-49.405058, -15.867354], [-49.405639, -15.867596], [-49.407938, -15.868465], [-49.408531, -15.868704], [-49.408838, -15.868783], [-49.40913, -15.868883], [-49.412822, -15.870251], [-49.413541, -15.870505], [-49.413865, -15.870513], [-49.414016, -15.87054], [-49.41514, -15.870882], [-49.415823, -15.871229], [-49.416036, -15.871392], [-49.416171, -15.871472], [-49.417207, -15.871869], [-49.417496, -15.872006], [-49.418004, -15.872294], [-49.418515, -15.872623], [-49.418965, -15.872957], [-49.419341, -15.873267], [-49.420122, -15.874014], [-49.421498, -15.875391], [-49.424041, -15.877895], [-49.424478, -15.878257], [-49.425055, -15.878657], [-49.425616, -15.878982], [-49.426162, -15.879225], [-49.426943, -15.879513], [-49.428848, -15.880158], [-49.429324, -15.880304], [-49.429379, -15.880331], [-49.429592, -15.880506], [-49.429754, -15.880603], [-49.430734, -15.880969], [-49.431728, -15.881306], [-49.432399, -15.881507], [-49.433447, -15.881849], [-49.433537, -15.881841], [-49.433672, -15.881762], [-49.434065, -15.881867], [-49.434478, -15.881947], [-49.435284, -15.882046], [-49.436094, -15.882087], [-49.437184, -15.882081], [-49.437894, -15.882098], [-49.441639, -15.882121], [-49.442391, -15.882178], [-49.443249, -15.882328], [-49.443878, -15.882499], [-49.444427, -15.88269], [-49.451772, -15.885708], [-49.452801, -15.886068], [-49.453404, -15.88624], [-49.454295, -15.886458], [-49.457459, -15.887176], [-49.457988, -15.887284], [-49.458609, -15.887468], [-49.459413, -15.887662], [-49.460521, -15.887887], [-49.461046, -15.888008], [-49.461358, -15.888099], [-49.461754, -15.888155], [-49.4625, -15.88836], [-49.463138, -15.888437], [-49.465713, -15.888622], [-49.466071, -15.888684], [-49.470274, -15.889017], [-49.472136, -15.889199], [-49.473397, -15.889256], [-49.47366, -15.889289], [-49.474139, -15.88938], [-49.474742, -15.889372], [-49.475411, -15.889442], [-49.475624, -15.889483], [-49.476134, -15.889508], [-49.476747, -15.889575], [-49.47701, -15.889581], [-49.477963, -15.889715], [-49.478855, -15.889799], [-49.47966, -15.889846], [-49.480748, -15.889949], [-49.481078, -15.889996], [-49.481545, -15.890104], [-49.491536, -15.893068], [-49.49213, -15.893261], [-49.492947, -15.893557], [-49.497051, -15.895153], [-49.497342, -15.895249], [-49.497786, -15.895369], [-49.49839, -15.895481], [-49.499006, -15.895532], [-49.499618, -15.895527], [-49.500231, -15.89547], [-49.500818, -15.895358], [-49.502009, -15.895027], [-49.510989, -15.892406], [-49.512007, -15.892116], [-49.512406, -15.892025], [-49.512671, -15.89198], [-49.513071, -15.891938], [-49.513774, -15.891919], [-49.514063, -15.891935], [-49.514494, -15.891985], [-49.515064, -15.892095], [-49.515499, -15.892216], [-49.516089, -15.892432], [-49.517159, -15.8929], [-49.51762, -15.893138], [-49.522676, -15.896271], [-49.523191, -15.896573], [-49.52362, -15.896866], [-49.524762, -15.897577], [-49.525189, -15.897893], [-49.525919, -15.8983], [-49.526182, -15.898424], [-49.527021, -15.898956], [-49.527646, -15.899301], [-49.528316, -15.899621], [-49.529298, -15.900031], [-49.532432, -15.90126], [-49.533286, -15.901546], [-49.533837, -15.901694], [-49.534527, -15.901813], [-49.535083, -15.90188], [-49.536936, -15.90205], [-49.53752, -15.902125], [-49.538119, -15.902224], [-49.538892, -15.902391], [-49.540296, -15.902769], [-49.544176, -15.90388], [-49.548655, -15.905135], [-49.54922, -15.905312], [-49.551968, -15.906086], [-49.552758, -15.906327], [-49.553544, -15.906604], [-49.554356, -15.906942], [-49.556685, -15.90808], [-49.557258, -15.908334], [-49.5576, -15.90846], [-49.557901, -15.908547], [-49.558638, -15.908699], [-49.559059, -15.908805], [-49.559315, -15.908838], [-49.559567, -15.908848], [-49.560015, -15.908821], [-49.56053, -15.908811], [-49.56088, -15.908885], [-49.561134, -15.908975], [-49.561216, -15.908984], [-49.561314, -15.908965], [-49.561518, -15.908858], [-49.561798, -15.908808], [-49.561933, -15.908744], [-49.562226, -15.908562], [-49.562532, -15.908479], [-49.563226, -15.908429], [-49.564241, -15.908301], [-49.568493, -15.907573], [-49.568943, -15.907519], [-49.569647, -15.9075], [-49.570229, -15.907545], [-49.570703, -15.907624], [-49.571056, -15.907713], [-49.571531, -15.907861], [-49.588541, -15.913549], [-49.589126, -15.913778], [-49.589578, -15.913984], [-49.590129, -15.914274], [-49.590576, -15.914537], [-49.592297, -15.91567], [-49.593063, -15.916194], [-49.593263, -15.916306], [-49.593621, -15.91657], [-49.594986, -15.917487], [-49.596914, -15.918748], [-49.597081, -15.918817], [-49.597451, -15.919084], [-49.600606, -15.921163], [-49.603089, -15.92287], [-49.604394, -15.923788], [-49.604572, -15.923899], [-49.604762, -15.923991], [-49.605357, -15.924439], [-49.605545, -15.924529], [-49.605807, -15.92454]]}, "properties": {"SNV": "070BGO0110", "fid": 118, "EXT_KM": 38.7, "GEOCOD": "070BGO0110", "TRECHO": "ENTR BR-070/153 - ENTR GO-154 (ITAGUARI)", "RODOVIA": "BR-070", "SITUACAO": "IMP"}}, {"type": "Feature", "geometry": {"crs": {"type": "name", "properties": {"name": "EPSG:4674"}}, "type": "LineString", "coordinates": [[-49.605807, -15.92454], [-49.605886, -15.924572], [-49.605941, -15.924623], [-49.606198, -15.924991], [-49.606453, -15.925192], [-49.606678, -15.925336], [-49.606961, -15.925544], [-49.609096, -15.927001], [-49.619565, -15.933977], [-49.620374, -15.93452], [-49.620758, -15.934796], [-49.621264, -15.935221], [-49.62175, -15.935704], [-49.623378, -15.937558], [-49.623926, -15.938159], [-49.624493, -15.938687], [-49.625106, -15.939157], [-49.635306, -15.945963], [-49.635576, -15.946161], [-49.636118, -15.946495], [-49.640451, -15.94938], [-49.670215, -15.969216], [-49.671345, -15.969991], [-49.6742, -15.971879], [-49.677732, -15.974246], [-49.685069, -15.979098], [-49.689127, -15.981761], [-49.691464, -15.983332], [-49.692647, -15.984097], [-49.693044, -15.984311], [-49.693441, -15.984498], [-49.694131, -15.984765], [-49.694852, -15.984961], [-49.695292, -15.985048], [-49.695742, -15.985111], [-49.696203, -15.985147], [-49.696674, -15.985157], [-49.704576, -15.985172], [-49.705072, -15.985202], [-49.705737, -15.985281], [-49.706228, -15.985375], [-49.70671, -15.985501], [-49.718631, -15.989129], [-49.725624, -15.991233], [-49.730462, -15.992708], [-49.731025, -15.992893], [-49.731594, -15.99311], [-49.732161, -15.993349], [-49.739991, -15.996802], [-49.743507, -15.998369], [-49.744277, -15.998678], [-49.748629, -16.000343], [-49.74969, -16.000794], [-49.750173, -16.00103], [-49.750674, -16.0013], [-49.751193, -16.001608], [-49.751732, -16.001961], [-49.758879, -16.006911], [-49.767704, -16.012954], [-49.768407, -16.013452], [-49.768798, -16.013767], [-49.769279, -16.014216], [-49.769609, -16.014572], [-49.772468, -16.017909], [-49.773453, -16.0191], [-49.774042, -16.019929], [-49.776757, -16.024152]]}, "properties": {"SNV": "070BGO0115", "fid": 119, "EXT_KM": 20, "GEOCOD": "070BGO0115", "TRECHO": "ENTR GO-154 (ITAGUARI) - AV. DERVAL DE CASTRO (ITABERAÍ)", "RODOVIA": "BR-070", "SITUACAO": "PAV"}}, {"type": "Feature", "geometry": {"crs": {"type": "name", "properties": {"name": "EPSG:4674"}}, "type": "LineString", "coordinates": [[-48.707955, -17.699952], [-48.709325, -17.698444], [-48.709721, -17.698064], [-48.710299, -17.697607], [-48.711015, -17.697211], [-48.712081, -17.6968], [-48.712994, -17.696633], [-48.714227, -17.696602], [-48.715293, -17.696785], [-48.7168, -17.697135], [-48.723712, -17.698597], [-48.724641, -17.69884], [-48.725508, -17.699206], [-48.726407, -17.699784], [-48.727259, -17.700606], [-48.728112, -17.701535], [-48.728949, -17.702479], [-48.729512, -17.702935], [-48.729801, -17.703194], [-48.73073, -17.703681], [-48.731476, -17.703956], [-48.7474, -17.707706], [-48.749593, -17.707706], [-48.751526, -17.707669], [-48.752641, -17.707744], [-48.753831, -17.708004], [-48.75476, -17.708487], [-48.755986, -17.709342], [-48.756916, -17.709937], [-48.757956, -17.710345], [-48.762491, -17.711423], [-48.770965, -17.713468], [-48.773047, -17.714025], [-48.774162, -17.714248], [-48.776838, -17.71488], [-48.777947, -17.715176], [-48.779176, -17.715432]]}, "properties": {"SNV": "490BGO0080", "fid": 389, "EXT_KM": 8.1, "GEOCOD": "490BGO0080", "TRECHO": "ENTR GO-139/213 - ENTR GO-507 (P/POUSADA DO RIO QUENTE)", "RODOVIA": "BR-490", "SITUACAO": "PLA"}}, {"type": "Feature", "geometry": {"crs": {"type": "name", "properties": {"name": "EPSG:4674"}}, "type": "LineString", "coordinates": [[-49.791397, -16.04196], [-49.791453, -16.04191], [-49.7915, -16.041834], [-49.791899, -16.041003], [-49.792658, -16.039317], [-49.793332, -16.037869], [-49.793721, -16.0371], [-49.795896, -16.032392], [-49.796164, -16.031758], [-49.796541, -16.03093], [-49.796791, -16.030416], [-49.797052, -16.029938], [-49.797201, -16.02973], [-49.797649, -16.029187], [-49.798025, -16.02881], [-49.798283, -16.028589], [-49.798567, -16.028373], [-49.799032, -16.02808], [-49.799451, -16.027864], [-49.799623, -16.027801], [-49.800378, -16.027456], [-49.801044, -16.027215], [-49.801509, -16.027096], [-49.802126, -16.027006], [-49.802821, -16.026983], [-49.803339, -16.026998], [-49.803696, -16.027029], [-49.804081, -16.027033], [-49.804448, -16.027013], [-49.804915, -16.026959], [-49.805649, -16.026768], [-49.806573, -16.026458], [-49.807735, -16.026024], [-49.808254, -16.025801], [-49.808933, -16.025539]]}, "properties": {"SNV": "070BGO0130", "fid": 122, "EXT_KM": 2.9, "GEOCOD": "070BGO0130", "TRECHO": "ENTR GO-070 - ENTR GO-156 (ITABERAI)", "RODOVIA": "BR-070", "SITUACAO": "PLA"}}, {"type": "Feature", "geometry": {"crs": {"type": "name", "properties": {"name": "EPSG:4674"}}, "type": "LineString", "coordinates": [[-49.808933, -16.025539], [-49.816, -16.022888], [-49.817649, -16.022263], [-49.818688, -16.021848], [-49.819979, -16.02139], [-49.820755, -16.021184], [-49.821245, -16.021095], [-49.821751, -16.021026], [-49.822074, -16.020999], [-49.822402, -16.020993], [-49.829109, -16.021326]]}, "properties": {"SNV": "070BGO0140", "fid": 123, "EXT_KM": 2.3, "GEOCOD": "070BGO0140", "TRECHO": "ENTR GO-156 (ITABERAI) - ENTR GO-156/522 (ITABERAI)", "RODOVIA": "BR-070", "SITUACAO": "PLA"}}, {"type": "Feature", "geometry": {"crs": {"type": "name", "properties": {"name": "EPSG:4674"}}, "type": "LineString", "coordinates": [[-49.829109, -16.021326], [-49.832776, -16.021517], [-49.837937, -16.021761], [-49.838455, -16.021767], [-49.83914, -16.021723], [-49.839811, -16.021629], [-49.840468, -16.021481], [-49.844003, -16.020384], [-49.844525, -16.020248], [-49.845041, -16.020155], [-49.848777, -16.019737], [-49.852346, -16.01931], [-49.857047, -16.018776], [-49.860933, -16.018309], [-49.861797, -16.018182], [-49.86262, -16.018002], [-49.863248, -16.017841], [-49.863875, -16.017659], [-49.864593, -16.017494], [-49.867749, -16.01666], [-49.868461, -16.016448], [-49.86941, -16.016212], [-49.869952, -16.016118], [-49.870387, -16.016071], [-49.870983, -16.016047], [-49.871455, -16.016069], [-49.876186, -16.016165], [-49.87922, -16.016202], [-49.879859, -16.016189], [-49.88067, -16.016127], [-49.886861, -16.015408], [-49.905639, -16.013176], [-49.913664, -16.012251], [-49.92405, -16.011018], [-49.932705, -16.01001], [-49.950485, -16.007887], [-49.952649, -16.007652], [-49.955913, -16.007261], [-49.9565, -16.007202], [-49.957076, -16.007165], [-49.957835, -16.007147], [-49.958401, -16.007153], [-49.959157, -16.007195], [-49.959921, -16.007269], [-49.960664, -16.00738], [-49.96139, -16.007516], [-49.96194, -16.007643], [-49.962683, -16.007852], [-49.963799, -16.008214], [-49.966887, -16.009277], [-49.967439, -16.009484], [-49.96817, -16.009791], [-49.969194, -16.010295], [-49.974172, -16.012989], [-49.974713, -16.013238], [-49.975273, -16.013457], [-49.975835, -16.013648], [-49.9764, -16.013806], [-49.976975, -16.013931], [-49.977568, -16.014025], [-49.978167, -16.014092], [-49.978768, -16.014123], [-49.979363, -16.014122], [-49.979943, -16.014091], [-49.98051, -16.01403], [-49.981064, -16.013942], [-49.981609, -16.013827], [-49.982145, -16.013683], [-49.983026, -16.013386], [-49.983704, -16.013094], [-49.984033, -16.012934], [-49.984509, -16.012672], [-49.985586, -16.012002], [-49.985977, -16.01178], [-49.986036, -16.011724], [-49.986181, -16.011631], [-49.988536, -16.010156], [-49.990293, -16.009064], [-49.990612, -16.008879], [-49.990731, -16.008791], [-49.994452, -16.006472], [-49.994893, -16.006228], [-49.995337, -16.00604], [-49.995903, -16.005861], [-49.996307, -16.00577], [-49.996809, -16.005698], [-49.998414, -16.005539], [-49.998964, -16.005467], [-49.999658, -16.00541], [-50.000133, -16.005344], [-50.000575, -16.005311], [-50.002577, -16.005089], [-50.002769, -16.005035], [-50.003008, -16.004922], [-50.00322, -16.004983], [-50.003303, -16.004983], [-50.003696, -16.004942], [-50.004482, -16.00489], [-50.009, -16.004427], [-50.009848, -16.004384], [-50.022047, -16.004007], [-50.03405, -16.003608]]}, "properties": {"SNV": "070BGO0150", "fid": 124, "EXT_KM": 22.5, "GEOCOD": "070BGO0150", "TRECHO": "ENTR GO-156/522 (ITABERAI) - ENTR GO-164", "RODOVIA": "BR-070", "SITUACAO": "PLA"}}, {"type": "Feature", "geometry": {"crs": {"type": "name", "properties": {"name": "EPSG:4674"}}, "type": "LineString", "coordinates": [[-50.03405, -16.003608], [-50.039698, -16.003428], [-50.039803, -16.003398], [-50.03993, -16.003425], [-50.040738, -16.003387], [-50.041396, -16.003379], [-50.06456, -16.002604], [-50.065227, -16.002523], [-50.065872, -16.002392], [-50.069624, -16.001308], [-50.070125, -16.001135], [-50.070435, -16.001002], [-50.071016, -16.000716], [-50.071542, -16.0004], [-50.071903, -16.00014], [-50.072232, -15.999846], [-50.072646, -15.999404], [-50.072927, -15.999042], [-50.07324, -15.998542], [-50.073513, -15.998011], [-50.073675, -15.997582], [-50.073805, -15.997131], [-50.074257, -15.995264], [-50.074345, -15.994974], [-50.07436, -15.994833], [-50.0748, -15.993048], [-50.075071, -15.99186], [-50.075329, -15.990922], [-50.075531, -15.990081], [-50.075656, -15.98969], [-50.075756, -15.989436], [-50.075929, -15.989065], [-50.076188, -15.98858], [-50.076411, -15.988228], [-50.076661, -15.987889], [-50.077221, -15.987263], [-50.078502, -15.985989], [-50.078667, -15.985831], [-50.078748, -15.985777], [-50.078823, -15.985678], [-50.079194, -15.985312], [-50.079248, -15.98524], [-50.079341, -15.985186], [-50.079356, -15.985115], [-50.07946, -15.985], [-50.079576, -15.984902], [-50.079612, -15.984841], [-50.079744, -15.984735], [-50.079827, -15.98464], [-50.080046, -15.984477], [-50.080443, -15.984096], [-50.080821, -15.98381], [-50.081275, -15.983523], [-50.081587, -15.983352], [-50.082055, -15.983136], [-50.082446, -15.982995], [-50.086207, -15.981893], [-50.087396, -15.981522], [-50.088231, -15.98129], [-50.091725, -15.980252], [-50.092645, -15.979998], [-50.09337, -15.979861], [-50.093912, -15.97981], [-50.094283, -15.979793], [-50.097177, -15.979919], [-50.097588, -15.979916], [-50.097991, -15.979885], [-50.098598, -15.979785], [-50.098999, -15.979683], [-50.099588, -15.979474], [-50.099972, -15.979302], [-50.10034, -15.9791], [-50.100688, -15.978876], [-50.101014, -15.978636], [-50.101313, -15.978386], [-50.10171, -15.97799], [-50.104591, -15.974961], [-50.107623, -15.971714], [-50.108077, -15.971134], [-50.109667, -15.968938], [-50.110029, -15.968495], [-50.110273, -15.968239], [-50.110529, -15.968003], [-50.110805, -15.967779], [-50.111104, -15.967577], [-50.111714, -15.967232], [-50.112038, -15.967083], [-50.112383, -15.96695], [-50.112748, -15.966832], [-50.113133, -15.966733], [-50.113401, -15.966678], [-50.113679, -15.966643], [-50.114264, -15.966609], [-50.114721, -15.966606], [-50.116724, -15.966693], [-50.119011, -15.966763], [-50.119319, -15.966747], [-50.119629, -15.966711], [-50.120258, -15.966598], [-50.120727, -15.966465], [-50.121497, -15.966184], [-50.126661, -15.964168], [-50.12713, -15.963971], [-50.127553, -15.963767], [-50.128168, -15.963397], [-50.128474, -15.963176], [-50.128739, -15.962958], [-50.129251, -15.962467], [-50.129643, -15.961974], [-50.129926, -15.961582], [-50.130268, -15.960965], [-50.130412, -15.960664], [-50.130556, -15.960306], [-50.130632, -15.96005], [-50.130704, -15.959706]]}, "properties": {"SNV": "070BGO0170", "fid": 125, "EXT_KM": 12.6, "GEOCOD": "070BGO0170", "TRECHO": "ENTR GO-164 - ENTR GO-164 (CIDADE DE GOIÁS)", "RODOVIA": "BR-070", "SITUACAO": "PLA"}}, {"type": "Feature", "geometry": {"crs": {"type": "name", "properties": {"name": "EPSG:4674"}}, "type": "LineString", "coordinates": [[-52.221897, -15.898177], [-52.221922, -15.89809], [-52.221965, -15.898029], [-52.222038, -15.897974], [-52.222128, -15.897951], [-52.222492, -15.89805], [-52.222632, -15.898068], [-52.222794, -15.898067], [-52.226079, -15.89782], [-52.226426, -15.897785], [-52.226619, -15.897746], [-52.22727, -15.897722], [-52.230625, -15.897468], [-52.233666, -15.897217]]}, "properties": {"SNV": "070UGO1005", "fid": 140, "EXT_KM": 1.3, "GEOCOD": "070UGO1005", "TRECHO": "ACESSO LESTE ARAGARÇAS - INÍCIO DA DUPLICAÇÃO (ARAGARÇAS)", "RODOVIA": "BR-070", "SITUACAO": "PAV"}}, {"type": "Feature", "geometry": {"crs": {"type": "name", "properties": {"name": "EPSG:4674"}}, "type": "LineString", "coordinates": [[-52.221897, -15.898177], [-52.221925, -15.898273], [-52.222017, -15.898441], [-52.22205, -15.898562], [-52.222049, -15.898699], [-52.221964, -15.899167], [-52.219712, -15.91039], [-52.219572, -15.911007], [-52.219451, -15.911455], [-52.219266, -15.91204], [-52.219111, -15.912467], [-52.218883, -15.913011], [-52.218608, -15.913582], [-52.218278, -15.914191], [-52.217996, -15.914652], [-52.213302, -15.92153], [-52.212543, -15.922677], [-52.212089, -15.923525], [-52.211766, -15.924245], [-52.2115, -15.924985], [-52.211287, -15.92573], [-52.211167, -15.926288], [-52.211079, -15.926823], [-52.211021, -15.927338], [-52.210983, -15.928017], [-52.210748, -15.941754]]}, "properties": {"SNV": "070BGO0270", "fid": 136, "EXT_KM": 5.1, "GEOCOD": "070BGO0270", "TRECHO": "ACESSO LESTE ARAGARÇAS - FIM CONTORNO LESTE ARAGARÇAS", "RODOVIA": "BR-070", "SITUACAO": "PAV"}}, {"type": "Feature", "geometry": {"crs": {"type": "name", "properties": {"name": "EPSG:4674"}}, "type": "LineString", "coordinates": [[-51.358057, -15.941857], [-51.358964, -15.941832], [-51.37431, -15.940625], [-51.374896, -15.940537], [-51.375466, -15.94041], [-51.376287, -15.940151], [-51.376814, -15.939932], [-51.377321, -15.93967], [-51.377808, -15.939379], [-51.380631, -15.937435], [-51.382593, -15.936043], [-51.383422, -15.935509], [-51.401257, -15.923201], [-51.402223, -15.922548], [-51.402735, -15.922236], [-51.403389, -15.921872], [-51.419643, -15.913717], [-51.420188, -15.913409], [-51.420704, -15.913068], [-51.421193, -15.912701], [-51.42165, -15.912305], [-51.422171, -15.911776], [-51.423769, -15.90996], [-51.426223, -15.90725], [-51.42863, -15.904555], [-51.439124, -15.89299], [-51.442598, -15.889172], [-51.443015, -15.88874], [-51.443485, -15.888317], [-51.443732, -15.888122], [-51.443988, -15.887938], [-51.444516, -15.887597], [-51.444786, -15.88744], [-51.445345, -15.887156], [-51.445924, -15.88691], [-51.446221, -15.886802], [-51.446523, -15.886705], [-51.44714, -15.886549], [-51.447624, -15.886456], [-51.455346, -15.88523], [-51.478914, -15.881526], [-51.500651, -15.878143], [-51.501405, -15.878004], [-51.509334, -15.876792], [-51.516616, -15.875654], [-51.541197, -15.87179], [-51.541872, -15.871639], [-51.542146, -15.871557], [-51.542681, -15.871363], [-51.543274, -15.871116], [-51.545382, -15.870184], [-51.545858, -15.87], [-51.546427, -15.869832], [-51.547018, -15.869718], [-51.548328, -15.869577], [-51.584139, -15.866379], [-51.584859, -15.866277], [-51.585437, -15.866138], [-51.585826, -15.866002], [-51.586545, -15.865684], [-51.601668, -15.857421], [-51.602211, -15.857164], [-51.602769, -15.856948], [-51.603345, -15.856785], [-51.603936, -15.856679], [-51.604236, -15.856646], [-51.604753, -15.856624], [-51.60514, -15.856627], [-51.60574, -15.856677], [-51.606637, -15.856835], [-51.619882, -15.859543], [-51.628137, -15.861215], [-51.630492, -15.861676], [-51.631464, -15.861897], [-51.635486, -15.862732], [-51.637293, -15.863092], [-51.644786, -15.864654], [-51.645338, -15.864783], [-51.645613, -15.86486], [-51.646157, -15.865052], [-51.646695, -15.865287], [-51.64722, -15.865557], [-51.647951, -15.866031], [-51.651325, -15.868386], [-51.651896, -15.868734], [-51.652205, -15.868893], [-51.652656, -15.869096], [-51.653113, -15.869264], [-51.653524, -15.869392], [-51.654067, -15.869524], [-51.654337, -15.869574], [-51.655454, -15.869716], [-51.666754, -15.871092], [-51.672694, -15.871832], [-51.673314, -15.871954], [-51.673893, -15.872118], [-51.674175, -15.872219], [-51.674721, -15.872457], [-51.67524, -15.872745], [-51.675728, -15.873079], [-51.675959, -15.873262], [-51.676323, -15.873583], [-51.676863, -15.87413], [-51.684386, -15.882028], [-51.685005, -15.882601], [-51.685446, -15.882944], [-51.685906, -15.883263], [-51.686386, -15.883553], [-51.693905, -15.887756], [-51.694237, -15.887918], [-51.694793, -15.888142], [-51.695075, -15.888233], [-51.695559, -15.88836], [-51.696223, -15.888463], [-51.696805, -15.888497], [-51.697391, -15.88848], [-51.719265, -15.886037], [-51.719651, -15.886003], [-51.720254, -15.885999], [-51.721148, -15.886088], [-51.722936, -15.88639], [-51.723527, -15.886503], [-51.723819, -15.886569], [-51.72439, -15.88674], [-51.724936, -15.886961], [-51.7252, -15.887091], [-51.725708, -15.887401], [-51.726413, -15.887944], [-51.726887, -15.888369], [-51.729497, -15.890818], [-51.729906, -15.891131], [-51.730395, -15.891425], [-51.730655, -15.891547], [-51.730925, -15.891651], [-51.731203, -15.891737], [-51.731489, -15.891804], [-51.73178, -15.891853], [-51.732075, -15.891882], [-51.732373, -15.891892], [-51.732823, -15.891879], [-51.733402, -15.891832], [-51.743831, -15.890885], [-51.746455, -15.890667], [-51.758857, -15.889531], [-51.761533, -15.889298], [-51.762703, -15.889207], [-51.763283, -15.889182], [-51.764148, -15.88919], [-51.764916, -15.889241], [-51.765583, -15.889325], [-51.769643, -15.890065], [-51.770398, -15.890178], [-51.771127, -15.890263], [-51.772231, -15.890358], [-51.784431, -15.891104]]}, "properties": {"SNV": "070BGO0260", "fid": 134, "EXT_KM": 49.5, "GEOCOD": "070BGO0260", "TRECHO": "ENTR GO-174 (APARECIDA DO RIO CLARO) - ENTR GO-188", "RODOVIA": "BR-070", "SITUACAO": "PAV"}}, {"type": "Feature", "geometry": {"crs": {"type": "name", "properties": {"name": "EPSG:4674"}}, "type": "LineString", "coordinates": [[-48.699795, -15.20829], [-48.699765, -15.208455], [-48.69978, -15.208556], [-48.699839, -15.20863], [-48.699932, -15.208696], [-48.699997, -15.208725], [-48.700042, -15.208725], [-48.700287, -15.208582], [-48.700428, -15.208531], [-48.702076, -15.208319], [-48.703415, -15.208176], [-48.71293, -15.207048], [-48.754346, -15.202105], [-48.754909, -15.202025], [-48.755477, -15.201916], [-48.755855, -15.201821], [-48.756411, -15.201649], [-48.756959, -15.201447], [-48.757323, -15.201287], [-48.757863, -15.20102], [-48.758391, -15.200724], [-48.763999, -15.197305], [-48.772449, -15.192211], [-48.773058, -15.191828], [-48.773636, -15.191417], [-48.77892, -15.187523], [-48.7922, -15.177816], [-48.792669, -15.177445], [-48.792962, -15.177178], [-48.793358, -15.176753], [-48.793697, -15.176301], [-48.793988, -15.17583], [-48.794235, -15.175342], [-48.801697, -15.158298], [-48.802009, -15.157643], [-48.802204, -15.157339], [-48.802428, -15.157053], [-48.80268, -15.156784], [-48.802954, -15.156525], [-48.805392, -15.15434], [-48.805933, -15.15382], [-48.806675, -15.153], [-48.80932, -15.149888], [-48.80969, -15.149495], [-48.810079, -15.149135], [-48.810631, -15.148711], [-48.811209, -15.148353], [-48.811957, -15.147962], [-48.816703, -15.145577], [-48.817436, -15.145146], [-48.818029, -15.144727], [-48.819036, -15.143897], [-48.825147, -15.138661], [-48.825583, -15.138321], [-48.826484, -15.137526], [-48.833168, -15.131816], [-48.83356, -15.131452], [-48.833801, -15.131194], [-48.834139, -15.130782], [-48.834345, -15.130487], [-48.834536, -15.130178], [-48.834707, -15.129862], [-48.83485, -15.129548], [-48.835026, -15.12909], [-48.838143, -15.118554], [-48.838407, -15.117807], [-48.838645, -15.117278], [-48.838821, -15.116942], [-48.839108, -15.116463], [-48.839529, -15.115864], [-48.847085, -15.105644], [-48.850937, -15.100466], [-48.851971, -15.099029], [-48.852334, -15.098405], [-48.852588, -15.097876], [-48.856048, -15.090208], [-48.8564, -15.089517], [-48.856779, -15.088897], [-48.857359, -15.088051], [-48.863872, -15.078963], [-48.870828, -15.069331], [-48.872022, -15.067712], [-48.872857, -15.066536], [-48.880969, -15.05535], [-48.88156, -15.054625], [-48.882031, -15.054133], [-48.885477, -15.050984], [-48.885856, -15.050609], [-48.886122, -15.050316], [-48.886363, -15.050006], [-48.886661, -15.049576], [-48.88687, -15.04924], [-48.887059, -15.048892], [-48.887171, -15.048652], [-48.887561, -15.047661], [-48.895955, -15.024676], [-48.896254, -15.023917], [-48.896377, -15.02334]]}, "properties": {"SNV": "080BGO0130", "fid": 145, "EXT_KM": 35.7, "GEOCOD": "080BGO0130", "TRECHO": "ENTR BR-080/414 (DOIS IRMÃOS) - ENTR GO-080", "RODOVIA": "BR-080", "SITUACAO": "PAV"}}, {"type": "Feature", "geometry": {"crs": {"type": "name", "properties": {"name": "EPSG:4674"}}, "type": "LineString", "coordinates": [[-51.784431, -15.891104], [-51.802127, -15.892201], [-51.815275, -15.893052], [-51.819397, -15.893295], [-51.821581, -15.893458], [-51.830256, -15.894007], [-51.830898, -15.894022], [-51.831153, -15.894014], [-51.832046, -15.893935], [-51.833217, -15.893734], [-51.852622, -15.890162], [-51.861321, -15.888576], [-51.875714, -15.885894], [-51.876423, -15.885786], [-51.876931, -15.885749], [-51.877523, -15.885742], [-51.878204, -15.885791], [-51.878503, -15.885829], [-51.879432, -15.886004], [-51.90334, -15.891359], [-51.942478, -15.899922], [-51.942955, -15.900032], [-51.943765, -15.900271], [-51.944289, -15.900477], [-51.94504, -15.900845], [-51.94825, -15.902592], [-51.95017, -15.903674], [-51.954902, -15.906273], [-51.956895, -15.907483], [-51.961753, -15.910479], [-51.96781, -15.914242], [-51.970739, -15.916027], [-51.971282, -15.91634], [-51.972193, -15.916907], [-51.972974, -15.917416], [-51.976854, -15.919814], [-51.978284, -15.920727], [-51.979524, -15.921473], [-51.980084, -15.921768], [-51.98046, -15.921992], [-51.980708, -15.922107], [-51.98087, -15.922164], [-51.981374, -15.922286], [-51.981984, -15.922385], [-51.982398, -15.922434], [-51.982888, -15.922579], [-51.985427, -15.923408], [-51.985696, -15.923319], [-51.985944, -15.923192], [-51.986435, -15.922888], [-51.986622, -15.922741], [-51.986992, -15.922524], [-51.989669, -15.920743], [-51.989845, -15.920598], [-51.990171, -15.920277], [-51.99028, -15.920206], [-51.990537, -15.920095], [-52.003169, -15.916993], [-52.013791, -15.91442], [-52.015895, -15.913899], [-52.019329, -15.912983], [-52.020217, -15.912824], [-52.0205, -15.91276], [-52.021284, -15.912513], [-52.021803, -15.912371], [-52.025144, -15.911528], [-52.025485, -15.911474], [-52.025788, -15.911475], [-52.026289, -15.911515], [-52.026583, -15.91149], [-52.027536, -15.911258], [-52.028896, -15.910898], [-52.029251, -15.910778], [-52.02942, -15.910705], [-52.029732, -15.910528], [-52.031288, -15.909377], [-52.031455, -15.909274], [-52.032032, -15.90902], [-52.032575, -15.908837], [-52.033168, -15.908596], [-52.035872, -15.907316], [-52.036255, -15.907103], [-52.037252, -15.906592], [-52.037737, -15.906376], [-52.038021, -15.906299], [-52.038168, -15.906288], [-52.038314, -15.906303], [-52.03862, -15.906382], [-52.040128, -15.906951], [-52.040711, -15.907142], [-52.041092, -15.907224], [-52.041472, -15.907265], [-52.045306, -15.907366], [-52.046568, -15.907436], [-52.073365, -15.908556], [-52.074216, -15.908563], [-52.075462, -15.908642], [-52.082272, -15.908938], [-52.083508, -15.908986], [-52.083902, -15.908951], [-52.08414, -15.909], [-52.085053, -15.909048], [-52.093719, -15.909398], [-52.115388, -15.910231], [-52.11867, -15.91036], [-52.119926, -15.910425], [-52.123577, -15.910544], [-52.124683, -15.910536], [-52.125908, -15.910458], [-52.127047, -15.910318], [-52.14544, -15.907678], [-52.146344, -15.907544], [-52.147673, -15.90732], [-52.154125, -15.906434], [-52.160581, -15.90551], [-52.165324, -15.904815], [-52.18367, -15.902062], [-52.189648, -15.901191], [-52.194619, -15.900489], [-52.194942, -15.900402], [-52.195303, -15.900337], [-52.195778, -15.900284], [-52.218463, -15.898393], [-52.220884, -15.898206], [-52.221636, -15.898184], [-52.221749, -15.898201], [-52.221897, -15.898177]]}, "properties": {"SNV": "070BGO0265", "fid": 135, "EXT_KM": 48.1, "GEOCOD": "070BGO0265", "TRECHO": "ENTR GO-188 - ACESSO LESTE ARAGARÇAS", "RODOVIA": "BR-070", "SITUACAO": "PAV"}}, {"type": "Feature", "geometry": {"crs": {"type": "name", "properties": {"name": "EPSG:4674"}}, "type": "LineString", "coordinates": [[-52.210748, -15.941754], [-52.210679, -15.945611], [-52.21069, -15.94729], [-52.210723, -15.948175], [-52.210767, -15.948853], [-52.211026, -15.951802]]}, "properties": {"SNV": "070BGO0275", "fid": 137, "EXT_KM": 1.1, "GEOCOD": "070BGO0275", "TRECHO": "FIM CONTORNO LESTE ARAGARÇAS - ENTR BR-070/158 (P/ BOM JARDIM DE GOIÁS)", "RODOVIA": "BR-070", "SITUACAO": "PAV"}}, {"type": "Feature", "geometry": {"crs": {"type": "name", "properties": {"name": "EPSG:4674"}}, "type": "LineString", "coordinates": [[-52.233666, -15.897217], [-52.234136, -15.897158], [-52.241552, -15.896599], [-52.243404, -15.896431], [-52.245082, -15.896317], [-52.249238, -15.89598], [-52.24967, -15.895956], [-52.251031, -15.89584], [-52.251567, -15.895744], [-52.25371, -15.895647]]}, "properties": {"SNV": "070UGO1010", "fid": 141, "EXT_KM": 2.2, "GEOCOD": "070UGO1010", "TRECHO": "INÍCIO DA DUPLICAÇÃO (ARAGARÇAS) - DIV GO/MT (INÍCIO PONTE S/RIO ARAGUAIA -ARAGARÇAS)", "RODOVIA": "BR-070", "SITUACAO": "DUP"}}, {"type": "Feature", "geometry": {"crs": {"type": "name", "properties": {"name": "EPSG:4674"}}, "type": "LineString", "coordinates": [[-48.196555, -15.510143], [-48.197921, -15.506175], [-48.198085, -15.50575], [-48.198217, -15.50549], [-48.198296, -15.505372], [-48.198476, -15.505163], [-48.198679, -15.504984], [-48.198792, -15.504907], [-48.199033, -15.504781], [-48.199427, -15.504654], [-48.199844, -15.504568], [-48.21047, -15.502655], [-48.218655, -15.501156], [-48.219034, -15.501053], [-48.219227, -15.500968]]}, "properties": {"SNV": "080BGO0090", "fid": 142, "EXT_KM": 2.1, "GEOCOD": "080BGO0090", "TRECHO": "ENTR BR-080/251 (DIV DF/GO) - ENTR BR-080/251", "RODOVIA": "BR-080", "SITUACAO": "PAV"}}, {"type": "Feature", "geometry": {"crs": {"type": "name", "properties": {"name": "EPSG:4674"}}, "type": "LineString", "coordinates": [[-48.219227, -15.500968], [-48.219347, -15.500942], [-48.219503, -15.500881], [-48.219919, -15.500666], [-48.220144, -15.500519], [-48.220483, -15.500246], [-48.220764, -15.499972], [-48.220907, -15.499801], [-48.221119, -15.499498], [-48.221322, -15.499144], [-48.221446, -15.498861], [-48.22159, -15.498386], [-48.221751, -15.497664], [-48.222142, -15.49573], [-48.222277, -15.495151], [-48.222422, -15.494793], [-48.222632, -15.494478], [-48.222804, -15.494298], [-48.223004, -15.494149], [-48.223229, -15.494023], [-48.223479, -15.493925], [-48.223744, -15.493863], [-48.224009, -15.493838], [-48.225249, -15.493859], [-48.225523, -15.493841], [-48.225788, -15.493796], [-48.226039, -15.493711], [-48.22627, -15.4936], [-48.226581, -15.493388], [-48.226778, -15.493211], [-48.233689, -15.485339], [-48.234417, -15.484499], [-48.234694, -15.484154], [-48.234833, -15.483931], [-48.234944, -15.483705], [-48.235022, -15.483473], [-48.23507, -15.483243], [-48.23509, -15.483027], [-48.235087, -15.482822], [-48.235011, -15.482401], [-48.234947, -15.482223], [-48.234581, -15.481419], [-48.227975, -15.467749], [-48.227653, -15.467157], [-48.227467, -15.466895], [-48.227227, -15.466599], [-48.226823, -15.466174], [-48.226597, -15.465975], [-48.226342, -15.465779], [-48.226062, -15.465593], [-48.225634, -15.46534], [-48.225344, -15.465191], [-48.225035, -15.465056], [-48.224566, -15.46489], [-48.223938, -15.464723], [-48.223449, -15.464649], [-48.221692, -15.464465], [-48.221216, -15.464377], [-48.22074, -15.464243], [-48.22007, -15.463974], [-48.219565, -15.463704], [-48.219101, -15.463395], [-48.21882, -15.463175], [-48.218561, -15.462946], [-48.218187, -15.462557], [-48.217954, -15.462273], [-48.217748, -15.461986], [-48.217564, -15.461685], [-48.2174, -15.461369], [-48.217243, -15.461021], [-48.216482, -15.458973], [-48.216228, -15.458368], [-48.216032, -15.458001], [-48.21572, -15.457518], [-48.215388, -15.45711], [-48.215157, -15.456869], [-48.214793, -15.456528], [-48.201897, -15.445311], [-48.197451, -15.441666], [-48.195162, -15.439824], [-48.194691, -15.439405], [-48.194357, -15.439059], [-48.193951, -15.438555], [-48.19358, -15.437982], [-48.193409, -15.437663], [-48.193257, -15.437335], [-48.193122, -15.436991], [-48.193006, -15.436635], [-48.192911, -15.436262], [-48.192834, -15.435861], [-48.192768, -15.435239], [-48.192759, -15.434829], [-48.192775, -15.434416], [-48.192854, -15.433799], [-48.19294, -15.433406], [-48.19305, -15.433024], [-48.19338, -15.432129], [-48.194842, -15.428585], [-48.195179, -15.427725], [-48.196747, -15.423893], [-48.197053, -15.42318], [-48.197636, -15.421933], [-48.197713, -15.4217], [-48.197854, -15.421451], [-48.198071, -15.420999], [-48.198653, -15.41977], [-48.199057, -15.418867], [-48.19923, -15.418362], [-48.199512, -15.417296], [-48.199673, -15.416762], [-48.199929, -15.416058], [-48.200422, -15.414838], [-48.200527, -15.414526], [-48.200565, -15.414366], [-48.200587, -15.414201], [-48.200586, -15.413852], [-48.200512, -15.412539], [-48.200453, -15.411958], [-48.20046, -15.411729], [-48.200401, -15.410677], [-48.199812, -15.401397], [-48.199788, -15.400883], [-48.199791, -15.40037], [-48.199817, -15.40003], [-48.199886, -15.399525], [-48.199995, -15.39903], [-48.200086, -15.398704], [-48.201523, -15.394432], [-48.201643, -15.394106], [-48.201785, -15.393779], [-48.202037, -15.393287], [-48.202228, -15.392963], [-48.202537, -15.392504], [-48.202741, -15.392231], [-48.20685, -15.386983], [-48.20746, -15.386194], [-48.207561, -15.386041], [-48.209469, -15.383611], [-48.210451, -15.382333], [-48.21056, -15.382214], [-48.211574, -15.38088], [-48.212469, -15.37976], [-48.212672, -15.379475], [-48.213746, -15.378084], [-48.215222, -15.376258], [-48.216137, -15.375005], [-48.216731, -15.374239], [-48.216994, -15.373952], [-48.217872, -15.372813], [-48.218227, -15.372254], [-48.219248, -15.370322], [-48.219502, -15.369875], [-48.219604, -15.369756], [-48.219781, -15.369346], [-48.220032, -15.368859], [-48.220697, -15.367654], [-48.221593, -15.365957], [-48.22299, -15.363392], [-48.223385, -15.362639], [-48.223604, -15.362243], [-48.223983, -15.361656], [-48.224642, -15.360928], [-48.226223, -15.359355], [-48.228853, -15.356671], [-48.229226, -15.356237], [-48.229497, -15.355858], [-48.229685, -15.355545], [-48.229917, -15.355095], [-48.230096, -15.354645], [-48.230381, -15.353711], [-48.230544, -15.353255], [-48.230761, -15.352487], [-48.230897, -15.352108], [-48.231062, -15.35155], [-48.231157, -15.351362], [-48.231279, -15.351027], [-48.232372, -15.34757], [-48.232463, -15.347244], [-48.232566, -15.346981], [-48.232732, -15.346384], [-48.232922, -15.345863], [-48.234073, -15.342224], [-48.234221, -15.341506], [-48.23429, -15.340812], [-48.234288, -15.340254], [-48.234235, -15.339623], [-48.234002, -15.338569], [-48.233255, -15.33549], [-48.232803, -15.333521], [-48.232557, -15.332654], [-48.232513, -15.332315], [-48.23212, -15.330647], [-48.232093, -15.330426], [-48.231943, -15.329827], [-48.231878, -15.329597], [-48.231842, -15.32952], [-48.231828, -15.329404], [-48.231676, -15.328759], [-48.231482, -15.32801], [-48.231423, -15.327683], [-48.231318, -15.327374], [-48.231301, -15.327198], [-48.231239, -15.326918], [-48.231118, -15.326472], [-48.231087, -15.326275], [-48.230623, -15.324321], [-48.23053, -15.324024], [-48.230465, -15.323654], [-48.230103, -15.322188], [-48.22996, -15.321537], [-48.229773, -15.320788], [-48.22975, -15.320628], [-48.228139, -15.31388], [-48.227785, -15.312222], [-48.227714, -15.312022], [-48.227537, -15.311269], [-48.227523, -15.311105], [-48.227397, -15.310703], [-48.227102, -15.309435], [-48.227036, -15.309001], [-48.226991, -15.308422], [-48.226987, -15.308141], [-48.227026, -15.307594], [-48.227106, -15.307057], [-48.227192, -15.306656], [-48.227306, -15.30626], [-48.227452, -15.305879], [-48.227622, -15.305511], [-48.227823, -15.305159], [-48.228035, -15.304816], [-48.228257, -15.304503], [-48.228491, -15.304207], [-48.228737, -15.303934], [-48.228987, -15.303686], [-48.229298, -15.303409], [-48.229755, -15.30307], [-48.229925, -15.302901], [-48.230077, -15.302822], [-48.230575, -15.302454], [-48.23073, -15.302288], [-48.232137, -15.301204], [-48.232507, -15.300871], [-48.232695, -15.300767], [-48.233378, -15.300235], [-48.233472, -15.300187], [-48.233602, -15.300091], [-48.234442, -15.299419], [-48.234551, -15.299299], [-48.235023, -15.298929], [-48.235152, -15.298855], [-48.235465, -15.29862], [-48.235917, -15.298228], [-48.238341, -15.296325], [-48.239659, -15.295261], [-48.239893, -15.295094], [-48.240869, -15.294306], [-48.24447, -15.291462], [-48.245623, -15.290575], [-48.246098, -15.290157], [-48.246326, -15.290023], [-48.248363, -15.288401], [-48.248494, -15.288317], [-48.249257, -15.28771], [-48.249437, -15.287599], [-48.249648, -15.287395], [-48.250771, -15.2865], [-48.251827, -15.285692], [-48.252077, -15.285485], [-48.252247, -15.285314], [-48.252924, -15.284802], [-48.253282, -15.284497], [-48.253649, -15.284253], [-48.254583, -15.283506], [-48.255377, -15.282902], [-48.255745, -15.282591], [-48.256286, -15.282182], [-48.2571, -15.281517], [-48.257176, -15.281472], [-48.257744, -15.281022], [-48.25792, -15.280866], [-48.258152, -15.280702], [-48.258697, -15.280257], [-48.258958, -15.280086], [-48.259267, -15.279796], [-48.259549, -15.279493], [-48.260048, -15.278782], [-48.260292, -15.278391], [-48.260447, -15.278101], [-48.260585, -15.277801], [-48.260819, -15.277202], [-48.262441, -15.271555], [-48.262905, -15.269991], [-48.263171, -15.269], [-48.263412, -15.268225], [-48.264318, -15.265014], [-48.264482, -15.264514], [-48.264917, -15.262994], [-48.265142, -15.262271], [-48.265344, -15.261485], [-48.265745, -15.260076], [-48.265879, -15.259683], [-48.266124, -15.258759], [-48.266341, -15.258087], [-48.266677, -15.256872], [-48.266821, -15.256416], [-48.267949, -15.252485], [-48.268113, -15.251859], [-48.268303, -15.251257], [-48.268452, -15.250709], [-48.268501, -15.250469], [-48.269045, -15.248677], [-48.270075, -15.246072], [-48.271096, -15.243554], [-48.271262, -15.243072], [-48.271544, -15.242463], [-48.272213, -15.240807], [-48.272521, -15.239986], [-48.272907, -15.239093], [-48.276194, -15.230982], [-48.277548, -15.227562], [-48.278006, -15.226493], [-48.278131, -15.226154], [-48.278397, -15.225524], [-48.278501, -15.225217], [-48.27883, -15.224454], [-48.279721, -15.222254], [-48.279922, -15.221715], [-48.280081, -15.221162], [-48.280185, -15.220614], [-48.28065, -15.217752], [-48.280694, -15.217597], [-48.280708, -15.217424], [-48.280909, -15.216133], [-48.281266, -15.214027], [-48.281738, -15.210994], [-48.281895, -15.210138], [-48.282484, -15.206414], [-48.282799, -15.204576], [-48.28393, -15.197497], [-48.283972, -15.197127], [-48.284023, -15.196206], [-48.28462, -15.182502], [-48.284669, -15.181675], [-48.284738, -15.181205], [-48.284876, -15.180605], [-48.285842, -15.177368], [-48.285942, -15.176857], [-48.286009, -15.176312], [-48.286021, -15.175897], [-48.286011, -15.175597], [-48.285979, -15.175216], [-48.285936, -15.174932], [-48.285819, -15.174368], [-48.285528, -15.173159], [-48.285031, -15.171226], [-48.284942, -15.170533], [-48.284937, -15.170398], [-48.2849, -15.170261], [-48.284692, -15.168614], [-48.284648, -15.168345], [-48.284614, -15.168287], [-48.284538, -15.168]]}, "properties": {"SNV": "080BGO0095", "fid": 143, "EXT_KM": 43.9, "GEOCOD": "080BGO0095", "TRECHO": "ENTR BR-080/251 - ENTR GO-230/435 (PADRE BERNARDO)", "RODOVIA": "BR-080", "SITUACAO": "PAV"}}, {"type": "Feature", "geometry": {"crs": {"type": "name", "properties": {"name": "EPSG:4674"}}, "type": "LineString", "coordinates": [[-48.896377, -15.02334], [-48.896488, -15.023119], [-48.896958, -15.021865], [-48.90169, -15.009069], [-48.901904, -15.008444], [-48.907626, -14.993087], [-48.90859, -14.990549], [-48.908798, -14.990052], [-48.909067, -14.989598], [-48.909353, -14.989227], [-48.909643, -14.988942], [-48.909747, -14.988816]]}, "properties": {"SNV": "080BGO0135", "fid": 146, "EXT_KM": 5, "GEOCOD": "080BGO0135", "TRECHO": "ENTR GO-080 - ENTR GO-080 (BARRO ALTO)", "RODOVIA": "BR-080", "SITUACAO": "PAV"}}, {"type": "Feature", "geometry": {"crs": {"type": "name", "properties": {"name": "EPSG:4674"}}, "type": "LineString", "coordinates": [[-48.909747, -14.988816], [-48.910296, -14.988485], [-48.910644, -14.988305], [-48.910952, -14.988187], [-48.911308, -14.98809], [-48.919524, -14.986822], [-48.919846, -14.986752], [-48.920324, -14.986619], [-48.920959, -14.986381], [-48.921567, -14.986092], [-48.922143, -14.985742], [-48.926289, -14.982977], [-48.926993, -14.982487], [-48.927518, -14.982034], [-48.927906, -14.981638], [-48.928336, -14.981111], [-48.928765, -14.980464], [-48.929096, -14.979851], [-48.929323, -14.979292], [-48.929556, -14.978549], [-48.92967, -14.977917], [-48.932515, -14.952074], [-48.932611, -14.951406], [-48.932679, -14.951084], [-48.932881, -14.950455], [-48.933126, -14.949851], [-48.933408, -14.949281], [-48.933647, -14.948873], [-48.938643, -14.941079], [-48.939123, -14.940357], [-48.939338, -14.940079], [-48.939574, -14.939816], [-48.939959, -14.939447], [-48.940376, -14.939113], [-48.940666, -14.938913], [-48.941119, -14.938655], [-48.941892, -14.938308], [-48.945257, -14.936891], [-48.945704, -14.936674], [-48.946129, -14.936425], [-48.946688, -14.936009], [-48.94716, -14.935586], [-48.947585, -14.935126], [-48.947976, -14.934593], [-48.948319, -14.933999], [-48.948607, -14.933342], [-48.948777, -14.932785], [-48.948893, -14.932208], [-48.948938, -14.931766], [-48.948953, -14.931318], [-48.948836, -14.928429], [-48.948848, -14.927888], [-48.948899, -14.927303], [-48.948963, -14.92694], [-48.949026, -14.926689], [-48.949282, -14.92592], [-48.95111, -14.920865], [-48.951494, -14.919861], [-48.951702, -14.919384], [-48.952305, -14.918118], [-48.953113, -14.916465], [-48.953393, -14.915955], [-48.953608, -14.915618], [-48.955303, -14.913272], [-48.956196, -14.912072], [-48.965831, -14.898894], [-48.9664, -14.898143], [-48.966877, -14.897607], [-48.967179, -14.897317], [-48.967499, -14.897049], [-48.96876, -14.896104], [-48.973243, -14.892827], [-48.973931, -14.892293], [-48.975259, -14.891104], [-48.976401, -14.890032], [-48.976651, -14.889816], [-48.977415, -14.889096], [-48.977536, -14.888998], [-48.980505, -14.886255], [-48.980915, -14.885911], [-48.981637, -14.885408], [-48.990303, -14.880053], [-49.003307, -14.872055], [-49.004336, -14.871393], [-49.005841, -14.870461], [-49.008273, -14.868978], [-49.008535, -14.868836], [-49.008806, -14.868712], [-49.00936, -14.868484], [-49.009794, -14.868332], [-49.013283, -14.8674], [-49.013912, -14.867189], [-49.014374, -14.866981], [-49.014824, -14.866731], [-49.015256, -14.866437], [-49.015661, -14.866106], [-49.016024, -14.865742], [-49.016249, -14.865485], [-49.016875, -14.864652], [-49.017719, -14.863473], [-49.019934, -14.860301], [-49.021077, -14.858694], [-49.022182, -14.857108], [-49.02266, -14.856368], [-49.022968, -14.855755], [-49.025554, -14.8502], [-49.025949, -14.849381], [-49.031252, -14.837951], [-49.031609, -14.837134]]}, "properties": {"SNV": "080BGO0140", "fid": 147, "EXT_KM": 18, "GEOCOD": "080BGO0140", "TRECHO": "ENTR GO-080 (BARRO ALTO) - ENTR GO-438", "RODOVIA": "BR-080", "SITUACAO": "PAV"}}, {"type": "Feature", "geometry": {"crs": {"type": "name", "properties": {"name": "EPSG:4674"}}, "type": "LineString", "coordinates": [[-49.031609, -14.837134], [-49.031698, -14.836983], [-49.031937, -14.836495], [-49.032825, -14.8346], [-49.040257, -14.818627], [-49.040721, -14.817663], [-49.041309, -14.816371], [-49.046308, -14.805651], [-49.048423, -14.801079], [-49.052845, -14.79161], [-49.053493, -14.790162], [-49.053621, -14.789797], [-49.053777, -14.789243], [-49.053858, -14.788873], [-49.053911, -14.7885], [-49.053971, -14.787755], [-49.05429, -14.782235], [-49.054334, -14.781693], [-49.054421, -14.781151], [-49.054507, -14.780796], [-49.054617, -14.780448], [-49.054755, -14.780111], [-49.054914, -14.779785], [-49.055092, -14.77947], [-49.055293, -14.779168], [-49.056328, -14.777833], [-49.05664, -14.77736], [-49.056822, -14.777031], [-49.056973, -14.77669], [-49.057098, -14.776339], [-49.057203, -14.775981], [-49.057283, -14.775616], [-49.057356, -14.775058], [-49.057798, -14.770108], [-49.057951, -14.768556], [-49.058045, -14.767999], [-49.058144, -14.767643], [-49.058334, -14.767131], [-49.058485, -14.766806], [-49.058651, -14.766496], [-49.06853, -14.749172], [-49.068869, -14.748541], [-49.068997, -14.748268], [-49.069177, -14.74776], [-49.069301, -14.747286], [-49.069384, -14.746813], [-49.069416, -14.746374], [-49.069397, -14.744609], [-49.069248, -14.737168], [-49.069253, -14.736521], [-49.069316, -14.735876], [-49.069432, -14.735401], [-49.069588, -14.734929], [-49.069784, -14.73446], [-49.069944, -14.734154], [-49.070127, -14.733851], [-49.072036, -14.730988], [-49.072626, -14.730127], [-49.072923, -14.729721], [-49.073145, -14.729448], [-49.074058, -14.728462], [-49.081531, -14.720578], [-49.083465, -14.718561], [-49.083753, -14.7183], [-49.085223, -14.717202], [-49.094972, -14.710055], [-49.101648, -14.705254], [-49.112519, -14.697393], [-49.115385, -14.695353], [-49.116058, -14.694847], [-49.123517, -14.689467], [-49.125137, -14.688274], [-49.125772, -14.687727], [-49.126378, -14.687126], [-49.137071, -14.675566], [-49.137878, -14.67471], [-49.138442, -14.674177], [-49.138908, -14.673812], [-49.158437, -14.659121], [-49.158675, -14.658969], [-49.158844, -14.658885], [-49.159736, -14.65856], [-49.159861, -14.658493], [-49.160089, -14.658334], [-49.160331, -14.658099], [-49.160734, -14.657567], [-49.161247, -14.657026], [-49.161477, -14.656835], [-49.16292, -14.655746], [-49.163301, -14.655432], [-49.163685, -14.655087], [-49.164118, -14.654666], [-49.164576, -14.654144], [-49.164855, -14.653778], [-49.165191, -14.653285], [-49.165945, -14.652089], [-49.168685, -14.647641], [-49.170599, -14.644579], [-49.17578, -14.636197], [-49.175986, -14.63584], [-49.176086, -14.635585], [-49.176094, -14.635314], [-49.175987, -14.634578]]}, "properties": {"SNV": "080BGO0150", "fid": 148, "EXT_KM": 28.3, "GEOCOD": "080BGO0150", "TRECHO": "ENTR GO-438 - ENTR BR-080/153", "RODOVIA": "BR-080", "SITUACAO": "PAV"}}, {"type": "Feature", "geometry": {"crs": {"type": "name", "properties": {"name": "EPSG:4674"}}, "type": "LineString", "coordinates": [[-49.175987, -14.634578], [-49.175582, -14.633974], [-49.17531, -14.633485], [-49.174923, -14.632648], [-49.174672, -14.631959], [-49.17322, -14.627316], [-49.172192, -14.623954], [-49.171928, -14.623122], [-49.171861, -14.622971], [-49.1718, -14.622688], [-49.171557, -14.621872], [-49.171367, -14.621297], [-49.170546, -14.618592], [-49.167218, -14.607847], [-49.166406, -14.605079], [-49.165704, -14.602547], [-49.164551, -14.598471], [-49.164448, -14.598154], [-49.163921, -14.596229], [-49.158709, -14.577771], [-49.158423, -14.576843], [-49.156514, -14.571071], [-49.156406, -14.570605], [-49.156345, -14.570114], [-49.156321, -14.569737], [-49.156182, -14.565436], [-49.156187, -14.565013], [-49.156213, -14.564586], [-49.156355, -14.563655], [-49.157101, -14.560684], [-49.161681, -14.543115], [-49.162028, -14.541723], [-49.162156, -14.540929], [-49.162189, -14.540432], [-49.162193, -14.539915], [-49.162162, -14.539397], [-49.162099, -14.53889], [-49.161973, -14.538231], [-49.160841, -14.533037]]}, "properties": {"SNV": "080BGO0190", "fid": 149, "EXT_KM": 10.3, "GEOCOD": "080BGO0190", "TRECHO": "ENTR BR-080/153 - ENTR BR-080/153/GO-237 (URUAÇU)", "RODOVIA": "BR-080", "SITUACAO": "PAV"}}, {"type": "Feature", "geometry": {"crs": {"type": "name", "properties": {"name": "EPSG:4674"}}, "type": "LineString", "coordinates": [[-49.160841, -14.533037], [-49.22736, -14.485006], [-49.28229, -14.412682], [-49.29369, -14.399582], [-49.34359, -14.341982], [-49.34929, -14.335282], [-49.35229, -14.331782], [-49.37019, -14.309082], [-49.37229, -14.306282], [-49.382534, -14.292309], [-49.385771, -14.288537]]}, "properties": {"SNV": "080BGO0210", "fid": 150, "EXT_KM": 31.4, "GEOCOD": "080BGO0210", "TRECHO": "ENTR BR-080/153/GO-237 (URUAÇU) - ENTR GO-347/428 (NOVA IGUAÇÚ DE GOIÁS)", "RODOVIA": "BR-080", "SITUACAO": "PLA"}}, {"type": "Feature", "geometry": {"crs": {"type": "name", "properties": {"name": "EPSG:4674"}}, "type": "LineString", "coordinates": [[-49.385771, -14.288537], [-49.39525, -14.283347], [-49.399148, -14.283915], [-49.407776, -14.283949], [-49.42457, -14.283665], [-49.44789, -14.253723], [-49.448839, -14.252338], [-49.443345, -14.240437], [-49.433558, -14.223108]]}, "properties": {"SNV": "080BGO0220", "fid": 151, "EXT_KM": 12.3, "GEOCOD": "080BGO0220", "TRECHO": "ENTR GO-347/428 (NOVA IGUAÇÚ DE GOIÁS) - INÍCIO DA PAVIMENTAÇÃO", "RODOVIA": "BR-080", "SITUACAO": "PLA"}}, {"type": "Feature", "geometry": {"crs": {"type": "name", "properties": {"name": "EPSG:4674"}}, "type": "LineString", "coordinates": [[-49.759855, -13.953075], [-49.76034, -13.952932], [-49.760585, -13.95284], [-49.760836, -13.952738], [-49.761315, -13.952503], [-49.76154, -13.952375], [-49.762076, -13.951987], [-49.762556, -13.951615], [-49.763021, -13.951114], [-49.763307, -13.950767], [-49.763715, -13.950195], [-49.76614, -13.946306], [-49.768424, -13.942596], [-49.772176, -13.936713], [-49.774044, -13.932865], [-49.777203, -13.91996], [-49.778737, -13.91487], [-49.779764, -13.912057], [-49.790502, -13.883591], [-49.795437, -13.875618], [-49.798019, -13.872429], [-49.800904, -13.869772], [-49.802271, -13.867646], [-49.807889, -13.853372], [-49.808497, -13.850562], [-49.80918, -13.848588], [-49.811686, -13.845931], [-49.813356, -13.844033], [-49.815027, -13.837427], [-49.816469, -13.830897], [-49.817247, -13.829579], [-49.818192, -13.828162], [-49.821711, -13.822412], [-49.823084, -13.821245], [-49.824457, -13.819745], [-49.825916, -13.818078], [-49.828062, -13.81491], [-49.828835, -13.813077], [-49.83098, -13.81016], [-49.832096, -13.808826], [-49.833126, -13.807909], [-49.835701, -13.806826], [-49.838362, -13.805325], [-49.839735, -13.803908], [-49.856987, -13.782486], [-49.861708, -13.77615], [-49.866729, -13.767481], [-49.870505, -13.762604], [-49.871407, -13.76152], [-49.872007, -13.760186], [-49.872651, -13.759269], [-49.873295, -13.75781], [-49.873638, -13.756643], [-49.873853, -13.755392], [-49.874153, -13.754392], [-49.874926, -13.751599], [-49.87514, -13.750432], [-49.875398, -13.74889], [-49.875784, -13.747847], [-49.875913, -13.74718], [-49.876213, -13.74643], [-49.876685, -13.745596], [-49.877071, -13.744846], [-49.877629, -13.744096], [-49.878273, -13.743345], [-49.878831, -13.742762], [-49.87956, -13.742178], [-49.88029, -13.741678], [-49.881105, -13.741178], [-49.88194, -13.740819], [-49.892608, -13.7378], [-49.896417, -13.736696], [-49.901678, -13.73526], [-49.906743, -13.73393], [-49.908723, -13.733506], [-49.913545, -13.732358], [-49.914467, -13.73201], [-49.915677, -13.731027], [-49.916584, -13.729893], [-49.917173, -13.728624], [-49.919365, -13.718843], [-49.920877, -13.711466], [-49.921361, -13.709379], [-49.924626, -13.701519], [-49.926077, -13.698858], [-49.927589, -13.697074], [-49.931048, -13.693915], [-49.933039, -13.692125], [-49.933469, -13.691758], [-49.934146, -13.691247], [-49.934618, -13.690934], [-49.935106, -13.690645], [-49.935863, -13.690255], [-49.936648, -13.689922], [-49.937455, -13.689646], [-49.938281, -13.689429], [-49.939122, -13.689273], [-49.939688, -13.689202], [-49.940256, -13.68916], [-49.944821, -13.689032], [-49.9457, -13.688977], [-49.946573, -13.688859], [-49.947149, -13.688745], [-49.948001, -13.688524], [-49.948558, -13.688343], [-49.949106, -13.688135], [-49.953184, -13.686472], [-49.953736, -13.686217], [-49.954275, -13.685936], [-49.955057, -13.68547], [-49.960609, -13.681889], [-49.961352, -13.681372], [-49.962055, -13.680806], [-49.962501, -13.680402], [-49.963132, -13.679759], [-49.968864, -13.673487], [-49.979134, -13.661819], [-49.999927, -13.638805], [-50.000301, -13.638342], [-50.000826, -13.637622], [-50.013171, -13.619607], [-50.013616, -13.619011], [-50.014107, -13.618451], [-50.014459, -13.6181], [-50.015021, -13.617607], [-50.015417, -13.617304], [-50.016041, -13.616889], [-50.016474, -13.616639], [-50.023755, -13.612697], [-50.024177, -13.612502], [-50.02461, -13.612333], [-50.025279, -13.61213], [-50.025734, -13.61203], [-50.026195, -13.611958], [-50.02666, -13.611915], [-50.027126, -13.611901]]}, "properties": {"SNV": "080BGO0228", "fid": 153, "EXT_KM": 50.2, "GEOCOD": "080BGO0228", "TRECHO": "ENTR GO-154 (P/MARTINÓPOLIS) - ENTR GO-241 (P/BONÓPOLIS)", "RODOVIA": "BR-080", "SITUACAO": "PAV"}}, {"type": "Feature", "geometry": {"crs": {"type": "name", "properties": {"name": "EPSG:4674"}}, "type": "LineString", "coordinates": [[-48.281895, -15.210138], [-48.293044, -15.206617], [-48.304389, -15.196744], [-48.310451, -15.177258], [-48.311923, -15.166], [-48.311786, -15.160239]]}, "properties": {"SNV": "080CGO1005", "fid": 161, "EXT_KM": 7.7, "GEOCOD": "080CGO1005", "TRECHO": "ACESSO SUL PADRE BERNARDO - ACESSO OESTE PADRE BERNARDO", "RODOVIA": "BR-080", "SITUACAO": "PLA"}}, {"type": "Feature", "geometry": {"crs": {"type": "name", "properties": {"name": "EPSG:4674"}}, "type": "LineString", "coordinates": [[-50.157562, -13.32263], [-50.157975, -13.322013], [-50.158277, -13.321628], [-50.158601, -13.32126], [-50.158948, -13.320913], [-50.159314, -13.320585], [-50.1599, -13.320136], [-50.160312, -13.319866], [-50.160959, -13.319506], [-50.166813, -13.316789], [-50.167243, -13.316574], [-50.167658, -13.316335], [-50.168253, -13.315932], [-50.168627, -13.315635], [-50.168983, -13.315316], [-50.16932, -13.314977], [-50.169634, -13.31462], [-50.170064, -13.31405], [-50.170321, -13.313651], [-50.170554, -13.313237], [-50.17076, -13.31281], [-50.170941, -13.312372], [-50.17619, -13.297063], [-50.176511, -13.296027], [-50.176692, -13.295326], [-50.176845, -13.29462], [-50.177315, -13.292223], [-50.177415, -13.291784], [-50.177618, -13.29114], [-50.177881, -13.290517], [-50.178088, -13.290117], [-50.178446, -13.289541], [-50.178857, -13.289001], [-50.179318, -13.2885], [-50.179482, -13.288343], [-50.183662, -13.284693]]}, "properties": {"SNV": "080CGO2005", "fid": 162, "EXT_KM": 5.3, "GEOCOD": "080CGO2005", "TRECHO": "ACESSO SUL SÃO MIGUEL DO ARAGUAIA - ENTR GO-244 (ACESSO OESTE SÃO MIGUEL DO ARAGUAIA)", "RODOVIA": "BR-080", "SITUACAO": "PAV"}}, {"type": "Feature", "geometry": {"crs": {"type": "name", "properties": {"name": "EPSG:4674"}}, "type": "LineString", "coordinates": [[-49.198836, -13.102623], [-49.201593, -13.109318], [-49.201818, -13.109929], [-49.201956, -13.110385], [-49.202029, -13.110686], [-49.202147, -13.111298], [-49.202225, -13.111933], [-49.202251, -13.112452], [-49.202233, -13.113187], [-49.202178, -13.113748], [-49.202046, -13.114502], [-49.2019, -13.115083], [-49.201706, -13.115673], [-49.201547, -13.116067], [-49.201368, -13.116453], [-49.200585, -13.117982], [-49.1958, -13.127163], [-49.194279, -13.130118], [-49.194164, -13.130304], [-49.185037, -13.147843], [-49.183814, -13.15022], [-49.179439, -13.1586], [-49.178148, -13.161109], [-49.17451, -13.168068], [-49.170591, -13.175643], [-49.165375, -13.185639], [-49.164032, -13.188243], [-49.161815, -13.192495], [-49.161361, -13.193338], [-49.160281, -13.19545], [-49.156576, -13.20259], [-49.156329, -13.203052], [-49.156185, -13.203263], [-49.156159, -13.203374], [-49.156123, -13.20345], [-49.153312, -13.208846], [-49.152367, -13.210685], [-49.152078, -13.211304], [-49.151826, -13.211941], [-49.149783, -13.21786], [-49.149689, -13.218012], [-49.149637, -13.218242], [-49.149512, -13.218644], [-49.147189, -13.225368], [-49.145882, -13.229223], [-49.143156, -13.237071], [-49.14223, -13.239809], [-49.140596, -13.2445], [-49.139876, -13.24662], [-49.139644, -13.247257], [-49.138943, -13.249328], [-49.137621, -13.253124], [-49.135782, -13.258483], [-49.135503, -13.259285], [-49.135396, -13.259503], [-49.135383, -13.259622], [-49.135332, -13.259786], [-49.128659, -13.279129], [-49.122855, -13.29601], [-49.122438, -13.297257], [-49.12094, -13.301558], [-49.120091, -13.304132], [-49.11953, -13.305697], [-49.119327, -13.306349], [-49.119062, -13.30711], [-49.118562, -13.308456], [-49.118062, -13.309949], [-49.117891, -13.310529], [-49.117682, -13.311441], [-49.117595, -13.312211], [-49.117576, -13.312899], [-49.117598, -13.313463], [-49.117658, -13.314032], [-49.117864, -13.315456], [-49.118041, -13.316425], [-49.118119, -13.317231]]}, "properties": {"SNV": "153BGO0330", "fid": 164, "EXT_KM": 25.9, "GEOCOD": "153BGO0330", "TRECHO": "ENTR GO-448 (P/NOVO PLANALTO) - ENTR GO-353 (LINDA VISTA)", "RODOVIA": "BR-153", "SITUACAO": "PAV"}}, {"type": "Feature", "geometry": {"crs": {"type": "name", "properties": {"name": "EPSG:4674"}}, "type": "LineString", "coordinates": [[-49.118119, -13.317231], [-49.1188, -13.322232], [-49.119905, -13.329959], [-49.122335, -13.347355], [-49.125775, -13.37027], [-49.126021, -13.371877], [-49.126176, -13.372737], [-49.126303, -13.373561], [-49.126451, -13.374722], [-49.126904, -13.377858], [-49.127082, -13.378952], [-49.127175, -13.379659], [-49.12763, -13.382685], [-49.127665, -13.382839], [-49.127919, -13.384604], [-49.130872, -13.404219], [-49.131028, -13.405339], [-49.13109, -13.40595], [-49.131088, -13.406249], [-49.131103, -13.406324], [-49.131176, -13.406478], [-49.131199, -13.406565], [-49.131224, -13.40691], [-49.131371, -13.407591], [-49.131672, -13.409669], [-49.131708, -13.410075], [-49.131742, -13.410779], [-49.131741, -13.41107], [-49.131707, -13.411668], [-49.131275, -13.415948], [-49.131192, -13.416701], [-49.131147, -13.416943], [-49.131078, -13.417892], [-49.13017, -13.426878], [-49.130091, -13.42785], [-49.13009, -13.428623], [-49.130157, -13.429505], [-49.130367, -13.430776], [-49.130746, -13.432287], [-49.132639, -13.440454], [-49.132729, -13.44101]]}, "properties": {"SNV": "153BGO0340", "fid": 165, "EXT_KM": 11.1, "GEOCOD": "153BGO0340", "TRECHO": "ENTR GO-353 (LINDA VISTA) - ENTR BR-153/414/GO-244/353 (PORANGATU)", "RODOVIA": "BR-153", "SITUACAO": "PAV"}}, {"type": "Feature", "geometry": {"crs": {"type": "name", "properties": {"name": "EPSG:4674"}}, "type": "LineString", "coordinates": [[-50.027126, -13.611901], [-50.027593, -13.611915], [-50.028057, -13.611959], [-50.049323, -13.614608], [-50.05014, -13.61466], [-50.050958, -13.614653], [-50.051502, -13.614616], [-50.052314, -13.614512], [-50.052849, -13.61441], [-50.053379, -13.614282], [-50.053902, -13.614129], [-50.054416, -13.613951], [-50.082304, -13.603548], [-50.082873, -13.603298], [-50.083185, -13.603122], [-50.083483, -13.602923], [-50.083897, -13.602583], [-50.084149, -13.602331], [-50.08438, -13.602061], [-50.084686, -13.601625], [-50.084936, -13.601157], [-50.085072, -13.60083], [-50.085232, -13.600307], [-50.089453, -13.582478], [-50.089578, -13.581901], [-50.089723, -13.581028], [-50.089791, -13.580441], [-50.090981, -13.56818], [-50.09111, -13.567394], [-50.091232, -13.566877], [-50.09138, -13.566366], [-50.091654, -13.565617], [-50.091988, -13.564891], [-50.092242, -13.564422], [-50.092669, -13.563745], [-50.09844, -13.55581], [-50.098701, -13.555426], [-50.099045, -13.554822], [-50.09933, -13.554189], [-50.099553, -13.553533], [-50.099667, -13.553085], [-50.099751, -13.552631], [-50.099806, -13.552173], [-50.099832, -13.551712], [-50.099828, -13.551251], [-50.099766, -13.550562], [-50.099251, -13.546817], [-50.099179, -13.546193], [-50.099134, -13.545566], [-50.099116, -13.544939], [-50.099125, -13.544311], [-50.099162, -13.543684], [-50.101175, -13.523715], [-50.101922, -13.516581], [-50.10205, -13.515791], [-50.102216, -13.515006], [-50.102503, -13.513956]]}, "properties": {"SNV": "080BGO0235", "fid": 154, "EXT_KM": 16.6, "GEOCOD": "080BGO0235", "TRECHO": "ENTR GO-241 (P/BONÓPOLIS) - INÍCIO PONTE S/RIO PINTADO", "RODOVIA": "BR-080", "SITUACAO": "PAV"}}, {"type": "Feature", "geometry": {"crs": {"type": "name", "properties": {"name": "EPSG:4674"}}, "type": "LineString", "coordinates": [[-50.102503, -13.513956], [-50.104358, -13.507203], [-50.106829, -13.498525], [-50.147609, -13.356937], [-50.156696, -13.324628], [-50.156842, -13.324164], [-50.157015, -13.323709], [-50.157216, -13.323265], [-50.157562, -13.32263]]}, "properties": {"SNV": "080BGO0240", "fid": 155, "EXT_KM": 22, "GEOCOD": "080BGO0240", "TRECHO": "INÍCIO PONTE S/RIO PINTADO - ACESSO SUL SÃO MIGUEL DO ARAGUAIA", "RODOVIA": "BR-080", "SITUACAO": "PAV"}}, {"type": "Feature", "geometry": {"crs": {"type": "name", "properties": {"name": "EPSG:4674"}}, "type": "LineString", "coordinates": [[-50.157562, -13.32263], [-50.157655, -13.321703], [-50.157694, -13.321582], [-50.157921, -13.320386], [-50.158362, -13.318282], [-50.158372, -13.31817], [-50.158359, -13.318008], [-50.158319, -13.317885], [-50.158251, -13.317776], [-50.157197, -13.316656], [-50.156812, -13.316301], [-50.155143, -13.314676], [-50.152847, -13.312541], [-50.152636, -13.312371], [-50.151955, -13.31167], [-50.15071, -13.310227], [-50.150576, -13.310009], [-50.150527, -13.309864], [-50.150481, -13.309666], [-50.150275, -13.308185], [-50.150221, -13.307619], [-50.149549, -13.302202], [-50.148972, -13.298024], [-50.148808, -13.297008], [-50.148672, -13.296281], [-50.148566, -13.295557], [-50.148414, -13.294784], [-50.148244, -13.294062], [-50.148093, -13.293254], [-50.148007, -13.292709], [-50.148019, -13.292457], [-50.148053, -13.292279], [-50.14813, -13.292065], [-50.14824, -13.291856], [-50.148314, -13.291743], [-50.148386, -13.291667], [-50.148546, -13.291521], [-50.149354, -13.290952], [-50.151355, -13.289731], [-50.155416, -13.287326], [-50.155966, -13.286993], [-50.156162, -13.286839], [-50.156263, -13.286724], [-50.156398, -13.286518], [-50.15815, -13.283778], [-50.158248, -13.283665], [-50.159776, -13.281267], [-50.159824, -13.281235], [-50.15988, -13.281225], [-50.159976, -13.281271], [-50.160328, -13.281513], [-50.160639, -13.281677], [-50.160878, -13.281846], [-50.162909, -13.283075], [-50.162947, -13.283092], [-50.163034, -13.283071], [-50.163315, -13.282654], [-50.165994, -13.278424], [-50.166344, -13.277945], [-50.166833, -13.27713], [-50.167687, -13.275803], [-50.167756, -13.275617], [-50.167953, -13.27538]]}, "properties": {"SNV": "080BGO0245", "fid": 156, "EXT_KM": 7, "GEOCOD": "080BGO0245", "TRECHO": "ACESSO SUL SÃO MIGUEL DO ARAGUAIA - ENTR GO-164/241/244 (SÃO MIGUEL DO ARAGUAIA)", "RODOVIA": "BR-080", "SITUACAO": "IMP"}}, {"type": "Feature", "geometry": {"crs": {"type": "name", "properties": {"name": "EPSG:4674"}}, "type": "LineString", "coordinates": [[-50.183662, -13.284693], [-50.186277, -13.28526], [-50.186778, -13.285382], [-50.188852, -13.285799], [-50.190919, -13.286252], [-50.193005, -13.28668], [-50.19407, -13.286923], [-50.19453, -13.286987], [-50.196445, -13.287408], [-50.199898, -13.288117], [-50.202336, -13.288655], [-50.203676, -13.288917], [-50.205621, -13.289351], [-50.205924, -13.2894], [-50.207325, -13.289697], [-50.208209, -13.289905], [-50.209136, -13.290086], [-50.2261, -13.293617], [-50.229461, -13.2943], [-50.236554, -13.295791], [-50.236861, -13.295874], [-50.239371, -13.296401], [-50.23963, -13.29644], [-50.245499, -13.297678], [-50.26032, -13.300739], [-50.261066, -13.300934], [-50.262743, -13.301305], [-50.267315, -13.302401], [-50.26808, -13.302601], [-50.268568, -13.302699], [-50.269084, -13.302772], [-50.269421, -13.302786], [-50.26985, -13.302786], [-50.270883, -13.302733], [-50.285417, -13.301543], [-50.292568, -13.301012], [-50.29404, -13.300871], [-50.303397, -13.30014], [-50.305585, -13.299945], [-50.307715, -13.299779], [-50.308154, -13.29973], [-50.313638, -13.299301], [-50.314896, -13.299218], [-50.323716, -13.298497], [-50.324757, -13.298438], [-50.326643, -13.298268], [-50.327628, -13.298209], [-50.331384, -13.297907], [-50.333339, -13.297727], [-50.337767, -13.29738], [-50.341477, -13.297059], [-50.344392, -13.296859], [-50.373656, -13.294504], [-50.37477, -13.294426], [-50.387498, -13.293378], [-50.393891, -13.292876], [-50.39588, -13.292696], [-50.397279, -13.292599], [-50.404827, -13.291979], [-50.41238, -13.291336], [-50.418963, -13.290805], [-50.419375, -13.290785], [-50.423304, -13.290473], [-50.428454, -13.29003], [-50.444143, -13.288767], [-50.445084, -13.28867], [-50.446629, -13.288558], [-50.452627, -13.288055], [-50.45735, -13.28768], [-50.470273, -13.286598], [-50.47322, -13.286359], [-50.473956, -13.286315], [-50.482735, -13.285565], [-50.487105, -13.285223], [-50.488246, -13.285116], [-50.488728, -13.285048], [-50.489196, -13.28496], [-50.489586, -13.284863], [-50.489922, -13.284736], [-50.490283, -13.284575], [-50.490975, -13.284166], [-50.491409, -13.283863], [-50.491765, -13.283585], [-50.497517, -13.27855], [-50.500154, -13.27622], [-50.501538, -13.275031], [-50.504453, -13.272442], [-50.509623, -13.267909], [-50.511612, -13.266149], [-50.512723, -13.26514], [-50.516913, -13.261479], [-50.517654, -13.260802], [-50.519175, -13.259466], [-50.519365, -13.259325], [-50.520398, -13.258389], [-50.525777, -13.25367], [-50.527542, -13.252071], [-50.528297, -13.251433], [-50.532236, -13.247986], [-50.532373, -13.24784], [-50.537284, -13.243516], [-50.53881, -13.242147], [-50.539901, -13.241191], [-50.540296, -13.240894], [-50.540813, -13.240577], [-50.54112, -13.240416], [-50.541654, -13.240182], [-50.542136, -13.240007], [-50.559266, -13.234893], [-50.561237, -13.234299], [-50.562222, -13.233982], [-50.562612, -13.233811], [-50.563475, -13.233363], [-50.563794, -13.233173], [-50.564282, -13.232841], [-50.564793, -13.232417], [-50.565027, -13.232188], [-50.565286, -13.231905], [-50.565588, -13.231535], [-50.565856, -13.23114], [-50.566095, -13.230774], [-50.56611, -13.230696], [-50.56764, -13.228235], [-50.57271, -13.219982], [-50.57329, -13.219168], [-50.574137, -13.218023]]}, "properties": {"SNV": "080BGO0255", "fid": 158, "EXT_KM": 45.5, "GEOCOD": "080BGO0255", "TRECHO": "ENTR GO-244 (ACESSO OESTE SÃO MIGUEL DO ARAGUAIA) - LUIZ ALVES", "RODOVIA": "BR-080", "SITUACAO": "PAV"}}, {"type": "Feature", "geometry": {"crs": {"type": "name", "properties": {"name": "EPSG:4674"}}, "type": "LineString", "coordinates": [[-50.574137, -13.218023], [-50.571874, -13.21573], [-50.577544, -13.210495], [-50.57794, -13.2101], [-50.578336, -13.209626], [-50.57868, -13.209114], [-50.578994, -13.208518], [-50.581604, -13.202766], [-50.583221, -13.203341], [-50.583701, -13.203559], [-50.584107, -13.203819], [-50.586385, -13.205466]]}, "properties": {"SNV": "080BGO0260", "fid": 159, "EXT_KM": 2.7, "GEOCOD": "080BGO0260", "TRECHO": "LUIZ ALVES - INÍCIO PONTE S/RIO ARAGUAIA (DIV GO/MT)", "RODOVIA": "BR-080", "SITUACAO": "LEN"}}, {"type": "Feature", "geometry": {"crs": {"type": "name", "properties": {"name": "EPSG:4674"}}, "type": "LineString", "coordinates": [[-49.132729, -13.44101], [-49.133116, -13.442533], [-49.133638, -13.444832], [-49.135137, -13.451233], [-49.135239, -13.451797], [-49.135319, -13.452479], [-49.13536, -13.452627], [-49.135397, -13.453067], [-49.135515, -13.456253], [-49.135665, -13.461135], [-49.135681, -13.462115], [-49.135854, -13.467335], [-49.13642, -13.485751], [-49.13642, -13.486724], [-49.13636, -13.4875], [-49.136263, -13.488071], [-49.136066, -13.488866], [-49.135939, -13.489265], [-49.135715, -13.489843], [-49.135457, -13.490396], [-49.135154, -13.490949], [-49.106111, -13.539743], [-49.103962, -13.543324], [-49.101468, -13.547523], [-49.101055, -13.548187], [-49.100711, -13.548651], [-49.100193, -13.549229], [-49.099769, -13.549624], [-49.099166, -13.550092], [-49.09853, -13.550492], [-49.098035, -13.55074], [-49.097339, -13.551013], [-49.096605, -13.55123], [-49.096037, -13.551347], [-49.089288, -13.55245], [-49.087848, -13.552678], [-49.087163, -13.552765], [-49.086062, -13.552969], [-49.085168, -13.553112], [-49.084978, -13.553114], [-49.084563, -13.553189], [-49.084265, -13.553261], [-49.083449, -13.553395], [-49.065245, -13.556366], [-49.064512, -13.556511], [-49.063973, -13.556657], [-49.063445, -13.556843], [-49.062943, -13.557073], [-49.06262, -13.557243], [-49.06216, -13.557527], [-49.061727, -13.55784], [-49.061308, -13.558191], [-49.054919, -13.564033], [-49.050423, -13.56811], [-49.045334, -13.572765], [-49.044775, -13.573341], [-49.044387, -13.57378], [-49.043923, -13.574381], [-49.043599, -13.574831], [-49.043132, -13.575569], [-49.042874, -13.576028], [-49.042561, -13.576674], [-49.042274, -13.577343], [-49.042077, -13.57787], [-49.041904, -13.578417], [-49.041717, -13.579145], [-49.041605, -13.579696], [-49.041515, -13.580268], [-49.041447, -13.580877], [-49.041409, -13.581512], [-49.041401, -13.582153], [-49.042691, -13.626401], [-49.04269, -13.626936], [-49.042664, -13.627489], [-49.042552, -13.628443], [-49.042153, -13.630831], [-49.042006, -13.631896], [-49.041903, -13.632504], [-49.041687, -13.633585], [-49.039164, -13.648585], [-49.038871, -13.650145], [-49.038766, -13.65052], [-49.038639, -13.650888], [-49.038486, -13.651253], [-49.038306, -13.651626], [-49.037598, -13.653002], [-49.036582, -13.654943], [-49.034647, -13.658704], [-49.033635, -13.660622], [-49.031223, -13.665301], [-49.028836, -13.669872], [-49.024261, -13.678715], [-49.023947, -13.679411], [-49.023751, -13.679972], [-49.023642, -13.680373], [-49.023528, -13.680986], [-49.023449, -13.681603], [-49.022756, -13.688387], [-49.022432, -13.691719], [-49.021363, -13.701996], [-49.020938, -13.706299], [-49.02092, -13.707169], [-49.02101, -13.710994], [-49.021021, -13.71229], [-49.021, -13.712756], [-49.021033, -13.714379]]}, "properties": {"SNV": "153BGO0350", "fid": 166, "EXT_KM": 38.6, "GEOCOD": "153BGO0350", "TRECHO": "ENTR BR-153/414/GO-244/353 (PORANGATU) - ENTR BR-153/414/GO-241 (STA TEREZA DE GOIÁS)", "RODOVIA": "BR-153", "SITUACAO": "PAV"}}, {"type": "Feature", "geometry": {"crs": {"type": "name", "properties": {"name": "EPSG:4674"}}, "type": "LineString", "coordinates": [[-49.544853, -15.172878], [-49.544922, -15.173275], [-49.544991, -15.173895], [-49.545009, -15.174503], [-49.544985, -15.17889], [-49.544954, -15.179187], [-49.544983, -15.179454], [-49.544964, -15.186991], [-49.544948, -15.189236], [-49.544923, -15.189371], [-49.544943, -15.189764], [-49.544936, -15.192578], [-49.544902, -15.197205], [-49.544886, -15.203681], [-49.54495, -15.204401], [-49.544954, -15.204584], [-49.544989, -15.204761], [-49.545188, -15.205438], [-49.545373, -15.205919], [-49.546599, -15.208779]]}, "properties": {"SNV": "153BGO0470", "fid": 175, "EXT_KM": 4.5, "GEOCOD": "153BGO0470", "TRECHO": "ENTR GO-434 (JARDIM PAULISTA) - ENTR GO-483 (RIALCEMA)", "RODOVIA": "BR-153", "SITUACAO": "PAV"}}, {"type": "Feature", "geometry": {"crs": {"type": "name", "properties": {"name": "EPSG:4674"}}, "type": "LineString", "coordinates": [[-49.546599, -15.208779], [-49.548564, -15.213316], [-49.55346, -15.224713], [-49.553843, -15.225706], [-49.554166, -15.226763], [-49.554314, -15.227349], [-49.554458, -15.228067], [-49.556191, -15.238246], [-49.556891, -15.242458], [-49.557234, -15.244358], [-49.557321, -15.244997], [-49.557356, -15.245663], [-49.557335, -15.246353], [-49.557252, -15.247056], [-49.557045, -15.247931], [-49.556883, -15.248429], [-49.556763, -15.24875], [-49.556624, -15.249054], [-49.556241, -15.249795], [-49.555887, -15.250356], [-49.555483, -15.250885], [-49.554925, -15.251494], [-49.554567, -15.251835], [-49.554315, -15.252048], [-49.548735, -15.256368], [-49.548444, -15.256629], [-49.548173, -15.256905], [-49.547927, -15.257194], [-49.547706, -15.257494], [-49.547417, -15.257971], [-49.547177, -15.258478], [-49.546989, -15.259004], [-49.546862, -15.259542], [-49.54679, -15.260095], [-49.546774, -15.26065], [-49.546814, -15.261193], [-49.546907, -15.261717], [-49.547052, -15.26223], [-49.550465, -15.272871], [-49.550855, -15.274056], [-49.551056, -15.274582], [-49.551311, -15.275118], [-49.551699, -15.275788], [-49.55443, -15.279949], [-49.554884, -15.280504], [-49.555139, -15.280759], [-49.555413, -15.281002], [-49.555856, -15.281334], [-49.556167, -15.28153], [-49.556485, -15.281703], [-49.55681, -15.281854], [-49.557318, -15.282044], [-49.560335, -15.282998], [-49.561078, -15.283261], [-49.56184, -15.283612], [-49.562391, -15.283962], [-49.56269, -15.284175], [-49.563237, -15.28465], [-49.563618, -15.285036], [-49.566157, -15.287831], [-49.566932, -15.288708], [-49.567171, -15.28902], [-49.567391, -15.289351], [-49.56759, -15.289696], [-49.567846, -15.290236], [-49.567985, -15.290608], [-49.5681, -15.290997], [-49.56829, -15.291824], [-49.57077, -15.304178], [-49.571095, -15.305637], [-49.571657, -15.308605], [-49.572572, -15.313147], [-49.572656, -15.313673], [-49.572695, -15.314191], [-49.572682, -15.314866], [-49.572483, -15.316502], [-49.572027, -15.319881], [-49.572027, -15.319963]]}, "properties": {"SNV": "153BGO0471", "fid": 176, "EXT_KM": 15.3, "GEOCOD": "153BGO0471", "TRECHO": "ENTR GO-483 (RIALCEMA) - ENTR BR-153/251/GO-480 (RIALMA)", "RODOVIA": "BR-153", "SITUACAO": "PAV"}}, {"type": "Feature", "geometry": {"crs": {"type": "name", "properties": {"name": "EPSG:4674"}}, "type": "LineString", "coordinates": [[-49.572027, -15.319963], [-49.571526, -15.323896], [-49.571154, -15.32662], [-49.570557, -15.331269], [-49.570445, -15.332087], [-49.570352, -15.332559], [-49.570316, -15.333033], [-49.570188, -15.334077], [-49.568247, -15.348959], [-49.568048, -15.350293], [-49.567927, -15.350821], [-49.567776, -15.351341], [-49.567581, -15.351849], [-49.567348, -15.352373], [-49.564006, -15.359399], [-49.563595, -15.360323], [-49.563029, -15.361531], [-49.562721, -15.362135], [-49.562557, -15.362401], [-49.562508, -15.362545], [-49.562262, -15.363106], [-49.561822, -15.363989], [-49.558172, -15.371671], [-49.558054, -15.371874], [-49.555841, -15.376523], [-49.555465, -15.377257], [-49.554872, -15.378576], [-49.554318, -15.379725], [-49.553754, -15.380841], [-49.551042, -15.386563], [-49.55089, -15.38693], [-49.550657, -15.387347], [-49.550609, -15.387525], [-49.549671, -15.389495], [-49.549611, -15.389654], [-49.548441, -15.39208], [-49.548073, -15.392711], [-49.547754, -15.39316], [-49.547407, -15.393583], [-49.547164, -15.393846], [-49.546784, -15.394217], [-49.546374, -15.394567], [-49.545915, -15.394905], [-49.545414, -15.395223], [-49.545055, -15.395416], [-49.539753, -15.398003], [-49.538432, -15.398672], [-49.53809, -15.398873], [-49.537614, -15.399204], [-49.537315, -15.399437], [-49.536902, -15.399822], [-49.536508, -15.400237], [-49.533669, -15.403535], [-49.532792, -15.404525], [-49.531979, -15.405484], [-49.51886, -15.42068], [-49.517375, -15.422353], [-49.516182, -15.423734], [-49.515581, -15.424468], [-49.51433, -15.42592], [-49.513975, -15.426358], [-49.51377, -15.426666], [-49.513584, -15.426984], [-49.513337, -15.427477], [-49.513197, -15.427816], [-49.511961, -15.431127], [-49.511652, -15.432034], [-49.510189, -15.435979], [-49.509656, -15.4374], [-49.509509, -15.4377], [-49.509464, -15.437889], [-49.509196, -15.438632], [-49.507585, -15.442974], [-49.507429, -15.443363], [-49.507317, -15.443601], [-49.506606, -15.444894], [-49.506345, -15.445462], [-49.504656, -15.449991], [-49.504298, -15.451001], [-49.50411, -15.451597]]}, "properties": {"SNV": "153BGO0472", "fid": 177, "EXT_KM": 15.3, "GEOCOD": "153BGO0472", "TRECHO": "ENTR BR-153/251/GO-480 (RIALMA) - ENTR GO-230 (RIANÁPOLIS)", "RODOVIA": "BR-153", "SITUACAO": "PAV"}}, {"type": "Feature", "geometry": {"crs": {"type": "name", "properties": {"name": "EPSG:4674"}}, "type": "LineString", "coordinates": [[-47.433354, -16.204854], [-47.43766, -16.203286], [-47.450475, -16.198675]]}, "properties": {"SNV": "251BGO0480", "fid": 240, "EXT_KM": 2, "GEOCOD": "251BGO0480", "TRECHO": "ENTR GO-010 - ENTR GO-010", "RODOVIA": "BR-251", "SITUACAO": "PAV"}}, {"type": "Feature", "geometry": {"crs": {"type": "name", "properties": {"name": "EPSG:4674"}}, "type": "LineString", "coordinates": [[-49.50411, -15.451597], [-49.503969, -15.452197], [-49.503846, -15.452979], [-49.503788, -15.453187], [-49.502738, -15.456029], [-49.502672, -15.456191], [-49.502562, -15.456391], [-49.502507, -15.456639], [-49.501914, -15.45825], [-49.496582, -15.472659], [-49.496185, -15.4737], [-49.496122, -15.473817]]}, "properties": {"SNV": "153BGO0474", "fid": 178, "EXT_KM": 2.7, "GEOCOD": "153BGO0474", "TRECHO": "ENTR GO-230 (RIANÁPOLIS) - ENTR GO-230 (P/URUANA)", "RODOVIA": "BR-153", "SITUACAO": "PAV"}}, {"type": "Feature", "geometry": {"crs": {"type": "name", "properties": {"name": "EPSG:4674"}}, "type": "LineString", "coordinates": [[-49.496122, -15.473817], [-49.49605, -15.473968], [-49.495687, -15.475054], [-49.493704, -15.480443], [-49.493483, -15.480954], [-49.493342, -15.481234], [-49.493215, -15.481447], [-49.493174, -15.481553], [-49.493126, -15.481695], [-49.492999, -15.482262], [-49.492692, -15.483157], [-49.490089, -15.490179], [-49.489716, -15.491065], [-49.48958, -15.491341], [-49.489286, -15.491854], [-49.488963, -15.492346], [-49.488691, -15.492707], [-49.48861, -15.492837], [-49.488304, -15.493176], [-49.488001, -15.493491], [-49.48714, -15.494319], [-49.484364, -15.496949], [-49.483846, -15.497483], [-49.483381, -15.498052], [-49.483052, -15.49851], [-49.480709, -15.501913], [-49.479966, -15.503016], [-49.479198, -15.504109], [-49.476957, -15.507375], [-49.475528, -15.509426], [-49.475104, -15.509988], [-49.473506, -15.511872], [-49.47321, -15.512242], [-49.473004, -15.512529], [-49.472456, -15.51336], [-49.472359, -15.513553], [-49.47209, -15.513916], [-49.466761, -15.522102], [-49.466313, -15.522765], [-49.465948, -15.523231], [-49.465424, -15.523809], [-49.465144, -15.52408], [-49.464705, -15.524468], [-49.464079, -15.524937], [-49.463749, -15.525153], [-49.46324, -15.52545], [-49.46248, -15.525826], [-49.454991, -15.529169], [-49.454237, -15.529529], [-49.453675, -15.529853], [-49.444901, -15.535826], [-49.443406, -15.536882], [-49.442528, -15.537481], [-49.442043, -15.537789], [-49.441896, -15.5379], [-49.441601, -15.538071], [-49.43977, -15.539315], [-49.438816, -15.539936], [-49.43834, -15.540283], [-49.437901, -15.540652], [-49.437492, -15.541047], [-49.437237, -15.541326], [-49.436993, -15.541617], [-49.436649, -15.542075], [-49.434271, -15.545544], [-49.433765, -15.546333], [-49.431774, -15.549231], [-49.431606, -15.549462], [-49.431512, -15.549562], [-49.431469, -15.549668], [-49.431374, -15.549815], [-49.429797, -15.552124], [-49.428816, -15.553529], [-49.428415, -15.554077], [-49.427512, -15.555183], [-49.422335, -15.561305], [-49.421863, -15.561898], [-49.42165, -15.5622], [-49.421345, -15.562688], [-49.421068, -15.563208], [-49.420905, -15.563564], [-49.420759, -15.563926], [-49.420571, -15.564479], [-49.420377, -15.565236], [-49.420274, -15.565841], [-49.419792, -15.569336], [-49.419746, -15.569781], [-49.418979, -15.575387], [-49.418844, -15.576061], [-49.418751, -15.576385], [-49.418638, -15.576704], [-49.418427, -15.577173], [-49.418172, -15.577625], [-49.417979, -15.577915], [-49.417653, -15.578331], [-49.417414, -15.578596], [-49.413534, -15.582385], [-49.413253, -15.582679], [-49.412997, -15.582982], [-49.412769, -15.583294], [-49.412567, -15.58361], [-49.412305, -15.584096], [-49.412096, -15.584598], [-49.411935, -15.585121], [-49.411845, -15.585493], [-49.411412, -15.587597], [-49.411257, -15.588172], [-49.411062, -15.588745], [-49.408399, -15.594877], [-49.408109, -15.595487], [-49.40769, -15.596504], [-49.406653, -15.598857], [-49.406337, -15.599623], [-49.406202, -15.60001], [-49.406081, -15.600414], [-49.405888, -15.601242], [-49.40537, -15.603864], [-49.405211, -15.604808], [-49.405042, -15.605689], [-49.404711, -15.607175], [-49.404493, -15.607896], [-49.404245, -15.608526], [-49.404033, -15.608971], [-49.403872, -15.609269], [-49.403597, -15.609706], [-49.403253, -15.610184], [-49.402981, -15.610512], [-49.40269, -15.610829], [-49.402233, -15.611277], [-49.400888, -15.61247], [-49.399496, -15.61374], [-49.387608, -15.624439], [-49.386724, -15.625196], [-49.381477, -15.629922], [-49.380499, -15.630844], [-49.376122, -15.634789], [-49.375687, -15.635215], [-49.37527, -15.635669], [-49.374868, -15.636169], [-49.374352, -15.636889], [-49.372169, -15.640135], [-49.371136, -15.641618], [-49.368009, -15.646266], [-49.366582, -15.648449], [-49.361761, -15.655602], [-49.361459, -15.655997], [-49.361146, -15.656367], [-49.360818, -15.65672], [-49.360365, -15.657158], [-49.35923, -15.658098], [-49.356553, -15.660229], [-49.356149, -15.660579], [-49.355881, -15.660837], [-49.355508, -15.661281], [-49.355063, -15.66189], [-49.351952, -15.666416], [-49.351443, -15.667217], [-49.350848, -15.668081], [-49.350246, -15.6689], [-49.348889, -15.670861], [-49.348313, -15.671755], [-49.347599, -15.672813], [-49.346766, -15.674], [-49.342197, -15.680664], [-49.341835, -15.681267], [-49.341555, -15.681833], [-49.339815, -15.686292], [-49.337947, -15.691171], [-49.337148, -15.69318], [-49.33623, -15.695583], [-49.33586, -15.696467], [-49.335456, -15.697265], [-49.33473, -15.698581], [-49.334526, -15.699008], [-49.333757, -15.700323], [-49.332259, -15.70305], [-49.332059, -15.703476], [-49.331828, -15.70405], [-49.331735, -15.704348], [-49.33157, -15.705117], [-49.330992, -15.708301], [-49.330117, -15.712956], [-49.330066, -15.713208], [-49.329993, -15.713459], [-49.329997, -15.713565], [-49.329868, -15.714301], [-49.329754, -15.714853], [-49.328549, -15.721345], [-49.328263, -15.722842], [-49.328092, -15.723569], [-49.327984, -15.723922], [-49.32779, -15.724447], [-49.326476, -15.727605], [-49.325891, -15.728951], [-49.323907, -15.733653], [-49.323703, -15.734089], [-49.323354, -15.734771], [-49.323074, -15.735412]]}, "properties": {"SNV": "153BGO0490", "fid": 179, "EXT_KM": 35.1, "GEOCOD": "153BGO0490", "TRECHO": "ENTR GO-230 (P/URUANA) - ENTR GO-080 (P/GOIANÉSIA)", "RODOVIA": "BR-153", "SITUACAO": "PAV"}}, {"type": "Feature", "geometry": {"crs": {"type": "name", "properties": {"name": "EPSG:4674"}}, "type": "LineString", "coordinates": [[-49.323074, -15.735412], [-49.32286, -15.735949], [-49.322486, -15.737], [-49.321609, -15.739107], [-49.318613, -15.746188], [-49.31842, -15.746575], [-49.318362, -15.746772], [-49.318185, -15.747209], [-49.315157, -15.754354], [-49.314494, -15.75595], [-49.314155, -15.756733], [-49.313591, -15.757862], [-49.313174, -15.75882], [-49.31306, -15.759041]]}, "properties": {"SNV": "153BGO0495", "fid": 180, "EXT_KM": 2.8, "GEOCOD": "153BGO0495", "TRECHO": "ENTR GO-080 (P/GOIANÉSIA) - ENTR GO-427 (JARAGUÁ)", "RODOVIA": "BR-153", "SITUACAO": "PAV"}}, {"type": "Feature", "geometry": {"crs": {"type": "name", "properties": {"name": "EPSG:4674"}}, "type": "LineString", "coordinates": [[-49.31306, -15.759041], [-49.312957, -15.759332], [-49.312472, -15.760533], [-49.311916, -15.762047], [-49.306808, -15.77416], [-49.306628, -15.774573], [-49.306495, -15.774826], [-49.306116, -15.7758], [-49.305043, -15.778351], [-49.304759, -15.779136], [-49.304624, -15.779625], [-49.30442, -15.780506], [-49.302709, -15.788267], [-49.301599, -15.793193], [-49.301157, -15.795229], [-49.300861, -15.796504], [-49.300317, -15.799029], [-49.299918, -15.800757], [-49.299824, -15.801138], [-49.29966, -15.801678], [-49.299532, -15.802012], [-49.29932, -15.802479], [-49.298983, -15.803082], [-49.298688, -15.803512], [-49.275373, -15.835738]]}, "properties": {"SNV": "153BGO0510", "fid": 181, "EXT_KM": 10.1, "GEOCOD": "153BGO0510", "TRECHO": "ENTR GO-427 (JARAGUÁ) - ENTR BR-070/153", "RODOVIA": "BR-153", "SITUACAO": "PAV"}}, {"type": "Feature", "geometry": {"crs": {"type": "name", "properties": {"name": "EPSG:4674"}}, "type": "LineString", "coordinates": [[-47.450475, -16.198675], [-47.458293, -16.195857], [-47.459001, -16.195578], [-47.459518, -16.195316], [-47.459852, -16.195115], [-47.460172, -16.194897], [-47.460621, -16.194539], [-47.460901, -16.194278], [-47.461168, -16.193998], [-47.461419, -16.193702], [-47.461659, -16.193384], [-47.462105, -16.19269], [-47.463645, -16.190146], [-47.472701, -16.175334], [-47.473595, -16.173842], [-47.474109, -16.172892], [-47.474502, -16.172104], [-47.475056, -16.170885], [-47.475398, -16.170055], [-47.475765, -16.16902], [-47.476156, -16.16776], [-47.483365, -16.142631], [-47.486603, -16.131415], [-47.487823, -16.127114], [-47.4929, -16.109433], [-47.4931, -16.10878], [-47.493226, -16.108431], [-47.493456, -16.107924], [-47.493632, -16.107602], [-47.493926, -16.107142], [-47.494256, -16.106716], [-47.494614, -16.106325], [-47.495135, -16.105843], [-47.522232, -16.082486], [-47.52283, -16.081978], [-47.52298, -16.081883], [-47.523185, -16.081671], [-47.526789, -16.07856], [-47.527282, -16.078071], [-47.527616, -16.077668], [-47.527915, -16.077245], [-47.528107, -16.076929], [-47.528288, -16.076581], [-47.528525, -16.076031], [-47.532489, -16.064456], [-47.53479, -16.057804], [-47.537468, -16.049956], [-47.537543, -16.049748], [-47.537621, -16.049624]]}, "properties": {"SNV": "251BGO0485", "fid": 241, "EXT_KM": 20, "GEOCOD": "251BGO0485", "TRECHO": "ENTR GO-010 - ENTR GO-295 (DIV GO/DF)", "RODOVIA": "BR-251", "SITUACAO": "PAV"}}, {"type": "Feature", "geometry": {"crs": {"type": "name", "properties": {"name": "EPSG:4674"}}, "type": "LineString", "coordinates": [[-49.275373, -15.835738], [-49.273559, -15.838257], [-49.273205, -15.838803], [-49.272937, -15.83927], [-49.272516, -15.840077], [-49.270135, -15.844803], [-49.269795, -15.845442], [-49.269562, -15.845926], [-49.269489, -15.846035], [-49.269443, -15.846159], [-49.268933, -15.847184], [-49.265421, -15.854132], [-49.264996, -15.854938], [-49.264455, -15.855845], [-49.263561, -15.857044], [-49.2619, -15.859332], [-49.257824, -15.864973], [-49.249654, -15.876217], [-49.24252, -15.886067], [-49.239538, -15.890156], [-49.238128, -15.892121], [-49.237863, -15.892432], [-49.237631, -15.892801]]}, "properties": {"SNV": "153BGO0530", "fid": 182, "EXT_KM": 7, "GEOCOD": "153BGO0530", "TRECHO": "ENTR BR-070/153 - ENTR GO-080 (P/SÃO FRANCISCO DE GOIÁS)", "RODOVIA": "BR-153", "SITUACAO": "PAV"}}, {"type": "Feature", "geometry": {"crs": {"type": "name", "properties": {"name": "EPSG:4674"}}, "type": "LineString", "coordinates": [[-49.237631, -15.892801], [-49.236253, -15.894707], [-49.235867, -15.895278], [-49.235147, -15.896537], [-49.234346, -15.898065], [-49.233703, -15.899185], [-49.233329, -15.899794], [-49.232891, -15.900405], [-49.230801, -15.902922], [-49.22828, -15.905995], [-49.224578, -15.910436], [-49.223051, -15.912317], [-49.222051, -15.913506], [-49.214898, -15.92214], [-49.211403, -15.926401], [-49.211276, -15.926529], [-49.208841, -15.929476], [-49.20858, -15.929755], [-49.208299, -15.93002], [-49.207531, -15.930648], [-49.207191, -15.930888], [-49.20507, -15.93227], [-49.204591, -15.932616], [-49.204019, -15.933097], [-49.203343, -15.933761], [-49.202898, -15.934158], [-49.202666, -15.934459], [-49.19877, -15.938419], [-49.198644, -15.93857], [-49.19822, -15.939014], [-49.195217, -15.942081], [-49.189382, -15.948017], [-49.189007, -15.94844], [-49.188659, -15.948883], [-49.186436, -15.951956], [-49.186368, -15.95207], [-49.18275, -15.957116], [-49.18197, -15.958193], [-49.181726, -15.958476], [-49.181546, -15.95878], [-49.181443, -15.958922], [-49.181016, -15.959474], [-49.180544, -15.96002], [-49.179133, -15.961537], [-49.179002, -15.961674], [-49.178849, -15.961802], [-49.178739, -15.961948], [-49.178486, -15.962223], [-49.176267, -15.964579], [-49.172884, -15.968211], [-49.171196, -15.969996], [-49.168235, -15.973181], [-49.164353, -15.977307], [-49.164252, -15.977433], [-49.163471, -15.978269], [-49.162355, -15.979436], [-49.162241, -15.97954], [-49.162051, -15.979756], [-49.161934, -15.979858], [-49.161849, -15.979968], [-49.160948, -15.980925], [-49.160469, -15.981459], [-49.157531, -15.984578], [-49.148214, -15.994551], [-49.147778, -15.994996], [-49.147297, -15.995425], [-49.146794, -15.995804], [-49.138504, -16.001754], [-49.136863, -16.002906], [-49.136049, -16.003414], [-49.135222, -16.003903], [-49.134124, -16.004518], [-49.133502, -16.004883], [-49.133397, -16.004967], [-49.133248, -16.00503], [-49.130398, -16.006678], [-49.128939, -16.007499], [-49.126694, -16.008795], [-49.126488, -16.00893], [-49.125289, -16.009606], [-49.124182, -16.01028], [-49.123319, -16.010744], [-49.121036, -16.012044], [-49.120018, -16.012661], [-49.118908, -16.01339], [-49.118678, -16.013508], [-49.118464, -16.013682], [-49.118197, -16.013866], [-49.097695, -16.027527], [-49.097289, -16.02778], [-49.096877, -16.028011], [-49.095231, -16.028865], [-49.087223, -16.032921], [-49.08625, -16.033455], [-49.085592, -16.033888], [-49.08519, -16.034188], [-49.084753, -16.034542], [-49.083981, -16.035282], [-49.083513, -16.035787], [-49.082824, -16.036676], [-49.082582, -16.036956], [-49.082528, -16.037075], [-49.082395, -16.037266], [-49.081209, -16.038869], [-49.081061, -16.039089], [-49.08088, -16.039309], [-49.079425, -16.041289], [-49.078383, -16.042666], [-49.074417, -16.048012]]}, "properties": {"SNV": "153BGO0550", "fid": 183, "EXT_KM": 24.9, "GEOCOD": "153BGO0550", "TRECHO": "ENTR GO-080 (P/SÃO FRANCISCO DE GOIÁS) - ENTR GO-431 (P/PIRENOPOLIS)", "RODOVIA": "BR-153", "SITUACAO": "PAV"}}, {"type": "Feature", "geometry": {"crs": {"type": "name", "properties": {"name": "EPSG:4674"}}, "type": "LineString", "coordinates": [[-49.074417, -16.048012], [-49.073492, -16.049282], [-49.067635, -16.057162], [-49.066324, -16.058954], [-49.062452, -16.064143], [-49.062018, -16.064767], [-49.06145, -16.065479], [-49.05875, -16.069137], [-49.055716, -16.073209], [-49.05533, -16.073789], [-49.054898, -16.074375], [-49.054245, -16.075216], [-49.053713, -16.075871], [-49.053136, -16.076468], [-49.052739, -16.076832], [-49.052142, -16.077313], [-49.051667, -16.077637], [-49.050706, -16.078205], [-49.046829, -16.080408], [-49.044414, -16.081752], [-49.043388, -16.082344], [-49.042951, -16.082635], [-49.042421, -16.083047], [-49.042077, -16.083385], [-49.041866, -16.083622], [-49.04157, -16.083995], [-49.041099, -16.08469], [-49.032389, -16.097981], [-49.032006, -16.098572], [-49.031964, -16.098686], [-49.031865, -16.098792], [-49.031267, -16.099708], [-49.031063, -16.100033], [-49.030845, -16.100437], [-49.030657, -16.100859], [-49.030533, -16.101206], [-49.030376, -16.101841], [-49.030326, -16.102144], [-49.030279, -16.1026], [-49.030267, -16.103195], [-49.030355, -16.104486], [-49.030472, -16.105318], [-49.030624, -16.106865], [-49.030698, -16.10743], [-49.030692, -16.107525], [-49.030743, -16.10782], [-49.030736, -16.108114], [-49.030781, -16.108252], [-49.030855, -16.108751], [-49.031207, -16.11148], [-49.031356, -16.112256], [-49.031634, -16.113216], [-49.031828, -16.113787], [-49.032138, -16.11454], [-49.032396, -16.115089], [-49.032894, -16.115981], [-49.033321, -16.116667], [-49.033654, -16.117154], [-49.034254, -16.117902], [-49.03475, -16.118458], [-49.035008, -16.118718], [-49.03583, -16.119474], [-49.036579, -16.120065], [-49.037551, -16.120748], [-49.04033, -16.122629], [-49.040918, -16.123059], [-49.041193, -16.123279], [-49.041697, -16.123737], [-49.042162, -16.124205], [-49.044256, -16.126384], [-49.045136, -16.12731], [-49.04556, -16.127831], [-49.045828, -16.128226], [-49.046145, -16.128782], [-49.046407, -16.129378], [-49.046563, -16.129849], [-49.047416, -16.132933], [-49.047808, -16.134463], [-49.047937, -16.135121], [-49.047997, -16.135564], [-49.048022, -16.135955], [-49.048033, -16.136527], [-49.047996, -16.136771], [-49.048018, -16.136898], [-49.048012, -16.137012], [-49.047947, -16.137677], [-49.047847, -16.138237], [-49.047411, -16.140062], [-49.046218, -16.144889], [-49.045757, -16.146844], [-49.045636, -16.147277], [-49.045429, -16.148171], [-49.04534, -16.148474], [-49.044777, -16.150874], [-49.044521, -16.151871], [-49.044227, -16.15316], [-49.043905, -16.1544], [-49.043765, -16.155056], [-49.043688, -16.15557], [-49.043639, -16.156093], [-49.04361, -16.156787], [-49.042913, -16.176813], [-49.042843, -16.1776], [-49.042786, -16.177989], [-49.042674, -16.178555], [-49.042528, -16.179106], [-49.042344, -16.179646], [-49.042049, -16.180338], [-49.041788, -16.180844], [-49.041115, -16.181961], [-49.037303, -16.188075], [-49.036769, -16.188823], [-49.03625, -16.189422], [-49.035652, -16.189976], [-49.034968, -16.190497]]}, "properties": {"SNV": "153BGO0552", "fid": 184, "EXT_KM": 18.7, "GEOCOD": "153BGO0552", "TRECHO": "ENTR GO-431 (P/PIRENOPOLIS) - ENTR GO-433", "RODOVIA": "BR-153", "SITUACAO": "PAV"}}, {"type": "Feature", "geometry": {"crs": {"type": "name", "properties": {"name": "EPSG:4674"}}, "type": "LineString", "coordinates": [[-49.034968, -16.190497], [-49.034616, -16.190725], [-49.03405, -16.191051], [-49.028752, -16.193808], [-49.028318, -16.194051], [-49.027887, -16.194322], [-49.027442, -16.194636], [-49.027145, -16.194869], [-49.026711, -16.195249], [-49.026295, -16.195658], [-49.025761, -16.196272], [-49.025403, -16.19676], [-49.02518, -16.197096], [-49.024874, -16.197623], [-49.024083, -16.199227], [-49.008629, -16.230997], [-49.007832, -16.232698], [-49.006523, -16.235325], [-49.002358, -16.243891], [-49.002013, -16.244525], [-49.001665, -16.245068], [-49.001272, -16.245589], [-49.000832, -16.246098], [-49.000362, -16.246573], [-48.998446, -16.248409], [-48.998079, -16.248685], [-48.9974, -16.249087], [-48.997265, -16.249179], [-48.997007, -16.249396], [-48.992847, -16.253401], [-48.992503, -16.253779], [-48.991957, -16.254575], [-48.991745, -16.25482], [-48.990523, -16.256013], [-48.988111, -16.258325], [-48.987774, -16.258667], [-48.987067, -16.25946], [-48.986488, -16.26016], [-48.985717, -16.260992], [-48.980178, -16.267259], [-48.979714, -16.267734], [-48.979205, -16.268152], [-48.977557, -16.269229], [-48.973953, -16.271541], [-48.973624, -16.271715], [-48.973455, -16.27185], [-48.971277, -16.27331], [-48.969227, -16.274635], [-48.966785, -16.276239], [-48.963869, -16.278077], [-48.958705, -16.281395], [-48.957989, -16.281819], [-48.957264, -16.282166], [-48.956527, -16.282436], [-48.946212, -16.285801], [-48.944628, -16.286349], [-48.944352, -16.286436], [-48.944043, -16.28651], [-48.943904, -16.286578]]}, "properties": {"SNV": "153BGO0560", "fid": 185, "EXT_KM": 15.2, "GEOCOD": "153BGO0560", "TRECHO": "ENTR GO-433 - ENTR BR-153/414 (ANÁPOLIS)", "RODOVIA": "BR-153", "SITUACAO": "DUP"}}, {"type": "Feature", "geometry": {"crs": {"type": "name", "properties": {"name": "EPSG:4674"}}, "type": "LineString", "coordinates": [[-48.943904, -16.286578], [-48.943095, -16.286847], [-48.941051, -16.287487], [-48.938934, -16.288189], [-48.93847, -16.288385], [-48.938012, -16.288624], [-48.937563, -16.288906], [-48.937273, -16.289118], [-48.936856, -16.289476], [-48.936459, -16.289872], [-48.929437, -16.297206], [-48.928435, -16.298295], [-48.927654, -16.299068], [-48.92687, -16.299886], [-48.926618, -16.30017], [-48.926155, -16.300767], [-48.925846, -16.301245], [-48.925583, -16.301741], [-48.925297, -16.302408], [-48.924181, -16.305764], [-48.923952, -16.306358], [-48.923929, -16.306517], [-48.922037, -16.312235], [-48.921823, -16.313029], [-48.921708, -16.313635], [-48.921629, -16.31426], [-48.921592, -16.314908], [-48.921599, -16.315576], [-48.921987, -16.324287], [-48.922001, -16.324833], [-48.921989, -16.325152], [-48.922024, -16.325299], [-48.922081, -16.326429], [-48.922532, -16.336683], [-48.922678, -16.338868], [-48.922736, -16.339407], [-48.92281, -16.339763], [-48.922963, -16.340307], [-48.923091, -16.340674], [-48.923318, -16.341222], [-48.928802, -16.352906], [-48.928853, -16.353086], [-48.92885, -16.353172], [-48.928763, -16.353407], [-48.928631, -16.353622], [-48.928586, -16.354055]]}, "properties": {"SNV": "153BGO0570", "fid": 186, "EXT_KM": 8.3, "GEOCOD": "153BGO0570", "TRECHO": "ENTR BR-153/414 (ANÁPOLIS) - ENTR BR-060/153 (ANÁPOLIS)", "RODOVIA": "BR-153", "SITUACAO": "DUP"}}, {"type": "Feature", "geometry": {"crs": {"type": "name", "properties": {"name": "EPSG:4674"}}, "type": "LineString", "coordinates": [[-48.928586, -16.354055], [-48.928848, -16.354112], [-48.929016, -16.354173], [-48.929183, -16.354252], [-48.929347, -16.354354], [-48.929499, -16.354476], [-48.92963, -16.354609], [-48.929831, -16.354892], [-48.930717, -16.356648], [-48.932993, -16.361461], [-48.933213, -16.361863], [-48.933477, -16.362292], [-48.933685, -16.362591], [-48.933916, -16.362888], [-48.934304, -16.363323], [-48.93472, -16.363744], [-48.943628, -16.372481], [-48.944233, -16.373146], [-48.945231, -16.374388], [-48.945656, -16.374865], [-48.945993, -16.375189], [-48.946702, -16.375799], [-48.947309, -16.376355], [-48.948021, -16.377101], [-48.94892, -16.378113], [-48.951009, -16.38013], [-48.951349, -16.380484], [-48.951654, -16.380853], [-48.951844, -16.381112], [-48.95245, -16.382076], [-48.953218, -16.38317], [-48.953595, -16.383748], [-48.958443, -16.391921], [-48.958799, -16.39246], [-48.959092, -16.392829], [-48.9594, -16.393157], [-48.959716, -16.393447], [-48.960519, -16.394137], [-48.961458, -16.395093], [-48.961788, -16.395378], [-48.962243, -16.395686]]}, "properties": {"SNV": "153BGO0574", "fid": 187, "EXT_KM": 5.9, "GEOCOD": "153BGO0574", "TRECHO": "ENTR BR-060/153 (ANÁPOLIS) - ENTR GO-330 (P/ANÁPOLIS/DAIA)", "RODOVIA": "BR-153", "SITUACAO": "DUP"}}, {"type": "Feature", "geometry": {"crs": {"type": "name", "properties": {"name": "EPSG:4674"}}, "type": "LineString", "coordinates": [[-49.206326, -16.619323], [-49.206337, -16.619956], [-49.206283, -16.62073], [-49.205023, -16.633615], [-49.204941, -16.634577], [-49.204932, -16.634898], [-49.204945, -16.635388], [-49.205015, -16.636041], [-49.205143, -16.6367], [-49.20533, -16.637348], [-49.205507, -16.637826], [-49.205717, -16.638283], [-49.205958, -16.638731], [-49.206311, -16.639303], [-49.209972, -16.644395], [-49.210163, -16.644727], [-49.210472, -16.645498], [-49.210659, -16.645792], [-49.21108, -16.64636], [-49.211197, -16.646492], [-49.211846, -16.647004], [-49.212227, -16.647419], [-49.212296, -16.64753], [-49.212364, -16.64757], [-49.215339, -16.651037], [-49.215636, -16.651402], [-49.215951, -16.651834], [-49.216116, -16.652101], [-49.216276, -16.652427], [-49.216356, -16.65252], [-49.216615, -16.652974], [-49.219574, -16.6582]]}, "properties": {"SNV": "153BGO0590", "fid": 190, "EXT_KM": 6.4, "GEOCOD": "153BGO0590", "TRECHO": "ENTR BR-060/153 (VIADUTO ALDEIA DO VALE - GOIÂNIA) - ENTR GO-010 (GOIÂNIA)", "RODOVIA": "BR-153", "SITUACAO": "DUP"}}, {"type": "Feature", "geometry": {"crs": {"type": "name", "properties": {"name": "EPSG:4674"}}, "type": "LineString", "coordinates": [[-49.140659, -15.326756], [-49.143005, -15.326795], [-49.15009, -15.326971], [-49.158701, -15.327315], [-49.167139, -15.327832], [-49.18281, -15.328693], [-49.197037, -15.329337], [-49.19917, -15.329554], [-49.200766, -15.33004], [-49.207781, -15.333515], [-49.213387, -15.335804], [-49.215341, -15.33627], [-49.218092, -15.336685], [-49.221108, -15.337691], [-49.225157, -15.33937], [-49.229979, -15.34092], [-49.231873, -15.341436], [-49.23635, -15.341092], [-49.238417, -15.340747], [-49.242722, -15.338164], [-49.24565, -15.336098], [-49.249955, -15.334031], [-49.255293, -15.331276], [-49.257188, -15.330243], [-49.262698, -15.329554], [-49.270448, -15.328521], [-49.274409, -15.327832], [-49.284741, -15.324904], [-49.293524, -15.322493], [-49.295074, -15.321977], [-49.315911, -15.321977], [-49.32125, -15.322321], [-49.324229, -15.322321], [-49.329051, -15.321632], [-49.336628, -15.320771], [-49.340042, -15.320314], [-49.342173, -15.319926], [-49.344595, -15.32012], [-49.348954, -15.320507], [-49.351085, -15.320798], [-49.352248, -15.321573], [-49.353313, -15.322639], [-49.354766, -15.327676], [-49.355638, -15.329807], [-49.357188, -15.330872], [-49.359707, -15.3331], [-49.362419, -15.335038], [-49.363872, -15.337459], [-49.365034, -15.33959], [-49.364937, -15.341237], [-49.364453, -15.344918], [-49.364356, -15.347146], [-49.364647, -15.348018], [-49.367359, -15.350827], [-49.371621, -15.35538], [-49.374339, -15.358006], [-49.375271, -15.359014], [-49.375338, -15.359102], [-49.375393, -15.359235]]}, "properties": {"SNV": "251BGO0837", "fid": 252, "EXT_KM": 28.6, "GEOCOD": "251BGO0837", "TRECHO": "R.PAU BRASIL(GOIANÉSIA) - ENTR GO-230/480", "RODOVIA": "BR-251", "SITUACAO": "PLA"}}, {"type": "Feature", "geometry": {"crs": {"type": "name", "properties": {"name": "EPSG:4674"}}, "type": "LineString", "coordinates": [[-49.219574, -16.6582], [-49.219989, -16.658941], [-49.220652, -16.659884], [-49.225414, -16.666829], [-49.22574, -16.667351], [-49.226288, -16.668381], [-49.226553, -16.668934], [-49.226852, -16.66951], [-49.226989, -16.66973], [-49.228, -16.671643], [-49.228733, -16.672907], [-49.229098, -16.673569], [-49.232909, -16.680644], [-49.233127, -16.681087], [-49.233313, -16.681537], [-49.233464, -16.681988], [-49.233583, -16.682447], [-49.233692, -16.683065], [-49.233745, -16.683694], [-49.233742, -16.684332], [-49.233681, -16.684976], [-49.233432, -16.686321], [-49.23219, -16.692541], [-49.231984, -16.693413], [-49.231848, -16.694076], [-49.231838, -16.694186], [-49.23162, -16.695307], [-49.231436, -16.696359], [-49.231329, -16.697102], [-49.231239, -16.698396], [-49.230697, -16.707882], [-49.230711, -16.708515], [-49.230798, -16.709199], [-49.230851, -16.709536], [-49.230902, -16.70963], [-49.230993, -16.709869]]}, "properties": {"SNV": "153BGO0592", "fid": 191, "EXT_KM": 4.5, "GEOCOD": "153BGO0592", "TRECHO": "ENTR GO-010 (GOIÂNIA) - ENTR BR-153/352 (GOIÂNIA)", "RODOVIA": "BR-153", "SITUACAO": "DUP"}}, {"type": "Feature", "geometry": {"crs": {"type": "name", "properties": {"name": "EPSG:4674"}}, "type": "LineString", "coordinates": [[-49.230993, -16.709869], [-49.231073, -16.710061], [-49.231361, -16.710602], [-49.231542, -16.710884], [-49.231749, -16.711158], [-49.237078, -16.717588], [-49.237511, -16.718149], [-49.237876, -16.718704], [-49.23816, -16.719223], [-49.238388, -16.719738], [-49.239443, -16.722443], [-49.239737, -16.72327], [-49.240059, -16.724084], [-49.240286, -16.724714], [-49.240732, -16.725838], [-49.240979, -16.726398], [-49.241212, -16.72699], [-49.241519, -16.727671], [-49.241774, -16.728081], [-49.242167, -16.728661]]}, "properties": {"SNV": "153BGO0610", "fid": 192, "EXT_KM": 2.5, "GEOCOD": "153BGO0610", "TRECHO": "ENTR BR-153/352 (GOIÂNIA) - AL. DO CONTORNO (GOIÂNIA)", "RODOVIA": "BR-153", "SITUACAO": "DUP"}}, {"type": "Feature", "geometry": {"crs": {"type": "name", "properties": {"name": "EPSG:4674"}}, "type": "LineString", "coordinates": [[-49.237546, -16.787513], [-49.237645, -16.788368], [-49.238504, -16.798535], [-49.238526, -16.799179], [-49.238514, -16.800599], [-49.238564, -16.801537], [-49.238663, -16.802293], [-49.238859, -16.803328], [-49.238967, -16.804067], [-49.239544, -16.810824]]}, "properties": {"SNV": "153BGO0616", "fid": 194, "EXT_KM": 2.6, "GEOCOD": "153BGO0616", "TRECHO": "ENTR BR-060/153 (ACESSO SUL GOIÂNIA) - APARECIDA DE GOIÂNIA", "RODOVIA": "BR-153", "SITUACAO": "DUP"}}, {"type": "Feature", "geometry": {"crs": {"type": "name", "properties": {"name": "EPSG:4674"}}, "type": "LineString", "coordinates": [[-49.242167, -16.728661], [-49.242536, -16.729203], [-49.24294, -16.729843], [-49.243155, -16.730285], [-49.243375, -16.730868], [-49.243507, -16.731359], [-49.243594, -16.731849], [-49.243643, -16.732498], [-49.243627, -16.733145], [-49.243536, -16.733787], [-49.243322, -16.734682], [-49.241049, -16.743518], [-49.240528, -16.745406], [-49.240454, -16.745715], [-49.240404, -16.74603], [-49.240372, -16.746346], [-49.240363, -16.74666], [-49.240373, -16.746876], [-49.240415, -16.747198], [-49.240569, -16.747829], [-49.240993, -16.749147], [-49.241133, -16.749685], [-49.241189, -16.749991], [-49.241242, -16.750453], [-49.241268, -16.750916], [-49.241263, -16.751221], [-49.241182, -16.752087], [-49.240952, -16.753973], [-49.240875, -16.754402], [-49.240597, -16.755681], [-49.240451, -16.756627], [-49.240408, -16.7571], [-49.240384, -16.75759], [-49.240349, -16.758926], [-49.24029, -16.75963], [-49.239728, -16.764451], [-49.239469, -16.766584], [-49.239441, -16.766688], [-49.239406, -16.767108], [-49.239147, -16.769248], [-49.238968, -16.770126], [-49.238693, -16.771011], [-49.238518, -16.771477], [-49.237321, -16.774378], [-49.237144, -16.774853], [-49.236945, -16.775538], [-49.236864, -16.775921], [-49.236801, -16.776332], [-49.236749, -16.776973], [-49.236744, -16.7774], [-49.236759, -16.777822], [-49.23742, -16.785704], [-49.237467, -16.786341], [-49.237477, -16.786751], [-49.237546, -16.787513]]}, "properties": {"SNV": "153BGO0612", "fid": 193, "EXT_KM": 6.7, "GEOCOD": "153BGO0612", "TRECHO": "AL. DO CONTORNO (GOIÂNIA) - ENTR BR-060/153 (ACESSO SUL GOIÂNIA)", "RODOVIA": "BR-153", "SITUACAO": "DUP"}}, {"type": "Feature", "geometry": {"crs": {"type": "name", "properties": {"name": "EPSG:4674"}}, "type": "LineString", "coordinates": [[-49.239544, -16.810824], [-49.239603, -16.811683], [-49.239669, -16.813059], [-49.239767, -16.814261], [-49.239897, -16.815319], [-49.24032, -16.817922], [-49.240462, -16.818574], [-49.24075, -16.819587], [-49.2409, -16.820217], [-49.241944, -16.825054], [-49.242033, -16.82558], [-49.242236, -16.827043], [-49.242343, -16.827666], [-49.242909, -16.830545], [-49.243136, -16.831571], [-49.243882, -16.835521]]}, "properties": {"SNV": "153BGO0620", "fid": 195, "EXT_KM": 2.7, "GEOCOD": "153BGO0620", "TRECHO": "APARECIDA DE GOIÂNIA - ENTR GO-319", "RODOVIA": "BR-153", "SITUACAO": "DUP"}}, {"type": "Feature", "geometry": {"crs": {"type": "name", "properties": {"name": "EPSG:4674"}}, "type": "LineString", "coordinates": [[-49.243882, -16.835521], [-49.245852, -16.845515], [-49.246391, -16.847505], [-49.247097, -16.850948], [-49.250882, -16.870007], [-49.251122, -16.87125], [-49.251306, -16.872322], [-49.251545, -16.874116], [-49.251766, -16.87546], [-49.254275, -16.888225], [-49.254622, -16.889872], [-49.255202, -16.892056], [-49.255293, -16.892449], [-49.255395, -16.893043], [-49.25544, -16.893442], [-49.255469, -16.894045], [-49.255459, -16.894652], [-49.255383, -16.895476], [-49.254648, -16.900599], [-49.254347, -16.902978], [-49.253925, -16.905932], [-49.253551, -16.908323], [-49.253175, -16.911034], [-49.253147, -16.911501], [-49.25315, -16.911972], [-49.253251, -16.914526], [-49.253242, -16.915171], [-49.253202, -16.915824], [-49.25309, -16.916729], [-49.252484, -16.920918], [-49.252446, -16.92115], [-49.252388, -16.921332], [-49.252387, -16.921547], [-49.251716, -16.926219], [-49.251624, -16.927075], [-49.251517, -16.928599], [-49.251381, -16.929966], [-49.25134, -16.930583], [-49.251338, -16.931137], [-49.251368, -16.931661], [-49.251458, -16.932354], [-49.251564, -16.932875], [-49.251976, -16.934295], [-49.252309, -16.935275], [-49.253172, -16.938108], [-49.253444, -16.939248], [-49.253511, -16.939749], [-49.253533, -16.940448], [-49.253486, -16.941083], [-49.253357, -16.941746], [-49.253289, -16.94199], [-49.253228, -16.942128], [-49.253086, -16.942561], [-49.252876, -16.943027], [-49.252534, -16.94366], [-49.252202, -16.944119], [-49.251802, -16.944565], [-49.25094, -16.945429], [-49.249065, -16.947384], [-49.248519, -16.947964], [-49.248004, -16.94854], [-49.246573, -16.949992], [-49.243681, -16.953021], [-49.243029, -16.953714], [-49.242516, -16.954289], [-49.24201, -16.954902], [-49.241389, -16.955724], [-49.238882, -16.95932]]}, "properties": {"SNV": "153BGO0625", "fid": 196, "EXT_KM": 15.5, "GEOCOD": "153BGO0625", "TRECHO": "ENTR GO-319 - ENTR GO-219", "RODOVIA": "BR-153", "SITUACAO": "DUP"}}, {"type": "Feature", "geometry": {"crs": {"type": "name", "properties": {"name": "EPSG:4674"}}, "type": "LineString", "coordinates": [[-49.238882, -16.95932], [-49.23864, -16.959711], [-49.238483, -16.960028], [-49.238276, -16.960507], [-49.238186, -16.960673], [-49.237654, -16.961479], [-49.236714, -16.96285], [-49.236152, -16.96361], [-49.236011, -16.963772], [-49.235721, -16.96405], [-49.235535, -16.964276], [-49.234339, -16.965917], [-49.233556, -16.967026]]}, "properties": {"SNV": "153BGO0627", "fid": 197, "EXT_KM": 2, "GEOCOD": "153BGO0627", "TRECHO": "ENTR GO-219 - ENTR GO-219 (HIDROLÂNDIA)", "RODOVIA": "BR-153", "SITUACAO": "DUP"}}, {"type": "Feature", "geometry": {"crs": {"type": "name", "properties": {"name": "EPSG:4674"}}, "type": "LineString", "coordinates": [[-49.233556, -16.967026], [-49.233071, -16.967713], [-49.232626, -16.968453], [-49.232439, -16.968804], [-49.232093, -16.969506], [-49.231867, -16.970009], [-49.231503, -16.970947], [-49.231275, -16.971654], [-49.23113, -16.972197], [-49.23003, -16.976603], [-49.229847, -16.977437], [-49.229687, -16.978545], [-49.229617, -16.979489], [-49.229497, -16.983734], [-49.229478, -16.983978], [-49.229486, -16.984212], [-49.229424, -16.986555], [-49.229415, -16.98792], [-49.229335, -16.99013], [-49.229284, -16.990642], [-49.229204, -16.991129], [-49.229091, -16.991609], [-49.228992, -16.991931], [-49.228806, -16.992433], [-49.228563, -16.992956], [-49.22837, -16.993307], [-49.228034, -16.993832], [-49.226745, -16.995707], [-49.226127, -16.996526], [-49.225232, -16.997667], [-49.224615, -16.998524], [-49.2219, -17.002548], [-49.22093, -17.004019], [-49.220742, -17.004349], [-49.220492, -17.004851], [-49.220285, -17.005358], [-49.220165, -17.005698], [-49.219974, -17.006404], [-49.219875, -17.00695], [-49.219829, -17.007317], [-49.219798, -17.007696], [-49.219788, -17.008291], [-49.219808, -17.008698], [-49.219851, -17.009099], [-49.221106, -17.017253], [-49.221213, -17.018227], [-49.221374, -17.020171], [-49.221557, -17.021557], [-49.222191, -17.025569], [-49.222359, -17.026425], [-49.222813, -17.028424], [-49.222969, -17.029264], [-49.224173, -17.036981], [-49.224226, -17.037201], [-49.224441, -17.03763], [-49.224513, -17.037949], [-49.226833, -17.052987], [-49.226873, -17.053315], [-49.226905, -17.053813], [-49.226913, -17.05429], [-49.226895, -17.054747], [-49.226836, -17.055462], [-49.226527, -17.057149], [-49.225912, -17.060694], [-49.225758, -17.061443], [-49.225698, -17.061906], [-49.225244, -17.064531], [-49.225155, -17.064861], [-49.224963, -17.065251], [-49.224879, -17.065455], [-49.224747, -17.066054], [-49.224106, -17.069704], [-49.223983, -17.070461], [-49.223878, -17.07124], [-49.223323, -17.074393], [-49.223155, -17.075533], [-49.223133, -17.076081], [-49.223152, -17.07662], [-49.223191, -17.076981], [-49.22329, -17.077522], [-49.223385, -17.077877], [-49.223503, -17.078225], [-49.224023, -17.079574], [-49.224137, -17.079909], [-49.224271, -17.08042], [-49.22433, -17.080755], [-49.224388, -17.081233], [-49.224395, -17.081844], [-49.224352, -17.082292], [-49.224239, -17.08288], [-49.224164, -17.08316], [-49.224019, -17.08356], [-49.223846, -17.083953], [-49.223715, -17.084205], [-49.222626, -17.086037], [-49.222115, -17.086916], [-49.221897, -17.087321], [-49.221716, -17.087589], [-49.221388, -17.088135], [-49.219321, -17.091619], [-49.218951, -17.092356], [-49.218603, -17.093278], [-49.218392, -17.094031], [-49.218301, -17.094502], [-49.218232, -17.094984], [-49.218058, -17.097035], [-49.218027, -17.097253], [-49.217932, -17.098603], [-49.21729, -17.106239], [-49.217225, -17.106747], [-49.217116, -17.107237], [-49.216959, -17.107723], [-49.216824, -17.108046], [-49.216664, -17.108369], [-49.21647, -17.108701], [-49.216106, -17.109238], [-49.214186, -17.111942], [-49.213872, -17.11246], [-49.213517, -17.11318], [-49.213221, -17.113953], [-49.210993, -17.120689], [-49.210786, -17.121392], [-49.210665, -17.12199], [-49.210627, -17.1223], [-49.210609, -17.122617], [-49.210611, -17.123106], [-49.210631, -17.123442], [-49.210706, -17.123957], [-49.210783, -17.124308], [-49.210883, -17.124664], [-49.211067, -17.125204], [-49.214537, -17.134698], [-49.214657, -17.135048], [-49.214807, -17.135566], [-49.214955, -17.136267], [-49.21503, -17.136826], [-49.215077, -17.137424], [-49.215231, -17.146587], [-49.215227, -17.146745], [-49.215205, -17.146836], [-49.215231, -17.146957], [-49.215288, -17.150268], [-49.215273, -17.150879], [-49.215205, -17.1517], [-49.215121, -17.15233], [-49.214996, -17.152976], [-49.211224, -17.169117], [-49.210738, -17.17126], [-49.210664, -17.171666], [-49.210587, -17.172264], [-49.210283, -17.175786], [-49.210225, -17.176161], [-49.210233, -17.176365]]}, "properties": {"SNV": "153BGO0628", "fid": 198, "EXT_KM": 22.2, "GEOCOD": "153BGO0628", "TRECHO": "ENTR GO-219 (HIDROLÂNDIA) - ENTR GO-217 (P/PIRACANJUBA)", "RODOVIA": "BR-153", "SITUACAO": "DUP"}}, {"type": "Feature", "geometry": {"crs": {"type": "name", "properties": {"name": "EPSG:4674"}}, "type": "LineString", "coordinates": [[-49.210233, -17.176365], [-49.209642, -17.183232], [-49.209599, -17.183677], [-49.209478, -17.184488], [-49.20948, -17.184805], [-49.209304, -17.186484], [-49.209092, -17.188848], [-49.208451, -17.196296], [-49.20837, -17.19757], [-49.208236, -17.198846], [-49.208065, -17.200813], [-49.208045, -17.201525], [-49.208062, -17.201871], [-49.208116, -17.202392], [-49.208178, -17.202738], [-49.208305, -17.203233], [-49.208567, -17.203979], [-49.208805, -17.204498], [-49.208999, -17.204847], [-49.209336, -17.205366], [-49.209749, -17.205903], [-49.210178, -17.206354], [-49.210672, -17.206794], [-49.211145, -17.207149], [-49.211604, -17.207438], [-49.212131, -17.207721], [-49.212756, -17.207988], [-49.222492, -17.211901], [-49.224641, -17.212796], [-49.225182, -17.213088], [-49.225582, -17.213354], [-49.225855, -17.213562], [-49.226251, -17.213918], [-49.226505, -17.214177], [-49.226982, -17.214757], [-49.227423, -17.215455], [-49.2284, -17.217154], [-49.228716, -17.217734], [-49.228893, -17.218128], [-49.229041, -17.218526], [-49.229163, -17.218929], [-49.229258, -17.219333], [-49.229348, -17.219931], [-49.229377, -17.220313], [-49.22938, -17.220684], [-49.229154, -17.225164], [-49.229135, -17.225741], [-49.229145, -17.226119], [-49.229196, -17.226674], [-49.229263, -17.227034], [-49.229405, -17.227555], [-49.229591, -17.228056], [-49.229819, -17.228535], [-49.230093, -17.229001], [-49.230303, -17.229299], [-49.230657, -17.229729], [-49.23761, -17.236834], [-49.237909, -17.237162], [-49.238315, -17.237669], [-49.238659, -17.238169], [-49.238851, -17.238492], [-49.2391, -17.238976], [-49.239326, -17.239466], [-49.2406, -17.242554], [-49.241201, -17.244055], [-49.241459, -17.244847], [-49.241596, -17.245196], [-49.241641, -17.245521], [-49.241662, -17.246061], [-49.24164, -17.248344], [-49.241651, -17.24974]]}, "properties": {"SNV": "153BGO0632", "fid": 199, "EXT_KM": 9.8, "GEOCOD": "153BGO0632", "TRECHO": "ENTR GO-217 (P/PIRACANJUBA) - ENTR GO-217 (PROFESSOR JAMIL)", "RODOVIA": "BR-153", "SITUACAO": "DUP"}}, {"type": "Feature", "geometry": {"crs": {"type": "name", "properties": {"name": "EPSG:4674"}}, "type": "LineString", "coordinates": [[-49.241651, -17.24974], [-49.241633, -17.250873], [-49.241659, -17.251562], [-49.241687, -17.251769], [-49.241818, -17.25217], [-49.241829, -17.252347], [-49.2418, -17.256788], [-49.241777, -17.257721], [-49.241755, -17.257826], [-49.241716, -17.257919], [-49.241629, -17.258076], [-49.241404, -17.258413], [-49.241355, -17.258525], [-49.241306, -17.258746], [-49.241226, -17.259327], [-49.241166, -17.260044], [-49.241178, -17.260791], [-49.241163, -17.261173], [-49.24082, -17.264783], [-49.240836, -17.265009], [-49.24094, -17.265305], [-49.240937, -17.265509], [-49.240424, -17.270737], [-49.240338, -17.271172], [-49.240181, -17.27174], [-49.239984, -17.272297], [-49.239806, -17.272701], [-49.239443, -17.273375], [-49.237327, -17.276991], [-49.237047, -17.277506], [-49.236758, -17.27819], [-49.23659, -17.278706], [-49.236493, -17.279064], [-49.23638, -17.279623], [-49.236295, -17.280207], [-49.234103, -17.296746], [-49.234027, -17.297511], [-49.234017, -17.297914], [-49.23403, -17.298321], [-49.234098, -17.29892], [-49.234175, -17.299314], [-49.234278, -17.299716], [-49.238554, -17.314327], [-49.238743, -17.31506], [-49.238835, -17.315615], [-49.238873, -17.315991], [-49.238896, -17.316558], [-49.239065, -17.328168], [-49.239057, -17.328819], [-49.239027, -17.329473], [-49.238693, -17.335347], [-49.23871, -17.336005], [-49.2388, -17.336649], [-49.238901, -17.337071], [-49.239033, -17.337491], [-49.239194, -17.3379], [-49.239379, -17.338289], [-49.239589, -17.338656], [-49.239817, -17.338997], [-49.240061, -17.33931], [-49.240437, -17.339727], [-49.240701, -17.339979], [-49.240979, -17.340216], [-49.241566, -17.340637], [-49.242198, -17.340992], [-49.244885, -17.342431], [-49.245415, -17.342762], [-49.24592, -17.343145], [-49.246484, -17.343683], [-49.246777, -17.344016], [-49.247031, -17.344342], [-49.247307, -17.344757], [-49.247526, -17.345146], [-49.247711, -17.345537], [-49.247833, -17.345839], [-49.247997, -17.346342], [-49.248139, -17.346961], [-49.248212, -17.347517], [-49.248233, -17.34808], [-49.248155, -17.351241], [-49.248067, -17.353149], [-49.24791, -17.357881], [-49.247814, -17.36038], [-49.247787, -17.360726], [-49.247667, -17.361391], [-49.247535, -17.361873], [-49.247385, -17.362345], [-49.245179, -17.368266], [-49.244929, -17.368901], [-49.244596, -17.36961], [-49.244365, -17.370001], [-49.244101, -17.370374], [-49.243711, -17.370826], [-49.243396, -17.371141], [-49.242951, -17.37153], [-49.242596, -17.371797], [-49.24149, -17.372568], [-49.240991, -17.372879], [-49.240445, -17.373263], [-49.240184, -17.373467], [-49.240024, -17.373607], [-49.239285, -17.374376], [-49.239061, -17.374664], [-49.238817, -17.375025], [-49.238585, -17.375439], [-49.238275, -17.376224], [-49.236448, -17.382053], [-49.236219, -17.382614], [-49.236038, -17.38296], [-49.235825, -17.383287], [-49.235488, -17.383721], [-49.235148, -17.384114], [-49.234806, -17.384462], [-49.234572, -17.384673], [-49.234078, -17.385027], [-49.232112, -17.386273], [-49.23182, -17.386475], [-49.229512, -17.388396], [-49.227679, -17.389948]]}, "properties": {"SNV": "153BGO0650", "fid": 200, "EXT_KM": 17.1, "GEOCOD": "153BGO0650", "TRECHO": "ENTR GO-217 (PROFESSOR JAMIL) - ENTR GO-470", "RODOVIA": "BR-153", "SITUACAO": "DUP"}}, {"type": "Feature", "geometry": {"crs": {"type": "name", "properties": {"name": "EPSG:4674"}}, "type": "LineString", "coordinates": [[-49.227679, -17.389948], [-49.227142, -17.390429], [-49.226797, -17.390795], [-49.226553, -17.391081], [-49.226046, -17.39177], [-49.225685, -17.392345], [-49.225589, -17.392545], [-49.224586, -17.395076], [-49.22384, -17.396799], [-49.223618, -17.397387], [-49.223422, -17.398065], [-49.223291, -17.398701], [-49.223249, -17.399176], [-49.223259, -17.399649], [-49.223331, -17.400279], [-49.223714, -17.402686], [-49.225217, -17.411103], [-49.227297, -17.423401], [-49.227554, -17.425055], [-49.228147, -17.429463], [-49.22836, -17.430946], [-49.228499, -17.431571], [-49.228617, -17.431984], [-49.228756, -17.43239], [-49.23115, -17.438508], [-49.231357, -17.439063], [-49.231475, -17.439427], [-49.231572, -17.439792], [-49.231647, -17.440153], [-49.231713, -17.440691], [-49.231708, -17.441399], [-49.231679, -17.441739], [-49.231606, -17.442238], [-49.231495, -17.442723], [-49.23134, -17.443191], [-49.231155, -17.443628], [-49.23089, -17.444144], [-49.23036, -17.44508], [-49.230243, -17.445243], [-49.230183, -17.445393], [-49.230056, -17.445634], [-49.221393, -17.461151], [-49.219932, -17.463815], [-49.21733, -17.469274], [-49.216667, -17.470625], [-49.216327, -17.471198], [-49.215964, -17.471771], [-49.21277, -17.4766], [-49.210682, -17.479722], [-49.210202, -17.480491], [-49.209976, -17.480951], [-49.209748, -17.481541], [-49.209662, -17.48182], [-49.209568, -17.482215], [-49.209502, -17.482563], [-49.209479, -17.482786], [-49.209462, -17.48332], [-49.209505, -17.483996], [-49.209623, -17.484629], [-49.209713, -17.484983], [-49.214299, -17.496511], [-49.214448, -17.496938], [-49.214569, -17.497368], [-49.214734, -17.498233], [-49.214744, -17.498457], [-49.214818, -17.499108], [-49.214837, -17.499551], [-49.214906, -17.500202], [-49.214921, -17.500641], [-49.21507, -17.502617], [-49.216066, -17.51493], [-49.216123, -17.515944], [-49.216107, -17.51659], [-49.216035, -17.517459], [-49.215913, -17.518737], [-49.21587, -17.519114], [-49.215823, -17.519346], [-49.215659, -17.521269], [-49.215299, -17.52492]]}, "properties": {"SNV": "153BGO0655", "fid": 201, "EXT_KM": 15.8, "GEOCOD": "153BGO0655", "TRECHO": "ENTR GO-470 - ENTR GO-215 (P/PONTALINA)", "RODOVIA": "BR-153", "SITUACAO": "DUP"}}, {"type": "Feature", "geometry": {"crs": {"type": "name", "properties": {"name": "EPSG:4674"}}, "type": "LineString", "coordinates": [[-49.215299, -17.52492], [-49.214899, -17.528958], [-49.214816, -17.529624], [-49.21473, -17.53013], [-49.214616, -17.530662], [-49.21452, -17.531031], [-49.214348, -17.531588], [-49.213998, -17.532508], [-49.210966, -17.539777], [-49.209511, -17.543331], [-49.206393, -17.550763], [-49.205796, -17.552221], [-49.205479, -17.553069], [-49.204829, -17.55463], [-49.203177, -17.558492], [-49.202641, -17.55983], [-49.201752, -17.5619], [-49.200927, -17.563901], [-49.200834, -17.564047], [-49.200789, -17.564222], [-49.199534, -17.567263], [-49.199262, -17.56806], [-49.198983, -17.56912], [-49.198618, -17.571051], [-49.197907, -17.575064], [-49.197614, -17.576397], [-49.197344, -17.577341], [-49.197079, -17.578133], [-49.195987, -17.581209], [-49.195216, -17.58336], [-49.19462, -17.584971], [-49.193112, -17.589234], [-49.192159, -17.591855], [-49.191125, -17.594786], [-49.190306, -17.597052], [-49.190271, -17.597248], [-49.190055, -17.597752], [-49.188765, -17.601355], [-49.18852, -17.601954], [-49.188153, -17.602723], [-49.187861, -17.60326], [-49.187457, -17.603932], [-49.187142, -17.604412], [-49.182331, -17.611334], [-49.181959, -17.61191], [-49.181794, -17.612197], [-49.181569, -17.612641], [-49.181378, -17.613098], [-49.181227, -17.613574], [-49.180578, -17.616025], [-49.179618, -17.619753], [-49.179393, -17.620713], [-49.178967, -17.622236], [-49.177734, -17.626988], [-49.177546, -17.627646], [-49.177442, -17.627872], [-49.17742, -17.628114], [-49.177255, -17.628794], [-49.176338, -17.6323], [-49.17624, -17.632582], [-49.176232, -17.632731], [-49.175072, -17.637189], [-49.174901, -17.637786], [-49.174516, -17.638969], [-49.174227, -17.640014], [-49.174075, -17.640646], [-49.17382, -17.641927], [-49.173667, -17.642597], [-49.171747, -17.649963], [-49.171552, -17.65065], [-49.171327, -17.651315], [-49.16989, -17.655328], [-49.168998, -17.657503], [-49.16877, -17.658174], [-49.168371, -17.659521], [-49.167908, -17.660843], [-49.167694, -17.661519], [-49.167598, -17.661707], [-49.166989, -17.663425], [-49.166614, -17.664566], [-49.165156, -17.668623], [-49.164085, -17.67151], [-49.160648, -17.681046], [-49.160394, -17.6817], [-49.159952, -17.682735], [-49.159717, -17.683351], [-49.15951, -17.683983], [-49.159193, -17.685061], [-49.158906, -17.685912], [-49.155469, -17.695496], [-49.155292, -17.696135], [-49.15521, -17.696564], [-49.155149, -17.697218], [-49.15511, -17.698102], [-49.154615, -17.715586], [-49.154297, -17.725508], [-49.154285, -17.726392], [-49.154254, -17.726595], [-49.154278, -17.726755], [-49.154311, -17.727536]]}, "properties": {"SNV": "153BGO0670", "fid": 202, "EXT_KM": 23.5, "GEOCOD": "153BGO0670", "TRECHO": "ENTR GO-215 (P/PONTALINA) - ENTR BR-153/490/GO-213 (MORRINHOS)", "RODOVIA": "BR-153", "SITUACAO": "DUP"}}, {"type": "Feature", "geometry": {"crs": {"type": "name", "properties": {"name": "EPSG:4674"}}, "type": "LineString", "coordinates": [[-49.216545, -18.358221], [-49.209966, -18.37839], [-49.20426, -18.395815], [-49.203974, -18.396772], [-49.203642, -18.397998], [-49.20345, -18.398644], [-49.203138, -18.399613], [-49.203028, -18.399847], [-49.203015, -18.399969], [-49.202804, -18.400627], [-49.202345, -18.402026], [-49.202109, -18.402686], [-49.201867, -18.403233], [-49.201642, -18.403652], [-49.20132, -18.40417], [-49.201041, -18.404555], [-49.20053, -18.405173], [-49.200241, -18.405468], [-49.200182, -18.405581], [-49.199778, -18.406077], [-49.195244, -18.411534], [-49.194753, -18.412269], [-49.19469, -18.412393], [-49.194416, -18.413096], [-49.194268, -18.413583], [-49.194155, -18.414125], [-49.194096, -18.414656], [-49.194082, -18.415252], [-49.194102, -18.415591], [-49.194137, -18.415831], [-49.19431, -18.416447], [-49.194353, -18.416699], [-49.19456, -18.419154]]}, "properties": {"SNV": "153BGO0770", "fid": 209, "EXT_KM": 6.9, "GEOCOD": "153BGO0770", "TRECHO": "ENTR BR-153/154/452/483 (ACESSO NORTE ITUMBIARA) - FIM PONTE S/RIO PARANAÍBA (DIV GO/MG - ARAPORÃ)", "RODOVIA": "BR-153", "SITUACAO": "DUP"}}, {"type": "Feature", "geometry": {"crs": {"type": "name", "properties": {"name": "EPSG:4674"}}, "type": "LineString", "coordinates": [[-49.216545, -18.358221], [-49.21672, -18.358288], [-49.21689, -18.358316], [-49.217074, -18.358299], [-49.217163, -18.358266], [-49.217328, -18.358303], [-49.217717, -18.35834], [-49.217872, -18.358405], [-49.218358, -18.358679], [-49.218866, -18.358865], [-49.220346, -18.359283], [-49.222789, -18.360035], [-49.224275, -18.360455], [-49.225425, -18.360816], [-49.22822, -18.361638], [-49.22989, -18.362148], [-49.230833, -18.362408], [-49.231984, -18.362769], [-49.234211, -18.36343], [-49.234968, -18.363689], [-49.23646, -18.364093], [-49.241798, -18.365687], [-49.245129, -18.366671], [-49.246145, -18.366957], [-49.246702, -18.367142], [-49.253373, -18.369127], [-49.260126, -18.371118], [-49.261119, -18.37143], [-49.262222, -18.371888], [-49.263155, -18.372381], [-49.263768, -18.372772], [-49.265901, -18.374323], [-49.266379, -18.374655], [-49.26658, -18.374819], [-49.268043, -18.375869], [-49.270284, -18.377513], [-49.273576, -18.379884], [-49.273886, -18.380111], [-49.274134, -18.380324], [-49.274516, -18.380573], [-49.275224, -18.381097], [-49.275387, -18.381252], [-49.275614, -18.381425], [-49.275748, -18.381517], [-49.275988, -18.381644], [-49.276506, -18.382014], [-49.277096, -18.382472], [-49.278379, -18.383378], [-49.28988, -18.391723], [-49.290356, -18.392031], [-49.291028, -18.392367], [-49.291578, -18.392697], [-49.293465, -18.394069], [-49.294341, -18.394746]]}, "properties": {"SNV": "154BGO0020", "fid": 210, "EXT_KM": 9, "GEOCOD": "154BGO0020", "TRECHO": "ENTR BR-153/154/452/483 (ACESSO NORTE ITUMBIARA) - ENTR GO-206/AV.MODESTO DE CARVALHO (ITUMBIARA)", "RODOVIA": "BR-154", "SITUACAO": "PAV"}}, {"type": "Feature", "geometry": {"crs": {"type": "name", "properties": {"name": "EPSG:4674"}}, "type": "LineString", "coordinates": [[-49.154311, -17.727536], [-49.154366, -17.728206], [-49.154469, -17.728939], [-49.154651, -17.729907], [-49.154798, -17.730522], [-49.16059, -17.752178], [-49.161339, -17.754897], [-49.161481, -17.755337], [-49.161726, -17.755981], [-49.161996, -17.75661], [-49.162293, -17.757221], [-49.162843, -17.758197], [-49.163664, -17.759505], [-49.164345, -17.760642], [-49.16522, -17.761936], [-49.165924, -17.762859], [-49.16718, -17.764579], [-49.171012, -17.769537], [-49.17547, -17.775263], [-49.17591, -17.775858], [-49.176593, -17.77685], [-49.177014, -17.777421], [-49.177452, -17.777958], [-49.178475, -17.779142], [-49.179725, -17.780731], [-49.180013, -17.781056], [-49.180325, -17.781358], [-49.180661, -17.781635], [-49.181021, -17.781891], [-49.181416, -17.782129], [-49.181854, -17.782353], [-49.196465, -17.789132], [-49.19708, -17.789489], [-49.197633, -17.789884], [-49.19815, -17.79033], [-49.198637, -17.790841], [-49.199088, -17.791394], [-49.20485, -17.79872], [-49.205099, -17.799064], [-49.205453, -17.799604], [-49.205877, -17.800357], [-49.206243, -17.801145], [-49.206409, -17.801566], [-49.206555, -17.802001], [-49.20694, -17.803329], [-49.207295, -17.804626], [-49.207559, -17.805881], [-49.207706, -17.80648], [-49.207881, -17.807055], [-49.208453, -17.808685], [-49.208979, -17.8105], [-49.209138, -17.811095]]}, "properties": {"SNV": "153BGO0690", "fid": 203, "EXT_KM": 11.5, "GEOCOD": "153BGO0690", "TRECHO": "ENTR BR-153/490/GO-213 (MORRINHOS) - ENTR GO-539 (ESCOLA AGROTÉCNICA FEDERAL DE MORRINHOS)", "RODOVIA": "BR-153", "SITUACAO": "DUP"}}, {"type": "Feature", "geometry": {"crs": {"type": "name", "properties": {"name": "EPSG:4674"}}, "type": "LineString", "coordinates": [[-49.209138, -17.811095], [-49.209675, -17.81301], [-49.209943, -17.814273], [-49.210131, -17.815017], [-49.210303, -17.815571], [-49.210711, -17.81668], [-49.210901, -17.817284], [-49.21389, -17.827857], [-49.215405, -17.833143], [-49.215583, -17.833818], [-49.215859, -17.835108], [-49.216022, -17.835729], [-49.216215, -17.83633], [-49.216701, -17.837677], [-49.21742, -17.84018]]}, "properties": {"SNV": "153BGO0710", "fid": 204, "EXT_KM": 3.3, "GEOCOD": "153BGO0710", "TRECHO": "ENTR GO-539 (ESCOLA AGROTÉCNICA FEDERAL DE MORRINHOS) - ENTR GO-419", "RODOVIA": "BR-153", "SITUACAO": "DUP"}}, {"type": "Feature", "geometry": {"crs": {"type": "name", "properties": {"name": "EPSG:4674"}}, "type": "LineString", "coordinates": [[-49.21742, -17.84018], [-49.217862, -17.841729], [-49.217923, -17.842062], [-49.217991, -17.842216], [-49.218136, -17.842711], [-49.220868, -17.852313], [-49.221037, -17.852958], [-49.221312, -17.854269], [-49.221478, -17.854914], [-49.221609, -17.855335], [-49.22205, -17.856563], [-49.222248, -17.857181], [-49.224963, -17.866724], [-49.225588, -17.868863], [-49.225804, -17.869465], [-49.226103, -17.870216], [-49.226216, -17.870416], [-49.226486, -17.870778], [-49.226663, -17.871165], [-49.232773, -17.88687], [-49.233088, -17.88775], [-49.233285, -17.888412], [-49.233491, -17.889279], [-49.233773, -17.890804], [-49.23406, -17.892114], [-49.234285, -17.893625], [-49.234384, -17.894901], [-49.234455, -17.895544], [-49.23462, -17.896594], [-49.234746, -17.897194], [-49.234915, -17.897758], [-49.235566, -17.899762], [-49.235601, -17.899994], [-49.235612, -17.900328], [-49.235708, -17.900737], [-49.236637, -17.903588], [-49.236943, -17.90463], [-49.242038, -17.924043], [-49.242362, -17.925256], [-49.242639, -17.926185], [-49.243029, -17.9278], [-49.24414, -17.932081], [-49.244544, -17.934002], [-49.244776, -17.934946], [-49.244973, -17.935637], [-49.245334, -17.936763], [-49.245533, -17.937447], [-49.248478, -17.948742], [-49.248601, -17.949068], [-49.248816, -17.949405], [-49.248929, -17.949736], [-49.250359, -17.955275], [-49.251017, -17.957669], [-49.25143, -17.959378], [-49.252146, -17.962204], [-49.253052, -17.965663], [-49.253732, -17.968141], [-49.254682, -17.971907], [-49.257661, -17.983306], [-49.257904, -17.984181], [-49.258332, -17.985451], [-49.258635, -17.986518], [-49.258794, -17.987164], [-49.259043, -17.988459], [-49.259237, -17.989309], [-49.261987, -17.999842], [-49.262072, -18.000221], [-49.262213, -18.000995], [-49.262385, -18.002194], [-49.262474, -18.003236], [-49.262508, -18.004539], [-49.262478, -18.00544], [-49.262375, -18.006604], [-49.262315, -18.007079], [-49.262009, -18.00901], [-49.261936, -18.009668], [-49.26192, -18.010088], [-49.261926, -18.0105], [-49.261995, -18.011286], [-49.266177, -18.0365], [-49.26749, -18.044297], [-49.267848, -18.046518], [-49.267845, -18.04668], [-49.267879, -18.046748], [-49.267905, -18.04689]]}, "properties": {"SNV": "153BGO0711", "fid": 205, "EXT_KM": 23.6, "GEOCOD": "153BGO0711", "TRECHO": "ENTR GO-419 - ENTR GO-320 (P/GOIATUBA)", "RODOVIA": "BR-153", "SITUACAO": "DUP"}}, {"type": "Feature", "geometry": {"crs": {"type": "name", "properties": {"name": "EPSG:4674"}}, "type": "LineString", "coordinates": [[-49.345498, -18.382339], [-49.346506, -18.383466], [-49.347056, -18.384009], [-49.348746, -18.385802], [-49.349269, -18.386324], [-49.350018, -18.387016], [-49.350492, -18.387361], [-49.350841, -18.38757], [-49.354304, -18.38924], [-49.354969, -18.389545], [-49.358206, -18.391137], [-49.362125, -18.393014], [-49.364164, -18.394013], [-49.365224, -18.39451], [-49.365828, -18.394771], [-49.36703, -18.395387], [-49.373678, -18.398591], [-49.374318, -18.398881], [-49.374802, -18.399132], [-49.379471, -18.401382], [-49.382004, -18.402579], [-49.385061, -18.404068], [-49.39, -18.406422], [-49.390957, -18.406894], [-49.391445, -18.407174], [-49.391931, -18.407508], [-49.392263, -18.407761], [-49.392563, -18.408024], [-49.392992, -18.408471], [-49.393308, -18.408849], [-49.393572, -18.40922], [-49.393762, -18.409521], [-49.394258, -18.41043], [-49.395096, -18.412052], [-49.398683, -18.419107], [-49.400865, -18.423349], [-49.401135, -18.423851], [-49.401451, -18.424343], [-49.401812, -18.424813], [-49.402171, -18.42522], [-49.402531, -18.425574], [-49.402981, -18.425959], [-49.416212, -18.436075], [-49.416793, -18.436542], [-49.417228, -18.436935], [-49.417626, -18.437378], [-49.418181, -18.438229], [-49.418523, -18.438908], [-49.423488, -18.450312], [-49.423665, -18.450859], [-49.423869, -18.451761], [-49.424758, -18.457617], [-49.424931, -18.458922], [-49.425157, -18.459908], [-49.4256, -18.460945], [-49.425819, -18.461298], [-49.426081, -18.461681], [-49.427, -18.46273], [-49.429381, -18.465185], [-49.430308, -18.466087], [-49.432654, -18.46789], [-49.437322, -18.471359], [-49.440691, -18.473941], [-49.441504, -18.474465], [-49.448181, -18.477909], [-49.457283, -18.482677], [-49.458071, -18.482985], [-49.459338, -18.483412], [-49.460026, -18.483603], [-49.465461, -18.485401], [-49.466332, -18.485784], [-49.466801, -18.486061]]}, "properties": {"SNV": "154BGO0030", "fid": 212, "EXT_KM": 18, "GEOCOD": "154BGO0030", "TRECHO": "ENTR BR-154/452/483/GO-206 (ACESSO OESTE ITUMBIARA) - ACESSO LESTE CACHOEIRA DOURADA", "RODOVIA": "BR-154", "SITUACAO": "PLA"}}, {"type": "Feature", "geometry": {"crs": {"type": "name", "properties": {"name": "EPSG:4674"}}, "type": "LineString", "coordinates": [[-49.466801, -18.486061], [-49.46695, -18.486149], [-49.467499, -18.486577], [-49.467963, -18.487014], [-49.468431, -18.487547], [-49.470147, -18.489777], [-49.47122, -18.491024]]}, "properties": {"SNV": "154BGO0035", "fid": 213, "EXT_KM": 0.7, "GEOCOD": "154BGO0035", "TRECHO": "ACESSO LESTE CACHOEIRA DOURADA - ENTR GO-309 (CACHOEIRA DOURADA)", "RODOVIA": "BR-154", "SITUACAO": "PLA"}}, {"type": "Feature", "geometry": {"crs": {"type": "name", "properties": {"name": "EPSG:4674"}}, "type": "LineString", "coordinates": [[-49.47122, -18.491024], [-49.471842, -18.491482], [-49.472421, -18.491813], [-49.472892, -18.492048], [-49.473447, -18.492284], [-49.476144, -18.493178], [-49.476315, -18.493252], [-49.476412, -18.493268], [-49.476515, -18.493247], [-49.477809, -18.492454], [-49.488776, -18.483444], [-49.489488, -18.48296], [-49.49003, -18.482646], [-49.490771, -18.482361], [-49.497242, -18.480622], [-49.499608, -18.479967], [-49.502088, -18.479311], [-49.503, -18.47914], [-49.503798, -18.478969], [-49.506278, -18.478769], [-49.512287, -18.478165]]}, "properties": {"SNV": "154BGO0040", "fid": 214, "EXT_KM": 4.9, "GEOCOD": "154BGO0040", "TRECHO": "ENTR GO-309 (CACHOEIRA DOURADA) - ENTR BR-154/483 (ACESSO OESTE CACHOEIRA DOURADA)", "RODOVIA": "BR-154", "SITUACAO": "PLA"}}, {"type": "Feature", "geometry": {"crs": {"type": "name", "properties": {"name": "EPSG:4674"}}, "type": "LineString", "coordinates": [[-49.512287, -18.478165], [-49.513461, -18.479349], [-49.515041, -18.481005], [-49.516306, -18.482376], [-49.516754, -18.482795], [-49.517039, -18.483033], [-49.517154, -18.483166], [-49.517125, -18.483366], [-49.517001, -18.483851], [-49.516811, -18.484346], [-49.516687, -18.484612], [-49.516602, -18.48486], [-49.516649, -18.485031], [-49.516763, -18.485298], [-49.517601, -18.485726], [-49.51801, -18.486002], [-49.518239, -18.486421], [-49.518286, -18.486849], [-49.518277, -18.487211], [-49.518477, -18.487772], [-49.518543, -18.488248], [-49.518562, -18.4888], [-49.518448, -18.489705], [-49.518239, -18.490209], [-49.517915, -18.49058], [-49.517687, -18.490875], [-49.51722, -18.491675]]}, "properties": {"SNV": "154BGO0050", "fid": 215, "EXT_KM": 1.9, "GEOCOD": "154BGO0050", "TRECHO": "ENTR BR-154/483 (ACESSO OESTE CACHOEIRA DOURADA) - DIV GO/MG (INÍCIO TRAVESSIA RIO PARANAÍBA)", "RODOVIA": "BR-154", "SITUACAO": "PLA"}}, {"type": "Feature", "geometry": {"crs": {"type": "name", "properties": {"name": "EPSG:4674"}}, "type": "LineString", "coordinates": [[-49.267905, -18.04689], [-49.269314, -18.055337], [-49.269422, -18.056319], [-49.269464, -18.056978], [-49.269486, -18.057629], [-49.269478, -18.058719], [-49.269455, -18.059234], [-49.269408, -18.059841], [-49.269366, -18.06002], [-49.269376, -18.060167], [-49.269363, -18.060323], [-49.269248, -18.06126], [-49.269149, -18.061809], [-49.268534, -18.064771], [-49.268256, -18.066198], [-49.268179, -18.066818], [-49.268158, -18.067422], [-49.268249, -18.068608], [-49.268327, -18.069058], [-49.268439, -18.06952], [-49.268531, -18.06983], [-49.268748, -18.070434], [-49.269151, -18.07147], [-49.269467, -18.072186], [-49.269663, -18.072772], [-49.270266, -18.074382], [-49.270501, -18.075235], [-49.270602, -18.075748], [-49.270673, -18.07626], [-49.270716, -18.076943], [-49.270714, -18.077594], [-49.270617, -18.079984], [-49.270519, -18.081242], [-49.270428, -18.083258], [-49.270413, -18.084862], [-49.270342, -18.086912], [-49.270365, -18.08778], [-49.270436, -18.088405], [-49.270531, -18.089008], [-49.270613, -18.089403], [-49.270708, -18.089796], [-49.270881, -18.090381], [-49.271528, -18.092359], [-49.271954, -18.093752], [-49.27295, -18.096798], [-49.273435, -18.098272], [-49.273883, -18.099527], [-49.274982, -18.102882], [-49.275411, -18.104329], [-49.275476, -18.104618], [-49.275546, -18.105047], [-49.275618, -18.105322], [-49.275972, -18.106136], [-49.276754, -18.108513]]}, "properties": {"SNV": "153BGO0712", "fid": 206, "EXT_KM": 7, "GEOCOD": "153BGO0712", "TRECHO": "ENTR GO-320 (P/GOIATUBA) - ENTR GO-210 (P/BURITI ALEGRE)", "RODOVIA": "BR-153", "SITUACAO": "DUP"}}, {"type": "Feature", "geometry": {"crs": {"type": "name", "properties": {"name": "EPSG:4674"}}, "type": "LineString", "coordinates": [[-52.26299, -15.936143], [-52.261074, -15.938088], [-52.258617, -15.941782], [-52.257754, -15.942722], [-52.257064, -15.94328], [-52.256515, -15.943605], [-52.255717, -15.943916], [-52.253388, -15.944721], [-52.24427, -15.947778], [-52.243215, -15.948097], [-52.241788, -15.948924], [-52.234475, -15.95384], [-52.23305, -15.954715], [-52.232254, -15.955064], [-52.230954, -15.955313], [-52.230285, -15.9553], [-52.220418, -15.954158], [-52.215735, -15.953022], [-52.211026, -15.951802]]}, "properties": {"SNV": "158BGO0300", "fid": 216, "EXT_KM": 6.3, "GEOCOD": "158BGO0300", "TRECHO": "DIV GO/MT (INÍCIO PONTE S/RIO ARAGUAIA) - ENTR BR-070/158 (P/ BOM JARDIM DE GOIÁS)", "RODOVIA": "BR-158", "SITUACAO": "PLA"}}, {"type": "Feature", "geometry": {"crs": {"type": "name", "properties": {"name": "EPSG:4674"}}, "type": "LineString", "coordinates": [[-52.211026, -15.951802], [-52.211433, -15.956241], [-52.211511, -15.957399], [-52.211534, -15.958099], [-52.211537, -15.958804], [-52.211511, -15.959754], [-52.211467, -15.960472], [-52.210316, -15.972416], [-52.210109, -15.974382], [-52.209969, -15.975146], [-52.209763, -15.975915], [-52.209566, -15.976488], [-52.209251, -15.977233], [-52.208976, -15.977768], [-52.208671, -15.978281], [-52.208232, -15.978921], [-52.207862, -15.979389], [-52.207437, -15.979863], [-52.206951, -15.980334], [-52.206615, -15.980634], [-52.206081, -15.981052], [-52.205711, -15.981315], [-52.205132, -15.981678], [-52.191606, -15.989807], [-52.190383, -15.990545], [-52.189783, -15.990928], [-52.189201, -15.99135], [-52.188829, -15.991653], [-52.18829, -15.992136], [-52.187947, -15.992477], [-52.187311, -15.99319], [-52.187022, -15.993565], [-52.186622, -15.99414], [-52.186375, -15.994533], [-52.186146, -15.994937], [-52.18574, -15.995774], [-52.185402, -15.996644], [-52.185261, -15.99709], [-52.185142, -15.997542], [-52.184997, -15.99823], [-52.184877, -15.998926], [-52.183232, -16.009169], [-52.182738, -16.012198], [-52.182502, -16.013523], [-52.18223, -16.014819], [-52.181799, -16.016327], [-52.181241, -16.01806], [-52.180767, -16.019335], [-52.180429, -16.020161], [-52.180076, -16.020965], [-52.179699, -16.021774], [-52.179196, -16.022775], [-52.178673, -16.023737], [-52.178128, -16.02468], [-52.1773, -16.025984], [-52.176429, -16.027236], [-52.175775, -16.028117], [-52.175374, -16.028627], [-52.174281, -16.029929], [-52.172584, -16.031795], [-52.172307, -16.032119], [-52.171914, -16.032631], [-52.171423, -16.03336], [-52.170987, -16.034127], [-52.170706, -16.034714], [-52.17054, -16.035104], [-52.170203, -16.036062], [-52.170008, -16.036829], [-52.169866, -16.03766], [-52.169795, -16.038344], [-52.169766, -16.039254], [-52.169803, -16.040165], [-52.170936, -16.05391], [-52.171846, -16.065225], [-52.17206, -16.067681], [-52.172083, -16.068345], [-52.172064, -16.069221], [-52.172014, -16.069862], [-52.171954, -16.070277], [-52.171799, -16.07107], [-52.17167, -16.071633], [-52.165349, -16.09519], [-52.165142, -16.096101], [-52.164976, -16.097228], [-52.164915, -16.097903], [-52.164905, -16.098797], [-52.16495, -16.099686], [-52.165056, -16.100565], [-52.165217, -16.101431], [-52.168021, -16.115074], [-52.168117, -16.11563], [-52.168184, -16.116174], [-52.168212, -16.116533], [-52.168229, -16.117072], [-52.168214, -16.117802], [-52.168146, -16.118551], [-52.168018, -16.119326], [-52.16783, -16.12012], [-52.167501, -16.121121], [-52.166052, -16.125024], [-52.165853, -16.125622], [-52.16568, -16.126239], [-52.165542, -16.12687], [-52.165411, -16.127724], [-52.165362, -16.128379], [-52.165354, -16.129042], [-52.165383, -16.129698], [-52.165428, -16.130131], [-52.165521, -16.13078], [-52.165605, -16.13121], [-52.166405, -16.13468], [-52.169794, -16.14907], [-52.169961, -16.149892], [-52.170084, -16.150702], [-52.17015, -16.151306], [-52.170216, -16.152184], [-52.172061, -16.179907], [-52.172154, -16.181371], [-52.172171, -16.181924], [-52.172211, -16.1824], [-52.172221, -16.182938], [-52.172198, -16.183527], [-52.172108, -16.184326], [-52.171952, -16.185122], [-52.171796, -16.185709], [-52.171538, -16.186466], [-52.171221, -16.18719], [-52.170854, -16.187885], [-52.17043, -16.188567], [-52.16995, -16.189214], [-52.169554, -16.189679], [-52.169131, -16.190125], [-52.158315, -16.200909]]}, "properties": {"SNV": "158BGO0315", "fid": 217, "EXT_KM": 29.9, "GEOCOD": "158BGO0315", "TRECHO": "ENTR BR-070/158 (P/ BOM JARDIM DE GOIÁS) - ENTR GO-421 (BOM JARDIM DE GOIÁS)", "RODOVIA": "BR-158", "SITUACAO": "PAV"}}, {"type": "Feature", "geometry": {"crs": {"type": "name", "properties": {"name": "EPSG:4674"}}, "type": "LineString", "coordinates": [[-52.158315, -16.200909], [-52.154959, -16.204242], [-52.154502, -16.204661], [-52.154028, -16.205067], [-52.153544, -16.205455], [-52.153045, -16.205826], [-52.152361, -16.206299], [-52.151834, -16.206637], [-52.151124, -16.207056], [-52.150401, -16.207444], [-52.149675, -16.207795], [-52.148953, -16.208113], [-52.148223, -16.208401], [-52.14749, -16.208659], [-52.146747, -16.20888], [-52.145013, -16.209351], [-52.076501, -16.227712], [-52.075712, -16.227932], [-52.075176, -16.228103], [-52.074531, -16.228349], [-52.073911, -16.228623], [-52.073603, -16.22878], [-52.073463, -16.228884], [-52.073296, -16.228946], [-52.073142, -16.229025], [-52.072396, -16.229488], [-52.071978, -16.229791], [-52.071434, -16.230222], [-52.070922, -16.230677], [-52.070431, -16.231171], [-52.069968, -16.231701], [-52.06954, -16.232262], [-52.069063, -16.232986], [-52.0669, -16.236671], [-52.066829, -16.236787], [-52.066754, -16.236866], [-52.066218, -16.237822], [-52.065273, -16.239446], [-52.065141, -16.239644], [-52.064437, -16.240879], [-52.062368, -16.244412], [-52.061638, -16.24572], [-52.060759, -16.24718], [-52.060263, -16.247932], [-52.05974, -16.248631], [-52.059331, -16.249123], [-52.058769, -16.249731], [-52.058166, -16.250304], [-52.057685, -16.250719], [-52.057347, -16.250988], [-52.056809, -16.25138], [-52.056243, -16.251758], [-52.052848, -16.25388], [-52.051049, -16.255037], [-52.049896, -16.25582], [-52.048598, -16.25677], [-52.047527, -16.257608], [-52.0356, -16.26743], [-52.034911, -16.267922], [-52.034167, -16.268394], [-52.033783, -16.268613], [-52.033196, -16.268919], [-52.032594, -16.269197], [-52.032182, -16.269366], [-52.031121, -16.269746], [-52.030028, -16.270043], [-52.02891, -16.270304], [-52.028671, -16.270331], [-52.028458, -16.270407], [-52.023826, -16.271485], [-52.012857, -16.274012], [-51.990332, -16.27925], [-51.989723, -16.279427], [-51.988976, -16.279679], [-51.988536, -16.279847], [-51.988422, -16.27991], [-51.987662, -16.280219], [-51.98753, -16.280304], [-51.98681, -16.280687], [-51.986066, -16.281133], [-51.985613, -16.28145], [-51.98516, -16.281791], [-51.984711, -16.282156], [-51.984269, -16.282546], [-51.972864, -16.292883], [-51.971287, -16.294296], [-51.971242, -16.294352], [-51.971069, -16.294482], [-51.970196, -16.295302], [-51.959829, -16.304699], [-51.958538, -16.305877], [-51.958076, -16.306324], [-51.957382, -16.30706], [-51.956757, -16.307798], [-51.956066, -16.308721], [-51.955422, -16.309689], [-51.925605, -16.356249], [-51.925128, -16.356943], [-51.924869, -16.357281], [-51.924191, -16.358124], [-51.923904, -16.358453], [-51.923458, -16.358933], [-51.922847, -16.359538], [-51.922378, -16.359963], [-51.921891, -16.360368], [-51.921212, -16.360896], [-51.919955, -16.361805], [-51.912348, -16.367266], [-51.911316, -16.367984], [-51.910434, -16.368503], [-51.910072, -16.368689], [-51.909526, -16.368938], [-51.908978, -16.369157], [-51.908607, -16.369285], [-51.907652, -16.369559], [-51.907063, -16.369685], [-51.906436, -16.369783], [-51.894047, -16.371373], [-51.893207, -16.371493], [-51.892372, -16.371637], [-51.891541, -16.371807], [-51.8905, -16.372047], [-51.875437, -16.375782], [-51.874233, -16.376046], [-51.872796, -16.376311], [-51.871145, -16.376551], [-51.852943, -16.378999], [-51.848157, -16.379652], [-51.845968, -16.379966], [-51.845376, -16.380086], [-51.844983, -16.380184], [-51.844396, -16.380356], [-51.843812, -16.380558], [-51.843239, -16.380792], [-51.842678, -16.381059], [-51.842126, -16.381355], [-51.841768, -16.381569], [-51.841421, -16.381794], [-51.840922, -16.382148], [-51.840293, -16.382659], [-51.836382, -16.386176], [-51.836015, -16.386522], [-51.835663, -16.386889], [-51.835437, -16.387151], [-51.835003, -16.387714], [-51.8346, -16.388319], [-51.834419, -16.388634], [-51.834257, -16.388961], [-51.834034, -16.389477], [-51.83377, -16.390199], [-51.833664, -16.390575], [-51.833534, -16.391161], [-51.833207, -16.393205], [-51.831866, -16.401948], [-51.831662, -16.403211], [-51.831559, -16.403717], [-51.831472, -16.404044], [-51.831306, -16.404529], [-51.831029, -16.405149], [-51.830864, -16.405452], [-51.830581, -16.405897], [-51.830372, -16.406188], [-51.83015, -16.406462], [-51.829797, -16.40684], [-51.829302, -16.407289], [-51.828782, -16.407677], [-51.828231, -16.408013], [-51.82545, -16.409381], [-51.825067, -16.409552], [-51.823559, -16.410315], [-51.823391, -16.410364], [-51.822979, -16.410588], [-51.82095, -16.411586], [-51.820105, -16.411962], [-51.819219, -16.412309], [-51.809798, -16.415705], [-51.808288, -16.416268], [-51.807486, -16.416637], [-51.807016, -16.416887], [-51.806711, -16.417068], [-51.806263, -16.417363], [-51.805817, -16.41768], [-51.805243, -16.418168], [-51.804695, -16.418699], [-51.80416, -16.419282], [-51.798627, -16.425674], [-51.798257, -16.426134], [-51.797805, -16.426754], [-51.797412, -16.427369], [-51.797078, -16.427947], [-51.796729, -16.428633], [-51.796501, -16.429155], [-51.796187, -16.429976], [-51.795976, -16.430623], [-51.795879, -16.43102], [-51.795631, -16.432284], [-51.79459, -16.437874], [-51.794518, -16.43811], [-51.794453, -16.438233], [-51.794223, -16.438479], [-51.794146, -16.4386]]}, "properties": {"SNV": "158BGO0320", "fid": 218, "EXT_KM": 50.3, "GEOCOD": "158BGO0320", "TRECHO": "ENTR GO-421 (BOM JARDIM DE GOIÁS) - ENTR GO-060/188 (PIRANHAS)", "RODOVIA": "BR-158", "SITUACAO": "PAV"}}, {"type": "Feature", "geometry": {"crs": {"type": "name", "properties": {"name": "EPSG:4674"}}, "type": "LineString", "coordinates": [[-49.276754, -18.108513], [-49.277449, -18.110634], [-49.277604, -18.111354], [-49.277689, -18.111605], [-49.277805, -18.111844], [-49.278004, -18.112195], [-49.278271, -18.112827], [-49.279092, -18.114918], [-49.279209, -18.115311], [-49.279542, -18.11617], [-49.280535, -18.118697], [-49.280798, -18.119281], [-49.282152, -18.122737], [-49.282586, -18.123903], [-49.28298, -18.125281], [-49.28326, -18.126053], [-49.283529, -18.126656], [-49.283984, -18.127495], [-49.284111, -18.127767], [-49.284861, -18.129651], [-49.285207, -18.130568], [-49.286375, -18.134117], [-49.286761, -18.135176], [-49.286897, -18.135749], [-49.287011, -18.136614], [-49.287117, -18.13707], [-49.287395, -18.137955], [-49.287666, -18.138672], [-49.287806, -18.139104], [-49.288055, -18.140006], [-49.288165, -18.140509], [-49.288239, -18.141015], [-49.288277, -18.141523], [-49.288279, -18.141861], [-49.288252, -18.142358], [-49.28817, -18.143021], [-49.287874, -18.14496], [-49.287841, -18.145159], [-49.287784, -18.145341], [-49.287795, -18.145483], [-49.287752, -18.145788], [-49.287214, -18.149253], [-49.286894, -18.151453], [-49.28683, -18.152076], [-49.286778, -18.15292], [-49.286767, -18.153563], [-49.286786, -18.154217], [-49.286829, -18.154871], [-49.286894, -18.155527], [-49.287089, -18.156864], [-49.290494, -18.178652], [-49.290575, -18.179468], [-49.290592, -18.180282], [-49.290542, -18.181102], [-49.290429, -18.181899]]}, "properties": {"SNV": "153BGO0730", "fid": 207, "EXT_KM": 8.4, "GEOCOD": "153BGO0730", "TRECHO": "ENTR GO-210 (P/BURITI ALEGRE) - ENTR GO-210 (P/PANAMÁ)", "RODOVIA": "BR-153", "SITUACAO": "DUP"}}, {"type": "Feature", "geometry": {"crs": {"type": "name", "properties": {"name": "EPSG:4674"}}, "type": "LineString", "coordinates": [[-49.290429, -18.181899], [-49.290299, -18.18252], [-49.290194, -18.182915], [-49.289935, -18.183685], [-49.289705, -18.184246], [-49.289536, -18.184612], [-49.289146, -18.185333], [-49.285164, -18.192023], [-49.284977, -18.192422], [-49.284737, -18.192744], [-49.284416, -18.193281], [-49.283595, -18.194737], [-49.283038, -18.195677], [-49.281992, -18.197362], [-49.260872, -18.232902], [-49.26037, -18.233723], [-49.259716, -18.23473], [-49.257987, -18.237627], [-49.257396, -18.23864], [-49.256725, -18.23987], [-49.253859, -18.244684], [-49.253522, -18.245314], [-49.253329, -18.245743], [-49.25316, -18.246177], [-49.252935, -18.246837], [-49.248889, -18.259234], [-49.240671, -18.284309], [-49.240444, -18.28497], [-49.239975, -18.286229], [-49.239357, -18.288098], [-49.238833, -18.289593], [-49.238515, -18.290576], [-49.23843, -18.290729], [-49.238347, -18.291183], [-49.238288, -18.291342], [-49.238211, -18.291492], [-49.238156, -18.291749], [-49.237785, -18.29293], [-49.237178, -18.29475], [-49.23674, -18.296283], [-49.236167, -18.298065], [-49.235766, -18.29939], [-49.23474, -18.302514], [-49.234219, -18.304003], [-49.233858, -18.305087], [-49.22875, -18.32073], [-49.228305, -18.321913], [-49.227952, -18.322973], [-49.226867, -18.32631], [-49.22672, -18.326824], [-49.226548, -18.327514], [-49.226329, -18.328226], [-49.220888, -18.34488], [-49.216933, -18.357049], [-49.216768, -18.357542], [-49.21668, -18.357731], [-49.216659, -18.357876], [-49.216545, -18.358221]]}, "properties": {"SNV": "153BGO0750", "fid": 208, "EXT_KM": 21.2, "GEOCOD": "153BGO0750", "TRECHO": "ENTR GO-210 (P/PANAMÁ) - ENTR BR-153/154/452/483 (ACESSO NORTE ITUMBIARA)", "RODOVIA": "BR-153", "SITUACAO": "DUP"}}, {"type": "Feature", "geometry": {"crs": {"type": "name", "properties": {"name": "EPSG:4674"}}, "type": "LineString", "coordinates": [[-49.294341, -18.394746], [-49.295915, -18.395875], [-49.296316, -18.396197], [-49.297096, -18.396884], [-49.297674, -18.397291], [-49.298289, -18.397652], [-49.298737, -18.397887], [-49.299593, -18.39829], [-49.300253, -18.39854], [-49.300672, -18.398662], [-49.302176, -18.399033], [-49.303007, -18.399198], [-49.310533, -18.401006], [-49.311539, -18.401231], [-49.312144, -18.401314], [-49.312548, -18.401334], [-49.312952, -18.401333], [-49.313558, -18.401287], [-49.313957, -18.401225], [-49.31435, -18.401144], [-49.314735, -18.401038], [-49.3153, -18.40085], [-49.32077, -18.398858], [-49.32294, -18.398146], [-49.323523, -18.397904], [-49.324484, -18.397549], [-49.328787, -18.396012], [-49.329195, -18.395854], [-49.329784, -18.395597], [-49.330348, -18.395314], [-49.330891, -18.395006], [-49.331243, -18.394788], [-49.331752, -18.394441], [-49.332548, -18.393831], [-49.334759, -18.391933], [-49.336033, -18.390813], [-49.336471, -18.390451], [-49.338589, -18.388611], [-49.338787, -18.388422], [-49.342093, -18.385592], [-49.342448, -18.385269], [-49.342757, -18.384956], [-49.343516, -18.3841], [-49.343724, -18.383886], [-49.345498, -18.382339]]}, "properties": {"SNV": "154BGO0025", "fid": 211, "EXT_KM": 6.5, "GEOCOD": "154BGO0025", "TRECHO": "ENTR GO-206/AV.MODESTO DE CARVALHO (ITUMBIARA) - ENTR BR-154/452/483/GO-206 (ACESSO OESTE ITUMBIARA)", "RODOVIA": "BR-154", "SITUACAO": "PAV"}}, {"type": "Feature", "geometry": {"crs": {"type": "name", "properties": {"name": "EPSG:4674"}}, "type": "LineString", "coordinates": [[-51.794146, -16.4386], [-51.794146, -16.438754], [-51.79428, -16.439134], [-51.794297, -16.439395], [-51.794218, -16.439895], [-51.793623, -16.443136], [-51.79357, -16.443605], [-51.793559, -16.443919], [-51.793592, -16.444524], [-51.793683, -16.445092], [-51.793789, -16.445522], [-51.794365, -16.447437], [-51.794481, -16.448017], [-51.794529, -16.448606], [-51.794521, -16.448998], [-51.794468, -16.449774], [-51.794037, -16.455032], [-51.793939, -16.455692], [-51.79386, -16.456011], [-51.793708, -16.456467], [-51.793484, -16.457027], [-51.791956, -16.460609]]}, "properties": {"SNV": "158BGO0325", "fid": 219, "EXT_KM": 4, "GEOCOD": "158BGO0325", "TRECHO": "ENTR GO-060/188 (PIRANHAS) - ENTR GO-188", "RODOVIA": "BR-158", "SITUACAO": "PAV"}}, {"type": "Feature", "geometry": {"crs": {"type": "name", "properties": {"name": "EPSG:4674"}}, "type": "LineString", "coordinates": [[-51.791956, -16.460609], [-51.791167, -16.462489], [-51.79097, -16.463027], [-51.790849, -16.463472], [-51.790754, -16.463945], [-51.790693, -16.464434], [-51.789467, -16.472316], [-51.789297, -16.473212], [-51.789202, -16.473567], [-51.788979, -16.474286], [-51.787467, -16.478885], [-51.787329, -16.479249], [-51.787172, -16.479602], [-51.78699, -16.479945], [-51.786783, -16.480275], [-51.786426, -16.480744], [-51.780917, -16.487006], [-51.780653, -16.487375], [-51.780349, -16.487912], [-51.780215, -16.488197], [-51.780097, -16.488497], [-51.779954, -16.488963], [-51.779048, -16.492872], [-51.778871, -16.493541], [-51.778703, -16.494389], [-51.778544, -16.494996], [-51.77845, -16.495846], [-51.778412, -16.496547], [-51.778354, -16.502194], [-51.778364, -16.502665], [-51.778388, -16.502972], [-51.778456, -16.50342], [-51.778555, -16.503853], [-51.778751, -16.504418], [-51.779681, -16.506736], [-51.779799, -16.50708], [-51.779896, -16.507431], [-51.779996, -16.507971], [-51.78003, -16.508342], [-51.78004, -16.508718], [-51.780004, -16.509284], [-51.779912, -16.509839], [-51.779816, -16.510201], [-51.779699, -16.510551], [-51.778381, -16.513577], [-51.778061, -16.514424], [-51.777903, -16.514961], [-51.776804, -16.519188], [-51.776697, -16.51953], [-51.776487, -16.520037], [-51.776217, -16.520543], [-51.776004, -16.520866], [-51.775768, -16.521173], [-51.775508, -16.521466], [-51.775227, -16.521743], [-51.774768, -16.522125], [-51.769428, -16.525882], [-51.761676, -16.531292], [-51.761264, -16.5316], [-51.760766, -16.532063], [-51.760527, -16.532321], [-51.760303, -16.532601], [-51.759985, -16.53308], [-51.75694, -16.538805], [-51.756759, -16.539117], [-51.756555, -16.539422], [-51.756317, -16.53973], [-51.755904, -16.540185], [-51.750508, -16.545873], [-51.750173, -16.546315], [-51.749888, -16.546782], [-51.749729, -16.547103], [-51.74953, -16.547595], [-51.74938, -16.548097], [-51.74931, -16.548434], [-51.749261, -16.548768], [-51.74923, -16.549277], [-51.749249, -16.549797], [-51.749633, -16.554368], [-51.749729, -16.554892], [-51.749823, -16.555246], [-51.750008, -16.555771], [-51.750159, -16.556109], [-51.750334, -16.556428], [-51.750532, -16.556736], [-51.750864, -16.557173], [-51.75124, -16.557574], [-51.751668, -16.557948], [-51.75199, -16.558185], [-51.75233, -16.55841], [-51.755789, -16.560605], [-51.756167, -16.560863], [-51.756394, -16.561046], [-51.756703, -16.561367], [-51.756962, -16.561756], [-51.757144, -16.562174], [-51.757217, -16.562466], [-51.757263, -16.562767], [-51.757252, -16.563227], [-51.757195, -16.563543], [-51.757102, -16.563877], [-51.75473, -16.57042], [-51.754366, -16.571347], [-51.754193, -16.571695], [-51.753995, -16.572028], [-51.753774, -16.572344], [-51.753532, -16.572645], [-51.753275, -16.572927], [-51.752999, -16.573186], [-51.752706, -16.573427], [-51.7524, -16.573647], [-51.751923, -16.573938], [-51.751435, -16.574172], [-51.750781, -16.574418], [-51.748301, -16.575278], [-51.747813, -16.575483], [-51.747494, -16.575646], [-51.747181, -16.575829], [-51.746876, -16.576035], [-51.746436, -16.576388], [-51.746022, -16.576794], [-51.745639, -16.577255], [-51.745411, -16.577593], [-51.744564, -16.578989], [-51.723824, -16.61346]]}, "properties": {"SNV": "158BGO0330", "fid": 220, "EXT_KM": 25.9, "GEOCOD": "158BGO0330", "TRECHO": "ENTR GO-188 - ENTR GO-472", "RODOVIA": "BR-158", "SITUACAO": "PAV"}}, {"type": "Feature", "geometry": {"crs": {"type": "name", "properties": {"name": "EPSG:4674"}}, "type": "LineString", "coordinates": [[-51.723824, -16.61346], [-51.721987, -16.616515], [-51.721795, -16.616854], [-51.721629, -16.617204], [-51.721426, -16.617752], [-51.72128, -16.618332], [-51.721197, -16.618942], [-51.72118, -16.619351], [-51.721214, -16.619959], [-51.721276, -16.620357], [-51.721619, -16.621715], [-51.72229, -16.624243], [-51.722444, -16.624885], [-51.722848, -16.626769], [-51.723563, -16.630259], [-51.723624, -16.6307], [-51.723624, -16.631145], [-51.723551, -16.631583], [-51.723412, -16.632], [-51.72328, -16.632271], [-51.723116, -16.632531], [-51.722927, -16.632769], [-51.72272, -16.632986], [-51.718735, -16.636645], [-51.71845, -16.636925], [-51.718179, -16.637221], [-51.717796, -16.637697], [-51.717555, -16.638032], [-51.717336, -16.638383], [-51.717043, -16.638931], [-51.716801, -16.639497], [-51.716608, -16.640081], [-51.715905, -16.642435], [-51.715689, -16.643027], [-51.715437, -16.643613], [-51.708389, -16.657692], [-51.708138, -16.658149], [-51.707952, -16.658445], [-51.707748, -16.658731], [-51.707398, -16.659137], [-51.707142, -16.659393], [-51.706869, -16.659633], [-51.70581, -16.660394], [-51.703123, -16.662266], [-51.702819, -16.662505], [-51.70253, -16.662761], [-51.702134, -16.663184], [-51.701783, -16.663651], [-51.701465, -16.664164], [-51.697996, -16.670166], [-51.697762, -16.670693], [-51.697591, -16.671217], [-51.697481, -16.671732], [-51.697421, -16.672246], [-51.697412, -16.673257], [-51.697513, -16.68302], [-51.697512, -16.684222], [-51.697494, -16.684583], [-51.697435, -16.684936], [-51.697371, -16.68516], [-51.697286, -16.685377], [-51.697126, -16.685687], [-51.696995, -16.685879], [-51.696849, -16.686053], [-51.696591, -16.686297], [-51.69639, -16.686452], [-51.696173, -16.686589], [-51.695824, -16.686748], [-51.695459, -16.68686], [-51.695076, -16.686932], [-51.692002, -16.687341], [-51.691648, -16.687401], [-51.691294, -16.687483], [-51.690719, -16.687661], [-51.690166, -16.687896], [-51.68966, -16.688174], [-51.689194, -16.688494], [-51.688695, -16.688929], [-51.688488, -16.689143], [-51.688187, -16.689496], [-51.682561, -16.696443], [-51.682191, -16.696934], [-51.681868, -16.697444], [-51.681611, -16.697981], [-51.681423, -16.698536], [-51.681293, -16.699097], [-51.681225, -16.699658], [-51.681116, -16.702514], [-51.681078, -16.703047], [-51.681063, -16.703958], [-51.680967, -16.706478], [-51.680921, -16.708215], [-51.68094, -16.7088], [-51.680964, -16.708998], [-51.681047, -16.709399], [-51.681481, -16.710896], [-51.688264, -16.732909], [-51.689229, -16.735993], [-51.689472, -16.736632], [-51.689835, -16.73748], [-51.695887, -16.751001], [-51.696191, -16.751568], [-51.696433, -16.751928], [-51.696702, -16.752268], [-51.696995, -16.752585], [-51.706898, -16.761893], [-51.70731, -16.762318], [-51.707673, -16.762779], [-51.707883, -16.763109], [-51.708077, -16.763462], [-51.708339, -16.764056], [-51.708855, -16.765501], [-51.708963, -16.765855], [-51.709023, -16.765973], [-51.709089, -16.766194], [-51.709317, -16.766778], [-51.711537, -16.772967], [-51.711693, -16.773324], [-51.711867, -16.773663], [-51.712067, -16.773989], [-51.712298, -16.77431], [-51.712688, -16.774756], [-51.713108, -16.775172], [-51.725562, -16.786967], [-51.727767, -16.789065], [-51.727907, -16.789236], [-51.72811, -16.789387], [-51.728283, -16.78955], [-51.734795, -16.795726], [-51.747142, -16.80753], [-51.747994, -16.808317], [-51.749331, -16.809617], [-51.749506, -16.809754], [-51.749665, -16.809936], [-51.751302, -16.811505], [-51.777009, -16.836092], [-51.778256, -16.837293], [-51.778492, -16.837541], [-51.778815, -16.837938], [-51.77901, -16.838218], [-51.779191, -16.838515], [-51.779426, -16.83899], [-51.779614, -16.839478], [-51.779755, -16.83997], [-51.779841, -16.840461], [-51.780397, -16.846417], [-51.780388, -16.846628], [-51.780471, -16.847301], [-51.781008, -16.853095], [-51.781059, -16.853532], [-51.78117, -16.854189], [-51.781319, -16.854847], [-51.7816, -16.855956], [-51.784487, -16.867072], [-51.784622, -16.867452], [-51.784787, -16.867823], [-51.785086, -16.868357], [-51.785324, -16.868697], [-51.786133, -16.869691], [-51.791235, -16.875816], [-51.791602, -16.876307], [-51.79192, -16.876847], [-51.792177, -16.87742], [-51.792377, -16.878016], [-51.795009, -16.886867], [-51.795408, -16.88825], [-51.795591, -16.889111], [-51.795795, -16.890534], [-51.798854, -16.913377], [-51.798978, -16.914265], [-51.799051, -16.914479], [-51.799036, -16.914702], [-51.799711, -16.919791], [-51.800044, -16.922172], [-51.800223, -16.9228], [-51.800345, -16.923104], [-51.800493, -16.92341], [-51.804034, -16.929832], [-51.804105, -16.930034], [-51.804129, -16.930234], [-51.804109, -16.930418], [-51.80399, -16.930883], [-51.803979, -16.931078]]}, "properties": {"SNV": "158BGO0335", "fid": 221, "EXT_KM": 32, "GEOCOD": "158BGO0335", "TRECHO": "ENTR GO-472 - ENTR GO-221", "RODOVIA": "BR-158", "SITUACAO": "PAV"}}, {"type": "Feature", "geometry": {"crs": {"type": "name", "properties": {"name": "EPSG:4674"}}, "type": "LineString", "coordinates": [[-51.803979, -16.931078], [-51.804007, -16.931238], [-51.804065, -16.931382], [-51.804124, -16.931471], [-51.804205, -16.931552], [-51.804301, -16.931613], [-51.804411, -16.93165], [-51.804628, -16.931657], [-51.804678, -16.931645], [-51.80476, -16.931595], [-51.804816, -16.931527], [-51.80487, -16.931414], [-51.804893, -16.931318], [-51.804881, -16.931104], [-51.804907, -16.931002], [-51.805014, -16.930899], [-51.805116, -16.930868], [-51.80695, -16.930762], [-51.808468, -16.930703], [-51.809143, -16.930655], [-51.809901, -16.930573], [-51.810428, -16.930499], [-51.813424, -16.929977], [-51.814199, -16.929922], [-51.814904, -16.929937], [-51.815523, -16.930009], [-51.816049, -16.930114], [-51.81764, -16.930557], [-51.820809, -16.931493], [-51.821054, -16.931586], [-51.821928, -16.931823], [-51.823435, -16.932272], [-51.823746, -16.932387], [-51.823859, -16.932469], [-51.823921, -16.932554]]}, "properties": {"SNV": "158BGO0340", "fid": 222, "EXT_KM": 2.1, "GEOCOD": "158BGO0340", "TRECHO": "ENTR GO-221 - ENTR GO-221 (P/DOVERLÂNDIA)", "RODOVIA": "BR-158", "SITUACAO": "PAV"}}, {"type": "Feature", "geometry": {"crs": {"type": "name", "properties": {"name": "EPSG:4674"}}, "type": "LineString", "coordinates": [[-51.823921, -16.932554], [-51.823946, -16.932638], [-51.823997, -16.933404], [-51.824141, -16.934116], [-51.824196, -16.934741], [-51.824539, -16.946265], [-51.824567, -16.947457], [-51.824554, -16.947591], [-51.824653, -16.950036], [-51.824706, -16.950466], [-51.824762, -16.950758], [-51.824926, -16.951346], [-51.825154, -16.951914], [-51.825441, -16.952455], [-51.825776, -16.952957], [-51.826162, -16.953416], [-51.829089, -16.956468]]}, "properties": {"SNV": "158BGO0345", "fid": 223, "EXT_KM": 3, "GEOCOD": "158BGO0345", "TRECHO": "ENTR GO-221 (P/DOVERLÂNDIA) - ACESSO CAIAPÔNIA", "RODOVIA": "BR-158", "SITUACAO": "PAV"}}, {"type": "Feature", "geometry": {"crs": {"type": "name", "properties": {"name": "EPSG:4674"}}, "type": "LineString", "coordinates": [[-51.742155, -17.844211], [-51.742809, -17.844884], [-51.743275, -17.845287], [-51.757674, -17.857562], [-51.758047, -17.857906], [-51.758335, -17.858189], [-51.758821, -17.858734], [-51.75928, -17.859349], [-51.759534, -17.859739], [-51.759945, -17.860486], [-51.760136, -17.860901], [-51.760298, -17.861302], [-51.760534, -17.862013], [-51.760682, -17.862601], [-51.760806, -17.863326], [-51.76087, -17.864085], [-51.760876, -17.864367], [-51.760855, -17.865067], [-51.760368, -17.87034], [-51.760307, -17.871215], [-51.760297, -17.871503], [-51.760317, -17.872446], [-51.760394, -17.873366], [-51.760568, -17.874439], [-51.761722, -17.880088], [-51.761793, -17.880582], [-51.761853, -17.881294], [-51.761935, -17.881744], [-51.762543, -17.884504], [-51.762629, -17.884824], [-51.76266, -17.885033], [-51.763038, -17.886904], [-51.763312, -17.888096], [-51.76339, -17.888639], [-51.763416, -17.889005], [-51.763496, -17.889314], [-51.763545, -17.889581], [-51.763608, -17.890232], [-51.763622, -17.890663], [-51.763595, -17.892378], [-51.763394, -17.894123], [-51.763245, -17.894918], [-51.763192, -17.895083], [-51.763043, -17.895785], [-51.762805, -17.896558], [-51.762132, -17.900685], [-51.762063, -17.901629], [-51.762011, -17.903386], [-51.762018, -17.904005], [-51.762041, -17.904351], [-51.76209, -17.904702], [-51.762209, -17.905235], [-51.762308, -17.90556], [-51.76258, -17.906229], [-51.763098, -17.907296], [-51.763413, -17.907858], [-51.764128, -17.90936], [-51.764593, -17.91041], [-51.76485, -17.911091], [-51.76619, -17.913985], [-51.766281, -17.914189], [-51.766407, -17.914559]]}, "properties": {"SNV": "158BGO0382", "fid": 230, "EXT_KM": 8.8, "GEOCOD": "158BGO0382", "TRECHO": "ANEL VIÁRIO OESTE JATAÍ - ENTR BR-060/158/364/GO-184 (ACESSO OESTE JATAÍ)", "RODOVIA": "BR-158", "SITUACAO": "DUP"}}, {"type": "Feature", "geometry": {"crs": {"type": "name", "properties": {"name": "EPSG:4674"}}, "type": "LineString", "coordinates": [[-51.829089, -16.956468], [-51.830292, -16.957702], [-51.830654, -16.958141], [-51.83091, -16.958506], [-51.831146, -16.958905], [-51.83136, -16.959347], [-51.831485, -16.959668], [-51.837667, -16.977631], [-51.838148, -16.978995], [-51.846525, -17.003417], [-51.846698, -17.004036], [-51.846853, -17.00488], [-51.848275, -17.013767]]}, "properties": {"SNV": "158BGO0348", "fid": 224, "EXT_KM": 6.9, "GEOCOD": "158BGO0348", "TRECHO": "ACESSO CAIAPÔNIA - ENTR GO-184", "RODOVIA": "BR-158", "SITUACAO": "PAV"}}, {"type": "Feature", "geometry": {"crs": {"type": "name", "properties": {"name": "EPSG:4674"}}, "type": "LineString", "coordinates": [[-51.848275, -17.013767], [-51.85062, -17.028281], [-51.851807, -17.035782], [-51.852114, -17.038478], [-51.854064, -17.057082], [-51.854129, -17.057514], [-51.854287, -17.058136], [-51.854508, -17.058728], [-51.854691, -17.059105], [-51.854903, -17.059469], [-51.855866, -17.060904], [-51.860972, -17.068381], [-51.86129, -17.068933], [-51.86156, -17.069547], [-51.861697, -17.069974], [-51.861831, -17.070641], [-51.862982, -17.079262], [-51.863257, -17.081081], [-51.863332, -17.081853], [-51.863454, -17.082825], [-51.863586, -17.083777], [-51.863668, -17.084167], [-51.864042, -17.085348], [-51.865808, -17.090589], [-51.866411, -17.092276], [-51.866879, -17.09377], [-51.868337, -17.098101], [-51.868806, -17.099449], [-51.870708, -17.105138], [-51.871187, -17.106549], [-51.871461, -17.107251], [-51.871648, -17.1078], [-51.871983, -17.10891], [-51.873026, -17.112006], [-51.873333, -17.11281], [-51.873697, -17.113604], [-51.877555, -17.121695], [-51.878216, -17.123018], [-51.879089, -17.124927], [-51.885415, -17.138182], [-51.885667, -17.13879], [-51.885793, -17.139204], [-51.885898, -17.139626], [-51.888066, -17.149059], [-51.888274, -17.150002], [-51.888389, -17.150704], [-51.888433, -17.151171], [-51.88869, -17.155015], [-51.888869, -17.157109], [-51.888944, -17.158627], [-51.889254, -17.163034], [-51.889808, -17.171417], [-51.889989, -17.173876], [-51.890194, -17.177141], [-51.890478, -17.181246], [-51.890496, -17.181746], [-51.89067, -17.183881], [-51.890752, -17.184512], [-51.891134, -17.186708], [-51.891763, -17.190201], [-51.892146, -17.192151], [-51.892423, -17.193855], [-51.893679, -17.200921]]}, "properties": {"SNV": "158BGO0350", "fid": 225, "EXT_KM": 23, "GEOCOD": "158BGO0350", "TRECHO": "ENTR GO-184 - ENTR GO-341", "RODOVIA": "BR-158", "SITUACAO": "PAV"}}, {"type": "Feature", "geometry": {"crs": {"type": "name", "properties": {"name": "EPSG:4674"}}, "type": "LineString", "coordinates": [[-51.893679, -17.200921], [-51.894162, -17.203604], [-51.894208, -17.203963], [-51.89423, -17.204328], [-51.894216, -17.204888], [-51.894142, -17.205455], [-51.894005, -17.206011], [-51.893883, -17.206367], [-51.893026, -17.208314], [-51.880292, -17.236826], [-51.880117, -17.237309], [-51.879955, -17.237956], [-51.879871, -17.238591], [-51.879857, -17.239052], [-51.879884, -17.239495], [-51.87997, -17.240063], [-51.880071, -17.240472], [-51.880251, -17.241002], [-51.88282, -17.247065], [-51.883101, -17.247736], [-51.88315, -17.247904], [-51.883467, -17.248595], [-51.884317, -17.250589], [-51.884556, -17.251096], [-51.884739, -17.25144], [-51.88865, -17.258448], [-51.889024, -17.259178], [-51.895601, -17.274511], [-51.895929, -17.275359], [-51.896056, -17.275823], [-51.896118, -17.276141], [-51.896163, -17.276463], [-51.896193, -17.276964], [-51.896183, -17.277301], [-51.896148, -17.277641], [-51.896021, -17.278309], [-51.895825, -17.278938], [-51.892212, -17.288272], [-51.892066, -17.288669], [-51.891944, -17.289077], [-51.891804, -17.289742], [-51.891665, -17.290651], [-51.889784, -17.303319], [-51.88971, -17.303642], [-51.889598, -17.303949], [-51.889434, -17.304236], [-51.889218, -17.304498], [-51.888952, -17.304721], [-51.888644, -17.304891], [-51.888317, -17.305017], [-51.887986, -17.305117], [-51.88575, -17.305719], [-51.885277, -17.30586], [-51.884854, -17.306042], [-51.884726, -17.306119], [-51.884491, -17.306302], [-51.884385, -17.306406], [-51.884197, -17.306634], [-51.884116, -17.30676], [-51.883984, -17.307032], [-51.883838, -17.307475], [-51.883256, -17.309584], [-51.883095, -17.310093], [-51.883043, -17.310211], [-51.882911, -17.310433], [-51.882746, -17.31063], [-51.882553, -17.310805], [-51.882331, -17.310956], [-51.88195, -17.311122], [-51.879971, -17.311706], [-51.879025, -17.312005], [-51.8786, -17.31222], [-51.878436, -17.312341], [-51.878251, -17.312516], [-51.878102, -17.312709], [-51.877994, -17.312881], [-51.877838, -17.313259], [-51.876708, -17.316855], [-51.876453, -17.317788], [-51.876198, -17.3185], [-51.875597, -17.320405], [-51.875481, -17.320826], [-51.875387, -17.321271], [-51.875334, -17.321619], [-51.87529, -17.322168], [-51.875244, -17.323277], [-51.875239, -17.324005], [-51.875169, -17.325239], [-51.874979, -17.329626], [-51.874945, -17.331278], [-51.875012, -17.33214], [-51.875957, -17.340044], [-51.876119, -17.341132], [-51.876444, -17.342783]]}, "properties": {"SNV": "158BGO0355", "fid": 226, "EXT_KM": 16.2, "GEOCOD": "158BGO0355", "TRECHO": "ENTR GO-341 - ENTR GO-220 (P/MONTIVIDIU)", "RODOVIA": "BR-158", "SITUACAO": "PAV"}}, {"type": "Feature", "geometry": {"crs": {"type": "name", "properties": {"name": "EPSG:4674"}}, "type": "LineString", "coordinates": [[-51.876444, -17.342783], [-51.882326, -17.370879], [-51.884176, -17.379784], [-51.884412, -17.381006], [-51.884769, -17.382658], [-51.886324, -17.390147], [-51.887619, -17.396601], [-51.890173, -17.409172], [-51.890276, -17.409609], [-51.890409, -17.410041], [-51.890574, -17.410463], [-51.890763, -17.410877], [-51.890983, -17.411277], [-51.891236, -17.411664], [-51.905926, -17.432095], [-51.90641, -17.432808], [-51.906729, -17.433351], [-51.907105, -17.434097], [-51.907354, -17.434698], [-51.907563, -17.435308], [-51.907769, -17.436123], [-51.907881, -17.436741], [-51.907973, -17.437598], [-51.907993, -17.438266], [-51.907965, -17.43895], [-51.90792, -17.439414], [-51.907852, -17.439878], [-51.907759, -17.440338], [-51.907583, -17.44102], [-51.907442, -17.441471], [-51.907277, -17.441914], [-51.907092, -17.442345], [-51.901722, -17.453548], [-51.889701, -17.478551], [-51.886808, -17.484586], [-51.886432, -17.485417], [-51.886111, -17.486274], [-51.88559, -17.487829], [-51.878873, -17.508072], [-51.878528, -17.509172], [-51.878432, -17.509611], [-51.878366, -17.510053], [-51.878327, -17.51071], [-51.878342, -17.511138], [-51.87842, -17.511788], [-51.879014, -17.515678], [-51.879063, -17.51614], [-51.879086, -17.516602], [-51.879072, -17.517991], [-51.878955, -17.52243], [-51.878891, -17.523302], [-51.878792, -17.523957], [-51.877796, -17.528889], [-51.877745, -17.529494], [-51.877748, -17.529885], [-51.877775, -17.530267], [-51.877826, -17.530643], [-51.877904, -17.531018], [-51.878014, -17.531396], [-51.87816, -17.531795], [-51.883905, -17.545857], [-51.884155, -17.54659], [-51.884292, -17.547151], [-51.884352, -17.547538], [-51.884388, -17.547933], [-51.884398, -17.548345], [-51.88438, -17.548984], [-51.883766, -17.560461], [-51.883694, -17.561085], [-51.88355, -17.561736], [-51.883339, -17.562357], [-51.88311, -17.562865], [-51.880159, -17.568246], [-51.879683, -17.569068], [-51.87945, -17.569543], [-51.877819, -17.572518], [-51.873668, -17.580064], [-51.87325, -17.58079]]}, "properties": {"SNV": "158BGO0360", "fid": 227, "EXT_KM": 28.9, "GEOCOD": "158BGO0360", "TRECHO": "ENTR GO-220 (P/MONTIVIDIU) - ENTR GO-220 (P/PEROLÂNDIA)", "RODOVIA": "BR-158", "SITUACAO": "PAV"}}, {"type": "Feature", "geometry": {"crs": {"type": "name", "properties": {"name": "EPSG:4674"}}, "type": "LineString", "coordinates": [[-51.87325, -17.58079], [-51.872901, -17.581471], [-51.871979, -17.583381], [-51.863696, -17.599965], [-51.863128, -17.601147], [-51.863008, -17.601446], [-51.862908, -17.60175], [-51.862787, -17.60221], [-51.862728, -17.602526], [-51.862668, -17.60301], [-51.862648, -17.603494], [-51.862666, -17.603981], [-51.86318, -17.611892], [-51.86319, -17.612535], [-51.863143, -17.613179], [-51.863031, -17.613821], [-51.862825, -17.614648], [-51.860291, -17.624156], [-51.86018, -17.624531], [-51.860044, -17.624905], [-51.859876, -17.625278], [-51.859667, -17.62567], [-51.859295, -17.626244], [-51.848715, -17.640471], [-51.847698, -17.641852], [-51.84735, -17.642392], [-51.847066, -17.642983], [-51.846844, -17.64361], [-51.844465, -17.652098], [-51.844367, -17.652565], [-51.844158, -17.653208], [-51.843785, -17.654518], [-51.84364, -17.654949], [-51.843363, -17.65558], [-51.843022, -17.656185], [-51.842766, -17.65657], [-51.841177, -17.658829], [-51.840819, -17.659393], [-51.840528, -17.659989], [-51.840306, -17.660624], [-51.840247, -17.660843], [-51.84016, -17.661297], [-51.840101, -17.662005], [-51.840127, -17.667449], [-51.840086, -17.668306], [-51.83999, -17.669208], [-51.832837, -17.722186], [-51.832265, -17.726284], [-51.832141, -17.726817], [-51.831981, -17.727344], [-51.831775, -17.727874], [-51.831616, -17.728222], [-51.826423, -17.738528], [-51.826246, -17.738957], [-51.826101, -17.739401], [-51.825992, -17.739857], [-51.825953, -17.740087], [-51.825905, -17.740551], [-51.825899, -17.741258], [-51.82644, -17.751102], [-51.826482, -17.752198], [-51.82646, -17.752731], [-51.826391, -17.753267], [-51.826271, -17.753814], [-51.826084, -17.754408], [-51.825917, -17.754821], [-51.825729, -17.755226], [-51.823814, -17.759034], [-51.823696, -17.759231], [-51.812035, -17.782222], [-51.81125, -17.783741], [-51.81092, -17.784286], [-51.810518, -17.784859], [-51.808454, -17.787391], [-51.803368, -17.793574], [-51.802888, -17.794097], [-51.802626, -17.794342], [-51.802346, -17.794571], [-51.8019, -17.794884], [-51.801417, -17.795163], [-51.800727, -17.795468], [-51.800181, -17.795656], [-51.799802, -17.79575], [-51.795899, -17.79649], [-51.795568, -17.796577], [-51.795253, -17.796694], [-51.794815, -17.796928], [-51.79443, -17.797228], [-51.7942, -17.797465], [-51.794089, -17.797602], [-51.793795, -17.798061], [-51.791275, -17.80283], [-51.791005, -17.80331], [-51.790607, -17.804116], [-51.788304, -17.808507], [-51.787989, -17.809194], [-51.787795, -17.809774], [-51.787644, -17.81047], [-51.787499, -17.81156], [-51.785825, -17.825138], [-51.785742, -17.825614], [-51.785657, -17.825918], [-51.785535, -17.826222], [-51.785382, -17.826505], [-51.785112, -17.826867], [-51.784807, -17.82716], [-51.784475, -17.8274], [-51.784241, -17.827534], [-51.784001, -17.827647], [-51.782873, -17.828053], [-51.777314, -17.829966]]}, "properties": {"SNV": "158BGO0370", "fid": 228, "EXT_KM": 31.3, "GEOCOD": "158BGO0370", "TRECHO": "ENTR GO-220 (P/PEROLÂNDIA) - INÍCIO PISTA DUPLA", "RODOVIA": "BR-158", "SITUACAO": "PAV"}}, {"type": "Feature", "geometry": {"crs": {"type": "name", "properties": {"name": "EPSG:4674"}}, "type": "LineString", "coordinates": [[-51.777314, -17.829966], [-51.776338, -17.830279], [-51.775948, -17.830429], [-51.775431, -17.830594], [-51.77096, -17.832164], [-51.769788, -17.832592], [-51.766803, -17.833644], [-51.766234, -17.833895], [-51.765705, -17.834203], [-51.765197, -17.834555], [-51.757562, -17.840041], [-51.757003, -17.84038], [-51.756393, -17.840658], [-51.7559, -17.840836], [-51.755374, -17.840995], [-51.747386, -17.843323], [-51.746913, -17.843438], [-51.746487, -17.843518], [-51.742155, -17.844211]]}, "properties": {"SNV": "158BGO0375", "fid": 229, "EXT_KM": 4.3, "GEOCOD": "158BGO0375", "TRECHO": "INÍCIO PISTA DUPLA - ANEL VIÁRIO OESTE JATAÍ", "RODOVIA": "BR-158", "SITUACAO": "DUP"}}, {"type": "Feature", "geometry": {"crs": {"type": "name", "properties": {"name": "EPSG:4674"}}, "type": "LineString", "coordinates": [[-52.092809, -18.520903], [-52.094856, -18.526989], [-52.095452, -18.528716], [-52.095881, -18.530031], [-52.096817, -18.533147], [-52.097551, -18.535658], [-52.098035, -18.537166], [-52.105573, -18.56158], [-52.105843, -18.562512], [-52.106001, -18.563266], [-52.106047, -18.563801], [-52.106006, -18.564697], [-52.10595, -18.56512], [-52.105848, -18.565573], [-52.105724, -18.56597], [-52.105247, -18.567081], [-52.10433, -18.569353], [-52.101595, -18.575811], [-52.101351, -18.576372], [-52.101147, -18.576774], [-52.10079, -18.577339], [-52.100296, -18.577996], [-52.096664, -18.582423], [-52.096196, -18.5831], [-52.095911, -18.583655], [-52.095804, -18.583915], [-52.095641, -18.58442], [-52.092434, -18.600821], [-52.088752, -18.61954], [-52.075411, -18.68703], [-52.069393, -18.716833], [-52.069342, -18.717174], [-52.069322, -18.717709], [-52.069347, -18.718254], [-52.069429, -18.71883], [-52.071451, -18.729154], [-52.076456, -18.754908], [-52.076629, -18.7556], [-52.076832, -18.756156], [-52.078027, -18.75864], [-52.084009, -18.770871], [-52.112801, -18.83038], [-52.115327, -18.835713], [-52.116505, -18.838287], [-52.116922, -18.839095], [-52.117823, -18.840934], [-52.122894, -18.851574], [-52.123179, -18.852226], [-52.123301, -18.852547], [-52.123439, -18.853087], [-52.123531, -18.853678], [-52.123556, -18.854202], [-52.123536, -18.854824], [-52.123352, -18.856688], [-52.122446, -18.866743], [-52.122354, -18.867385], [-52.122148, -18.868125], [-52.121957, -18.868602], [-52.121707, -18.869101], [-52.121417, -18.869534], [-52.12107, -18.869977], [-52.120739, -18.870319], [-52.120281, -18.870701], [-52.119746, -18.871083], [-52.118142, -18.872096], [-52.114176, -18.874648], [-52.11357, -18.875081], [-52.111978, -18.87636], [-52.101682, -18.88482], [-52.095225, -18.890092], [-52.093652, -18.891554], [-52.086406, -18.898053], [-52.06364, -18.917781], [-52.062514, -18.918733], [-52.061916, -18.91919], [-52.061485, -18.919457], [-52.061047, -18.919676], [-52.060472, -18.9199], [-52.06012, -18.920002], [-52.059596, -18.920124], [-52.058934, -18.92019], [-52.028305, -18.920784], [-52.026095, -18.920842], [-52.023808, -18.920852], [-52.02287, -18.920903], [-52.010858, -18.921143], [-52.010282, -18.921168], [-52.009829, -18.921229], [-52.009121, -18.921382], [-52.008688, -18.92153], [-52.008158, -18.921744], [-52.007761, -18.921963], [-52.007129, -18.92236], [-51.991146, -18.932698], [-51.982713, -18.938206], [-51.97751, -18.941578], [-51.968914, -18.947186], [-51.968171, -18.94765], [-51.967626, -18.94795], [-51.967203, -18.948139], [-51.966607, -18.948363], [-51.96598, -18.948521], [-51.965435, -18.948617], [-51.96486, -18.948689], [-51.946823, -18.949152], [-51.946258, -18.949219], [-51.945655, -18.949331], [-51.945102, -18.949483], [-51.939993, -18.951628], [-51.939318, -18.951944], [-51.938793, -18.952277], [-51.938368, -18.952606], [-51.935425, -18.955335], [-51.93046, -18.960019], [-51.927772, -18.962508]]}, "properties": {"SNV": "158BGO0410", "fid": 235, "EXT_KM": 64, "GEOCOD": "158BGO0410", "TRECHO": "ENTR BR-060/158/GO-184 - ENTR GO-180 (APORÉ)", "RODOVIA": "BR-158", "SITUACAO": "PLA"}}, {"type": "Feature", "geometry": {"crs": {"type": "name", "properties": {"name": "EPSG:4674"}}, "type": "LineString", "coordinates": [[-51.796952, -17.993028], [-51.797043, -17.993324], [-51.79903, -17.996836], [-51.800443, -17.999389], [-51.801985, -18.002128], [-51.802208, -18.002471], [-51.802465, -18.002808], [-51.802723, -18.003099], [-51.803126, -18.003494], [-51.803616, -18.003874], [-51.80389, -18.004052], [-51.804539, -18.004442], [-51.809313, -18.007146], [-51.810056, -18.007594], [-51.81052, -18.007924], [-51.811107, -18.008406], [-51.825634, -18.021276], [-51.826476, -18.022062], [-51.826641, -18.02224], [-51.826925, -18.022609], [-51.827383, -18.023318], [-51.833333, -18.032936], [-51.833481, -18.033138], [-51.833628, -18.033416], [-51.834309, -18.034526], [-51.835831, -18.036964], [-51.83619, -18.037599], [-51.836403, -18.038053], [-51.83667, -18.038708], [-51.837092, -18.04019], [-51.837185, -18.04045], [-51.837499, -18.0417], [-51.83774, -18.042544], [-51.837895, -18.043174], [-51.842779, -18.060949], [-51.845705, -18.071749], [-51.846824, -18.075813], [-51.847185, -18.076935], [-51.847374, -18.077407], [-51.847607, -18.077881], [-51.847881, -18.078375], [-51.848395, -18.079123], [-51.848824, -18.079653], [-51.849204, -18.080061], [-51.859713, -18.09064], [-51.863211, -18.094184], [-51.863479, -18.09446], [-51.863678, -18.094691], [-51.863786, -18.094781], [-51.864969, -18.095938], [-51.871782, -18.102793], [-51.873958, -18.104955], [-51.875387, -18.106416], [-51.880719, -18.11178], [-51.882201, -18.11323], [-51.88392, -18.115017], [-51.886154, -18.117271], [-51.891368, -18.122523], [-51.894686, -18.125841], [-51.89519, -18.126319], [-51.896948, -18.128125], [-51.903386, -18.134597], [-51.903563, -18.134793], [-51.903878, -18.135203], [-51.904256, -18.135826], [-51.904446, -18.136224], [-51.904679, -18.136897], [-51.904785, -18.137338], [-51.904848, -18.137765], [-51.904932, -18.139112], [-51.90543, -18.148925], [-51.905494, -18.149528], [-51.905594, -18.150069], [-51.905664, -18.150364], [-51.905927, -18.151143], [-51.907122, -18.154229], [-51.912739, -18.168597], [-51.913841, -18.171462], [-51.918494, -18.183391], [-51.91876, -18.184081], [-51.919061, -18.184957], [-51.919464, -18.186398], [-51.925386, -18.208667], [-51.926053, -18.211131], [-51.928695, -18.221141], [-51.929184, -18.222887], [-51.931472, -18.231468], [-51.932956, -18.237114], [-51.935657, -18.247251], [-51.93618, -18.249168], [-51.936392, -18.250017], [-51.936541, -18.250716], [-51.936651, -18.251435], [-51.936694, -18.252008], [-51.936712, -18.253574], [-51.936624, -18.270729], [-51.936657, -18.271449], [-51.936787, -18.272372], [-51.936927, -18.272992], [-51.93726, -18.274108], [-51.941458, -18.2875], [-51.943166, -18.293031], [-51.943747, -18.294818], [-51.943861, -18.295111], [-51.944018, -18.295439], [-51.944344, -18.296018]]}, "properties": {"SNV": "158BGO0395", "fid": 232, "EXT_KM": 38.3, "GEOCOD": "158BGO0395", "TRECHO": "ENTR GO-467 - ENTR GO-306 (SERRANÓPOLIS)", "RODOVIA": "BR-158", "SITUACAO": "PLA"}}, {"type": "Feature", "geometry": {"crs": {"type": "name", "properties": {"name": "EPSG:4674"}}, "type": "LineString", "coordinates": [[-51.944344, -18.296018], [-51.944404, -18.296119], [-51.944914, -18.296723], [-51.945373, -18.297185], [-51.945712, -18.297462], [-51.946055, -18.297704], [-51.946469, -18.297966], [-51.946808, -18.298137], [-51.947455, -18.298422], [-51.96151, -18.304156], [-51.96253, -18.304709], [-51.964966, -18.306108], [-51.96946, -18.308727], [-51.969912, -18.309112], [-51.971896, -18.31136], [-51.973389, -18.312932], [-51.973922, -18.313394], [-51.974789, -18.313879], [-51.976075, -18.314347], [-51.980199, -18.315171], [-51.981163, -18.315493], [-51.981688, -18.315763], [-51.982416, -18.316197], [-51.983206, -18.316894], [-51.989021, -18.322376], [-51.99445, -18.327597], [-51.995697, -18.328734], [-51.996193, -18.329323], [-51.996844, -18.330392], [-51.997169, -18.331508], [-51.997711, -18.334685], [-51.998674, -18.340046], [-51.999757, -18.345827], [-52.000408, -18.349438], [-52.000509, -18.350301], [-52.000678, -18.350893], [-52.000795, -18.351701], [-52.00117, -18.352614], [-52.001861, -18.353657], [-52.00329, -18.355086], [-52.004391, -18.356241], [-52.004794, -18.356892], [-52.005099, -18.357478], [-52.008358, -18.369259], [-52.008993, -18.370405], [-52.009476, -18.370931], [-52.010326, -18.371723], [-52.018299, -18.376527], [-52.026892, -18.381734], [-52.027865, -18.38263], [-52.028256, -18.383191], [-52.028752, -18.384027], [-52.030135, -18.388594], [-52.030333, -18.389389], [-52.034176, -18.402624], [-52.034703, -18.404034], [-52.035214, -18.404824], [-52.03585, -18.405537], [-52.040904, -18.410112], [-52.044408, -18.413208], [-52.047112, -18.415652], [-52.056735, -18.424233], [-52.065015, -18.431667], [-52.067274, -18.433674], [-52.067586, -18.433958], [-52.0677, -18.434088]]}, "properties": {"SNV": "158BGO0400", "fid": 233, "EXT_KM": 21.3, "GEOCOD": "158BGO0400", "TRECHO": "ENTR GO-306 (SERRANÓPOLIS) - ENTR GO-206", "RODOVIA": "BR-158", "SITUACAO": "PLA"}}, {"type": "Feature", "geometry": {"crs": {"type": "name", "properties": {"name": "EPSG:4674"}}, "type": "LineString", "coordinates": [[-51.724619, -19.098557], [-51.725006, -19.099111], [-51.726584, -19.102011], [-51.726978, -19.102799], [-51.72746, -19.103981], [-51.728029, -19.105032], [-51.729421, -19.106778]]}, "properties": {"SNV": "158BGO0420", "fid": 237, "EXT_KM": 1, "GEOCOD": "158BGO0420", "TRECHO": "ENTR GO-302 - DIV GO/MS (CASSILÂNDIA)", "RODOVIA": "BR-158", "SITUACAO": "PLA"}}, {"type": "Feature", "geometry": {"crs": {"type": "name", "properties": {"name": "EPSG:4674"}}, "type": "LineString", "coordinates": [[-48.891324, -15.444062], [-48.890816, -15.444911], [-48.889948, -15.446293], [-48.889382, -15.447159], [-48.886989, -15.450996], [-48.886548, -15.451954], [-48.886357, -15.452612], [-48.886206, -15.453861], [-48.886122, -15.455838], [-48.885966, -15.458353], [-48.885854, -15.459741], [-48.885769, -15.460179], [-48.885494, -15.460855]]}, "properties": {"SNV": "251AGO1005", "fid": 238, "EXT_KM": 2, "GEOCOD": "251AGO1005", "TRECHO": "ENTR GO-230/473 (ACESSO NORTE VILA PROPÍCIO) - ROD.EMIVAL JOSÉ DE CAMARGO (VILA PROPÍCIO)", "RODOVIA": "BR-251", "SITUACAO": "PLA"}}, {"type": "Feature", "geometry": {"crs": {"type": "name", "properties": {"name": "EPSG:4674"}}, "type": "LineString", "coordinates": [[-48.196555, -15.510143], [-48.197921, -15.506175], [-48.198085, -15.50575], [-48.198217, -15.50549], [-48.198296, -15.505372], [-48.198476, -15.505163], [-48.198679, -15.504984], [-48.198792, -15.504907], [-48.199033, -15.504781], [-48.199427, -15.504654], [-48.199844, -15.504568], [-48.21047, -15.502655], [-48.218655, -15.501156], [-48.219034, -15.501053], [-48.219227, -15.500968]]}, "properties": {"SNV": "251BGO0770", "fid": 242, "EXT_KM": 2.1, "GEOCOD": "251BGO0770", "TRECHO": "ENTR BR-080/251 (DIV DF/GO) - ENTR BR-080/251", "RODOVIA": "BR-251", "SITUACAO": "PAV"}}, {"type": "Feature", "geometry": {"crs": {"type": "name", "properties": {"name": "EPSG:4674"}}, "type": "LineString", "coordinates": [[-49.375393, -15.359235], [-49.375511, -15.359074], [-49.375939, -15.358674], [-49.376438, -15.358171], [-49.376565, -15.358112], [-49.377028, -15.358027], [-49.37718, -15.357948], [-49.378846, -15.356666], [-49.379193, -15.356431], [-49.379607, -15.356025], [-49.380065, -15.355684], [-49.380337, -15.355446], [-49.381122, -15.35466], [-49.381423, -15.354401], [-49.381783, -15.354162], [-49.382197, -15.353978], [-49.382661, -15.353841], [-49.382962, -15.353786], [-49.385072, -15.353673], [-49.385595, -15.353586], [-49.386034, -15.353448], [-49.386485, -15.353247], [-49.38707, -15.352821], [-49.387463, -15.352394], [-49.387585, -15.35215], [-49.3877, -15.352007], [-49.387763, -15.35189], [-49.387806, -15.35176], [-49.387881, -15.351426], [-49.387957, -15.351209], [-49.388281, -15.349829], [-49.388375, -15.349374], [-49.38839, -15.349165], [-49.388556, -15.348252], [-49.388786, -15.347107], [-49.388987, -15.345859], [-49.389139, -15.34543], [-49.390886, -15.342399], [-49.391121, -15.341956], [-49.391865, -15.340814], [-49.392842, -15.339254], [-49.393302, -15.338477], [-49.393759, -15.337752], [-49.394138, -15.337045], [-49.39493, -15.335837], [-49.395221, -15.335324], [-49.395394, -15.335069], [-49.395817, -15.334515], [-49.398453, -15.331543], [-49.39892, -15.331035], [-49.401269, -15.328848], [-49.402274, -15.32787], [-49.403908, -15.326388], [-49.404094, -15.326174], [-49.404671, -15.325412], [-49.405307, -15.324712], [-49.406176, -15.323821], [-49.406499, -15.323571], [-49.406829, -15.323359], [-49.407502, -15.322871], [-49.408038, -15.322516], [-49.408297, -15.322259], [-49.408661, -15.321825], [-49.408932, -15.32154], [-49.409608, -15.320922], [-49.41028, -15.320193], [-49.410914, -15.319593], [-49.411104, -15.319367], [-49.411253, -15.319104], [-49.411589, -15.318415], [-49.411748, -15.318165], [-49.411861, -15.318049], [-49.411989, -15.317945], [-49.413036, -15.317264], [-49.413876, -15.316819], [-49.414635, -15.316451], [-49.415378, -15.316029], [-49.415876, -15.315727], [-49.417849, -15.314718], [-49.419773, -15.313819], [-49.420317, -15.313544], [-49.420695, -15.313308], [-49.42093, -15.313079], [-49.422622, -15.310896], [-49.423115, -15.310292], [-49.423911, -15.309242], [-49.425206, -15.307357]]}, "properties": {"SNV": "251BGO0845", "fid": 253, "EXT_KM": 8.2, "GEOCOD": "251BGO0845", "TRECHO": "ENTR GO-230/480 - ENTR GO-483 (SANTA ISABEL)", "RODOVIA": "BR-251", "SITUACAO": "PLA"}}, {"type": "Feature", "geometry": {"crs": {"type": "name", "properties": {"name": "EPSG:4674"}}, "type": "LineString", "coordinates": [[-48.219227, -15.500968], [-48.221676, -15.501013], [-48.223658, -15.501261], [-48.22475, -15.501581], [-48.225202, -15.502095], [-48.226219, -15.501871], [-48.227436, -15.502245], [-48.230241, -15.502988], [-48.232148, -15.502971], [-48.233348, -15.5027], [-48.235309, -15.501994], [-48.238122, -15.500437], [-48.239862, -15.499759], [-48.240417, -15.499518], [-48.242087, -15.499418], [-48.243362, -15.499271], [-48.244771, -15.498668], [-48.246032, -15.497548], [-48.248335, -15.494907], [-48.249959, -15.493517], [-48.250835, -15.492893], [-48.251841, -15.492569], [-48.252837, -15.492151], [-48.253863, -15.491661], [-48.258091, -15.490124], [-48.260171, -15.489723], [-48.261379, -15.489525], [-48.261964, -15.489629], [-48.262552, -15.489872], [-48.263408, -15.490299], [-48.264502, -15.49073], [-48.267281, -15.49165], [-48.268833, -15.492215], [-48.269771, -15.492586], [-48.270849, -15.493306], [-48.27142, -15.493657], [-48.272231, -15.493862], [-48.273258, -15.494089], [-48.274412, -15.494047], [-48.275131, -15.494069], [-48.275617, -15.494254], [-48.276906, -15.494813], [-48.27777, -15.495162], [-48.27803, -15.495289], [-48.278314, -15.49531], [-48.279044, -15.495315], [-48.279621, -15.495557], [-48.280068, -15.496102], [-48.280527, -15.496527], [-48.282561, -15.498135], [-48.283631, -15.498877], [-48.28482, -15.500027], [-48.28598, -15.50133], [-48.286918, -15.502233], [-48.288334, -15.503694], [-48.289086, -15.504602], [-48.289957, -15.505442], [-48.291872, -15.506728], [-48.293016, -15.507596], [-48.293754, -15.507952], [-48.294301, -15.508197], [-48.295024, -15.508338], [-48.295972, -15.508358], [-48.296683, -15.508353], [-48.297814, -15.508086], [-48.299222, -15.50782], [-48.300664, -15.507485], [-48.306257, -15.507595], [-48.30816, -15.507609], [-48.309017, -15.507638], [-48.309634, -15.507351], [-48.311388, -15.505502], [-48.312363, -15.503344], [-48.314207, -15.502296], [-48.316902, -15.501912], [-48.319718, -15.502168], [-48.324718, -15.504604], [-48.327404, -15.505114], [-48.328554, -15.50422], [-48.330136, -15.501664], [-48.332909, -15.499482], [-48.335219, -15.4973], [-48.336491, -15.494634], [-48.3374, -15.491022], [-48.338971, -15.489709], [-48.340919, -15.48788], [-48.344188, -15.484743], [-48.345855, -15.484229], [-48.348286, -15.484615], [-48.35162, -15.483976], [-48.35444, -15.483333], [-48.356998, -15.481926], [-48.359174, -15.480131], [-48.360585, -15.480005], [-48.362262, -15.480778], [-48.365326, -15.481922], [-48.368808, -15.483469], [-48.374942, -15.4859], [-48.377628, -15.487432], [-48.377752, -15.48974], [-48.378931, -15.491305], [-48.381982, -15.495119], [-48.383268, -15.497557], [-48.395438, -15.50537], [-48.399537, -15.508318], [-48.406838, -15.510495], [-48.410668, -15.510751], [-48.414134, -15.511136], [-48.419525, -15.511136], [-48.422339, -15.510111], [-48.423758, -15.509982], [-48.427561, -15.509553], [-48.437085, -15.508663], [-48.452963, -15.507038], [-48.466548, -15.500245], [-48.471279, -15.499734], [-48.473723, -15.498194], [-48.478203, -15.498194], [-48.478333, -15.49192], [-48.487246, -15.47397], [-48.48859, -15.47103], [-48.488937, -15.470223], [-48.499718, -15.462073], [-48.501783, -15.463222], [-48.505371, -15.461932], [-48.506287, -15.459626], [-48.508436, -15.459124], [-48.511638, -15.459252], [-48.513538, -15.458353], [-48.51587, -15.45873], [-48.517529, -15.457975], [-48.518086, -15.45775]]}, "properties": {"SNV": "251BGO0780", "fid": 243, "EXT_KM": 39, "GEOCOD": "251BGO0780", "TRECHO": "ENTR BR-080/251 - ENTR GO-435", "RODOVIA": "BR-251", "SITUACAO": "LEN"}}, {"type": "Feature", "geometry": {"crs": {"type": "name", "properties": {"name": "EPSG:4674"}}, "type": "LineString", "coordinates": [[-50.506576, -15.246458], [-50.50724, -15.245745], [-50.510858, -15.241465], [-50.515808, -15.235547], [-50.521607, -15.228666], [-50.522481, -15.227599], [-50.527617, -15.221487], [-50.53012, -15.21848], [-50.531459, -15.216767], [-50.53395, -15.213446], [-50.538656, -15.206916], [-50.543323, -15.200475], [-50.546714, -15.195769], [-50.547149, -15.195131], [-50.548107, -15.193453], [-50.551738, -15.186574], [-50.551992, -15.18616], [-50.552423, -15.185562], [-50.552803, -15.185125], [-50.553832, -15.184189], [-50.55561, -15.182697], [-50.559554, -15.179288], [-50.560427, -15.178518], [-50.560909, -15.177991], [-50.561348, -15.177361], [-50.561668, -15.176769], [-50.563309, -15.172647], [-50.563551, -15.172202], [-50.564712, -15.170499], [-50.57035, -15.162465], [-50.579925, -15.148863], [-50.580648, -15.147869], [-50.581154, -15.147281], [-50.592476, -15.136736], [-50.593099, -15.13612], [-50.593473, -15.135685], [-50.594718, -15.133979], [-50.599588, -15.126985], [-50.600422, -15.125949], [-50.60233, -15.123679], [-50.603255, -15.12251], [-50.603465, -15.122201], [-50.603682, -15.121827], [-50.603953, -15.121232], [-50.604234, -15.120409], [-50.604571, -15.119222], [-50.605387, -15.11654], [-50.605821, -15.115029], [-50.607444, -15.109639], [-50.607617, -15.109135], [-50.607839, -15.108642], [-50.608089, -15.108185], [-50.608552, -15.107541], [-50.611288, -15.104373], [-50.611577, -15.103982], [-50.612311, -15.103209], [-50.615242, -15.099813]]}, "properties": {"SNV": "251BGO0924", "fid": 265, "EXT_KM": 20.2, "GEOCOD": "251BGO0924", "TRECHO": "ENTR GO-449 (P/MATRINCHÃ) - ENTR GO-164/530 (ARAGUAPAZ)", "RODOVIA": "BR-251", "SITUACAO": "PLA"}}, {"type": "Feature", "geometry": {"crs": {"type": "name", "properties": {"name": "EPSG:4674"}}, "type": "LineString", "coordinates": [[-48.518086, -15.45775], [-48.51826, -15.457937], [-48.518584, -15.458212], [-48.519498, -15.458911], [-48.519727, -15.459132], [-48.519891, -15.459333], [-48.520056, -15.459666], [-48.520161, -15.4601], [-48.520201, -15.460474], [-48.520394, -15.460968], [-48.520623, -15.461325], [-48.520896, -15.461578], [-48.523235, -15.463604], [-48.52368, -15.464013], [-48.524897, -15.465057], [-48.525226, -15.46536], [-48.526715, -15.466625], [-48.527761, -15.467583], [-48.528122, -15.467877], [-48.528574, -15.468306], [-48.528843, -15.468524], [-48.529334, -15.468975], [-48.529585, -15.469235], [-48.530091, -15.469874], [-48.531307, -15.47199], [-48.53134, -15.472079], [-48.531481, -15.472284], [-48.531634, -15.472591], [-48.531731, -15.472734], [-48.532039, -15.473308], [-48.532801, -15.474634], [-48.533075, -15.475142], [-48.533645, -15.476414], [-48.533704, -15.476841], [-48.533763, -15.477132], [-48.533938, -15.478502], [-48.534823, -15.482212], [-48.534863, -15.482335], [-48.534887, -15.482492], [-48.53523, -15.48398], [-48.535462, -15.484862], [-48.535609, -15.485336], [-48.535851, -15.485854], [-48.535969, -15.486062], [-48.536776, -15.487286], [-48.536843, -15.487357], [-48.536964, -15.487538], [-48.537227, -15.487974], [-48.538652, -15.490167], [-48.538835, -15.490472], [-48.539194, -15.490992], [-48.540073, -15.492329], [-48.540251, -15.492622], [-48.540923, -15.493623], [-48.541389, -15.494358], [-48.541886, -15.495078], [-48.542552, -15.496149], [-48.543543, -15.497588], [-48.543991, -15.498314], [-48.54496, -15.499825], [-48.545503, -15.500602], [-48.546301, -15.501848], [-48.546754, -15.502525], [-48.547168, -15.503186], [-48.548246, -15.504803], [-48.549297, -15.506442], [-48.549818, -15.507167], [-48.54994, -15.507409], [-48.55022, -15.507819], [-48.550373, -15.508073], [-48.550611, -15.508385], [-48.551988, -15.510547], [-48.552254, -15.510922], [-48.553312, -15.512525], [-48.553433, -15.512753], [-48.55359, -15.512947], [-48.553907, -15.513504], [-48.5544, -15.514212], [-48.555397, -15.515772], [-48.556025, -15.516673], [-48.556622, -15.517614], [-48.557083, -15.518267], [-48.55741, -15.518788], [-48.557604, -15.519066], [-48.557816, -15.519447], [-48.558188, -15.520022], [-48.558825, -15.52095], [-48.55955, -15.522106], [-48.559664, -15.522259], [-48.55975, -15.522419], [-48.560057, -15.522865], [-48.56095, -15.524229], [-48.561171, -15.524533], [-48.561464, -15.524867], [-48.562001, -15.525368], [-48.562952, -15.526137], [-48.563206, -15.526369], [-48.564194, -15.52718], [-48.565364, -15.528187], [-48.56695, -15.529453], [-48.568168, -15.530473], [-48.57093, -15.532855], [-48.571505, -15.533307], [-48.572565, -15.534197], [-48.573005, -15.534523], [-48.573682, -15.535106], [-48.574126, -15.535434], [-48.574274, -15.535592], [-48.574813, -15.536097], [-48.575076, -15.536392], [-48.575236, -15.536597], [-48.575555, -15.536901], [-48.576197, -15.537594], [-48.576575, -15.537936], [-48.577055, -15.53845], [-48.578054, -15.53929], [-48.57888, -15.540024], [-48.579695, -15.540783], [-48.580335, -15.541328], [-48.581034, -15.54196], [-48.581205, -15.54214], [-48.582226, -15.543019], [-48.582618, -15.54338], [-48.583664, -15.544274], [-48.584079, -15.544665], [-48.584341, -15.544865], [-48.584464, -15.544986], [-48.584752, -15.545224], [-48.585537, -15.545929], [-48.585659, -15.546062], [-48.586074, -15.546403], [-48.586327, -15.546662], [-48.586758, -15.547036], [-48.587087, -15.547364], [-48.587477, -15.547719], [-48.587992, -15.548146], [-48.590017, -15.549947], [-48.590243, -15.550114], [-48.590818, -15.550641], [-48.591867, -15.551517], [-48.593067, -15.552595], [-48.594417, -15.553726], [-48.594533, -15.553846], [-48.594692, -15.553962], [-48.59542, -15.554596], [-48.596391, -15.555386], [-48.596711, -15.555685], [-48.597383, -15.556253], [-48.59843, -15.557109], [-48.598984, -15.557619], [-48.599453, -15.558003], [-48.599852, -15.558371], [-48.600207, -15.558633], [-48.600301, -15.558742], [-48.600579, -15.558971], [-48.600871, -15.559244], [-48.601323, -15.559604], [-48.60474, -15.562546], [-48.605124, -15.562905], [-48.607624, -15.56505], [-48.608169, -15.565476], [-48.608525, -15.565806], [-48.609132, -15.566299], [-48.610006, -15.56708], [-48.611518, -15.568382], [-48.612313, -15.56902], [-48.613251, -15.569873], [-48.615059, -15.571404], [-48.615457, -15.571783], [-48.616722, -15.572867], [-48.617176, -15.573238], [-48.617873, -15.573644], [-48.61811, -15.573809], [-48.618658, -15.574104], [-48.61895, -15.5743], [-48.619642, -15.574677], [-48.620097, -15.574891], [-48.62256, -15.576261], [-48.622828, -15.576374], [-48.6233, -15.576642], [-48.623514, -15.576747], [-48.623799, -15.576937], [-48.62451, -15.577329], [-48.62474, -15.577489], [-48.62602, -15.577916]]}, "properties": {"SNV": "251BGO0790", "fid": 244, "EXT_KM": 18.1, "GEOCOD": "251BGO0790", "TRECHO": "ENTR GO-435 - ENTR BR-251/414/GO-435", "RODOVIA": "BR-251", "SITUACAO": "PLA"}}, {"type": "Feature", "geometry": {"crs": {"type": "name", "properties": {"name": "EPSG:4674"}}, "type": "LineString", "coordinates": [[-48.62602, -15.577916], [-48.62359, -15.573582], [-48.622083, -15.570259], [-48.621641, -15.569119], [-48.621517, -15.567042], [-48.622897, -15.556953], [-48.622986, -15.555744], [-48.622945, -15.553342], [-48.622551, -15.538669], [-48.62259, -15.537793], [-48.622684, -15.536695], [-48.622956, -15.535746], [-48.623731, -15.534362], [-48.624906, -15.532529], [-48.625395, -15.531093], [-48.625605, -15.529927], [-48.625516, -15.528679], [-48.624397, -15.523419], [-48.622315, -15.511901], [-48.619505, -15.496135], [-48.61882, -15.492844], [-48.618517, -15.491195], [-48.618486, -15.48991], [-48.618646, -15.488873]]}, "properties": {"SNV": "251BGO0792", "fid": 245, "EXT_KM": 10.2, "GEOCOD": "251BGO0792", "TRECHO": "ENTR BR-251/414/GO-435 - INÍCIO PONTE S/RIO OLIVEIRA COSTA", "RODOVIA": "BR-251", "SITUACAO": "PAV"}}, {"type": "Feature", "geometry": {"crs": {"type": "name", "properties": {"name": "EPSG:4674"}}, "type": "LineString", "coordinates": [[-48.618646, -15.488873], [-48.618712, -15.488243], [-48.61869, -15.487519], [-48.618608, -15.486889], [-48.618373, -15.485939], [-48.616614, -15.482434], [-48.616388, -15.481703], [-48.614267, -15.468541], [-48.613505, -15.463384], [-48.613498, -15.462736], [-48.614698, -15.457304], [-48.619934, -15.435781], [-48.622094, -15.426489], [-48.624179, -15.41797], [-48.624481, -15.416852], [-48.625055, -15.415456], [-48.628604, -15.408599], [-48.638315, -15.390051], [-48.643365, -15.382023], [-48.644785, -15.379882], [-48.645036, -15.379318], [-48.645184, -15.378725], [-48.645335, -15.378007], [-48.645525, -15.37495], [-48.646425, -15.359239], [-48.646557, -15.357433]]}, "properties": {"SNV": "251BGO0795", "fid": 246, "EXT_KM": 15.3, "GEOCOD": "251BGO0795", "TRECHO": "INÍCIO PONTE S/RIO OLIVEIRA COSTA - ENTR BR-251/414/GO-230", "RODOVIA": "BR-251", "SITUACAO": "PAV"}}, {"type": "Feature", "geometry": {"crs": {"type": "name", "properties": {"name": "EPSG:4674"}}, "type": "LineString", "coordinates": [[-48.646557, -15.357433], [-48.646689, -15.35747], [-48.647639, -15.35706], [-48.648936, -15.356553], [-48.652167, -15.355374], [-48.653348, -15.354962], [-48.660002, -15.352488], [-48.661017, -15.352144], [-48.661659, -15.351884], [-48.662164, -15.351705], [-48.663277, -15.35127], [-48.666036, -15.350243], [-48.666715, -15.350025], [-48.668011, -15.349505], [-48.671648, -15.348173], [-48.679414, -15.345236], [-48.688104, -15.342084], [-48.689614, -15.341561], [-48.690512, -15.341271], [-48.690977, -15.341176], [-48.691271, -15.341161], [-48.691619, -15.341185], [-48.692238, -15.341282], [-48.692338, -15.341274], [-48.692418, -15.341315], [-48.69262, -15.341357], [-48.694134, -15.341593], [-48.69487, -15.341731], [-48.696187, -15.341949], [-48.698986, -15.34246], [-48.699912, -15.342661], [-48.700522, -15.342767], [-48.700985, -15.342796], [-48.701286, -15.342757], [-48.701581, -15.34268], [-48.701965, -15.342519], [-48.703713, -15.341492], [-48.703966, -15.341322], [-48.704673, -15.340801], [-48.705119, -15.340518], [-48.705517, -15.340208], [-48.706008, -15.339791], [-48.706311, -15.339582], [-48.706683, -15.339227], [-48.706906, -15.338945], [-48.707179, -15.338552], [-48.707439, -15.338311], [-48.70763, -15.338182], [-48.70784, -15.338085], [-48.708074, -15.33802], [-48.708326, -15.337991], [-48.709072, -15.338019], [-48.710512, -15.338231], [-48.710999, -15.338271], [-48.711852, -15.338388], [-48.712359, -15.338423], [-48.712975, -15.338497], [-48.713324, -15.33857], [-48.713708, -15.338605], [-48.714239, -15.338698], [-48.715048, -15.338956], [-48.715369, -15.339028], [-48.715512, -15.339099], [-48.715662, -15.339147], [-48.717117, -15.339581], [-48.71782, -15.339769], [-48.718212, -15.339901], [-48.719451, -15.340266], [-48.72092, -15.340743], [-48.723011, -15.341369], [-48.72681, -15.342578], [-48.727892, -15.342898], [-48.728505, -15.343114], [-48.730681, -15.343797], [-48.731744, -15.344147], [-48.733052, -15.344715], [-48.733715, -15.345057], [-48.735618, -15.346106], [-48.736539, -15.346535], [-48.738934, -15.347299], [-48.740153, -15.347607], [-48.741195, -15.347826], [-48.741839, -15.347924], [-48.742531, -15.34798], [-48.742991, -15.347998], [-48.743178, -15.347946], [-48.743586, -15.348017], [-48.744337, -15.348056], [-48.744761, -15.348047], [-48.744877, -15.34803], [-48.745103, -15.348048], [-48.745623, -15.348015], [-48.746087, -15.348026], [-48.746462, -15.347962], [-48.746977, -15.347944], [-48.747112, -15.347917], [-48.747259, -15.347924], [-48.747555, -15.347909], [-48.749016, -15.347797], [-48.750104, -15.347734], [-48.750647, -15.347708], [-48.750816, -15.347717], [-48.751019, -15.347681], [-48.751202, -15.34768], [-48.752528, -15.347575], [-48.753314, -15.347535], [-48.754263, -15.347513], [-48.754876, -15.34755], [-48.756007, -15.347683], [-48.756332, -15.347754], [-48.756752, -15.347811], [-48.757265, -15.347904], [-48.757996, -15.348053], [-48.758902, -15.348187], [-48.760113, -15.348413], [-48.761128, -15.348551], [-48.763451, -15.348933], [-48.763774, -15.348968], [-48.764442, -15.349082], [-48.765894, -15.349295], [-48.767698, -15.349599], [-48.773456, -15.350517], [-48.774012, -15.350617], [-48.776305, -15.350961], [-48.778235, -15.351279], [-48.778655, -15.351324], [-48.780726, -15.351637], [-48.781092, -15.351709], [-48.781551, -15.351762], [-48.781687, -15.351791], [-48.781814, -15.351842], [-48.782358, -15.351877], [-48.783193, -15.352009], [-48.784236, -15.352114], [-48.784529, -15.352111], [-48.784831, -15.352079], [-48.787798, -15.351485], [-48.788473, -15.351328], [-48.789232, -15.35123], [-48.790182, -15.351185], [-48.790559, -15.351187], [-48.790977, -15.351256], [-48.791259, -15.351339], [-48.791547, -15.351466], [-48.792481, -15.351926], [-48.792905, -15.35215], [-48.793993, -15.352848], [-48.794576, -15.353269], [-48.79563, -15.354073], [-48.79683, -15.355062], [-48.797439, -15.355588], [-48.798063, -15.356216], [-48.798459, -15.35673], [-48.799052, -15.357631], [-48.799411, -15.358361], [-48.799646, -15.358754], [-48.800108, -15.359679], [-48.800441, -15.360306], [-48.80066, -15.360809], [-48.800792, -15.361057], [-48.800809, -15.361129], [-48.800894, -15.361238], [-48.801101, -15.361649], [-48.801412, -15.362187], [-48.801513, -15.36241], [-48.801911, -15.363121], [-48.802469, -15.36406], [-48.802792, -15.364563], [-48.803374, -15.365584], [-48.804511, -15.367466], [-48.80529, -15.368829], [-48.805725, -15.369532], [-48.805969, -15.369883], [-48.806372, -15.370402], [-48.806802, -15.370907], [-48.80727, -15.371393], [-48.80791, -15.37201], [-48.8084, -15.372443], [-48.809097, -15.372997], [-48.810926, -15.374371], [-48.812837, -15.375766], [-48.814187, -15.376701], [-48.814973, -15.377179], [-48.815379, -15.377395], [-48.815795, -15.377594], [-48.816641, -15.377916], [-48.817283, -15.378103], [-48.817713, -15.378194], [-48.818145, -15.378264], [-48.819905, -15.378419], [-48.822983, -15.378617], [-48.827541, -15.378948], [-48.828429, -15.378991], [-48.831801, -15.379221], [-48.832396, -15.379306], [-48.832997, -15.379463], [-48.833567, -15.379685], [-48.835625, -15.380628], [-48.837399, -15.381485], [-48.838047, -15.381774], [-48.839105, -15.382169], [-48.840731, -15.382699], [-48.842034, -15.383096], [-48.842819, -15.383383], [-48.848021, -15.385473], [-48.851616, -15.386981], [-48.853404, -15.387674], [-48.854296, -15.388064], [-48.855418, -15.388514], [-48.857002, -15.389062], [-48.857547, -15.389293], [-48.857928, -15.389404], [-48.858739, -15.38969], [-48.859426, -15.389889], [-48.859911, -15.390092], [-48.862035, -15.390819], [-48.863298, -15.39133], [-48.863608, -15.391483], [-48.863752, -15.391536], [-48.863921, -15.391633], [-48.864467, -15.391847], [-48.864955, -15.391988], [-48.865721, -15.392131], [-48.866432, -15.3923], [-48.866721, -15.392382], [-48.867013, -15.39249], [-48.867518, -15.392716], [-48.867984, -15.393002], [-48.868892, -15.393524], [-48.869629, -15.393998], [-48.870833, -15.394911], [-48.871814, -15.395712], [-48.872351, -15.396194], [-48.873381, -15.397159], [-48.874153, -15.397912], [-48.874347, -15.398121], [-48.875477, -15.39921], [-48.875836, -15.399577], [-48.876083, -15.399885], [-48.876334, -15.4001], [-48.876681, -15.400438], [-48.876817, -15.400542], [-48.877222, -15.400941], [-48.877479, -15.401166], [-48.877693, -15.401428], [-48.878662, -15.402451], [-48.879096, -15.402991], [-48.879622, -15.403595], [-48.880211, -15.404404], [-48.880475, -15.404822], [-48.880738, -15.405288], [-48.881153, -15.406111], [-48.881304, -15.406449], [-48.881564, -15.407123], [-48.881722, -15.407635], [-48.881885, -15.408564], [-48.882064, -15.409954], [-48.882124, -15.410239], [-48.882209, -15.411013], [-48.88225, -15.411264], [-48.882281, -15.411816], [-48.882467, -15.413091], [-48.882513, -15.413502], [-48.882567, -15.414245], [-48.882665, -15.415042], [-48.882675, -15.415445], [-48.882719, -15.41582], [-48.882755, -15.416065], [-48.882785, -15.416168], [-48.8828, -15.416364], [-48.882858, -15.416669], [-48.88293, -15.417254], [-48.883085, -15.418149], [-48.883216, -15.420026], [-48.883264, -15.421369], [-48.883333, -15.421906], [-48.883454, -15.422442], [-48.883617, -15.422964], [-48.883938, -15.423731], [-48.884154, -15.424198], [-48.884312, -15.424461], [-48.88446, -15.424755], [-48.88513, -15.426208], [-48.885737, -15.427444], [-48.885887, -15.427812], [-48.886433, -15.428981], [-48.886482, -15.429121], [-48.886582, -15.429287], [-48.886929, -15.430068], [-48.887122, -15.430453], [-48.887907, -15.432133], [-48.888112, -15.432623], [-48.88844, -15.433291], [-48.88866, -15.433848], [-48.888813, -15.43429], [-48.889041, -15.434711], [-48.889337, -15.435454], [-48.889688, -15.436493], [-48.889858, -15.437102], [-48.890004, -15.437763], [-48.89014, -15.438508], [-48.890356, -15.439497], [-48.890592, -15.44044], [-48.890774, -15.441443], [-48.890905, -15.442001], [-48.891136, -15.443231], [-48.891297, -15.443736], [-48.891324, -15.444062]]}, "properties": {"SNV": "251BGO0810", "fid": 247, "EXT_KM": 32.7, "GEOCOD": "251BGO0810", "TRECHO": "ENTR BR-251/414/GO-230 - ENTR GO-230/473 (ACESSO NORTE VILA PROPÍCIO)", "RODOVIA": "BR-251", "SITUACAO": "PLA"}}, {"type": "Feature", "geometry": {"crs": {"type": "name", "properties": {"name": "EPSG:4674"}}, "type": "LineString", "coordinates": [[-50.615242, -15.099813], [-50.615828, -15.099774], [-50.618162, -15.09953], [-50.628775, -15.098558], [-50.629245, -15.098486], [-50.629482, -15.098485], [-50.629702, -15.09846], [-50.630355, -15.09833], [-50.630799, -15.098204], [-50.631096, -15.098098], [-50.631405, -15.097969], [-50.631823, -15.097763], [-50.632855, -15.097166], [-50.633146, -15.096965], [-50.633513, -15.096776], [-50.640502, -15.092656], [-50.641214, -15.092303], [-50.641996, -15.091998], [-50.6428, -15.091766], [-50.643263, -15.09166], [-50.643586, -15.091603], [-50.659078, -15.089309], [-50.659734, -15.089161], [-50.660214, -15.089003], [-50.660816, -15.088736], [-50.661098, -15.088584], [-50.661363, -15.088418], [-50.661837, -15.088068], [-50.662593, -15.087422], [-50.662708, -15.087349], [-50.662973, -15.087135], [-50.665967, -15.084667], [-50.678347, -15.074314], [-50.679177, -15.073603], [-50.693123, -15.061975], [-50.701399, -15.055039], [-50.70273, -15.05389], [-50.702974, -15.053712], [-50.706839, -15.050482], [-50.712988, -15.045295], [-50.73546, -15.026476], [-50.748847, -15.015106], [-50.749614, -15.01448], [-50.765795, -15.000719], [-50.768475, -14.998485], [-50.774594, -14.993256], [-50.775094, -14.992869], [-50.775598, -14.992547], [-50.776108, -14.99229], [-50.776641, -14.992079], [-50.777198, -14.991917], [-50.777582, -14.991841], [-50.777973, -14.991788], [-50.778565, -14.991758], [-50.779169, -14.991785], [-50.792474, -14.993154], [-50.796427, -14.993539], [-50.79726, -14.993645], [-50.803916, -14.994336], [-50.804985, -14.994426], [-50.805175, -14.994466], [-50.806048, -14.994556], [-50.816872, -14.995659], [-50.819065, -14.995872], [-50.819189, -14.995872], [-50.819529, -14.995928], [-50.824774, -14.996467], [-50.825671, -14.996548], [-50.825845, -14.996541], [-50.82611, -14.996598], [-50.826466, -14.996636], [-50.827103, -14.996665], [-50.827633, -14.996651], [-50.828816, -14.996542], [-50.85324, -14.994042], [-50.861673, -14.993163], [-50.862245, -14.993069], [-50.862801, -14.992925], [-50.863164, -14.9928], [-50.863524, -14.992654], [-50.864064, -14.992386], [-50.872853, -14.98757], [-50.882476, -14.982268], [-50.885096, -14.980818], [-50.885986, -14.980302], [-50.886121, -14.980248], [-50.886616, -14.979982], [-50.892005, -14.977021], [-50.892452, -14.976804], [-50.892912, -14.976611], [-50.89358, -14.976392], [-50.895125, -14.975971], [-50.908866, -14.972302], [-50.909419, -14.97217], [-50.913209, -14.971148], [-50.914196, -14.9709], [-50.914941, -14.97068], [-50.932878, -14.965897], [-50.935359, -14.965221], [-50.93592, -14.96503], [-50.936654, -14.964727], [-50.947653, -14.959866], [-50.948326, -14.959608], [-50.948667, -14.959507], [-50.949018, -14.959425], [-50.94956, -14.959336], [-50.950124, -14.959288], [-50.950703, -14.959284], [-50.951086, -14.959313], [-50.977479, -14.962282], [-50.989696, -14.963639], [-50.996687, -14.964441], [-50.997322, -14.964494], [-51.000701, -14.964875], [-51.001468, -14.964924], [-51.001838, -14.964914], [-51.002204, -14.964879], [-51.002567, -14.964825], [-51.003086, -14.964714], [-51.00629, -14.963866], [-51.007631, -14.963491], [-51.007793, -14.963467], [-51.013009, -14.962107], [-51.014547, -14.961688], [-51.019755, -14.960318]]}, "properties": {"SNV": "251BGO0926", "fid": 266, "EXT_KM": 48.6, "GEOCOD": "251BGO0926", "TRECHO": "ENTR GO-164/530 (ARAGUAPAZ) - ENTR GO-070", "RODOVIA": "BR-251", "SITUACAO": "PLA"}}, {"type": "Feature", "geometry": {"crs": {"type": "name", "properties": {"name": "EPSG:4674"}}, "type": "LineString", "coordinates": [[-48.891324, -15.444062], [-48.891633, -15.443613], [-48.892665, -15.44197], [-48.899775, -15.430553], [-48.90407, -15.423725], [-48.904403, -15.423223], [-48.904662, -15.422878], [-48.905046, -15.422431], [-48.905411, -15.422065], [-48.905833, -15.421702], [-48.910474, -15.418157], [-48.911018, -15.417749], [-48.911852, -15.417171], [-48.913745, -15.416053], [-48.936897, -15.402637], [-48.937681, -15.40226], [-48.938267, -15.402027], [-48.938696, -15.40188], [-48.941619, -15.400992], [-48.942101, -15.400822], [-48.942622, -15.400614], [-48.943283, -15.400319], [-48.946532, -15.398686], [-48.947213, -15.398398], [-48.947729, -15.398218], [-48.948268, -15.398067], [-48.949074, -15.397877], [-48.95789, -15.39588], [-48.958451, -15.395731], [-48.958958, -15.395547], [-48.959429, -15.395331], [-48.959879, -15.395074], [-48.96031, -15.394778], [-48.960531, -15.394604], [-48.960762, -15.394402], [-48.961121, -15.394051], [-48.961321, -15.393828], [-48.96259, -15.392277], [-48.962753, -15.392093], [-48.963115, -15.391733], [-48.963498, -15.391406], [-48.964054, -15.391007], [-48.964574, -15.390698], [-48.965049, -15.390469], [-48.968754, -15.388934], [-48.969015, -15.388842], [-48.970049, -15.388425], [-48.970334, -15.388287], [-48.979586, -15.384465], [-49.020126, -15.367744], [-49.02111, -15.367405], [-49.021498, -15.36729], [-49.02205, -15.367158], [-49.024804, -15.36672], [-49.025658, -15.366556], [-49.027707, -15.366222], [-49.028555, -15.366052], [-49.028821, -15.365979], [-49.029338, -15.365794], [-49.02986, -15.365552], [-49.030083, -15.365432], [-49.030489, -15.36518], [-49.031011, -15.364786], [-49.038028, -15.358544], [-49.038626, -15.358097], [-49.039543, -15.357501], [-49.047961, -15.352344], [-49.04833, -15.352092], [-49.048581, -15.351895], [-49.048952, -15.351553], [-49.049336, -15.351131], [-49.049641, -15.350732], [-49.050001, -15.350148], [-49.050293, -15.349492], [-49.050859, -15.348058], [-49.05124, -15.34738], [-49.051669, -15.346769], [-49.051953, -15.346443], [-49.052161, -15.346234], [-49.053001, -15.345575], [-49.053549, -15.345193], [-49.056304, -15.343353], [-49.056803, -15.342991], [-49.057372, -15.342453], [-49.057786, -15.341959], [-49.058099, -15.341492], [-49.058323, -15.341097], [-49.058511, -15.340645], [-49.058723, -15.340075], [-49.059551, -15.337635], [-49.060095, -15.336087], [-49.060305, -15.33565], [-49.060536, -15.335232], [-49.060969, -15.33466], [-49.061448, -15.33414], [-49.061962, -15.333728], [-49.062568, -15.333345], [-49.063084, -15.3331], [-49.064451, -15.332603], [-49.067344, -15.331593], [-49.069717, -15.330784], [-49.070238, -15.33065], [-49.071182, -15.330497], [-49.072673, -15.330289], [-49.073955, -15.330068], [-49.07467, -15.329978], [-49.08003, -15.329149], [-49.086982, -15.327993], [-49.088035, -15.327838], [-49.088757, -15.327752], [-49.089353, -15.327725], [-49.098074, -15.327814], [-49.098383, -15.327778], [-49.0987, -15.32768], [-49.099278, -15.327364], [-49.09954, -15.327168], [-49.100022, -15.326746], [-49.100466, -15.326391], [-49.100613, -15.32631], [-49.101126, -15.326094]]}, "properties": {"SNV": "251BGO0820", "fid": 248, "EXT_KM": 27.2, "GEOCOD": "251BGO0820", "TRECHO": "ENTR GO-230/473 (ACESSO NORTE VILA PROPÍCIO) - INÍCIO DUPL. GOIANÉSIA", "RODOVIA": "BR-251", "SITUACAO": "PLA"}}, {"type": "Feature", "geometry": {"crs": {"type": "name", "properties": {"name": "EPSG:4674"}}, "type": "LineString", "coordinates": [[-49.108237, -15.326257], [-49.108266, -15.326412], [-49.108424, -15.336738], [-49.108692, -15.338077], [-49.109763, -15.340666], [-49.111459, -15.342183], [-49.113334, -15.34379], [-49.115476, -15.344593], [-49.11736, -15.344893], [-49.119266, -15.345095], [-49.120621, -15.344959], [-49.121614, -15.344779], [-49.12351, -15.344147], [-49.125406, -15.342973], [-49.127257, -15.341393], [-49.128566, -15.339723], [-49.12974, -15.33724], [-49.130236, -15.335028], [-49.130236, -15.333177], [-49.130191, -15.330829], [-49.130191, -15.329791], [-49.129481, -15.326805], [-49.129467, -15.326566]]}, "properties": {"SNV": "251BGO0830", "fid": 250, "EXT_KM": 5.5, "GEOCOD": "251BGO0830", "TRECHO": "ENTR GO-080 (GOIANÉSIA) - ENTR GO-338 (GOIANÉSIA)", "RODOVIA": "BR-251", "SITUACAO": "PLA"}}, {"type": "Feature", "geometry": {"crs": {"type": "name", "properties": {"name": "EPSG:4674"}}, "type": "LineString", "coordinates": [[-49.425206, -15.307357], [-49.425543, -15.307634], [-49.425939, -15.308106], [-49.428104, -15.310857], [-49.429287, -15.312092], [-49.432473, -15.315276], [-49.432886, -15.315584], [-49.444165, -15.322637], [-49.44481, -15.322973], [-49.446562, -15.323665], [-49.452648, -15.326013], [-49.454156, -15.326632], [-49.455232, -15.327352], [-49.455773, -15.327877], [-49.460481, -15.333876], [-49.461076, -15.334521], [-49.462274, -15.335607], [-49.463528, -15.336814], [-49.464236, -15.337872], [-49.467425, -15.343049], [-49.468149, -15.344098], [-49.468528, -15.344433], [-49.469218, -15.344786], [-49.470011, -15.344989], [-49.471682, -15.345333], [-49.473032, -15.345686], [-49.473568, -15.345911], [-49.474096, -15.346191], [-49.474606, -15.346527], [-49.475315, -15.347131], [-49.483216, -15.35479], [-49.484011, -15.355506], [-49.484556, -15.355884], [-49.485515, -15.356428], [-49.488917, -15.358331], [-49.490774, -15.359308], [-49.491542, -15.359549], [-49.492434, -15.359687], [-49.493425, -15.359684], [-49.495016, -15.359438], [-49.496391, -15.359165], [-49.500634, -15.358083], [-49.501523, -15.357822], [-49.505108, -15.356114], [-49.505658, -15.355922], [-49.509528, -15.354828], [-49.512554, -15.353934], [-49.513018, -15.353663], [-49.513372, -15.353297], [-49.513725, -15.352676], [-49.514011, -15.352076], [-49.514304, -15.351519], [-49.514702, -15.351129], [-49.51501, -15.350563], [-49.515277, -15.350291], [-49.515562, -15.350047], [-49.516335, -15.349515], [-49.516989, -15.34916], [-49.518893, -15.348248], [-49.521517, -15.347033], [-49.524268, -15.345731], [-49.525712, -15.345074], [-49.526581, -15.344767], [-49.527394, -15.34457], [-49.531985, -15.343591], [-49.532214, -15.343538], [-49.532655, -15.3434], [-49.533624, -15.342831], [-49.537698, -15.339012], [-49.538513, -15.338371], [-49.539104, -15.338031], [-49.539757, -15.33775], [-49.540283, -15.337628], [-49.541151, -15.337368], [-49.541854, -15.337177], [-49.542537, -15.336918], [-49.542761, -15.336808], [-49.543856, -15.336092], [-49.548828, -15.332369], [-49.552501, -15.329595], [-49.5537, -15.328779], [-49.555253, -15.327956], [-49.556638, -15.327243], [-49.562049, -15.324485], [-49.568157, -15.321402], [-49.569395, -15.320819], [-49.572027, -15.319963]]}, "properties": {"SNV": "251BGO0850", "fid": 254, "EXT_KM": 19.3, "GEOCOD": "251BGO0850", "TRECHO": "ENTR GO-483 (SANTA ISABEL) - ENTR BR-153/251/GO-480 (RIALMA)", "RODOVIA": "BR-251", "SITUACAO": "PLA"}}, {"type": "Feature", "geometry": {"crs": {"type": "name", "properties": {"name": "EPSG:4674"}}, "type": "LineString", "coordinates": [[-49.582482, -15.303526], [-49.57845, -15.298821], [-49.575886, -15.295863], [-49.574769, -15.29468], [-49.57444, -15.291459], [-49.574218, -15.289501], [-49.57398, -15.288896], [-49.570433, -15.285047], [-49.569947, -15.284239], [-49.569439, -15.28346], [-49.56877, -15.28195], [-49.568349, -15.28107], [-49.567123, -15.279746], [-49.566361, -15.279101], [-49.566037, -15.279113], [-49.56476, -15.278723], [-49.564163, -15.278834], [-49.561276, -15.279866], [-49.559364, -15.280038], [-49.558421, -15.279671], [-49.557244, -15.278943], [-49.555197, -15.276463], [-49.554542, -15.273327], [-49.554274, -15.272259], [-49.554604, -15.270307], [-49.554738, -15.267727], [-49.554738, -15.265815], [-49.554798, -15.259847], [-49.55506, -15.259323], [-49.557835, -15.257136], [-49.558848, -15.255663], [-49.55942, -15.254969], [-49.559708, -15.254517], [-49.56019, -15.2533], [-49.559677, -15.251117], [-49.559995, -15.250445], [-49.560683, -15.249699], [-49.56227, -15.248323], [-49.563271, -15.247651], [-49.563357, -15.247366], [-49.56357, -15.247061], [-49.563857, -15.246392], [-49.564639, -15.243128], [-49.565291, -15.241651], [-49.565692, -15.24081], [-49.565769, -15.240332], [-49.565616, -15.239606], [-49.565214, -15.238784], [-49.564978, -15.238012], [-49.56475, -15.237602], [-49.56443, -15.237273], [-49.563913, -15.236931], [-49.563608, -15.236662], [-49.559873, -15.23198], [-49.559403, -15.231175], [-49.559441, -15.230697], [-49.559861, -15.229913], [-49.560594, -15.228741], [-49.560866, -15.228198], [-49.561467, -15.227332], [-49.563143, -15.222873], [-49.563647, -15.221617], [-49.564296, -15.221077], [-49.565252, -15.220584], [-49.566032, -15.220236], [-49.56747, -15.21982], [-49.568741, -15.219743], [-49.570576, -15.219724], [-49.573138, -15.219628], [-49.574364, -15.219296], [-49.576226, -15.218653], [-49.578622, -15.21795], [-49.580412, -15.217296], [-49.581991, -15.21665], [-49.583152, -15.216106], [-49.585641, -15.215059], [-49.586508, -15.2144], [-49.58673, -15.214008], [-49.586845, -15.213148], [-49.586637, -15.212115], [-49.586692, -15.211733], [-49.586845, -15.211351], [-49.587148, -15.210872], [-49.587664, -15.21042], [-49.588298, -15.209649], [-49.588819, -15.208366], [-49.589043, -15.207929], [-49.58977, -15.207336], [-49.590387, -15.207273], [-49.591013, -15.207126], [-49.591707, -15.206994], [-49.593921, -15.206312], [-49.594721, -15.205883], [-49.596289, -15.20443], [-49.597399, -15.202921], [-49.599768, -15.201983], [-49.623563, -15.192961], [-49.624254, -15.192674], [-49.624229, -15.192577]]}, "properties": {"SNV": "251BGO0870", "fid": 257, "EXT_KM": 19.2, "GEOCOD": "251BGO0870", "TRECHO": "FIM DO PERÍMETRO URB CERES - ENTR GO-154/434", "RODOVIA": "BR-251", "SITUACAO": "PLA"}}, {"type": "Feature", "geometry": {"crs": {"type": "name", "properties": {"name": "EPSG:4674"}}, "type": "LineString", "coordinates": [[-49.624229, -15.192577], [-49.624742, -15.192472], [-49.625589, -15.192213], [-49.626289, -15.19192], [-49.628519, -15.191106], [-49.6328, -15.189478], [-49.634135, -15.188941], [-49.6466, -15.182184], [-49.647283, -15.181875], [-49.64813, -15.18163], [-49.649546, -15.181468], [-49.658148, -15.180859], [-49.662917, -15.180484], [-49.677954, -15.179394], [-49.688676, -15.178596], [-49.692469, -15.178336], [-49.696192, -15.178043], [-49.699936, -15.177799], [-49.703615, -15.177538], [-49.704478, -15.177408], [-49.719384, -15.174019], [-49.726541, -15.172375], [-49.727502, -15.172179], [-49.729423, -15.172082], [-49.74688, -15.171569], [-49.749549, -15.171715], [-49.760516, -15.172399], [-49.761183, -15.17235], [-49.761818, -15.17222], [-49.76229, -15.172106], [-49.763723, -15.171569], [-49.764618, -15.171211], [-49.766957, -15.170332], [-49.772443, -15.168232], [-49.77539, -15.167125], [-49.776138, -15.166718], [-49.783052, -15.162642], [-49.783833, -15.162251], [-49.784924, -15.161991], [-49.785363, -15.161909], [-49.788342, -15.16186], [-49.789443, -15.161915], [-49.789436, -15.161874], [-49.789528, -15.161831], [-49.789822, -15.161641], [-49.790332, -15.161275], [-49.793272, -15.159093], [-49.796545, -15.156692], [-49.796845, -15.156488], [-49.797203, -15.15628], [-49.797764, -15.156041], [-49.799273, -15.155572], [-49.79979, -15.155456]]}, "properties": {"SNV": "251BGO0880", "fid": 258, "EXT_KM": 19.8, "GEOCOD": "251BGO0880", "TRECHO": "ENTR GO-154/434 - ENTR GO-334 (RUBIATABA)", "RODOVIA": "BR-251", "SITUACAO": "PLA"}}, {"type": "Feature", "geometry": {"crs": {"type": "name", "properties": {"name": "EPSG:4674"}}, "type": "LineString", "coordinates": [[-49.141511, -16.741929], [-49.141325, -16.741994], [-49.140374, -16.742201], [-49.139874, -16.742339], [-49.139403, -16.742506], [-49.139142, -16.742618], [-49.138524, -16.742945], [-49.138204, -16.743151], [-49.137716, -16.743527], [-49.137432, -16.743788], [-49.111424, -16.770844], [-49.103721, -16.77891], [-49.102974, -16.779568], [-49.102374, -16.780004], [-49.100878, -16.780954], [-49.100277, -16.781354], [-49.099724, -16.781755], [-49.099203, -16.782236], [-49.098218, -16.783363], [-49.096155, -16.785847], [-49.095136, -16.787108], [-49.09484, -16.787591], [-49.092443, -16.792457], [-49.092135, -16.793011], [-49.09181, -16.793458], [-49.091489, -16.793829], [-49.091197, -16.794112], [-49.090613, -16.794568], [-49.090061, -16.794911], [-49.089456, -16.795183], [-49.088749, -16.79542], [-49.088312, -16.795502], [-49.087811, -16.795569], [-49.087342, -16.795591], [-49.086752, -16.795577], [-49.076987, -16.79491], [-49.076235, -16.794845], [-49.075374, -16.794861], [-49.074791, -16.794921], [-49.074335, -16.794996], [-49.073847, -16.795111], [-49.073373, -16.795252], [-49.072769, -16.795481], [-49.072213, -16.79574], [-49.071602, -16.796114], [-49.05857, -16.805065], [-49.057598, -16.805774], [-49.05725, -16.806087], [-49.056899, -16.80648], [-49.056585, -16.806899], [-49.056401, -16.807196], [-49.056127, -16.807702], [-49.055935, -16.808164], [-49.055752, -16.8088], [-49.055663, -16.809277], [-49.055612, -16.809908], [-49.055626, -16.810365], [-49.055685, -16.810821], [-49.055963, -16.812395], [-49.056075, -16.813155], [-49.056115, -16.813674], [-49.056107, -16.814205], [-49.056071, -16.814546], [-49.055979, -16.815039], [-49.055843, -16.815537], [-49.055774, -16.815726], [-49.055498, -16.816344], [-49.055217, -16.816818], [-49.054999, -16.817122], [-49.05467, -16.817519], [-49.054258, -16.817936], [-49.048746, -16.822603], [-49.031746, -16.836931], [-49.031343, -16.837288], [-49.030963, -16.837669], [-49.030629, -16.838048], [-49.030269, -16.838518], [-49.030017, -16.838902], [-49.028244, -16.842107], [-49.027744, -16.843061]]}, "properties": {"SNV": "352BGO0015", "fid": 272, "EXT_KM": 17.2, "GEOCOD": "352BGO0015", "TRECHO": "ENTR GO-536 - ENTR GO-414", "RODOVIA": "BR-352", "SITUACAO": "PLA"}}, {"type": "Feature", "geometry": {"crs": {"type": "name", "properties": {"name": "EPSG:4674"}}, "type": "LineString", "coordinates": [[-50.003272, -15.216958], [-50.003689, -15.217148], [-50.003774, -15.21718], [-50.003863, -15.217168], [-50.00396, -15.217239], [-50.00416, -15.217284], [-50.004868, -15.217544], [-50.004949, -15.217588], [-50.00526, -15.217694], [-50.005845, -15.217932], [-50.006188, -15.218105], [-50.006755, -15.218481], [-50.007323, -15.218943], [-50.007799, -15.219282], [-50.009055, -15.220247], [-50.009494, -15.220625], [-50.010408, -15.221274], [-50.010919, -15.221687], [-50.012153, -15.222633], [-50.01268, -15.222994], [-50.013013, -15.223247], [-50.014972, -15.224822], [-50.016514, -15.225961], [-50.019078, -15.227954], [-50.019388, -15.228223], [-50.019622, -15.228454], [-50.019819, -15.228666], [-50.020026, -15.228929], [-50.020266, -15.229313], [-50.020735, -15.23037], [-50.020862, -15.230616], [-50.021254, -15.231183], [-50.021933, -15.232092], [-50.022221, -15.23252], [-50.023046, -15.233821], [-50.023431, -15.234368], [-50.024639, -15.235588], [-50.025659, -15.236554], [-50.0261, -15.236954], [-50.026406, -15.237199], [-50.026622, -15.237346], [-50.026841, -15.23746], [-50.027506, -15.237746], [-50.027927, -15.237888], [-50.028089, -15.237971], [-50.028202, -15.23805], [-50.028324, -15.238151], [-50.028791, -15.238691], [-50.029298, -15.23924], [-50.029705, -15.239622], [-50.029976, -15.23992], [-50.030582, -15.24045], [-50.031087, -15.240794], [-50.032136, -15.241422], [-50.032312, -15.241559], [-50.034113, -15.242789], [-50.034624, -15.243155], [-50.035839, -15.243926], [-50.036002, -15.244043], [-50.036188, -15.244194], [-50.036517, -15.244507], [-50.037602, -15.245613], [-50.038107, -15.246084], [-50.040024, -15.247564], [-50.040568, -15.248041], [-50.041041, -15.248421], [-50.04206, -15.249299], [-50.043391, -15.250489], [-50.043762, -15.25084], [-50.043945, -15.251061], [-50.044186, -15.251453], [-50.044372, -15.251862], [-50.044518, -15.252248], [-50.044692, -15.252757], [-50.044758, -15.253031], [-50.044831, -15.25344], [-50.044882, -15.254174], [-50.044922, -15.254435], [-50.04503, -15.255565], [-50.04507, -15.255829], [-50.045067, -15.256478], [-50.045124, -15.256641], [-50.045136, -15.256799], [-50.04512, -15.256936], [-50.045179, -15.258165], [-50.045241, -15.258436], [-50.045388, -15.258675], [-50.045757, -15.259123], [-50.046783, -15.260049], [-50.047567, -15.261057], [-50.047649, -15.261186], [-50.047819, -15.261525], [-50.048275, -15.262566], [-50.048394, -15.262895], [-50.048453, -15.2632], [-50.048473, -15.264943], [-50.048527, -15.266326], [-50.048501, -15.266976], [-50.048438, -15.267414], [-50.048397, -15.267545], [-50.04828, -15.267799], [-50.048077, -15.26812], [-50.045415, -15.271924]]}, "properties": {"SNV": "251BGO0910", "fid": 262, "EXT_KM": 8.4, "GEOCOD": "251BGO0910", "TRECHO": "ENTR GO-156/434 (VALDELÂNDIA) - ENTR GO-156", "RODOVIA": "BR-251", "SITUACAO": "PLA"}}, {"type": "Feature", "geometry": {"crs": {"type": "name", "properties": {"name": "EPSG:4674"}}, "type": "LineString", "coordinates": [[-50.045415, -15.271924], [-50.045821, -15.271814], [-50.046016, -15.271707], [-50.046403, -15.271329], [-50.048636, -15.27065], [-50.052753, -15.266417], [-50.054837, -15.263812], [-50.055599, -15.2581], [-50.057464, -15.254422], [-50.07049, -15.248782], [-50.07589, -15.246682], [-50.07999, -15.245482], [-50.08319, -15.244682], [-50.08749, -15.244082], [-50.09259, -15.243982], [-50.11119, -15.245182], [-50.11569, -15.245082], [-50.11899, -15.244682], [-50.12229, -15.243782], [-50.12589, -15.242582], [-50.13019, -15.241082], [-50.13399, -15.239182], [-50.13859, -15.236482], [-50.16489, -15.218882], [-50.16849, -15.216682], [-50.17179, -15.214882], [-50.18539, -15.208182], [-50.18859, -15.206782], [-50.19189, -15.205382], [-50.19699, -15.203682], [-50.21099, -15.199782], [-50.21549, -15.198782], [-50.22079, -15.198082], [-50.22629, -15.197582], [-50.25839, -15.195082], [-50.26539, -15.194382], [-50.27169, -15.193382], [-50.29649, -15.188582], [-50.30069, -15.187982], [-50.30509, -15.187482], [-50.30939, -15.187182], [-50.31429, -15.187082], [-50.31859, -15.187282], [-50.32819, -15.187882], [-50.33429, -15.188482], [-50.34049, -15.189682], [-50.34649, -15.191382], [-50.35079, -15.192982], [-50.36209, -15.197882], [-50.36659, -15.200082], [-50.37089, -15.202482], [-50.38079, -15.208882], [-50.38679, -15.213082], [-50.42229, -15.239682], [-50.42699, -15.242982], [-50.43159, -15.245782], [-50.43739, -15.248582], [-50.44129, -15.250282], [-50.447157, -15.253736], [-50.457682, -15.259657], [-50.467002, -15.264042], [-50.478186, -15.268099], [-50.484489, -15.265987], [-50.489977, -15.263137]]}, "properties": {"SNV": "251BGO0920", "fid": 263, "EXT_KM": 62.3, "GEOCOD": "251BGO0920", "TRECHO": "ENTR GO-156 - ENTR GO-164", "RODOVIA": "BR-251", "SITUACAO": "PLA"}}, {"type": "Feature", "geometry": {"crs": {"type": "name", "properties": {"name": "EPSG:4674"}}, "type": "LineString", "coordinates": [[-49.81775, -15.158859], [-49.818679, -15.15831], [-49.819566, -15.157466], [-49.821887, -15.155313], [-49.823856, -15.1533], [-49.824909, -15.152397], [-49.82562, -15.152155], [-49.826688, -15.151972], [-49.827264, -15.152009], [-49.82756, -15.151845], [-49.830065, -15.1514], [-49.830355, -15.151467], [-49.833168, -15.149679], [-49.833546, -15.14947], [-49.834957, -15.14932], [-49.835534, -15.149294], [-49.836064, -15.149451], [-49.837652, -15.150329], [-49.838261, -15.150636], [-49.839328, -15.150945], [-49.840185, -15.15128], [-49.840834, -15.151747], [-49.841739, -15.152746], [-49.842148, -15.153246], [-49.842471, -15.153597], [-49.84287, -15.153869], [-49.844221, -15.154039], [-49.845528, -15.154433], [-49.846145, -15.154339], [-49.846919, -15.154068], [-49.847603, -15.153595], [-49.850893, -15.152321], [-49.851545, -15.152101], [-49.853567, -15.152343], [-49.858484, -15.154552], [-49.863909, -15.157313], [-49.865248, -15.158101], [-49.86685, -15.15912], [-49.86743, -15.159439], [-49.867935, -15.159563], [-49.868355, -15.159609], [-49.8688, -15.159679], [-49.869089, -15.159691], [-49.869513, -15.159789], [-49.870543, -15.159861], [-49.871095, -15.159921], [-49.872252, -15.159966], [-49.872552, -15.15996], [-49.878332, -15.159023], [-49.878424, -15.158913], [-49.878606, -15.158979], [-49.880892, -15.158628], [-49.881203, -15.158554], [-49.88166, -15.158515], [-49.882271, -15.158649], [-49.883121, -15.158949], [-49.88348, -15.159143], [-49.884082, -15.159391], [-49.884735, -15.159487], [-49.88544, -15.159504], [-49.886062, -15.159386], [-49.886448, -15.159189], [-49.886927, -15.158854], [-49.887398, -15.158551], [-49.889284, -15.158039], [-49.889637, -15.157901], [-49.889949, -15.157855], [-49.890678, -15.157889], [-49.891444, -15.158111], [-49.894586, -15.159623], [-49.895138, -15.15992], [-49.896163, -15.160372], [-49.899391, -15.161683], [-49.900107, -15.16202], [-49.900489, -15.162156], [-49.901067, -15.162408], [-49.901381, -15.162457], [-49.901735, -15.16264], [-49.902704, -15.162968], [-49.903402, -15.163132], [-49.904741, -15.163326], [-49.905101, -15.163363], [-49.905223, -15.163393], [-49.905436, -15.163481], [-49.905888, -15.163835], [-49.906718, -15.164825], [-49.906812, -15.164979], [-49.906925, -15.165074], [-49.907194, -15.165409], [-49.907374, -15.165585], [-49.907459, -15.16573], [-49.907517, -15.165869], [-49.907541, -15.166017], [-49.907682, -15.166294], [-49.907822, -15.166492], [-49.907911, -15.166593], [-49.908206, -15.166864], [-49.908427, -15.167055], [-49.908676, -15.167234], [-49.908924, -15.167365], [-49.909176, -15.167442], [-49.909772, -15.167482], [-49.910773, -15.167466], [-49.910917, -15.167478], [-49.91171, -15.167478], [-49.912655, -15.167549], [-49.912893, -15.167612], [-49.913043, -15.16768], [-49.913624, -15.167982], [-49.913938, -15.168209], [-49.914073, -15.16833], [-49.914403, -15.168706], [-49.914443, -15.16876], [-49.914587, -15.169065], [-49.914771, -15.169284], [-49.915054, -15.169781], [-49.915271, -15.170219], [-49.915378, -15.170545], [-49.915982, -15.171289], [-49.916723, -15.171721], [-49.916872, -15.171781], [-49.917437, -15.172138], [-49.918154, -15.172674], [-49.918398, -15.172817], [-49.919156, -15.173112], [-49.91984, -15.173293], [-49.920358, -15.173472], [-49.920701, -15.173545], [-49.921237, -15.173587], [-49.922073, -15.173725], [-49.92266, -15.173855], [-49.922848, -15.17392], [-49.923088, -15.174016], [-49.923515, -15.174237], [-49.923948, -15.174517], [-49.9245, -15.174779], [-49.924774, -15.174931], [-49.925326, -15.175259], [-49.92552, -15.175394], [-49.925696, -15.175556], [-49.926099, -15.176065], [-49.92716, -15.177647], [-49.92733, -15.177868], [-49.927859, -15.178408], [-49.928027, -15.178607], [-49.928153, -15.178792], [-49.928297, -15.178954], [-49.928569, -15.179319], [-49.929377, -15.180535], [-49.930721, -15.182465], [-49.931445, -15.183598], [-49.931584, -15.183827], [-49.93178, -15.184216], [-49.932032, -15.184581], [-49.93299, -15.186156], [-49.933111, -15.186319], [-49.933281, -15.186499], [-49.933395, -15.186594], [-49.93366, -15.186767], [-49.93443, -15.187141], [-49.934783, -15.187357], [-49.935327, -15.187618], [-49.937214, -15.188607], [-49.93798, -15.189045], [-49.939363, -15.189737], [-49.939772, -15.190005], [-49.940129, -15.190316], [-49.940329, -15.190515], [-49.940837, -15.191114], [-49.941373, -15.191802], [-49.942418, -15.192979], [-49.94451, -15.195158], [-49.945114, -15.19586], [-49.946206, -15.197042], [-49.946589, -15.197519], [-49.94732, -15.198351], [-49.948631, -15.199793], [-49.949381, -15.200568], [-49.949456, -15.200684], [-49.949637, -15.200855], [-49.949835, -15.201103], [-49.950021, -15.2013], [-49.950145, -15.20142], [-49.950695, -15.201855], [-49.951894, -15.20269], [-49.95285, -15.203308], [-49.95309, -15.203448], [-49.953268, -15.203601], [-49.953651, -15.204057], [-49.95401, -15.204584], [-49.954235, -15.205044], [-49.954354, -15.205444], [-49.954386, -15.205613], [-49.95452, -15.207906], [-49.954691, -15.210209], [-49.954765, -15.210996], [-49.954799, -15.211156], [-49.954883, -15.211819], [-49.954925, -15.211976], [-49.954994, -15.212149], [-49.95516, -15.212394], [-49.95531, -15.212527], [-49.956639, -15.213411], [-49.956872, -15.213597], [-49.958061, -15.214732], [-49.958631, -15.215312], [-49.958938, -15.2157], [-49.959875, -15.217009], [-49.960299, -15.217526], [-49.96116, -15.218401], [-49.962641, -15.219778], [-49.96565, -15.222109], [-49.967186, -15.223353], [-49.968056, -15.22402], [-49.968894, -15.22464], [-49.969814, -15.225217], [-49.971502, -15.226074], [-49.972085, -15.226322], [-49.972343, -15.226387], [-49.972612, -15.2264], [-49.973692, -15.226302], [-49.974039, -15.226288], [-49.974446, -15.226229], [-49.974567, -15.22623], [-49.976469, -15.226015], [-49.977052, -15.225991], [-49.977302, -15.225939], [-49.978332, -15.225793], [-49.980287, -15.225441], [-49.980787, -15.225367], [-49.981073, -15.22537], [-49.981701, -15.225491], [-49.981878, -15.225508], [-49.983031, -15.225533], [-49.983831, -15.225487], [-49.985119, -15.225325], [-49.986167, -15.225253], [-49.986292, -15.22526], [-49.986795, -15.225199], [-49.987682, -15.225053], [-49.988046, -15.225025], [-49.988274, -15.224982], [-49.988388, -15.224973], [-49.988593, -15.224997], [-49.98887, -15.22497], [-49.989538, -15.224979], [-49.989868, -15.224945], [-49.990302, -15.224868], [-49.9906, -15.224744], [-49.99085, -15.2246], [-49.990994, -15.224539], [-49.991323, -15.224462], [-49.99155, -15.224445], [-49.991921, -15.224349], [-49.992051, -15.224239], [-49.992695, -15.223589], [-49.993078, -15.22325], [-49.993356, -15.222976], [-49.994259, -15.222041], [-49.99553, -15.220638], [-49.99565, -15.220523], [-49.995924, -15.220206], [-49.996144, -15.219915], [-49.996531, -15.219567], [-49.996874, -15.219324], [-49.997139, -15.219219], [-49.997347, -15.219166], [-49.998211, -15.219123], [-49.998378, -15.219122], [-49.998657, -15.219147], [-49.998971, -15.219145], [-49.999298, -15.219119], [-50.000715, -15.218911], [-50.000841, -15.218879], [-50.001603, -15.218835], [-50.001643, -15.218821], [-50.001689, -15.218785], [-50.002591, -15.216692], [-50.003272, -15.216958]]}, "properties": {"SNV": "251BGO0900", "fid": 261, "EXT_KM": 24.7, "GEOCOD": "251BGO0900", "TRECHO": "FIM DA PAVIMENTAÇÃO (RUBIATABA) - ENTR GO-156/434 (VALDELÂNDIA)", "RODOVIA": "BR-251", "SITUACAO": "PLA"}}, {"type": "Feature", "geometry": {"crs": {"type": "name", "properties": {"name": "EPSG:4674"}}, "type": "LineString", "coordinates": [[-51.019755, -14.960318], [-51.028564, -14.958008], [-51.029115, -14.957844], [-51.029569, -14.957749], [-51.030445, -14.957508], [-51.0309, -14.957357], [-51.031268, -14.957208], [-51.03165, -14.957016], [-51.031905, -14.956868], [-51.032304, -14.956599], [-51.034039, -14.955277], [-51.057967, -14.936894]]}, "properties": {"SNV": "251BGO0930", "fid": 267, "EXT_KM": 4.9, "GEOCOD": "251BGO0930", "TRECHO": "ENTR GO-070 - INÍCIO DUPLICAÇÃO (ARUANÃ)", "RODOVIA": "BR-251", "SITUACAO": "PLA"}}, {"type": "Feature", "geometry": {"crs": {"type": "name", "properties": {"name": "EPSG:4674"}}, "type": "LineString", "coordinates": [[-51.057967, -14.936894], [-51.064266, -14.932049], [-51.066197, -14.930544], [-51.066528, -14.930307], [-51.068826, -14.928519]]}, "properties": {"SNV": "251BGO0935", "fid": 268, "EXT_KM": 1.5, "GEOCOD": "251BGO0935", "TRECHO": "INÍCIO DUPLICAÇÃO (ARUANÃ) - ENTR GO-173 (P/BRITÂNIA)", "RODOVIA": "BR-251", "SITUACAO": "PLA"}}, {"type": "Feature", "geometry": {"crs": {"type": "name", "properties": {"name": "EPSG:4674"}}, "type": "LineString", "coordinates": [[-51.068826, -14.928519], [-51.06919, -14.928253], [-51.076779, -14.922397], [-51.077438, -14.921896], [-51.077753, -14.921686], [-51.078149, -14.921503], [-51.078409, -14.921419], [-51.078638, -14.921365], [-51.078726, -14.921322], [-51.079252, -14.921248], [-51.079739, -14.921127], [-51.080127, -14.921059], [-51.080438, -14.920982], [-51.080911, -14.920896], [-51.08167, -14.920728], [-51.082309, -14.920612], [-51.082602, -14.920462], [-51.083149, -14.920319], [-51.083211, -14.920291], [-51.084769, -14.918807]]}, "properties": {"SNV": "251BGO0940", "fid": 269, "EXT_KM": 2.1, "GEOCOD": "251BGO0940", "TRECHO": "ENTR GO-173 (P/BRITÂNIA) - RIO ARAGUAIA (ARUANÃ) (DIV GO/MT)", "RODOVIA": "BR-251", "SITUACAO": "PLA"}}, {"type": "Feature", "geometry": {"crs": {"type": "name", "properties": {"name": "EPSG:4674"}}, "type": "LineString", "coordinates": [[-49.230993, -16.709869], [-49.230495, -16.710003], [-49.230281, -16.71003], [-49.229863, -16.710137], [-49.229392, -16.710152], [-49.22618, -16.70936], [-49.225388, -16.709268], [-49.204781, -16.714703], [-49.200416, -16.715868], [-49.199058, -16.716315], [-49.198437, -16.716616], [-49.1979, -16.716958], [-49.197415, -16.717319], [-49.196039, -16.718663], [-49.193104, -16.721589], [-49.193029, -16.721644], [-49.192391, -16.722253], [-49.191218, -16.723286], [-49.188432, -16.726031], [-49.187868, -16.726546], [-49.187428, -16.726898], [-49.187097, -16.727132], [-49.186794, -16.727322], [-49.186209, -16.727631], [-49.185663, -16.727853], [-49.185249, -16.727985], [-49.184739, -16.728118], [-49.1816, -16.728792], [-49.180605, -16.729105], [-49.17978, -16.729458], [-49.179438, -16.729625], [-49.178868, -16.729949], [-49.175806, -16.731761], [-49.170821, -16.734668], [-49.170202, -16.734976], [-49.169782, -16.735157], [-49.16936, -16.735312], [-49.168641, -16.73553], [-49.160559, -16.737427], [-49.159094, -16.737788], [-49.148613, -16.740259], [-49.14337, -16.741475], [-49.141511, -16.741929]]}, "properties": {"SNV": "352BGO0010", "fid": 271, "EXT_KM": 10.7, "GEOCOD": "352BGO0010", "TRECHO": "ENTR BR-153/352 (GOIÂNIA) - ENTR GO-536", "RODOVIA": "BR-352", "SITUACAO": "PLA"}}, {"type": "Feature", "geometry": {"crs": {"type": "name", "properties": {"name": "EPSG:4674"}}, "type": "LineString", "coordinates": [[-49.027744, -16.843061], [-49.027129, -16.844336], [-49.026623, -16.845264], [-49.023304, -16.851271], [-49.021103, -16.855312], [-49.016769, -16.863181], [-49.016134, -16.864307], [-49.015864, -16.864717], [-49.015494, -16.865183], [-49.015201, -16.865509], [-49.014837, -16.865872], [-49.004323, -16.875411], [-49.003904, -16.875842], [-49.003606, -16.876207], [-49.003344, -16.876576], [-49.003093, -16.876981], [-49.002891, -16.877383], [-49.002739, -16.877737], [-49.00257, -16.87823], [-48.999972, -16.888699], [-48.999852, -16.889102], [-48.999735, -16.889435], [-48.999478, -16.890015], [-48.999269, -16.89039], [-48.998916, -16.890921], [-48.998515, -16.891417], [-48.998047, -16.891882], [-48.997817, -16.892078], [-48.997594, -16.892256], [-48.997154, -16.892565], [-48.996507, -16.892924], [-48.99594, -16.893171], [-48.99069, -16.89522], [-48.989808, -16.895598], [-48.989293, -16.895881], [-48.988875, -16.896159], [-48.988574, -16.896392], [-48.988122, -16.896804], [-48.987696, -16.897268], [-48.987523, -16.897487], [-48.987254, -16.897887], [-48.986947, -16.898427], [-48.985226, -16.901973], [-48.984721, -16.903086], [-48.981813, -16.909204], [-48.97507, -16.923368], [-48.974339, -16.924854], [-48.974154, -16.925182], [-48.973915, -16.925558], [-48.973664, -16.925902], [-48.969297, -16.931474], [-48.968821, -16.932212], [-48.968627, -16.932573], [-48.968329, -16.933279], [-48.968019, -16.934227], [-48.963073, -16.951353], [-48.962908, -16.951953], [-48.962783, -16.952479], [-48.96271, -16.9529], [-48.962632, -16.953665], [-48.962605, -16.954472], [-48.96233, -16.972858]]}, "properties": {"SNV": "352BGO0020", "fid": 273, "EXT_KM": 16.6, "GEOCOD": "352BGO0020", "TRECHO": "ENTR GO-414 - ENTR GO-147/219 (BELA VISTA DE GOIÁS)", "RODOVIA": "BR-352", "SITUACAO": "PLA"}}, {"type": "Feature", "geometry": {"crs": {"type": "name", "properties": {"name": "EPSG:4674"}}, "type": "LineString", "coordinates": [[-48.949415, -17.034448], [-48.935842, -17.051182], [-48.934182, -17.052265], [-48.924002, -17.056236], [-48.908192, -17.070891], [-48.892815, -17.085185], [-48.891213, -17.086418], [-48.86488, -17.092495], [-48.862565, -17.093271], [-48.861699, -17.093849], [-48.860856, -17.09482], [-48.827273, -17.136756], [-48.813873, -17.145027], [-48.809022, -17.147891], [-48.807682, -17.148769], [-48.80491, -17.150387], [-48.80086, -17.152365], [-48.794653, -17.155746], [-48.779867, -17.163508], [-48.778481, -17.163878], [-48.772567, -17.164756], [-48.770257, -17.165588], [-48.763326, -17.168776], [-48.747617, -17.169561], [-48.742488, -17.169423], [-48.737001, -17.169204], [-48.733783, -17.169038], [-48.732411, -17.169298], [-48.729856, -17.169842], [-48.728603, -17.170528], [-48.722097, -17.17552], [-48.718323, -17.1785], [-48.717626, -17.179234], [-48.716964, -17.180109], [-48.716609, -17.180914], [-48.716254, -17.18212], [-48.716254, -17.183989], [-48.716648, -17.190386], [-48.716687, -17.191348], [-48.716744, -17.192068], [-48.71663, -17.193109], [-48.716268, -17.19395], [-48.715646, -17.194736], [-48.713394, -17.197461], [-48.71237, -17.198958], [-48.709185, -17.204498], [-48.708622, -17.205674], [-48.708137, -17.208032], [-48.708112, -17.208274]]}, "properties": {"SNV": "352BGO0030", "fid": 276, "EXT_KM": 34.3, "GEOCOD": "352BGO0030", "TRECHO": "ENTR GO-147 - ENTR GO-139 (CRISTIANÓPOLIS)", "RODOVIA": "BR-352", "SITUACAO": "PLA"}}, {"type": "Feature", "geometry": {"crs": {"type": "name", "properties": {"name": "EPSG:4674"}}, "type": "LineString", "coordinates": [[-48.708112, -17.208274], [-48.707988, -17.208823], [-48.707887, -17.209419], [-48.707836, -17.210078], [-48.707852, -17.21058], [-48.707906, -17.21102], [-48.707971, -17.211358], [-48.708088, -17.21179], [-48.708444, -17.212744], [-48.713283, -17.224836], [-48.713457, -17.225398], [-48.713578, -17.226035], [-48.713629, -17.2266], [-48.71363, -17.226889], [-48.713583, -17.227481], [-48.713468, -17.228104], [-48.713352, -17.2285], [-48.71323, -17.228831], [-48.712972, -17.229396], [-48.712739, -17.229792], [-48.712527, -17.230095], [-48.712285, -17.230402], [-48.712051, -17.230675], [-48.711664, -17.231077]]}, "properties": {"SNV": "352BGO0047", "fid": 277, "EXT_KM": 2.7, "GEOCOD": "352BGO0047", "TRECHO": "ENTR GO-139 (CRISTIANÓPOLIS) - ENTR GO-139", "RODOVIA": "BR-352", "SITUACAO": "PLA"}}, {"type": "Feature", "geometry": {"crs": {"type": "name", "properties": {"name": "EPSG:4674"}}, "type": "LineString", "coordinates": [[-48.711664, -17.231077], [-48.710808, -17.231658], [-48.710419, -17.231875], [-48.71006, -17.232041], [-48.684306, -17.242046], [-48.683762, -17.24224], [-48.680674, -17.243245], [-48.665877, -17.248032], [-48.665175, -17.248197], [-48.664846, -17.248245], [-48.664232, -17.248281], [-48.663804, -17.24827], [-48.663342, -17.248226], [-48.662908, -17.248148], [-48.662487, -17.24804], [-48.643246, -17.242551], [-48.642401, -17.242335], [-48.642172, -17.242291], [-48.641577, -17.242227], [-48.641053, -17.24222], [-48.640432, -17.242272], [-48.640112, -17.242324], [-48.639781, -17.242399], [-48.639594, -17.242448], [-48.639074, -17.242629], [-48.638517, -17.242885], [-48.621053, -17.252769], [-48.620028, -17.253325], [-48.619635, -17.253489], [-48.619184, -17.253645], [-48.618752, -17.253761], [-48.618365, -17.253837], [-48.618108, -17.253868], [-48.617547, -17.253907], [-48.616564, -17.253888], [-48.608215, -17.253529], [-48.607765, -17.253546], [-48.607409, -17.253581], [-48.606956, -17.253659], [-48.606741, -17.253711], [-48.60627, -17.253857], [-48.605679, -17.254099], [-48.59275, -17.260097], [-48.592216, -17.260309], [-48.587155, -17.262101], [-48.586654, -17.262303]]}, "properties": {"SNV": "352BGO0050", "fid": 278, "EXT_KM": 14.3, "GEOCOD": "352BGO0050", "TRECHO": "ENTR GO-139 - ENTR GO-552 (P/SANTO ANTÔNIO DA ESPERANÇA)", "RODOVIA": "BR-352", "SITUACAO": "PLA"}}, {"type": "Feature", "geometry": {"crs": {"type": "name", "properties": {"name": "EPSG:4674"}}, "type": "LineString", "coordinates": [[-48.586654, -17.262303], [-48.586336, -17.262392], [-48.585289, -17.262757], [-48.562992, -17.270633], [-48.562721, -17.27075], [-48.562244, -17.270999], [-48.561586, -17.271421], [-48.561185, -17.27174], [-48.560689, -17.272215], [-48.560424, -17.272519], [-48.560194, -17.272824], [-48.559821, -17.273397], [-48.55957, -17.273883], [-48.559075, -17.275087], [-48.557663, -17.27859], [-48.557558, -17.278956], [-48.557458, -17.279469], [-48.557419, -17.279767], [-48.557395, -17.28028], [-48.557409, -17.280599], [-48.557461, -17.281077], [-48.55757, -17.28157], [-48.557687, -17.281951], [-48.557959, -17.282604], [-48.558926, -17.284314], [-48.559968, -17.286111], [-48.560198, -17.286567], [-48.560258, -17.286721], [-48.560367, -17.287101], [-48.560408, -17.287347], [-48.56043, -17.287626], [-48.56039, -17.288115], [-48.560287, -17.288551], [-48.559541, -17.290578], [-48.559348, -17.291037], [-48.55916, -17.291402], [-48.558942, -17.291741], [-48.558721, -17.292041], [-48.5584, -17.292418], [-48.557999, -17.292793], [-48.557574, -17.293124], [-48.55719, -17.29337], [-48.55696, -17.293499], [-48.556625, -17.293663], [-48.555916, -17.293922], [-48.555548, -17.294018], [-48.554792, -17.294142], [-48.545275, -17.295182], [-48.543332, -17.295379], [-48.541326, -17.295617], [-48.535748, -17.29623], [-48.535404, -17.296237], [-48.535045, -17.296206], [-48.534711, -17.296139], [-48.534408, -17.296038], [-48.534101, -17.29589], [-48.533737, -17.295639], [-48.531967, -17.294091], [-48.531604, -17.293807], [-48.531287, -17.293593], [-48.530813, -17.293326], [-48.530161, -17.29305], [-48.529726, -17.292916], [-48.529339, -17.292828], [-48.528698, -17.292743], [-48.52812, -17.292726], [-48.527765, -17.292746], [-48.527177, -17.292811], [-48.524491, -17.2932], [-48.523972, -17.293297], [-48.523456, -17.29344], [-48.522989, -17.29361], [-48.522579, -17.293798], [-48.52209, -17.294079], [-48.521747, -17.294313], [-48.513809, -17.300466], [-48.510387, -17.303146], [-48.510094, -17.303366], [-48.509827, -17.30353], [-48.509599, -17.303653], [-48.509404, -17.303729], [-48.508934, -17.303847], [-48.508711, -17.303876], [-48.505613, -17.303921], [-48.505253, -17.303938], [-48.504886, -17.303981], [-48.504684, -17.304022], [-48.504358, -17.304137], [-48.504192, -17.304219], [-48.504025, -17.30433], [-48.503883, -17.304437], [-48.503568, -17.304729], [-48.503105, -17.305241], [-48.498844, -17.310178], [-48.498571, -17.310477], [-48.498057, -17.310954], [-48.497656, -17.311259], [-48.497082, -17.311616], [-48.491203, -17.315185], [-48.490221, -17.315674], [-48.489365, -17.316005], [-48.4888, -17.316187], [-48.485233, -17.317306], [-48.483339, -17.317876], [-48.482488, -17.317966]]}, "properties": {"SNV": "352BGO0053", "fid": 279, "EXT_KM": 14.6, "GEOCOD": "352BGO0053", "TRECHO": "ENTR GO-552 (P/SANTO ANTÔNIO DA ESPERANÇA) - PÇA JÚLIO REZENDE (SANTA CRUZ DE GOIÁS)", "RODOVIA": "BR-352", "SITUACAO": "PLA"}}, {"type": "Feature", "geometry": {"crs": {"type": "name", "properties": {"name": "EPSG:4674"}}, "type": "LineString", "coordinates": [[-48.482488, -17.317966], [-48.481747, -17.3181], [-48.480484, -17.318358], [-48.480084, -17.318454], [-48.479459, -17.318632], [-48.478695, -17.318793], [-48.472339, -17.320257], [-48.471104, -17.320508], [-48.469981, -17.320687], [-48.460776, -17.321917], [-48.460335, -17.321988], [-48.459907, -17.322078], [-48.459495, -17.322195], [-48.458819, -17.322451], [-48.451972, -17.325169], [-48.45129, -17.325411], [-48.450646, -17.325602], [-48.445371, -17.326972], [-48.435836, -17.329516], [-48.435332, -17.329638], [-48.435006, -17.329699], [-48.434563, -17.329757], [-48.433984, -17.329779], [-48.433622, -17.32976], [-48.433316, -17.329726], [-48.432229, -17.32957]]}, "properties": {"SNV": "352BGO0055", "fid": 280, "EXT_KM": 5.5, "GEOCOD": "352BGO0055", "TRECHO": "PÇA JÚLIO REZENDE (SANTA CRUZ DE GOIÁS) - R.FILEMON NUNES DA SILVA (PALMELO)", "RODOVIA": "BR-352", "SITUACAO": "PLA"}}, {"type": "Feature", "geometry": {"crs": {"type": "name", "properties": {"name": "EPSG:4674"}}, "type": "LineString", "coordinates": [[-48.432229, -17.32957], [-48.42903, -17.329104], [-48.426522, -17.328789], [-48.425606, -17.328647], [-48.422583, -17.328334], [-48.421081, -17.328128], [-48.415321, -17.32743], [-48.413779, -17.327269], [-48.413153, -17.327251], [-48.410321, -17.327227], [-48.393319, -17.327121], [-48.387947, -17.327061], [-48.387124, -17.327038], [-48.386668, -17.327002], [-48.386281, -17.326951], [-48.385703, -17.326843], [-48.372009, -17.323894], [-48.364879, -17.322347], [-48.364361, -17.322219], [-48.351378, -17.318201], [-48.341015, -17.314933], [-48.334386, -17.312818], [-48.328315, -17.311012], [-48.319097, -17.30835], [-48.31608, -17.307465], [-48.296491, -17.301619], [-48.294305, -17.300977], [-48.293933, -17.300895], [-48.293328, -17.300695]]}, "properties": {"SNV": "352BGO0060", "fid": 281, "EXT_KM": 15.2, "GEOCOD": "352BGO0060", "TRECHO": "R.FILEMON NUNES DA SILVA (PALMELO) - ENTR GO-330/309 (PIRES DO RIO)", "RODOVIA": "BR-352", "SITUACAO": "PLA"}}, {"type": "Feature", "geometry": {"crs": {"type": "name", "properties": {"name": "EPSG:4674"}}, "type": "LineString", "coordinates": [[-50.684263, -19.014159], [-50.684962, -19.014848], [-50.685242, -19.015156], [-50.68576, -19.015643], [-50.686209, -19.016133], [-50.687338, -19.017266], [-50.687595, -19.017496], [-50.687783, -19.0177], [-50.689949, -19.019816], [-50.690877, -19.020752], [-50.692928, -19.022765], [-50.694036, -19.023888], [-50.697429, -19.027231], [-50.702099, -19.031914], [-50.70379, -19.033565], [-50.704633, -19.034413], [-50.70538, -19.035143], [-50.705739, -19.035468], [-50.707028, -19.036771], [-50.709647, -19.039316], [-50.710038, -19.039722], [-50.711802, -19.041429], [-50.713544, -19.043148], [-50.71396, -19.043534], [-50.716911, -19.046475], [-50.719311, -19.048796], [-50.719976, -19.049414], [-50.720809, -19.050245], [-50.721359, -19.050757], [-50.721842, -19.0513], [-50.722089, -19.051494], [-50.722715, -19.052125], [-50.726513, -19.055766], [-50.727764, -19.057044], [-50.728594, -19.057848], [-50.728987, -19.05826], [-50.729561, -19.058767], [-50.730358, -19.05954], [-50.730585, -19.059737], [-50.730782, -19.059808], [-50.730843, -19.059858], [-50.730901, -19.059936], [-50.730911, -19.060002], [-50.730958, -19.060076], [-50.731563, -19.060633], [-50.731875, -19.060964], [-50.73584, -19.064788], [-50.735956, -19.06494], [-50.736032, -19.065086], [-50.736153, -19.065223], [-50.737992, -19.066992], [-50.738268, -19.067346], [-50.738353, -19.067512], [-50.738454, -19.067735], [-50.738684, -19.068446], [-50.739116, -19.069873], [-50.74029, -19.073579], [-50.741007, -19.07576], [-50.742008, -19.078981], [-50.74249, -19.080453], [-50.742975, -19.082056], [-50.747945, -19.097678], [-50.750785, -19.106726], [-50.75151, -19.109654], [-50.749758, -19.123765], [-50.750053, -19.137227], [-50.750173, -19.143557], [-50.75021, -19.148479], [-50.750165, -19.155999], [-50.750261, -19.157496], [-50.750852, -19.158906], [-50.753951, -19.162198], [-50.7555, -19.163814], [-50.757162, -19.164653], [-50.757889, -19.16493], [-50.758927, -19.165056], [-50.760059, -19.165105], [-50.763979, -19.164489], [-50.769067, -19.163712], [-50.771196, -19.163585], [-50.775904, -19.163621], [-50.779227, -19.163605], [-50.78037, -19.163746], [-50.782046, -19.164445], [-50.783489, -19.165535], [-50.784512, -19.166676], [-50.785994, -19.168913], [-50.791241, -19.176628], [-50.792708, -19.178841]]}, "properties": {"SNV": "483BGO0090", "fid": 377, "EXT_KM": 24.4, "GEOCOD": "483BGO0090", "TRECHO": "FIM PISTA DUPLA (ITAGUAÇU) - ENTR GO-406", "RODOVIA": "BR-483", "SITUACAO": "PLA"}}, {"type": "Feature", "geometry": {"crs": {"type": "name", "properties": {"name": "EPSG:4674"}}, "type": "LineString", "coordinates": [[-48.293328, -17.300695], [-48.293194, -17.30093], [-48.286928, -17.300796], [-48.286845, -17.301125], [-48.286819, -17.301358], [-48.286776, -17.303173], [-48.286681, -17.305397], [-48.286676, -17.306905], [-48.286799, -17.311777], [-48.286772, -17.31318], [-48.286745, -17.313702], [-48.28668, -17.314009], [-48.286639, -17.314118], [-48.286533, -17.314303], [-48.286469, -17.314394], [-48.286314, -17.314542], [-48.285996, -17.314731], [-48.28513, -17.315097], [-48.282852, -17.316019], [-48.282371, -17.316177], [-48.282184, -17.316221], [-48.281807, -17.316269], [-48.279972, -17.316297], [-48.279553, -17.316319], [-48.279406, -17.31637], [-48.279348, -17.31642], [-48.279221, -17.316625], [-48.279134, -17.316667], [-48.279015, -17.316656], [-48.278646, -17.316503], [-48.278399, -17.316448], [-48.278138, -17.316441], [-48.277737, -17.316507], [-48.270115, -17.31826], [-48.269677, -17.318415], [-48.269405, -17.318558], [-48.269112, -17.318763], [-48.268837, -17.319012], [-48.268627, -17.319263], [-48.268245, -17.319891], [-48.264737, -17.326438], [-48.264535, -17.326847], [-48.264358, -17.327302], [-48.264169, -17.327551], [-48.263996, -17.32784], [-48.262892, -17.329878], [-48.262694, -17.33029], [-48.262585, -17.330554], [-48.262359, -17.331225], [-48.262256, -17.331681], [-48.262208, -17.332031], [-48.262168, -17.332546], [-48.262159, -17.333172], [-48.262173, -17.336074], [-48.262143, -17.336462], [-48.262096, -17.336739], [-48.26202, -17.337051], [-48.261915, -17.337358], [-48.261698, -17.337825], [-48.261525, -17.338114], [-48.261305, -17.338405], [-48.261081, -17.338656], [-48.260825, -17.338898], [-48.260637, -17.339052], [-48.260397, -17.33922], [-48.259983, -17.339457], [-48.255424, -17.341888], [-48.25449, -17.342469], [-48.253828, -17.342941], [-48.253438, -17.343243], [-48.252879, -17.343698], [-48.252408, -17.344127], [-48.251918, -17.344609], [-48.250372, -17.346338], [-48.24854, -17.348582], [-48.24787, -17.349835], [-48.247605, -17.350735], [-48.247433, -17.351631], [-48.247399, -17.352101], [-48.2474, -17.357819], [-48.247419, -17.358043], [-48.247476, -17.358401], [-48.247584, -17.358702], [-48.247677, -17.358886], [-48.247939, -17.359225], [-48.248125, -17.359401], [-48.248681, -17.359806], [-48.251209, -17.361514], [-48.251436, -17.361704], [-48.251584, -17.36186], [-48.251777, -17.362113], [-48.251939, -17.362412], [-48.252052, -17.362737], [-48.252089, -17.3629], [-48.252129, -17.363234], [-48.252112, -17.363669], [-48.251748, -17.366117], [-48.25163, -17.36672], [-48.251453, -17.367182], [-48.251363, -17.367356], [-48.251169, -17.367657], [-48.250871, -17.368007], [-48.250534, -17.368288], [-48.250034, -17.368589], [-48.247878, -17.369767], [-48.247447, -17.370055], [-48.247051, -17.370397], [-48.246845, -17.370619], [-48.246614, -17.370923], [-48.246474, -17.371142], [-48.246326, -17.37142], [-48.246174, -17.371838], [-48.246059, -17.372322], [-48.24602, -17.37262], [-48.246018, -17.372832]]}, "properties": {"SNV": "352BGO0065", "fid": 282, "EXT_KM": 11.5, "GEOCOD": "352BGO0065", "TRECHO": "ENTR GO-330/309 (PIRES DO RIO) - ENTR GO-020", "RODOVIA": "BR-352", "SITUACAO": "PLA"}}, {"type": "Feature", "geometry": {"crs": {"type": "name", "properties": {"name": "EPSG:4674"}}, "type": "LineString", "coordinates": [[-48.246018, -17.372832], [-48.246262, -17.381418], [-48.246244, -17.381859], [-48.246163, -17.38244], [-48.246087, -17.382773], [-48.245978, -17.383151], [-48.242648, -17.392709], [-48.242519, -17.393053], [-48.242314, -17.393492], [-48.241914, -17.394161], [-48.241507, -17.39467], [-48.241238, -17.394946], [-48.240738, -17.395372], [-48.240359, -17.395641], [-48.240015, -17.395847], [-48.23961, -17.396056], [-48.237486, -17.396942], [-48.237141, -17.397099], [-48.236753, -17.397308], [-48.236383, -17.397537], [-48.23605, -17.397777], [-48.23583, -17.397963], [-48.235408, -17.398367], [-48.235046, -17.398783], [-48.232435, -17.402015], [-48.226671, -17.409055], [-48.225947, -17.409898], [-48.225623, -17.410232], [-48.225356, -17.410477], [-48.224859, -17.410888], [-48.213247, -17.419923], [-48.212682, -17.420368], [-48.212238, -17.420772], [-48.211957, -17.421077], [-48.211633, -17.421489], [-48.211428, -17.421792], [-48.21131, -17.421997], [-48.209563, -17.425539], [-48.209305, -17.426077], [-48.209084, -17.426593], [-48.208797, -17.427353], [-48.208564, -17.428022], [-48.208416, -17.428502], [-48.208035, -17.430057], [-48.207851, -17.430908], [-48.207705, -17.431715], [-48.207636, -17.432378], [-48.207599, -17.433204], [-48.207629, -17.434292], [-48.20772, -17.436272], [-48.208105, -17.443974], [-48.208757, -17.462122], [-48.208776, -17.462884], [-48.208761, -17.463304], [-48.208715, -17.463615], [-48.208628, -17.463962], [-48.208503, -17.464288], [-48.208402, -17.464496], [-48.208237, -17.464767], [-48.208035, -17.465032], [-48.207883, -17.465203], [-48.206252, -17.4669]]}, "properties": {"SNV": "352BGO0070", "fid": 283, "EXT_KM": 12.1, "GEOCOD": "352BGO0070", "TRECHO": "ENTR GO-020 - URUTAÍ", "RODOVIA": "BR-352", "SITUACAO": "PLA"}}, {"type": "Feature", "geometry": {"crs": {"type": "name", "properties": {"name": "EPSG:4674"}}, "type": "LineString", "coordinates": [[-47.992172, -18.033856], [-47.991972, -18.034213], [-47.989451, -18.038346], [-47.989197, -18.038806], [-47.989, -18.039233], [-47.988827, -18.039719], [-47.988706, -18.040184], [-47.988608, -18.0408], [-47.988581, -18.041262], [-47.988587, -18.041617], [-47.988612, -18.041935], [-47.988713, -18.042557], [-47.988844, -18.043062], [-47.989011, -18.043509], [-47.992092, -18.050707], [-47.992277, -18.051246], [-47.992379, -18.051679], [-47.992446, -18.052131], [-47.992471, -18.052753], [-47.992438, -18.05329], [-47.992385, -18.053694], [-47.988929, -18.077422], [-47.988871, -18.077908], [-47.988796, -18.078262], [-47.988668, -18.07868], [-47.988572, -18.078933], [-47.988357, -18.079414], [-47.988111, -18.079853], [-47.987797, -18.080305], [-47.987612, -18.080536], [-47.987338, -18.080832], [-47.986413, -18.081727], [-47.98601, -18.082156], [-47.985712, -18.082556], [-47.985466, -18.082941], [-47.985208, -18.083444], [-47.984981, -18.084012], [-47.983093, -18.089236], [-47.982837, -18.089824], [-47.982605, -18.090259], [-47.982307, -18.090734], [-47.9818, -18.091396], [-47.979082, -18.094528], [-47.978508, -18.095301], [-47.978136, -18.095911], [-47.974071, -18.103289], [-47.971603, -18.107738], [-47.970142, -18.11034], [-47.96085, -18.127137], [-47.959734, -18.129121]]}, "properties": {"SNV": "352BGO0090", "fid": 286, "EXT_KM": 11.5, "GEOCOD": "352BGO0090", "TRECHO": "ENTR GO-305 (P/GOIANDIRA) - INÍCIO DUPLICAÇÃO (CATALÃO)", "RODOVIA": "BR-352", "SITUACAO": "PLA"}}, {"type": "Feature", "geometry": {"crs": {"type": "name", "properties": {"name": "EPSG:4674"}}, "type": "LineString", "coordinates": [[-47.959734, -18.129121], [-47.959444, -18.129545], [-47.959175, -18.130121], [-47.958783, -18.130834], [-47.956675, -18.134632], [-47.955972, -18.135863], [-47.954307, -18.138902], [-47.951589, -18.143768], [-47.950938, -18.144974], [-47.948612, -18.149109], [-47.948395, -18.149537], [-47.946526, -18.152868], [-47.946298, -18.153236], [-47.945952, -18.153728], [-47.945937, -18.153778], [-47.939465, -18.160825], [-47.939512, -18.160898], [-47.939621, -18.160978], [-47.939851, -18.161105], [-47.94016, -18.161243], [-47.940208, -18.161282], [-47.940237, -18.161331], [-47.940267, -18.161491], [-47.940347, -18.162376], [-47.94042, -18.16335], [-47.940408, -18.163436], [-47.940671, -18.163558], [-47.943341, -18.164061], [-47.943401, -18.164079], [-47.943448, -18.164113], [-47.943496, -18.164202], [-47.943633, -18.164805], [-47.944043, -18.166755], [-47.94413, -18.167312], [-47.944122, -18.168099], [-47.944083, -18.168484], [-47.944033, -18.168684], [-47.944036, -18.168739], [-47.943965, -18.169119], [-47.943319, -18.172007], [-47.941365, -18.181101], [-47.941167, -18.181631]]}, "properties": {"SNV": "352BGO0092", "fid": 287, "EXT_KM": 6.8, "GEOCOD": "352BGO0092", "TRECHO": "INÍCIO DUPLICAÇÃO (CATALÃO) - ENTR BR-050/352/GO-210/330 (CATALÃO)", "RODOVIA": "BR-352", "SITUACAO": "PLA"}}, {"type": "Feature", "geometry": {"crs": {"type": "name", "properties": {"name": "EPSG:4674"}}, "type": "LineString", "coordinates": [[-48.206252, -17.4669], [-48.205288, -17.467932], [-48.204675, -17.468544], [-48.200773, -17.472334], [-48.200334, -17.472814], [-48.200056, -17.47318], [-48.199724, -17.473718], [-48.199584, -17.473996], [-48.199334, -17.474628], [-48.197849, -17.479955], [-48.197648, -17.480553], [-48.197448, -17.481054], [-48.197195, -17.481616], [-48.195498, -17.485189], [-48.195079, -17.486045], [-48.1949, -17.486379], [-48.194653, -17.486799], [-48.194244, -17.4874], [-48.193684, -17.488104], [-48.19329, -17.48854], [-48.188433, -17.493331], [-48.188067, -17.493699], [-48.187706, -17.494105], [-48.187441, -17.494447], [-48.187275, -17.494697], [-48.187027, -17.495151], [-48.18684, -17.495579], [-48.186734, -17.495874], [-48.186631, -17.496247], [-48.186524, -17.496847], [-48.186479, -17.497418], [-48.186524, -17.498253], [-48.187127, -17.501269], [-48.18793, -17.505413], [-48.18798, -17.505825], [-48.188007, -17.506241], [-48.187976, -17.506925], [-48.187848, -17.507676], [-48.187646, -17.508376], [-48.186534, -17.511883], [-48.184875, -17.517214], [-48.184693, -17.517953], [-48.184654, -17.518252], [-48.184615, -17.518933], [-48.184631, -17.519343], [-48.184669, -17.519715], [-48.184779, -17.520319], [-48.186151, -17.525788], [-48.186406, -17.526881], [-48.186825, -17.528538], [-48.187044, -17.529506], [-48.187141, -17.530415], [-48.187152, -17.530781], [-48.187119, -17.531889], [-48.186666, -17.534872], [-48.184436, -17.550181], [-48.184292, -17.551565], [-48.184292, -17.551954], [-48.184311, -17.552312], [-48.18435, -17.552604], [-48.184475, -17.553148], [-48.184766, -17.553926], [-48.18498, -17.554381], [-48.187206, -17.557756], [-48.188087, -17.559057], [-48.18869, -17.559805], [-48.190449, -17.56178], [-48.191398, -17.562891], [-48.19161, -17.563215], [-48.191762, -17.56353], [-48.191838, -17.563764], [-48.191933, -17.564133], [-48.191956, -17.564612], [-48.191929, -17.565004], [-48.191812, -17.565436], [-48.191621, -17.565869], [-48.187875, -17.572164], [-48.187552, -17.572847], [-48.187265, -17.573668], [-48.18709, -17.574294], [-48.186973, -17.575071], [-48.185705, -17.589751], [-48.185608, -17.590478], [-48.185398, -17.591516], [-48.184745, -17.593849], [-48.183712, -17.597322], [-48.183368, -17.598581], [-48.183143, -17.599635], [-48.183011, -17.600666], [-48.18291, -17.601856], [-48.182468, -17.608895], [-48.181477, -17.623728], [-48.18134, -17.624684], [-48.181224, -17.625299], [-48.181064, -17.625887], [-48.180877, -17.626425], [-48.180536, -17.627236], [-48.180069, -17.628107], [-48.179011, -17.629713], [-48.17605, -17.634099], [-48.17577, -17.634589], [-48.175591, -17.635001], [-48.175384, -17.635555], [-48.175284, -17.636004], [-48.17521, -17.63658], [-48.175167, -17.637572], [-48.175105, -17.64237], [-48.175109, -17.643187], [-48.175183, -17.644023], [-48.175296, -17.644656], [-48.175474, -17.645319], [-48.175669, -17.645909], [-48.176194, -17.647238], [-48.179484, -17.655362], [-48.179626, -17.655758], [-48.179728, -17.656182], [-48.17977, -17.656516], [-48.179793, -17.656894], [-48.179784, -17.6571], [-48.179719, -17.657504], [-48.179622, -17.657866], [-48.179481, -17.658245], [-48.179353, -17.658511], [-48.179202, -17.65876], [-48.178871, -17.659196], [-48.178455, -17.659658], [-48.17795, -17.660187], [-48.17691, -17.661229], [-48.17528, -17.66273], [-48.173987, -17.663955], [-48.173354, -17.664581], [-48.172914, -17.665067], [-48.172427, -17.665654], [-48.172035, -17.666164], [-48.167515, -17.671775], [-48.167068, -17.672374], [-48.166569, -17.673139], [-48.166166, -17.673832], [-48.165538, -17.675135], [-48.164875, -17.676849], [-48.163739, -17.679914], [-48.16357, -17.680528], [-48.163436, -17.681268], [-48.163391, -17.681671], [-48.163395, -17.682814], [-48.1635, -17.683514], [-48.163655, -17.684217], [-48.163912, -17.684996], [-48.16481, -17.687426], [-48.165989, -17.690731], [-48.166126, -17.691277], [-48.166238, -17.691879], [-48.166285, -17.692357], [-48.166304, -17.692781], [-48.166269, -17.69385], [-48.166222, -17.694219], [-48.166082, -17.694838], [-48.16595, -17.695172], [-48.16572, -17.695612], [-48.165541, -17.695888], [-48.165184, -17.69635], [-48.164126, -17.697575], [-48.16301, -17.698916], [-48.162401, -17.699597], [-48.162311, -17.699622], [-48.158748, -17.703998], [-48.156833, -17.705511], [-48.155309, -17.705893], [-48.150581, -17.707023], [-48.145241, -17.712971], [-48.145109, -17.713372], [-48.145071, -17.713534], [-48.145026, -17.713811], [-48.145007, -17.714106], [-48.145015, -17.714348], [-48.145052, -17.714614], [-48.145168, -17.715048], [-48.145385, -17.715544], [-48.150103, -17.724569], [-48.150377, -17.72511], [-48.150564, -17.725536], [-48.150775, -17.726152], [-48.150901, -17.726658], [-48.151544, -17.729752], [-48.151728, -17.730579], [-48.151803, -17.73085]]}, "properties": {"SNV": "352BGO0080", "fid": 284, "EXT_KM": 32.6, "GEOCOD": "352BGO0080", "TRECHO": "URUTAÍ - ENTR BR-352/490/AV.MIGUEL ALVES DOS SANTOS (IPAMERI)", "RODOVIA": "BR-352", "SITUACAO": "PLA"}}, {"type": "Feature", "geometry": {"crs": {"type": "name", "properties": {"name": "EPSG:4674"}}, "type": "LineString", "coordinates": [[-51.083738, -19.296246], [-51.084424, -19.296429], [-51.085153, -19.296701], [-51.086226, -19.297253], [-51.086529, -19.297463], [-51.087299, -19.298075], [-51.087637, -19.298494], [-51.087799, -19.29874], [-51.088207, -19.299165], [-51.088508, -19.299621], [-51.088929, -19.300501], [-51.089219, -19.301196], [-51.089417, -19.301763], [-51.089476, -19.302015], [-51.089516, -19.302377], [-51.08951, -19.30262], [-51.089631, -19.304409], [-51.089673, -19.304516], [-51.089679, -19.304603], [-51.0896, -19.304964], [-51.089572, -19.305206], [-51.089628, -19.306567], [-51.089592, -19.308022]]}, "properties": {"SNV": "483BGO0092", "fid": 379, "EXT_KM": 1.5, "GEOCOD": "483BGO0092", "TRECHO": "ENTR GO-302 - FIM PONTE S/RIO APORÉ (DIV GO/MS)", "RODOVIA": "BR-483", "SITUACAO": "PLA"}}, {"type": "Feature", "geometry": {"crs": {"type": "name", "properties": {"name": "EPSG:4674"}}, "type": "LineString", "coordinates": [[-47.941167, -18.181631], [-47.94058, -18.181234], [-47.939793, -18.180752], [-47.932779, -18.176055], [-47.932085, -18.175575], [-47.931609, -18.17528], [-47.931123, -18.175021], [-47.927723, -18.173321], [-47.925325, -18.172147], [-47.91691, -18.16795], [-47.914804, -18.166919], [-47.913721, -18.166366], [-47.913587, -18.166273], [-47.913308, -18.166161], [-47.91146, -18.165241], [-47.910984, -18.164957], [-47.910874, -18.164881], [-47.910713, -18.16471], [-47.91057, -18.164637], [-47.910466, -18.164557], [-47.910032, -18.164135], [-47.909797, -18.163868], [-47.9096, -18.163609], [-47.90924, -18.163039], [-47.908945, -18.162407], [-47.908874, -18.16222], [-47.908847, -18.162037], [-47.908781, -18.161809], [-47.908711, -18.161636], [-47.908641, -18.161278], [-47.907368, -18.151358], [-47.905593, -18.137296], [-47.905531, -18.13674], [-47.905487, -18.135931], [-47.905332, -18.134573], [-47.905095, -18.133186], [-47.904752, -18.13051], [-47.904633, -18.129981], [-47.904443, -18.129414], [-47.904249, -18.128966], [-47.903994, -18.128505], [-47.90379, -18.128202], [-47.903442, -18.127753], [-47.898056, -18.121196], [-47.896294, -18.119079], [-47.889623, -18.110938]]}, "properties": {"SNV": "352BGO0095", "fid": 288, "EXT_KM": 10.4, "GEOCOD": "352BGO0095", "TRECHO": "ENTR BR-050/352/GO-210/330 (CATALÃO) - ENTR GO-504", "RODOVIA": "BR-352", "SITUACAO": "PAV"}}, {"type": "Feature", "geometry": {"crs": {"type": "name", "properties": {"name": "EPSG:4674"}}, "type": "LineString", "coordinates": [[-48.757382, -16.627155], [-48.757737, -16.626951], [-48.761211, -16.625389], [-48.764457, -16.623897], [-48.775755, -16.61877], [-48.782847, -16.615536], [-48.783816, -16.615075]]}, "properties": {"SNV": "457BGO0050", "fid": 351, "EXT_KM": 3.1, "GEOCOD": "457BGO0050", "TRECHO": "R. JOAQUIM BONIFÁCIO (LEOPOLDO DE BULHÕES) - ENTR GO-010 (P/ BONFINÓPOLIS)", "RODOVIA": "BR-457", "SITUACAO": "PLA"}}, {"type": "Feature", "geometry": {"crs": {"type": "name", "properties": {"name": "EPSG:4674"}}, "type": "LineString", "coordinates": [[-48.783816, -16.615075], [-48.783912, -16.614657], [-48.783987, -16.613045], [-48.78405, -16.612526], [-48.784944, -16.59706], [-48.785695, -16.583458], [-48.785772, -16.582831], [-48.785893, -16.582304], [-48.786064, -16.581786], [-48.786169, -16.581534], [-48.786368, -16.581125], [-48.786551, -16.580811], [-48.786753, -16.580506], [-48.791957, -16.572995], [-48.792406, -16.572417], [-48.792782, -16.572015], [-48.793328, -16.571519], [-48.811636, -16.556309], [-48.811907, -16.556059], [-48.812219, -16.555723], [-48.812447, -16.555436], [-48.812705, -16.55506], [-48.812929, -16.55466], [-48.813152, -16.554161], [-48.824425, -16.524858], [-48.824559, -16.524426], [-48.824647, -16.524074], [-48.824716, -16.523718], [-48.824776, -16.523272], [-48.82503, -16.51868], [-48.825064, -16.51831], [-48.825105, -16.518044], [-48.825258, -16.517427], [-48.825449, -16.516918], [-48.825739, -16.516352], [-48.825885, -16.516119], [-48.826098, -16.515823], [-48.826438, -16.515424], [-48.837802, -16.503377], [-48.838374, -16.502783], [-48.838717, -16.502474], [-48.838933, -16.5023], [-48.83931, -16.502033], [-48.839624, -16.501838], [-48.839951, -16.501661], [-48.848675, -16.497287], [-48.849163, -16.497021], [-48.849863, -16.496568], [-48.850517, -16.496055], [-48.860514, -16.487462], [-48.860717, -16.487274], [-48.861092, -16.486871], [-48.861477, -16.486356], [-48.861755, -16.485889], [-48.861914, -16.485561], [-48.862081, -16.485138], [-48.862187, -16.484791], [-48.862271, -16.48444], [-48.862341, -16.483993], [-48.86237, -16.483632], [-48.862371, -16.48318], [-48.862346, -16.482828], [-48.85966, -16.457476], [-48.859653, -16.456843], [-48.859682, -16.456482], [-48.859735, -16.456126], [-48.859812, -16.455774], [-48.859912, -16.455423], [-48.860035, -16.455081], [-48.860181, -16.454748], [-48.860394, -16.454348], [-48.860588, -16.454039], [-48.860803, -16.453743], [-48.861037, -16.453461], [-48.870088, -16.443217], [-48.870469, -16.442819], [-48.871073, -16.442251], [-48.886274, -16.42832], [-48.886673, -16.427935], [-48.886989, -16.4276], [-48.887289, -16.427255], [-48.887631, -16.426825], [-48.895927, -16.416003]]}, "properties": {"SNV": "457BGO0060", "fid": 352, "EXT_KM": 26.7, "GEOCOD": "457BGO0060", "TRECHO": "ENTR GO-010 (P/ BONFINÓPOLIS) - ENTR GO-437 (SETOR INDUSTRIAL MUNIR CALIXTO-ANÁPOLIS)", "RODOVIA": "BR-457", "SITUACAO": "PLA"}}, {"type": "Feature", "geometry": {"crs": {"type": "name", "properties": {"name": "EPSG:4674"}}, "type": "LineString", "coordinates": [[-47.889623, -18.110938], [-47.885977, -18.106489], [-47.885301, -18.105705], [-47.878808, -18.097766], [-47.876182, -18.094591], [-47.872758, -18.0904], [-47.872386, -18.089891], [-47.872076, -18.089356], [-47.871807, -18.088811], [-47.866469, -18.077278], [-47.865385, -18.074917], [-47.865147, -18.074346], [-47.865046, -18.074161], [-47.86477, -18.073409], [-47.864576, -18.072666], [-47.864485, -18.072125], [-47.864395, -18.071153]]}, "properties": {"SNV": "352BGO0100", "fid": 289, "EXT_KM": 5, "GEOCOD": "352BGO0100", "TRECHO": "ENTR GO-504 - ENTR BR-050/352/GO-210", "RODOVIA": "BR-352", "SITUACAO": "PAV"}}, {"type": "Feature", "geometry": {"crs": {"type": "name", "properties": {"name": "EPSG:4674"}}, "type": "LineString", "coordinates": [[-47.604501, -16.754242], [-47.59969, -16.763582], [-47.546876, -17.755903], [-47.351574, -17.784929]]}, "properties": {"SNV": "354BGO0010", "fid": 292, "EXT_KM": 62, "GEOCOD": "354BGO0010", "TRECHO": "ENTR BR-040/050/354/457 (CRISTALINA) - DIV GO/MG", "RODOVIA": "BR-354", "SITUACAO": "PLA"}}, {"type": "Feature", "geometry": {"crs": {"type": "name", "properties": {"name": "EPSG:4674"}}, "type": "LineString", "coordinates": [[-52.51931, -17.576573], [-52.519675, -17.576744], [-52.51982, -17.576916], [-52.520695, -17.577612], [-52.524272, -17.580304], [-52.524633, -17.580533], [-52.524948, -17.580679], [-52.525144, -17.580746], [-52.52564, -17.580829], [-52.525968, -17.580834], [-52.526187, -17.580811], [-52.5266, -17.58071], [-52.527275, -17.580474], [-52.530617, -17.579238], [-52.531414, -17.578964], [-52.532195, -17.578649], [-52.532745, -17.578453], [-52.533318, -17.57829], [-52.533961, -17.578188], [-52.534284, -17.578157], [-52.534812, -17.578147], [-52.535583, -17.578218], [-52.536121, -17.578216], [-52.536557, -17.578446], [-52.536641, -17.578477], [-52.540904, -17.579704], [-52.541048, -17.57972], [-52.541313, -17.579641], [-52.54142, -17.579638], [-52.541535, -17.579699], [-52.541718, -17.579856], [-52.541825, -17.579925], [-52.542822, -17.580301], [-52.543393, -17.580561], [-52.547366, -17.582519], [-52.549046, -17.58338], [-52.553865, -17.585752], [-52.554228, -17.585977], [-52.554536, -17.586191], [-52.559628, -17.589958], [-52.560053, -17.590217], [-52.560227, -17.590299], [-52.560531, -17.590413], [-52.560861, -17.590488], [-52.561355, -17.590534], [-52.561961, -17.590499], [-52.563749, -17.59026], [-52.564824, -17.590142], [-52.566604, -17.589865], [-52.569671, -17.589453], [-52.570751, -17.589312], [-52.571871, -17.589188], [-52.572638, -17.589175], [-52.573259, -17.589214], [-52.573712, -17.589276], [-52.57499, -17.589492], [-52.575519, -17.589629], [-52.575931, -17.589792], [-52.576146, -17.589909], [-52.576351, -17.590044], [-52.576524, -17.590182], [-52.576823, -17.590481], [-52.577456, -17.591335], [-52.579487, -17.594263], [-52.579755, -17.594598], [-52.579924, -17.594771], [-52.580207, -17.595005], [-52.580393, -17.59513], [-52.580585, -17.59523], [-52.580791, -17.59532], [-52.581249, -17.595455], [-52.581883, -17.595554], [-52.587542, -17.596143], [-52.588083, -17.596148], [-52.588501, -17.596103], [-52.588733, -17.596053], [-52.588967, -17.595979], [-52.589161, -17.595897], [-52.589412, -17.59577], [-52.589863, -17.595494], [-52.596088, -17.59123], [-52.596461, -17.590985], [-52.596656, -17.59088], [-52.596859, -17.590782], [-52.597072, -17.590706], [-52.597508, -17.590625], [-52.597971, -17.590609], [-52.599884, -17.590672], [-52.600315, -17.590726], [-52.600495, -17.590779], [-52.600655, -17.59086], [-52.60079, -17.590958], [-52.600917, -17.591076], [-52.601041, -17.591235], [-52.601437, -17.591851], [-52.606326, -17.599747], [-52.606668, -17.600163], [-52.606822, -17.600296], [-52.606979, -17.60041], [-52.607342, -17.600606], [-52.607528, -17.600679], [-52.607746, -17.600737], [-52.607996, -17.600777], [-52.608415, -17.600783], [-52.608631, -17.600763], [-52.610266, -17.600438], [-52.616092, -17.59923], [-52.616707, -17.599122], [-52.617784, -17.598816]]}, "properties": {"SNV": "359BGO0010", "fid": 293, "EXT_KM": 12.2, "GEOCOD": "359BGO0010", "TRECHO": "ENTR BR-359/364/GO-341 - ENTR GO-306", "RODOVIA": "BR-359", "SITUACAO": "PLA"}}, {"type": "Feature", "geometry": {"crs": {"type": "name", "properties": {"name": "EPSG:4674"}}, "type": "LineString", "coordinates": [[-52.617784, -17.598816], [-52.618032, -17.598741], [-52.618354, -17.59861], [-52.618781, -17.5984], [-52.619141, -17.598184], [-52.619527, -17.597904], [-52.619935, -17.59756], [-52.620202, -17.597298], [-52.620463, -17.596999], [-52.620838, -17.596497], [-52.62222, -17.594524], [-52.626574, -17.588268], [-52.627563, -17.586869], [-52.627844, -17.5865], [-52.628, -17.586332], [-52.628169, -17.586181], [-52.628353, -17.586049], [-52.628548, -17.585936], [-52.628754, -17.585845], [-52.628968, -17.585775], [-52.62919, -17.585728], [-52.629415, -17.585704], [-52.629639, -17.585704], [-52.630088, -17.585768], [-52.630538, -17.585889], [-52.634263, -17.587049], [-52.636492, -17.587723], [-52.646582, -17.590858], [-52.647601, -17.591198], [-52.648102, -17.591401], [-52.648836, -17.591752], [-52.650536, -17.592665], [-52.660472, -17.598131], [-52.662059, -17.599044], [-52.663195, -17.599657], [-52.664158, -17.600154], [-52.667342, -17.601893], [-52.667816, -17.602136], [-52.668064, -17.602246], [-52.668319, -17.602343], [-52.668843, -17.602503], [-52.669384, -17.602619], [-52.66966, -17.602662], [-52.670223, -17.602716], [-52.670508, -17.602725], [-52.671082, -17.602704], [-52.671368, -17.602672], [-52.671936, -17.602566], [-52.672215, -17.602496], [-52.672763, -17.602322], [-52.679594, -17.599897], [-52.680451, -17.599631], [-52.681013, -17.599509], [-52.681578, -17.599444], [-52.68186, -17.599432], [-52.682422, -17.599444], [-52.682986, -17.599505], [-52.68327, -17.599555], [-52.683837, -17.599698], [-52.684398, -17.599899], [-52.685225, -17.600299], [-52.691274, -17.603434], [-52.69845, -17.607116], [-52.703882, -17.60993], [-52.704658, -17.610339], [-52.705159, -17.610632], [-52.705399, -17.610793], [-52.705849, -17.611149], [-52.706259, -17.611541], [-52.70645, -17.611747], [-52.7115, -17.617607], [-52.712224, -17.618412], [-52.712624, -17.618777], [-52.71306, -17.619109], [-52.71353, -17.619407], [-52.713779, -17.619541], [-52.7143, -17.619784], [-52.726121, -17.624649], [-52.736963, -17.629138], [-52.739371, -17.630111], [-52.739905, -17.630293], [-52.740441, -17.630451], [-52.741553, -17.630722], [-52.743304, -17.631017], [-52.744183, -17.63113], [-52.745347, -17.631308], [-52.745916, -17.631407], [-52.746196, -17.631471], [-52.746743, -17.631633], [-52.747009, -17.631732], [-52.747269, -17.631842], [-52.747769, -17.632095], [-52.74824, -17.632391], [-52.748464, -17.632553], [-52.748892, -17.632901], [-52.761047, -17.643395], [-52.762149, -17.64432], [-52.762374, -17.644484], [-52.76285, -17.644783], [-52.763355, -17.645042], [-52.763621, -17.645152], [-52.76417, -17.645334], [-52.764739, -17.645468], [-52.765327, -17.645548], [-52.765625, -17.645566], [-52.766226, -17.64556], [-52.766825, -17.645495], [-52.768324, -17.645268], [-52.780296, -17.643595], [-52.78087, -17.643538], [-52.781451, -17.643528], [-52.782039, -17.643573], [-52.788713, -17.644677], [-52.789309, -17.644765], [-52.789897, -17.644813], [-52.790192, -17.644817], [-52.790784, -17.644785], [-52.791379, -17.644693], [-52.792856, -17.644361], [-52.793426, -17.644213], [-52.793701, -17.644126], [-52.794225, -17.64391], [-52.794473, -17.643775], [-52.79471, -17.643621], [-52.794935, -17.64345], [-52.795146, -17.643263], [-52.795342, -17.643061], [-52.795522, -17.642843], [-52.795686, -17.642612], [-52.796289, -17.641635], [-52.800467, -17.634551], [-52.801224, -17.633203], [-52.801362, -17.633014], [-52.801943, -17.63205], [-52.802842, -17.630505], [-52.803955, -17.628651], [-52.804213, -17.6283], [-52.804518, -17.627985], [-52.804879, -17.627714], [-52.805081, -17.627599], [-52.805297, -17.627502], [-52.80576, -17.627359], [-52.806256, -17.627275], [-52.809407, -17.626928], [-52.809925, -17.626858], [-52.810424, -17.626753], [-52.81091, -17.626612], [-52.811397, -17.626427], [-52.811637, -17.626316], [-52.812341, -17.625939], [-52.814626, -17.624465], [-52.815506, -17.623921], [-52.815717, -17.623807], [-52.816153, -17.623631], [-52.816378, -17.623568], [-52.816833, -17.623501], [-52.817057, -17.623492], [-52.817478, -17.623522], [-52.817663, -17.623555], [-52.818434, -17.623747], [-52.818736, -17.623855], [-52.819398, -17.624055], [-52.823422, -17.625243], [-52.82392, -17.625386], [-52.824701, -17.625561], [-52.825254, -17.625633], [-52.825538, -17.625645], [-52.82612, -17.625638], [-52.826413, -17.625612], [-52.826705, -17.625567], [-52.827289, -17.625442], [-52.827869, -17.625283], [-52.828152, -17.625182], [-52.831639, -17.624086], [-52.833121, -17.623639], [-52.834874, -17.623077], [-52.842728, -17.620628], [-52.851212, -17.617922], [-52.855422, -17.616562], [-52.855934, -17.61636], [-52.85618, -17.616243], [-52.85665, -17.615977], [-52.856875, -17.615828], [-52.857308, -17.615507], [-52.858387, -17.614643], [-52.860337, -17.613044], [-52.860976, -17.612673], [-52.861418, -17.612449], [-52.861967, -17.61224], [-52.862619, -17.612041], [-52.865946, -17.611093], [-52.866608, -17.610918], [-52.867076, -17.610838], [-52.86732, -17.61082], [-52.867821, -17.610833], [-52.868074, -17.610868], [-52.868577, -17.610999], [-52.868823, -17.611093], [-52.869304, -17.611327], [-52.875509, -17.614956], [-52.882723, -17.619018], [-52.883386, -17.619425], [-52.8838, -17.619727], [-52.883998, -17.619894], [-52.88419, -17.62007], [-52.884553, -17.620455], [-52.884893, -17.620879], [-52.885922, -17.622245], [-52.886294, -17.62268], [-52.886714, -17.623082], [-52.886942, -17.623272], [-52.887432, -17.623619], [-52.887694, -17.623774], [-52.88825, -17.624047], [-52.889717, -17.624659], [-52.89749, -17.627852], [-52.907586, -17.631964], [-52.908055, -17.632188], [-52.908279, -17.632316], [-52.908711, -17.632601], [-52.908919, -17.63276], [-52.909308, -17.633103], [-52.909823, -17.633657], [-52.912202, -17.636436], [-52.912593, -17.636922], [-52.914124, -17.63873], [-52.914461, -17.639166], [-52.914667, -17.63948], [-52.914853, -17.639813], [-52.915019, -17.640163], [-52.915217, -17.640694], [-52.915312, -17.641059], [-52.915384, -17.64143], [-52.916518, -17.65055], [-52.916631, -17.65098], [-52.916715, -17.651189], [-52.91682, -17.651391], [-52.916948, -17.651583], [-52.917097, -17.651763], [-52.917268, -17.651929], [-52.917459, -17.652078], [-52.917667, -17.652209], [-52.918124, -17.652438], [-52.91936, -17.652953], [-52.927055, -17.656065], [-52.933911, -17.658868], [-52.940915, -17.661703], [-52.941403, -17.661933], [-52.941632, -17.662067], [-52.941846, -17.662216], [-52.942046, -17.662386], [-52.942228, -17.662574], [-52.942391, -17.662777], [-52.942535, -17.662995], [-52.942659, -17.663224], [-52.942762, -17.663464], [-52.942843, -17.663712], [-52.942902, -17.663966], [-52.942941, -17.664224], [-52.943006, -17.665013], [-52.943348, -17.670081], [-52.943759, -17.676362], [-52.943883, -17.678008], [-52.943934, -17.67854], [-52.943977, -17.678802], [-52.944035, -17.67906], [-52.944184, -17.679568], [-52.944376, -17.680064], [-52.944491, -17.680306], [-52.94476, -17.680775], [-52.945079, -17.681223], [-52.950612, -17.6878], [-52.950908, -17.688232], [-52.951165, -17.688685], [-52.951279, -17.68892], [-52.951479, -17.689405], [-52.951636, -17.689912], [-52.951746, -17.690437], [-52.95181, -17.690978], [-52.952733, -17.703192], [-52.953152, -17.708471], [-52.953184, -17.709021], [-52.95317, -17.709567], [-52.95314, -17.709838], [-52.953047, -17.710372], [-52.952985, -17.710636], [-52.952821, -17.711154], [-52.952606, -17.711658], [-52.952483, -17.711905], [-52.94899, -17.718157], [-52.948158, -17.719623], [-52.947708, -17.720331], [-52.947365, -17.720781], [-52.946987, -17.721212], [-52.946785, -17.721418], [-52.946358, -17.721811], [-52.938539, -17.72848], [-52.937911, -17.729046], [-52.937538, -17.729456], [-52.937372, -17.729675], [-52.937091, -17.73014], [-52.936878, -17.730629], [-52.936738, -17.731134], [-52.936695, -17.73139], [-52.936672, -17.731648], [-52.936677, -17.732166], [-52.936932, -17.735315], [-52.936963, -17.735847], [-52.937344, -17.74474], [-52.937909, -17.757119], [-52.938018, -17.759812], [-52.93808, -17.760884], [-52.939307, -17.772695], [-52.939685, -17.776478], [-52.94167, -17.79543], [-52.943097, -17.809599], [-52.943222, -17.810757], [-52.943313, -17.811315], [-52.943381, -17.811588], [-52.943554, -17.812124], [-52.943771, -17.812647], [-52.943897, -17.812903], [-52.944036, -17.813154], [-52.944348, -17.813636], [-52.94452, -17.813867], [-52.944896, -17.814308], [-52.958298, -17.82869], [-52.96105, -17.831661], [-52.962153, -17.832888], [-52.96425, -17.835106], [-52.972141, -17.843586], [-52.972874, -17.844351], [-52.973651, -17.845091], [-52.974472, -17.845807], [-52.98008, -17.850376], [-52.98134, -17.851445], [-52.981992, -17.851951], [-52.983702, -17.85334], [-52.988408, -17.857191], [-52.988819, -17.85755], [-52.989013, -17.857742], [-52.989378, -17.858148], [-52.989546, -17.858364], [-52.989855, -17.858814], [-52.989994, -17.859049], [-52.990242, -17.859535], [-52.990579, -17.860286], [-52.9918, -17.863079], [-52.992376, -17.864338], [-53.00226, -17.886678], [-53.004272, -17.89128], [-53.00967, -17.903506], [-53.009957, -17.90419], [-53.010041, -17.904421], [-53.010174, -17.90489], [-53.010267, -17.905365], [-53.010298, -17.905603], [-53.010316, -17.905839], [-53.010319, -17.906308], [-53.010253, -17.907001], [-53.008478, -17.916793], [-53.006929, -17.925127], [-53.006724, -17.926105], [-53.006513, -17.927369], [-53.005041, -17.935311], [-53.004869, -17.936312], [-53.004736, -17.937454], [-53.004693, -17.938315], [-53.004545, -17.94478], [-53.004446, -17.948086], [-53.004393, -17.951198], [-53.004215, -17.958043], [-53.003896, -17.972253], [-53.003682, -17.980753], [-53.003633, -17.983046], [-53.003654, -17.983601], [-53.003721, -17.984144], [-53.003829, -17.984684], [-53.004833, -17.988957], [-53.005062, -17.989713], [-53.005258, -17.990209], [-53.010675, -18.001898], [-53.018924, -18.019794], [-53.019593, -18.021269], [-53.019795, -18.021762], [-53.020769, -18.023814], [-53.021755, -18.025954], [-53.021987, -18.026384], [-53.022246, -18.026803], [-53.022543, -18.027207], [-53.022706, -18.027401], [-53.02288, -18.027588], [-53.023257, -18.027942], [-53.023881, -18.028421], [-53.026123, -18.029913], [-53.027282, -18.030654], [-53.035456, -18.036004], [-53.041397, -18.039915], [-53.048376, -18.044524], [-53.04849, -18.044621], [-53.055277, -18.049146], [-53.058246, -18.051095], [-53.061961, -18.053562], [-53.06345, -18.05452], [-53.065614, -18.055968], [-53.070223, -18.058994], [-53.072053, -18.060227], [-53.075588, -18.062525], [-53.080222, -18.065593], [-53.082148, -18.066823], [-53.097501, -18.076919], [-53.098758, -18.077719], [-53.099059, -18.077918], [-53.099231, -18.078059], [-53.099645, -18.078344], [-53.108121, -18.083902], [-53.109, -18.084424], [-53.115097, -18.087647], [-53.117421, -18.088916], [-53.117612, -18.089006], [-53.11781, -18.089075], [-53.118218, -18.089177], [-53.118423, -18.089203], [-53.118627, -18.089204], [-53.11883, -18.08918], [-53.11903, -18.089136], [-53.119226, -18.089071], [-53.119415, -18.088985], [-53.119594, -18.088879], [-53.119763, -18.088755], [-53.121105, -18.087648], [-53.12324, -18.085841], [-53.123983, -18.085196], [-53.124746, -18.084506], [-53.126132, -18.083361], [-53.127283, -18.082364], [-53.128635, -18.081231], [-53.129556, -18.080422], [-53.130117, -18.079986], [-53.130524, -18.079622], [-53.130803, -18.079398], [-53.131745, -18.078584], [-53.133752, -18.076887], [-53.134175, -18.076552], [-53.136209, -18.07478], [-53.136844, -18.074267], [-53.137285, -18.073876], [-53.137423, -18.073774], [-53.139041, -18.072413], [-53.139611, -18.071916], [-53.139694, -18.071825]]}, "properties": {"SNV": "359BGO0015", "fid": 294, "EXT_KM": 100.6, "GEOCOD": "359BGO0015", "TRECHO": "ENTR GO-306 - DIV GO/MS", "RODOVIA": "BR-359", "SITUACAO": "PLA"}}, {"type": "Feature", "geometry": {"crs": {"type": "name", "properties": {"name": "EPSG:4674"}}, "type": "LineString", "coordinates": [[-49.021033, -13.714379], [-49.018934, -13.713965], [-49.017288, -13.713659], [-49.017071, -13.713607], [-49.016977, -13.713541], [-49.016941, -13.713464], [-49.016952, -13.713323], [-49.016737, -13.71302], [-49.010142, -13.702682], [-49.009985, -13.70238], [-49.009842, -13.702061], [-49.009716, -13.701746], [-49.009566, -13.701197], [-49.009475, -13.700679], [-49.009425, -13.700077], [-49.009441, -13.699595], [-49.009492, -13.699116], [-49.009935, -13.697201], [-49.009954, -13.696719], [-49.009915, -13.696374], [-49.00983, -13.696027], [-49.009756, -13.695818], [-49.009618, -13.695537], [-49.009481, -13.695305], [-49.009311, -13.695066], [-49.008729, -13.694359], [-49.007804, -13.693278], [-49.007426, -13.692884], [-49.00714, -13.692614], [-49.006541, -13.692165], [-49.006033, -13.691856], [-49.004598, -13.691105], [-49.004116, -13.690821], [-49.003754, -13.690569], [-49.00341, -13.690272], [-49.003062, -13.689939], [-49.002672, -13.689474], [-49.002492, -13.689215], [-49.002196, -13.688701], [-49.000292, -13.685011], [-48.997234, -13.679143], [-48.994589, -13.674014], [-48.99191, -13.668884], [-48.991682, -13.668543], [-48.991301, -13.668139], [-48.991061, -13.667946], [-48.990817, -13.667791], [-48.990534, -13.667653], [-48.990282, -13.667558], [-48.990001, -13.667482], [-48.989713, -13.667435], [-48.989384, -13.667416], [-48.988899, -13.667439], [-48.988326, -13.667506], [-48.97618, -13.669223], [-48.975085, -13.669374], [-48.974596, -13.66942], [-48.973938, -13.669451], [-48.972854, -13.669412], [-48.969953, -13.66913], [-48.969597, -13.669065], [-48.969235, -13.668983], [-48.968709, -13.668815], [-48.968227, -13.668617], [-48.967742, -13.66836], [-48.967298, -13.668073], [-48.964733, -13.66601], [-48.96461, -13.665866], [-48.9644, -13.665745], [-48.962849, -13.664527], [-48.962235, -13.664124], [-48.961778, -13.663891], [-48.95741, -13.662057], [-48.956208, -13.661609], [-48.955384, -13.661336], [-48.95122, -13.660072], [-48.950548, -13.659932], [-48.950195, -13.65989], [-48.949667, -13.659871], [-48.949138, -13.659895], [-48.948913, -13.659921], [-48.948282, -13.66004], [-48.947768, -13.660195], [-48.943823, -13.661632], [-48.942984, -13.661903], [-48.942191, -13.662133], [-48.940905, -13.662444], [-48.940124, -13.662604], [-48.938516, -13.662861], [-48.935763, -13.663137], [-48.932858, -13.663476], [-48.924131, -13.664625], [-48.921998, -13.664887], [-48.920953, -13.664921], [-48.920522, -13.664888], [-48.919855, -13.664804], [-48.919185, -13.664674], [-48.917118, -13.664109], [-48.916833, -13.664043], [-48.916546, -13.663996], [-48.916257, -13.663974], [-48.916026, -13.663976], [-48.915683, -13.664019], [-48.915394, -13.664084], [-48.915124, -13.664175], [-48.914852, -13.664292], [-48.914537, -13.66446], [-48.910961, -13.666629], [-48.91046, -13.66691], [-48.90979, -13.66721], [-48.909454, -13.667341], [-48.908856, -13.66752], [-48.90547, -13.668309], [-48.904983, -13.668407], [-48.904703, -13.668438], [-48.904256, -13.668444], [-48.903862, -13.668388], [-48.903584, -13.668315], [-48.903318, -13.668218], [-48.903047, -13.668091], [-48.902565, -13.667754], [-48.902235, -13.66746], [-48.900363, -13.665518], [-48.898797, -13.663859], [-48.893809, -13.658673], [-48.893517, -13.658388], [-48.893209, -13.658116], [-48.892823, -13.657843], [-48.892348, -13.657557], [-48.891938, -13.657353], [-48.889323, -13.656272], [-48.888363, -13.655897], [-48.887984, -13.655784], [-48.887364, -13.655704], [-48.885979, -13.655722], [-48.884621, -13.655868], [-48.884204, -13.655826], [-48.87828, -13.653156], [-48.878035, -13.653146]]}, "properties": {"SNV": "414BGO0030", "fid": 316, "EXT_KM": 19.7, "GEOCOD": "414BGO0030", "TRECHO": "ENTR BR-153/414/GO-241 (STA TEREZA DE GOIÁS) - INÍCIO DUPLICAÇÃO (FORMOSO)", "RODOVIA": "BR-414", "SITUACAO": "PLA"}}, {"type": "Feature", "geometry": {"crs": {"type": "name", "properties": {"name": "EPSG:4674"}}, "type": "LineString", "coordinates": [[-48.878035, -13.653146], [-48.876278, -13.653073], [-48.869228, -13.654366]]}, "properties": {"SNV": "414BGO0035", "fid": 317, "EXT_KM": 1, "GEOCOD": "414BGO0035", "TRECHO": "INÍCIO DUPLICAÇÃO (FORMOSO) - FIM DUPLICAÇÃO (FORMOSO)", "RODOVIA": "BR-414", "SITUACAO": "PLA"}}, {"type": "Feature", "geometry": {"crs": {"type": "name", "properties": {"name": "EPSG:4674"}}, "type": "LineString", "coordinates": [[-50.500565, -19.04423], [-50.502663, -19.043622], [-50.503659, -19.04335], [-50.503834, -19.043327], [-50.504606, -19.043083], [-50.506317, -19.042594], [-50.507033, -19.042364], [-50.507458, -19.042194], [-50.508016, -19.041915], [-50.508553, -19.041596], [-50.509065, -19.041245], [-50.509654, -19.040744], [-50.511537, -19.039023], [-50.511934, -19.038568], [-50.512257, -19.038166], [-50.51336, -19.036595], [-50.513952, -19.035849], [-50.514768, -19.034978], [-50.515296, -19.034489], [-50.515728, -19.034122], [-50.516726, -19.033357], [-50.516955, -19.033217], [-50.517098, -19.033078], [-50.519466, -19.031269], [-50.555192, -19.004151]]}, "properties": {"SNV": "364BGO0390", "fid": 295, "EXT_KM": 8, "GEOCOD": "364BGO0390", "TRECHO": "ENTR BR-364/365 (INÍCIO PONTE S/RIO PARANAÍBA) (DIV MG/GO) - SÃO SIMÃO", "RODOVIA": "BR-364", "SITUACAO": "PAV"}}, {"type": "Feature", "geometry": {"crs": {"type": "name", "properties": {"name": "EPSG:4674"}}, "type": "LineString", "coordinates": [[-50.555192, -19.004151], [-50.574759, -18.989283], [-50.576003, -18.988362], [-50.576682, -18.987899], [-50.577216, -18.987567], [-50.578312, -18.986939], [-50.588412, -18.981309], [-50.592591, -18.978956], [-50.594822, -18.977728], [-50.595053, -18.977622], [-50.595204, -18.977576], [-50.595633, -18.977278], [-50.595986, -18.977107], [-50.597425, -18.976256], [-50.603874, -18.972657], [-50.604679, -18.972188], [-50.605276, -18.971817], [-50.606057, -18.971306], [-50.606628, -18.970906], [-50.607375, -18.970349], [-50.608103, -18.969768], [-50.608637, -18.969315], [-50.609507, -18.968524], [-50.622719, -18.955792]]}, "properties": {"SNV": "364BGO0392", "fid": 296, "EXT_KM": 8, "GEOCOD": "364BGO0392", "TRECHO": "SÃO SIMÃO - ENTR BR-364/483/GO-164 (P/ITAGUAÇU)", "RODOVIA": "BR-364", "SITUACAO": "PAV"}}, {"type": "Feature", "geometry": {"crs": {"type": "name", "properties": {"name": "EPSG:4674"}}, "type": "LineString", "coordinates": [[-50.622719, -18.955792], [-50.645394, -18.933934], [-50.646092, -18.933212], [-50.646668, -18.932699], [-50.659504, -18.92032], [-50.660489, -18.919422]]}, "properties": {"SNV": "364BGO0395", "fid": 297, "EXT_KM": 6, "GEOCOD": "364BGO0395", "TRECHO": "ENTR BR-364/483/GO-164 (P/ITAGUAÇU) - ENTR BR-364/483 (PARANAIGUARA)", "RODOVIA": "BR-364", "SITUACAO": "PAV"}}, {"type": "Feature", "geometry": {"crs": {"type": "name", "properties": {"name": "EPSG:4674"}}, "type": "LineString", "coordinates": [[-50.660489, -18.919422], [-50.661074, -18.918865], [-50.661405, -18.918583], [-50.66196, -18.918183], [-50.662593, -18.917779], [-50.66327, -18.91741], [-50.663796, -18.917162], [-50.664329, -18.916941], [-50.665043, -18.916694], [-50.666131, -18.916407], [-50.676537, -18.91404], [-50.683591, -18.912414], [-50.684381, -18.912209], [-50.68497, -18.912034], [-50.685755, -18.911779], [-50.686534, -18.91149], [-50.708866, -18.902187], [-50.713101, -18.900407], [-50.736484, -18.890654], [-50.737438, -18.890241], [-50.761434, -18.880225], [-50.763536, -18.879341], [-50.765135, -18.878641], [-50.768043, -18.877466], [-50.76894, -18.877121], [-50.770048, -18.876738], [-50.777489, -18.87432], [-50.779367, -18.873675], [-50.783734, -18.872262], [-50.784796, -18.871944], [-50.785749, -18.871623], [-50.786711, -18.871322], [-50.796797, -18.86804], [-50.797854, -18.867709], [-50.798821, -18.867393], [-50.799365, -18.867194], [-50.803244, -18.865956], [-50.80516, -18.865321], [-50.846925, -18.851748], [-50.847601, -18.851508], [-50.848039, -18.851326], [-50.848464, -18.851123], [-50.84887, -18.850899], [-50.849449, -18.850524], [-50.849817, -18.85025], [-50.85017, -18.84995], [-50.850689, -18.849463], [-50.862603, -18.838018], [-50.86275, -18.837849], [-50.863128, -18.83751], [-50.863836, -18.836836], [-50.87344, -18.827617], [-50.874391, -18.826699], [-50.874865, -18.826202], [-50.875203, -18.825875], [-50.876897, -18.82429], [-50.908959, -18.793496], [-50.922151, -18.780808], [-50.922625, -18.780316], [-50.923043, -18.779782], [-50.923318, -18.779355], [-50.923636, -18.778749], [-50.923835, -18.778258], [-50.92629, -18.770521], [-50.927229, -18.767491], [-50.92775, -18.765867], [-50.927984, -18.765233], [-50.928451, -18.764123], [-50.928675, -18.763658], [-50.929769, -18.7616], [-50.931154, -18.759034], [-50.931218, -18.758925], [-50.931309, -18.75883], [-50.931348, -18.758759], [-50.931627, -18.7582], [-50.932733, -18.756435], [-50.932875, -18.756231], [-50.933367, -18.755612], [-50.933967, -18.754734], [-50.934529, -18.753861]]}, "properties": {"SNV": "364BGO0410", "fid": 298, "EXT_KM": 35.6, "GEOCOD": "364BGO0410", "TRECHO": "ENTR BR-364/483 (PARANAIGUARA) - ENTR GO-174 (CACHOEIRA ALTA)", "RODOVIA": "BR-364", "SITUACAO": "PAV"}}, {"type": "Feature", "geometry": {"crs": {"type": "name", "properties": {"name": "EPSG:4674"}}, "type": "LineString", "coordinates": [[-48.869228, -13.654366], [-48.867459, -13.654411], [-48.865993, -13.654007], [-48.863868, -13.652843], [-48.859923, -13.650567], [-48.858254, -13.649809], [-48.851073, -13.648342], [-48.84996, -13.648241], [-48.847506, -13.648138]]}, "properties": {"SNV": "414BGO0040", "fid": 318, "EXT_KM": 2.5, "GEOCOD": "414BGO0040", "TRECHO": "FIM DUPLICAÇÃO (FORMOSO) - ENTR GO-142 (P/TROMBAS)", "RODOVIA": "BR-414", "SITUACAO": "PLA"}}, {"type": "Feature", "geometry": {"crs": {"type": "name", "properties": {"name": "EPSG:4674"}}, "type": "LineString", "coordinates": [[-47.580123, -16.785256], [-47.580234, -16.785286], [-47.613952, -16.809065], [-47.61442, -16.809366], [-47.614994, -16.809673], [-47.615419, -16.80986], [-47.615768, -16.809993], [-47.616484, -16.810207], [-47.617218, -16.81035], [-47.617497, -16.810387], [-47.618057, -16.810427], [-47.647655, -16.811265], [-47.64831, -16.811248], [-47.648683, -16.811214], [-47.649239, -16.811128], [-47.649695, -16.811027], [-47.650144, -16.810899], [-47.650584, -16.810744], [-47.650928, -16.8106], [-47.651429, -16.810356], [-47.65191, -16.810075], [-47.652293, -16.809815], [-47.652658, -16.809532], [-47.653138, -16.809102], [-47.65701, -16.805043]]}, "properties": {"SNV": "457NGO1020", "fid": 359, "EXT_KM": 9.4, "GEOCOD": "457NGO1020", "TRECHO": "ENTR BR-040/457 (ACESSO SUDESTE CRISTALINA) - ENTR BR-050/457 (ACESSO SUDOESTE CRISTALINA)", "RODOVIA": "BR-457", "SITUACAO": "PLA"}}, {"type": "Feature", "geometry": {"crs": {"type": "name", "properties": {"name": "EPSG:4674"}}, "type": "LineString", "coordinates": [[-48.228238, -17.725756], [-48.266568, -17.722589], [-48.271569, -17.720986], [-48.278051, -17.71962], [-48.294676, -17.716438], [-48.297688, -17.716344], [-48.298767, -17.71654], [-48.303754, -17.718365], [-48.307006, -17.71966], [-48.308586, -17.72057], [-48.327463, -17.734163], [-48.332763, -17.737933], [-48.334214, -17.738677], [-48.34904, -17.744489], [-48.355382, -17.748522], [-48.374551, -17.760776], [-48.376335, -17.762088], [-48.377661, -17.763639], [-48.386182, -17.774745], [-48.387682, -17.776517], [-48.388706, -17.777263], [-48.397541, -17.781162], [-48.399328, -17.781724], [-48.417949, -17.786], [-48.422927, -17.787088], [-48.424014, -17.786888], [-48.42667, -17.784785], [-48.431071, -17.781151], [-48.435987, -17.778264], [-48.444428, -17.771003], [-48.445304, -17.769897], [-48.451142, -17.758824], [-48.451591, -17.75816], [-48.452201, -17.757658], [-48.453104, -17.757306], [-48.454993, -17.75695], [-48.455815, -17.756478], [-48.456509, -17.755812], [-48.457282, -17.755016], [-48.457883, -17.754144], [-48.458906, -17.750658], [-48.459229, -17.750148], [-48.459809, -17.749646], [-48.460579, -17.749071], [-48.461013, -17.748583], [-48.461427, -17.74764], [-48.462494, -17.744207], [-48.462888, -17.743757], [-48.47228, -17.738746], [-48.473353, -17.738111], [-48.473925, -17.737694], [-48.485654, -17.728592], [-48.486245, -17.727984], [-48.486583, -17.726783], [-48.48741, -17.722542], [-48.487745, -17.721068], [-48.488015, -17.720719], [-48.488708, -17.720458], [-48.4897, -17.72024], [-48.49025, -17.720035], [-48.491099, -17.719388], [-48.494267, -17.716367], [-48.494847, -17.715724], [-48.495919, -17.71401], [-48.496248, -17.713449]]}, "properties": {"SNV": "490BGO0032", "fid": 383, "EXT_KM": 35, "GEOCOD": "490BGO0032", "TRECHO": "ENTR GO-307 - RIO CORUMBÁ", "RODOVIA": "BR-490", "SITUACAO": "PLA"}}, {"type": "Feature", "geometry": {"crs": {"type": "name", "properties": {"name": "EPSG:4674"}}, "type": "LineString", "coordinates": [[-50.934529, -18.753861], [-50.935377, -18.752457], [-50.935912, -18.751452], [-50.936796, -18.750045], [-50.943662, -18.739235], [-50.945485, -18.736432], [-50.945811, -18.735874], [-50.94771, -18.732871], [-50.958501, -18.715889], [-50.961613, -18.711023]]}, "properties": {"SNV": "364BGO0430", "fid": 299, "EXT_KM": 5, "GEOCOD": "364BGO0430", "TRECHO": "ENTR GO-174 (CACHOEIRA ALTA) - ENTR GO-174", "RODOVIA": "BR-364", "SITUACAO": "PAV"}}, {"type": "Feature", "geometry": {"crs": {"type": "name", "properties": {"name": "EPSG:4674"}}, "type": "LineString", "coordinates": [[-50.961613, -18.711023], [-50.967228, -18.702166], [-50.971617, -18.695277], [-50.972429, -18.693941], [-50.972845, -18.693296], [-50.973233, -18.69273], [-50.975266, -18.68954], [-50.976303, -18.687852], [-50.977826, -18.685508], [-50.978538, -18.684464], [-50.995428, -18.660637], [-50.99639, -18.659291], [-50.996933, -18.658564], [-50.997498, -18.657845], [-50.998097, -18.657131], [-50.999209, -18.655903], [-51.005531, -18.649111], [-51.006163, -18.648383], [-51.006974, -18.647515], [-51.007616, -18.646861], [-51.012752, -18.641341], [-51.014709, -18.63919], [-51.016202, -18.637588], [-51.017109, -18.63667], [-51.017495, -18.636203], [-51.018015, -18.63564], [-51.020209, -18.633326], [-51.022406, -18.630959], [-51.022694, -18.63062], [-51.023212, -18.630095], [-51.025756, -18.627366], [-51.025903, -18.627253], [-51.026139, -18.62696], [-51.026535, -18.626516], [-51.036358, -18.61594], [-51.037384, -18.614802], [-51.037922, -18.61414], [-51.038309, -18.61363], [-51.039027, -18.612595], [-51.040404, -18.610479], [-51.04164, -18.608501], [-51.042636, -18.606968], [-51.043174, -18.606186], [-51.043938, -18.605022], [-51.045669, -18.602337], [-51.046023, -18.601779], [-51.046351, -18.601199], [-51.046541, -18.600793], [-51.046708, -18.600374], [-51.046851, -18.599942], [-51.04697, -18.5995], [-51.047096, -18.598817], [-51.047144, -18.59835], [-51.047166, -18.597877], [-51.047247, -18.581195], [-51.047352, -18.563908], [-51.047377, -18.563236], [-51.047423, -18.562795], [-51.047524, -18.562144], [-51.047666, -18.561506], [-51.047917, -18.560663], [-51.048686, -18.558643], [-51.050249, -18.554657], [-51.050791, -18.553221], [-51.051437, -18.551614], [-51.052585, -18.548656], [-51.052905, -18.547786], [-51.055117, -18.542159], [-51.055885, -18.54015], [-51.056957, -18.537443], [-51.058227, -18.534138], [-51.05999, -18.529607], [-51.060553, -18.528203], [-51.060839, -18.527434], [-51.062327, -18.523645], [-51.063188, -18.521396], [-51.068243, -18.50842], [-51.068561, -18.507617], [-51.06887, -18.506892], [-51.06909, -18.506462], [-51.06976, -18.505267], [-51.069977, -18.504825], [-51.070158, -18.50441]]}, "properties": {"SNV": "364BGO0440", "fid": 300, "EXT_KM": 27, "GEOCOD": "364BGO0440", "TRECHO": "ENTR GO-174 - ENTR GO-206 (P/CAÇU)", "RODOVIA": "BR-364", "SITUACAO": "PAV"}}, {"type": "Feature", "geometry": {"crs": {"type": "name", "properties": {"name": "EPSG:4674"}}, "type": "LineString", "coordinates": [[-51.070158, -18.50441], [-51.070355, -18.503636], [-51.070654, -18.502323], [-51.070738, -18.502036], [-51.070845, -18.501743], [-51.080236, -18.477587], [-51.092457, -18.44624], [-51.092711, -18.445537], [-51.09299, -18.444577], [-51.093222, -18.443599], [-51.093376, -18.44261], [-51.093468, -18.441629], [-51.09349, -18.440662], [-51.09342, -18.438773], [-51.093019, -18.430123], [-51.092902, -18.4284], [-51.092887, -18.427403], [-51.092855, -18.42656], [-51.092647, -18.422073], [-51.092662, -18.421408], [-51.092711, -18.420967], [-51.092947, -18.419879], [-51.093159, -18.41924], [-51.093335, -18.418824], [-51.093535, -18.418417], [-51.093886, -18.417831], [-51.09415, -18.417454], [-51.095774, -18.415388], [-51.111326, -18.395881], [-51.111609, -18.395506], [-51.112001, -18.394924], [-51.112348, -18.39432], [-51.112658, -18.393688], [-51.112926, -18.393032], [-51.113078, -18.392586], [-51.11321, -18.392133], [-51.113368, -18.391451], [-51.116076, -18.376872], [-51.116525, -18.374364], [-51.118686, -18.362705], [-51.119324, -18.35918], [-51.119435, -18.358735], [-51.119484, -18.358308], [-51.119617, -18.357676], [-51.119768, -18.357059], [-51.119946, -18.356457], [-51.120228, -18.35564], [-51.120556, -18.354829], [-51.121019, -18.353841], [-51.12143, -18.353049], [-51.124654, -18.346528], [-51.125064, -18.34563], [-51.125386, -18.344973], [-51.12585, -18.344104], [-51.12623, -18.343349], [-51.126639, -18.342452], [-51.126896, -18.341991], [-51.127134, -18.341519], [-51.144737, -18.305974]]}, "properties": {"SNV": "364BGO0450", "fid": 301, "EXT_KM": 23.6, "GEOCOD": "364BGO0450", "TRECHO": "ENTR GO-206 (P/CAÇU) - ENTR GO-174 (APARECIDA DO RIO DOCE)", "RODOVIA": "BR-364", "SITUACAO": "PAV"}}, {"type": "Feature", "geometry": {"crs": {"type": "name", "properties": {"name": "EPSG:4674"}}, "type": "LineString", "coordinates": [[-51.144737, -18.305974], [-51.146336, -18.302749], [-51.146703, -18.302023], [-51.146841, -18.301786], [-51.146983, -18.301451], [-51.147198, -18.301007], [-51.14729, -18.300836], [-51.147368, -18.300743], [-51.147651, -18.300098], [-51.149621, -18.296104], [-51.149925, -18.295553], [-51.150266, -18.295086], [-51.150652, -18.29465], [-51.150911, -18.294404], [-51.151545, -18.293911], [-51.151829, -18.293729], [-51.152406, -18.293428], [-51.153038, -18.29318], [-51.153683, -18.293006], [-51.154837, -18.292792], [-51.155471, -18.292627], [-51.158663, -18.291927], [-51.16146, -18.291333], [-51.166995, -18.290122], [-51.16872, -18.289769], [-51.186454, -18.285928], [-51.187347, -18.28569], [-51.187783, -18.285548], [-51.188211, -18.285387], [-51.188629, -18.285208], [-51.189243, -18.284912], [-51.190053, -18.284447], [-51.202818, -18.276733], [-51.204117, -18.275908], [-51.205391, -18.275174], [-51.208895, -18.273066], [-51.216865, -18.268238], [-51.224818, -18.263443], [-51.225563, -18.262976], [-51.236501, -18.256376], [-51.237569, -18.255682], [-51.238359, -18.255241], [-51.240484, -18.25397], [-51.241158, -18.25361], [-51.242024, -18.253234], [-51.242548, -18.253044], [-51.24307, -18.252883], [-51.243611, -18.252748], [-51.244164, -18.25264], [-51.245079, -18.252521], [-51.245622, -18.252485], [-51.246156, -18.252475], [-51.247024, -18.252515], [-51.247698, -18.252583], [-51.2496, -18.252821], [-51.251554, -18.253088], [-51.25168, -18.253094], [-51.252008, -18.253171], [-51.252995, -18.253194], [-51.253469, -18.253168], [-51.253817, -18.253128], [-51.254162, -18.253069], [-51.254681, -18.252947], [-51.2552, -18.252777], [-51.25554, -18.25264], [-51.255893, -18.252477], [-51.256279, -18.252274], [-51.256658, -18.252028], [-51.257382, -18.251484], [-51.27962, -18.234256], [-51.280336, -18.233725], [-51.280868, -18.233373], [-51.281402, -18.233069], [-51.282131, -18.23269], [-51.282531, -18.232516], [-51.283172, -18.232278], [-51.297915, -18.227344], [-51.299165, -18.226901], [-51.299886, -18.226597], [-51.300564, -18.226254], [-51.301054, -18.225966], [-51.301698, -18.225537], [-51.302192, -18.225158], [-51.302531, -18.224868], [-51.303025, -18.224409], [-51.303508, -18.223927], [-51.315658, -18.210955], [-51.317942, -18.208539], [-51.318085, -18.208368], [-51.321636, -18.204563], [-51.322815, -18.203311], [-51.323257, -18.202872], [-51.323712, -18.202468], [-51.324174, -18.202094], [-51.324489, -18.201867], [-51.324983, -18.201545], [-51.326747, -18.200468], [-51.327083, -18.200297], [-51.327188, -18.200216], [-51.328927, -18.19915], [-51.329149, -18.199031], [-51.329286, -18.19898], [-51.329701, -18.198691], [-51.330791, -18.19802], [-51.331497, -18.197622], [-51.332099, -18.19732], [-51.332718, -18.197046], [-51.333343, -18.196809], [-51.333967, -18.196604], [-51.334592, -18.196429], [-51.335246, -18.196278], [-51.335924, -18.196159], [-51.336623, -18.196065], [-51.337343, -18.196011], [-51.338072, -18.195994], [-51.340047, -18.195996], [-51.356339, -18.196083], [-51.371704, -18.196142], [-51.3722, -18.196122], [-51.372934, -18.196053], [-51.373647, -18.195941], [-51.37434, -18.19579], [-51.375016, -18.195601], [-51.375458, -18.19545], [-51.376108, -18.195187], [-51.376743, -18.194881], [-51.377352, -18.194539], [-51.378133, -18.194026], [-51.378853, -18.193454], [-51.379357, -18.192989], [-51.397189, -18.173913], [-51.397629, -18.173479], [-51.398097, -18.173067], [-51.398584, -18.172681], [-51.398917, -18.172441], [-51.399606, -18.172007], [-51.400319, -18.171629], [-51.401081, -18.171292], [-51.401934, -18.170997], [-51.43044, -18.163055], [-51.431129, -18.162811], [-51.431588, -18.162594], [-51.431872, -18.162435], [-51.432255, -18.162186], [-51.432582, -18.161939], [-51.432769, -18.161777], [-51.433704, -18.160883], [-51.433912, -18.160724], [-51.434339, -18.160306], [-51.434709, -18.159917], [-51.435979, -18.158684], [-51.436574, -18.158045], [-51.43717, -18.157328], [-51.437625, -18.156715], [-51.43794, -18.156246], [-51.438058, -18.156099], [-51.438269, -18.155759], [-51.438716, -18.155117], [-51.440311, -18.152734], [-51.440757, -18.152104], [-51.441196, -18.151529], [-51.441537, -18.151118], [-51.442014, -18.150593], [-51.444411, -18.148146]]}, "properties": {"SNV": "364BGO0470", "fid": 302, "EXT_KM": 39.3, "GEOCOD": "364BGO0470", "TRECHO": "ENTR GO-174 (APARECIDA DO RIO DOCE) - ENTR GO-178", "RODOVIA": "BR-364", "SITUACAO": "PAV"}}, {"type": "Feature", "geometry": {"crs": {"type": "name", "properties": {"name": "EPSG:4674"}}, "type": "LineString", "coordinates": [[-51.444411, -18.148146], [-51.459532, -18.13272], [-51.463745, -18.128444], [-51.465439, -18.126699], [-51.473718, -18.118254], [-51.475465, -18.116479], [-51.475992, -18.115974], [-51.476147, -18.11579], [-51.478259, -18.113624], [-51.492913, -18.098667], [-51.494517, -18.097052], [-51.498422, -18.093056], [-51.500818, -18.09063], [-51.500888, -18.090541], [-51.504046, -18.087305], [-51.511085, -18.080143], [-51.513377, -18.077791], [-51.515491, -18.075643], [-51.516309, -18.074874], [-51.517192, -18.07415], [-51.517758, -18.073742], [-51.518343, -18.073353], [-51.51896, -18.072989], [-51.519603, -18.072644], [-51.520242, -18.072332], [-51.520878, -18.072056], [-51.521951, -18.071658], [-51.522831, -18.071389], [-51.533231, -18.06874], [-51.533801, -18.068583], [-51.534171, -18.068463], [-51.534716, -18.068246], [-51.535071, -18.068075], [-51.535596, -18.067788], [-51.535938, -18.067571], [-51.536434, -18.067204], [-51.536755, -18.06694], [-51.537214, -18.06651], [-51.537502, -18.066198], [-51.537773, -18.065866], [-51.538153, -18.065341], [-51.538496, -18.064783], [-51.538699, -18.064389], [-51.544327, -18.05204], [-51.544845, -18.050928], [-51.545171, -18.050275], [-51.545532, -18.049638], [-51.54579, -18.049221], [-51.5462, -18.048612], [-51.546897, -18.047624], [-51.547137, -18.047179], [-51.547717, -18.046461], [-51.550033, -18.043175], [-51.550247, -18.042824], [-51.550438, -18.042466], [-51.550674, -18.041923], [-51.550849, -18.041335], [-51.550944, -18.040894], [-51.551009, -18.040442], [-51.551046, -18.039987], [-51.551799, -18.024879], [-51.551899, -18.0236], [-51.551992, -18.022974], [-51.552115, -18.02235], [-51.552272, -18.021732], [-51.552395, -18.021328], [-51.552602, -18.020734], [-51.552835, -18.02016], [-51.553091, -18.019607], [-51.553372, -18.019066], [-51.553575, -18.018712], [-51.553905, -18.018188], [-51.554409, -18.017479], [-51.554991, -18.016776], [-51.555623, -18.0161], [-51.566892, -18.005357], [-51.568107, -18.004149], [-51.569665, -18.002709], [-51.575361, -17.997285]]}, "properties": {"SNV": "364BGO0475", "fid": 303, "EXT_KM": 22.3, "GEOCOD": "364BGO0475", "TRECHO": "ENTR GO-178 - ENTR GO-180", "RODOVIA": "BR-364", "SITUACAO": "PAV"}}, {"type": "Feature", "geometry": {"crs": {"type": "name", "properties": {"name": "EPSG:4674"}}, "type": "LineString", "coordinates": [[-51.575361, -17.997285], [-51.579021, -17.993779], [-51.579119, -17.993657], [-51.579381, -17.993442], [-51.580398, -17.992465], [-51.580787, -17.992043], [-51.58105, -17.99172], [-51.581296, -17.991381], [-51.581595, -17.990902], [-51.581858, -17.990404], [-51.582086, -17.989889], [-51.582279, -17.989345], [-51.582399, -17.988921], [-51.582552, -17.988181], [-51.583801, -17.981467], [-51.583963, -17.980664], [-51.584104, -17.980052], [-51.584237, -17.979609], [-51.58444, -17.979016], [-51.584727, -17.978311], [-51.585164, -17.977439], [-51.585644, -17.97663], [-51.586112, -17.975955], [-51.586628, -17.975307], [-51.587278, -17.974605], [-51.587976, -17.97396], [-51.588604, -17.973449], [-51.589271, -17.972971], [-51.590013, -17.972511], [-51.590679, -17.972157], [-51.591377, -17.971834], [-51.5923, -17.971479], [-51.593028, -17.971254], [-51.593903, -17.971035], [-51.594903, -17.970867], [-51.595836, -17.970775], [-51.596759, -17.97075], [-51.597758, -17.970796], [-51.601366, -17.971103], [-51.6015, -17.971099], [-51.601814, -17.971141], [-51.604849, -17.971395], [-51.605503, -17.971462], [-51.610134, -17.971844], [-51.610534, -17.971853], [-51.610922, -17.971841], [-51.611485, -17.971785], [-51.612233, -17.971637], [-51.612605, -17.971532], [-51.612973, -17.971405], [-51.613335, -17.971257], [-51.613862, -17.970995], [-51.614353, -17.970694], [-51.614798, -17.970372], [-51.615201, -17.970025], [-51.615579, -17.969647], [-51.615931, -17.969233], [-51.616142, -17.968942], [-51.616429, -17.968496], [-51.616593, -17.968187], [-51.616868, -17.967537], [-51.617033, -17.967031], [-51.617118, -17.966688], [-51.617207, -17.966167], [-51.61738, -17.964319], [-51.61745, -17.963846], [-51.617513, -17.963539], [-51.617633, -17.963088], [-51.617828, -17.962502], [-51.618007, -17.962087], [-51.618266, -17.961592], [-51.618717, -17.960871], [-51.619584, -17.959593], [-51.61971, -17.959458], [-51.620313, -17.958499], [-51.621417, -17.956835], [-51.621759, -17.956364], [-51.622125, -17.955911], [-51.62238, -17.955626], [-51.622795, -17.955214], [-51.623091, -17.954946], [-51.623563, -17.954561], [-51.623896, -17.954317], [-51.624243, -17.95409], [-51.62496, -17.953679], [-51.625541, -17.953403], [-51.626429, -17.953037], [-51.629901, -17.951696], [-51.630966, -17.951309], [-51.631618, -17.951098], [-51.632305, -17.950905], [-51.63301, -17.950741], [-51.633721, -17.950612], [-51.644619, -17.94892], [-51.64759, -17.948464], [-51.648221, -17.948383], [-51.648866, -17.948337], [-51.649301, -17.948328], [-51.649959, -17.948345], [-51.650398, -17.948375], [-51.651496, -17.948538], [-51.653149, -17.948874], [-51.653532, -17.948939], [-51.654085, -17.948994], [-51.654445, -17.949], [-51.655161, -17.948951], [-51.655861, -17.948817], [-51.656205, -17.948724], [-51.656539, -17.948607], [-51.65687, -17.948468], [-51.657194, -17.948304], [-51.657518, -17.948127], [-51.657987, -17.947791], [-51.658307, -17.947525], [-51.658773, -17.947056], [-51.659191, -17.946515], [-51.659315, -17.946323], [-51.659535, -17.945922], [-51.659805, -17.9453], [-51.659939, -17.944873], [-51.660067, -17.944216], [-51.660104, -17.943771], [-51.660095, -17.943103], [-51.659731, -17.937421], [-51.659635, -17.936332], [-51.659506, -17.935489], [-51.659385, -17.934874], [-51.65861, -17.931794], [-51.658445, -17.931057], [-51.658373, -17.9305], [-51.658367, -17.930129], [-51.658407, -17.929762], [-51.658487, -17.929396], [-51.658607, -17.929035], [-51.658768, -17.928688], [-51.659074, -17.928201], [-51.65931, -17.927912], [-51.659571, -17.927657], [-51.659848, -17.927435], [-51.660294, -17.927155], [-51.660778, -17.926942], [-51.661277, -17.926797], [-51.661794, -17.926715], [-51.662148, -17.9267], [-51.662681, -17.92674], [-51.663202, -17.926855], [-51.663733, -17.927048], [-51.664108, -17.927224], [-51.675446, -17.933094], [-51.676136, -17.933435], [-51.676614, -17.933633], [-51.677218, -17.933829], [-51.677977, -17.933994], [-51.678443, -17.934054], [-51.679106, -17.934087], [-51.679622, -17.934077], [-51.680335, -17.934004], [-51.680873, -17.933905], [-51.68158, -17.933707], [-51.682094, -17.933518], [-51.682589, -17.933285], [-51.683076, -17.933011], [-51.683566, -17.932684], [-51.684026, -17.932319], [-51.684447, -17.931924], [-51.684828, -17.931504], [-51.685172, -17.931059], [-51.685575, -17.930438], [-51.687306, -17.927571], [-51.68766, -17.927031], [-51.687766, -17.926788], [-51.687875, -17.926591], [-51.687969, -17.926479], [-51.688105, -17.926182], [-51.688205, -17.92608], [-51.68844, -17.925691], [-51.68858, -17.925412], [-51.688743, -17.925191], [-51.689014, -17.924724], [-51.689318, -17.92425], [-51.689834, -17.923537], [-51.689869, -17.923374], [-51.689977, -17.923164], [-51.692369, -17.919195], [-51.692699, -17.918703], [-51.693142, -17.918175], [-51.693333, -17.917698], [-51.69357, -17.917204], [-51.693857, -17.916632], [-51.694085, -17.916241]]}, "properties": {"SNV": "364BGO0480", "fid": 304, "EXT_KM": 17.9, "GEOCOD": "364BGO0480", "TRECHO": "ENTR GO-180 - ENTR BR-060/364", "RODOVIA": "BR-364", "SITUACAO": "PAV"}}, {"type": "Feature", "geometry": {"crs": {"type": "name", "properties": {"name": "EPSG:4674"}}, "type": "LineString", "coordinates": [[-51.694085, -17.916241], [-51.694899, -17.916842], [-51.700373, -17.920742], [-51.700872, -17.921046], [-51.701982, -17.921592], [-51.702437, -17.92177], [-51.702992, -17.921944], [-51.703454, -17.922057], [-51.703958, -17.922152], [-51.704486, -17.922226], [-51.70726, -17.922545], [-51.708275, -17.922638], [-51.708666, -17.922644], [-51.709059, -17.922623], [-51.709636, -17.922552], [-51.710016, -17.922478], [-51.710384, -17.922386], [-51.710744, -17.922274], [-51.711265, -17.922066], [-51.711599, -17.921903], [-51.712073, -17.921625], [-51.712659, -17.921207], [-51.715298, -17.918847], [-51.715582, -17.918615], [-51.715886, -17.918402], [-51.716506, -17.918039], [-51.716817, -17.917883], [-51.717282, -17.917679], [-51.717901, -17.917462], [-51.718763, -17.91722]]}, "properties": {"SNV": "364BGO0485", "fid": 305, "EXT_KM": 3.1, "GEOCOD": "364BGO0485", "TRECHO": "ENTR BR-060/364 - R.JERÔNIMO VILELA (JATAÍ)", "RODOVIA": "BR-364", "SITUACAO": "DUP"}}, {"type": "Feature", "geometry": {"crs": {"type": "name", "properties": {"name": "EPSG:4674"}}, "type": "LineString", "coordinates": [[-52.047424, -17.800593], [-52.063009, -17.788107], [-52.063764, -17.787547], [-52.064308, -17.787197], [-52.064863, -17.786884], [-52.065623, -17.786518], [-52.066411, -17.786214], [-52.067222, -17.785971], [-52.067857, -17.78582], [-52.068721, -17.785683], [-52.069809, -17.785568], [-52.078603, -17.784735], [-52.081254, -17.784519], [-52.082752, -17.784338], [-52.085777, -17.784049], [-52.086437, -17.783957], [-52.087082, -17.783824], [-52.087914, -17.783598], [-52.088517, -17.783386], [-52.089101, -17.783142], [-52.089664, -17.782869], [-52.090217, -17.782563], [-52.09075, -17.782221], [-52.091251, -17.781861], [-52.091712, -17.781481], [-52.094425, -17.779111], [-52.096228, -17.777446], [-52.11657, -17.759271], [-52.124788, -17.751959], [-52.125431, -17.751347], [-52.125842, -17.750902], [-52.12608, -17.750621], [-52.126613, -17.749913], [-52.133145, -17.740505], [-52.134872, -17.738079], [-52.136438, -17.735757], [-52.138515, -17.73278], [-52.139102, -17.731997], [-52.139405, -17.73169], [-52.139625, -17.731495], [-52.13985, -17.731311], [-52.140583, -17.730811], [-52.140974, -17.73059], [-52.141532, -17.730354], [-52.149755, -17.727465], [-52.150175, -17.727304], [-52.160745, -17.723578], [-52.161352, -17.723322], [-52.161779, -17.723113], [-52.162469, -17.722702], [-52.162877, -17.722418], [-52.163268, -17.722095], [-52.166769, -17.718954], [-52.168143, -17.717698], [-52.169726, -17.71629], [-52.169862, -17.716152], [-52.170003, -17.715967], [-52.170303, -17.715763], [-52.17075, -17.715389], [-52.172304, -17.713958], [-52.172604, -17.7137], [-52.17278, -17.71357], [-52.172894, -17.713436], [-52.174868, -17.711637], [-52.175726, -17.710888], [-52.176055, -17.710566], [-52.178072, -17.708775], [-52.178785, -17.708112], [-52.180662, -17.706441], [-52.192903, -17.695407], [-52.193433, -17.694921], [-52.193587, -17.694753], [-52.193792, -17.694606], [-52.194669, -17.69382], [-52.197992, -17.690801], [-52.201101, -17.688016], [-52.206194, -17.683402], [-52.208386, -17.681447], [-52.209968, -17.680004], [-52.211735, -17.678427], [-52.219515, -17.6714]]}, "properties": {"SNV": "364BGO0530", "fid": 308, "EXT_KM": 23.9, "GEOCOD": "364BGO0530", "TRECHO": "ENTR GO-050 (P/CHAPADÃO DO CÉU) - ENTR GO-516 (P/PEROLÂNDIA)", "RODOVIA": "BR-364", "SITUACAO": "PAV"}}, {"type": "Feature", "geometry": {"crs": {"type": "name", "properties": {"name": "EPSG:4674"}}, "type": "LineString", "coordinates": [[-52.219515, -17.6714], [-52.221182, -17.6699], [-52.221715, -17.66945], [-52.222597, -17.668804], [-52.223082, -17.668495], [-52.223592, -17.668198], [-52.224483, -17.667744], [-52.23102, -17.664657], [-52.231651, -17.664395], [-52.232273, -17.664241], [-52.232697, -17.664163], [-52.233341, -17.664093], [-52.233779, -17.664081], [-52.234445, -17.664114], [-52.234888, -17.664174], [-52.236573, -17.664582], [-52.24009, -17.665488], [-52.241233, -17.665883], [-52.242026, -17.66621], [-52.245549, -17.66781], [-52.2478, -17.668856], [-52.250552, -17.670087], [-52.251042, -17.670247], [-52.251753, -17.670412], [-52.252131, -17.67047], [-52.252522, -17.670507], [-52.253111, -17.670519], [-52.253658, -17.670484], [-52.254179, -17.670405], [-52.25469, -17.67029], [-52.255398, -17.670074], [-52.26224, -17.667752], [-52.263969, -17.667197], [-52.265547, -17.666623], [-52.276172, -17.663016], [-52.276797, -17.66284], [-52.277217, -17.662752], [-52.277853, -17.662672], [-52.278492, -17.662638], [-52.27892, -17.662648], [-52.279343, -17.662687], [-52.279761, -17.662742], [-52.280172, -17.662822], [-52.280769, -17.662983], [-52.281158, -17.663113], [-52.281536, -17.663267], [-52.281894, -17.66344], [-52.282391, -17.663719], [-52.283383, -17.66436], [-52.285028, -17.665449], [-52.285209, -17.665588], [-52.285407, -17.665696], [-52.29168, -17.66981], [-52.292244, -17.670107], [-52.292837, -17.670356], [-52.293247, -17.67049], [-52.293667, -17.6706], [-52.294313, -17.670713], [-52.294976, -17.670767], [-52.295637, -17.670751], [-52.296282, -17.670671], [-52.296712, -17.670583], [-52.297138, -17.670467], [-52.297557, -17.670323], [-52.298331, -17.670018], [-52.29956, -17.669494], [-52.303222, -17.667983], [-52.303822, -17.667782], [-52.304229, -17.667672], [-52.304636, -17.667584], [-52.305051, -17.667525], [-52.30568, -17.667491], [-52.306102, -17.6675], [-52.306526, -17.667535], [-52.31133, -17.66828], [-52.311701, -17.668316], [-52.31224, -17.66832], [-52.312596, -17.668284], [-52.312942, -17.668216], [-52.313554, -17.668027], [-52.315179, -17.667266], [-52.315725, -17.667062], [-52.31591, -17.667006], [-52.316299, -17.666923], [-52.316489, -17.666895], [-52.316895, -17.666871], [-52.317289, -17.666882], [-52.317678, -17.666936], [-52.31806, -17.667026], [-52.31844, -17.667138], [-52.327942, -17.67028], [-52.328346, -17.670403], [-52.328737, -17.670496], [-52.329319, -17.670594], [-52.329707, -17.670641], [-52.330277, -17.670679], [-52.330837, -17.670674], [-52.33139, -17.670628], [-52.331926, -17.670557], [-52.332614, -17.670408], [-52.332949, -17.670312], [-52.333591, -17.670082], [-52.334415, -17.669713], [-52.334673, -17.669567], [-52.335173, -17.669245], [-52.335751, -17.668811], [-52.337685, -17.66704], [-52.34177, -17.663215], [-52.342121, -17.662861], [-52.342572, -17.662348], [-52.342892, -17.661929], [-52.343187, -17.661481], [-52.343549, -17.660848], [-52.343787, -17.660352], [-52.343994, -17.659847], [-52.345465, -17.655764], [-52.345725, -17.655126], [-52.345958, -17.654654], [-52.346141, -17.65435], [-52.346346, -17.654052], [-52.346695, -17.653625], [-52.347211, -17.653101], [-52.347788, -17.652634], [-52.348249, -17.65233], [-52.348575, -17.652155], [-52.34909, -17.651916], [-52.349451, -17.65178], [-52.357858, -17.649088], [-52.358866, -17.648778], [-52.359786, -17.648461], [-52.361164, -17.648048], [-52.363544, -17.647279], [-52.364231, -17.647039], [-52.364751, -17.64681], [-52.365417, -17.64644], [-52.365864, -17.646134], [-52.366387, -17.645716], [-52.366961, -17.64514], [-52.367183, -17.644877], [-52.367514, -17.644437], [-52.368311, -17.643277], [-52.369653, -17.641265], [-52.375786, -17.632209], [-52.376145, -17.631767], [-52.376541, -17.631358], [-52.376979, -17.630978], [-52.377295, -17.630747], [-52.377622, -17.630531], [-52.377961, -17.630341], [-52.378497, -17.630093], [-52.378855, -17.629952], [-52.383045, -17.628442], [-52.384015, -17.628066], [-52.38427, -17.628008], [-52.384943, -17.627772], [-52.387222, -17.626923], [-52.387631, -17.626741], [-52.38804, -17.626533], [-52.388864, -17.626069], [-52.392962, -17.623126], [-52.393535, -17.622676], [-52.393935, -17.622308], [-52.394309, -17.621907], [-52.396534, -17.619213], [-52.397193, -17.618476], [-52.397674, -17.618046], [-52.398206, -17.617656], [-52.39878, -17.617318], [-52.39924, -17.617099], [-52.399725, -17.616919], [-52.400222, -17.616775], [-52.400722, -17.616669], [-52.401062, -17.616622], [-52.401753, -17.616575], [-52.405553, -17.61648], [-52.406105, -17.616451], [-52.406726, -17.616385], [-52.407237, -17.61631], [-52.407613, -17.616236], [-52.40834, -17.616057], [-52.409005, -17.61585], [-52.409716, -17.615653], [-52.414196, -17.614248], [-52.415155, -17.613919], [-52.416719, -17.613419], [-52.417476, -17.613127], [-52.418414, -17.612672], [-52.418785, -17.612463], [-52.419317, -17.612127], [-52.419999, -17.611625], [-52.421345, -17.610541], [-52.42169, -17.610293], [-52.422046, -17.610062], [-52.422414, -17.60985], [-52.422794, -17.609659], [-52.423392, -17.609419], [-52.423804, -17.609288], [-52.424223, -17.609179], [-52.424652, -17.609092], [-52.425085, -17.609031], [-52.428479, -17.608822], [-52.429157, -17.608737], [-52.429576, -17.608649], [-52.429978, -17.60853], [-52.430374, -17.608385], [-52.430922, -17.608132], [-52.431423, -17.607832], [-52.431731, -17.607609], [-52.432025, -17.607367], [-52.432556, -17.606836], [-52.43279, -17.606554], [-52.433002, -17.606261], [-52.433379, -17.605634], [-52.436845, -17.599426], [-52.43716, -17.59891], [-52.43749, -17.598457], [-52.437845, -17.59804], [-52.438098, -17.597769], [-52.43837, -17.597504], [-52.438664, -17.597249], [-52.439295, -17.596776], [-52.439801, -17.596458], [-52.440142, -17.59627], [-52.440657, -17.596027], [-52.44137, -17.595761], [-52.441898, -17.595607], [-52.442585, -17.595461], [-52.442938, -17.595412], [-52.443507, -17.595361], [-52.448124, -17.595054], [-52.448531, -17.595005], [-52.448919, -17.594938], [-52.449646, -17.594759], [-52.450144, -17.5946], [-52.450636, -17.594407], [-52.458322, -17.591123], [-52.458937, -17.590907], [-52.459746, -17.590695], [-52.460349, -17.590595], [-52.461157, -17.590514], [-52.470466, -17.589727], [-52.471264, -17.589677], [-52.471857, -17.58969], [-52.472253, -17.589725], [-52.472651, -17.589783], [-52.473249, -17.58992], [-52.473843, -17.590118], [-52.480285, -17.592421], [-52.480796, -17.592588], [-52.481328, -17.59272], [-52.482065, -17.59283], [-52.482442, -17.592852], [-52.482818, -17.592853], [-52.483567, -17.592796], [-52.483931, -17.592737], [-52.484286, -17.592659], [-52.484806, -17.592509], [-52.485136, -17.592386], [-52.48562, -17.592173], [-52.486088, -17.591919], [-52.486837, -17.591431], [-52.491922, -17.587999], [-52.492501, -17.587658], [-52.493267, -17.587277], [-52.494026, -17.586962], [-52.494619, -17.586769], [-52.501287, -17.585036], [-52.501579, -17.584936], [-52.501865, -17.584813], [-52.502268, -17.584596], [-52.502638, -17.584338], [-52.50297, -17.584054], [-52.503171, -17.583846], [-52.503437, -17.583504], [-52.503628, -17.583198], [-52.503803, -17.582828], [-52.50391, -17.58267], [-52.504262, -17.581879], [-52.50454, -17.581314], [-52.50476, -17.580949], [-52.50511, -17.580496], [-52.505552, -17.580021], [-52.505995, -17.579643], [-52.5067, -17.57917], [-52.507264, -17.578882], [-52.507505, -17.578776], [-52.507889, -17.578639], [-52.508281, -17.578533], [-52.50878, -17.578431], [-52.509399, -17.578362], [-52.509789, -17.578356], [-52.51019, -17.578371], [-52.510858, -17.578457], [-52.511395, -17.578575], [-52.511786, -17.5787], [-52.513563, -17.579355], [-52.514077, -17.579492], [-52.514465, -17.579553], [-52.514856, -17.579573], [-52.515341, -17.579554], [-52.515787, -17.579492], [-52.51621, -17.579388], [-52.516608, -17.579221], [-52.517084, -17.578967], [-52.517525, -17.578648], [-52.517848, -17.578349], [-52.518283, -17.577871], [-52.518742, -17.577314], [-52.51931, -17.576573]]}, "properties": {"SNV": "364BGO0535", "fid": 309, "EXT_KM": 36.8, "GEOCOD": "364BGO0535", "TRECHO": "ENTR GO-516 (P/PEROLÂNDIA) - ENTR BR-359/364/GO-341", "RODOVIA": "BR-364", "SITUACAO": "PAV"}}, {"type": "Feature", "geometry": {"crs": {"type": "name", "properties": {"name": "EPSG:4674"}}, "type": "LineString", "coordinates": [[-48.618646, -15.488873], [-48.618486, -15.48991], [-48.618517, -15.491195], [-48.61882, -15.492844], [-48.619505, -15.496135], [-48.622315, -15.511901], [-48.624397, -15.523419], [-48.625516, -15.528679], [-48.625605, -15.529927], [-48.625395, -15.531093], [-48.624906, -15.532529], [-48.623731, -15.534362], [-48.622956, -15.535746], [-48.622684, -15.536695], [-48.62259, -15.537793], [-48.622551, -15.538669], [-48.622945, -15.553342], [-48.622986, -15.555744], [-48.622897, -15.556953], [-48.621517, -15.567042], [-48.621641, -15.569119], [-48.622083, -15.570259], [-48.62359, -15.573582], [-48.62602, -15.577916]]}, "properties": {"SNV": "414BGO0112", "fid": 327, "EXT_KM": 10.2, "GEOCOD": "414BGO0112", "TRECHO": "INÍCIO PONTE S/RIO OLIVEIRA COSTA - ENTR BR-251/414/GO-435", "RODOVIA": "BR-414", "SITUACAO": "PAV"}}, {"type": "Feature", "geometry": {"crs": {"type": "name", "properties": {"name": "EPSG:4674"}}, "type": "LineString", "coordinates": [[-48.62602, -15.577916], [-48.629641, -15.582125], [-48.631624, -15.584469], [-48.63234, -15.58534], [-48.633047, -15.586147], [-48.635525, -15.589093], [-48.635836, -15.589432], [-48.636153, -15.589717], [-48.636474, -15.590198], [-48.637365, -15.591244], [-48.637758, -15.591746], [-48.638008, -15.592108], [-48.63836, -15.592674], [-48.644841, -15.603603], [-48.645149, -15.604061], [-48.645466, -15.604452], [-48.645764, -15.604763], [-48.646224, -15.605166], [-48.646633, -15.605462], [-48.647107, -15.605737], [-48.647827, -15.606062], [-48.650333, -15.607078], [-48.651404, -15.607495], [-48.651686, -15.607635], [-48.652562, -15.607971], [-48.653345, -15.608305], [-48.653679, -15.608469], [-48.654175, -15.608757], [-48.654655, -15.609092], [-48.65496, -15.609341], [-48.655531, -15.609894], [-48.656048, -15.610485], [-48.664962, -15.621648], [-48.665385, -15.62221], [-48.665715, -15.622739], [-48.665969, -15.62328], [-48.666119, -15.623706], [-48.666829, -15.626076], [-48.66701, -15.626521], [-48.667244, -15.626983], [-48.667435, -15.627298], [-48.667772, -15.627782], [-48.670259, -15.631147], [-48.671606, -15.632996], [-48.67193, -15.633505], [-48.672121, -15.633859], [-48.672376, -15.634414], [-48.672581, -15.634971], [-48.673288, -15.637433], [-48.673473, -15.638002], [-48.673782, -15.638745], [-48.674172, -15.639486], [-48.674725, -15.640351], [-48.678484, -15.645979], [-48.67958, -15.647588], [-48.68002, -15.648149], [-48.680626, -15.648823], [-48.682409, -15.650547], [-48.682642, -15.650825], [-48.682836, -15.651131], [-48.682988, -15.65147], [-48.683048, -15.651656], [-48.683189, -15.652271], [-48.684383, -15.659093], [-48.684663, -15.660616], [-48.684855, -15.661276], [-48.685058, -15.661736], [-48.685303, -15.662177], [-48.685679, -15.66272], [-48.68601, -15.6631], [-48.686574, -15.663632], [-48.691954, -15.668342], [-48.692649, -15.668918], [-48.693002, -15.669162], [-48.693358, -15.669372], [-48.693714, -15.669547], [-48.694256, -15.66976], [-48.694624, -15.669872], [-48.694996, -15.669959], [-48.695366, -15.67002], [-48.695937, -15.670075], [-48.698765, -15.670224], [-48.699393, -15.670294], [-48.699688, -15.670291], [-48.699802, -15.670323], [-48.699982, -15.67042], [-48.700315, -15.670654], [-48.700545, -15.670885], [-48.701147, -15.671574], [-48.701439, -15.67179], [-48.701512, -15.6719], [-48.701734, -15.672293], [-48.702, -15.672906], [-48.702564, -15.673904], [-48.705069, -15.678692], [-48.706434, -15.681247], [-48.706649, -15.681706], [-48.706888, -15.682343], [-48.70703, -15.682834], [-48.707122, -15.683307], [-48.707153, -15.683869], [-48.707121, -15.684459], [-48.707073, -15.684771], [-48.70695, -15.685267], [-48.706831, -15.685615], [-48.706608, -15.686127], [-48.70564, -15.688093], [-48.703499, -15.69224], [-48.703191, -15.692817], [-48.702885, -15.693321], [-48.702666, -15.693627], [-48.702426, -15.693923], [-48.702166, -15.69421], [-48.701879, -15.694492], [-48.699182, -15.69698], [-48.690574, -15.705154], [-48.690337, -15.705415], [-48.690149, -15.705684], [-48.69, -15.705976], [-48.689939, -15.706128], [-48.689853, -15.706438], [-48.689802, -15.70691], [-48.689816, -15.70722], [-48.689867, -15.707529], [-48.690013, -15.707959], [-48.690162, -15.708234], [-48.690347, -15.708498], [-48.690696, -15.70886], [-48.691264, -15.70933], [-48.692271, -15.710112], [-48.693445, -15.710941], [-48.693578, -15.711057], [-48.693691, -15.711184], [-48.693874, -15.711466], [-48.694, -15.711773], [-48.694236, -15.712792], [-48.694285, -15.712956], [-48.694408, -15.713266], [-48.694566, -15.713554], [-48.694756, -15.713824], [-48.695322, -15.714441], [-48.695425, -15.714577], [-48.69551, -15.714727], [-48.69558, -15.714891], [-48.695685, -15.715254], [-48.695782, -15.715828], [-48.695812, -15.716211], [-48.695839, -15.71697], [-48.695876, -15.717315], [-48.695911, -15.717474], [-48.696013, -15.71777], [-48.696376, -15.718512], [-48.697418, -15.720499], [-48.697627, -15.720873], [-48.697773, -15.721096], [-48.698051, -15.721419], [-48.698285, -15.721615], [-48.698681, -15.721872], [-48.699123, -15.722111], [-48.700564, -15.722785], [-48.701103, -15.723007], [-48.701787, -15.723226], [-48.703132, -15.723574], [-48.703455, -15.723689], [-48.703769, -15.723821], [-48.704223, -15.724038], [-48.704655, -15.724295], [-48.705073, -15.724598], [-48.705345, -15.724831], [-48.705605, -15.725086], [-48.70597, -15.725513], [-48.706306, -15.725993], [-48.706505, -15.726339], [-48.706683, -15.726704], [-48.706835, -15.727089], [-48.707544, -15.729348], [-48.707727, -15.729839], [-48.70794, -15.730243], [-48.708112, -15.730489], [-48.708431, -15.730833], [-48.708688, -15.731047], [-48.709112, -15.73131], [-48.709419, -15.731448], [-48.709583, -15.731505], [-48.710132, -15.731655], [-48.712562, -15.732255], [-48.713195, -15.732449], [-48.713784, -15.732682], [-48.714525, -15.733066], [-48.715079, -15.733411], [-48.715795, -15.733932], [-48.720678, -15.737693], [-48.721153, -15.738084], [-48.721447, -15.738363], [-48.721717, -15.738666], [-48.722079, -15.73914], [-48.722291, -15.739468], [-48.722485, -15.739817], [-48.723859, -15.742704], [-48.724194, -15.74348], [-48.724341, -15.743939], [-48.724454, -15.744431], [-48.724532, -15.744963], [-48.72474, -15.746673], [-48.724839, -15.747218], [-48.724987, -15.747753], [-48.725114, -15.748104], [-48.72526, -15.748448], [-48.72679, -15.751415], [-48.727145, -15.752053], [-48.727291, -15.752274], [-48.727537, -15.752567], [-48.727807, -15.752821], [-48.728189, -15.753103], [-48.728484, -15.753267], [-48.728775, -15.753393], [-48.72913, -15.753503], [-48.729433, -15.753563], [-48.731622, -15.753779], [-48.73197, -15.753801], [-48.733013, -15.753813], [-48.733707, -15.75378], [-48.734393, -15.753717], [-48.74127, -15.752803], [-48.742413, -15.752679], [-48.743068, -15.752647], [-48.743587, -15.752642], [-48.747517, -15.752709], [-48.747923, -15.752747], [-48.74844, -15.752856], [-48.748846, -15.752989], [-48.74922, -15.753169], [-48.749567, -15.753392], [-48.749959, -15.753712], [-48.750261, -15.754015], [-48.75061, -15.754426]]}, "properties": {"SNV": "414BGO0115", "fid": 328, "EXT_KM": 27.9, "GEOCOD": "414BGO0115", "TRECHO": "ENTR BR-251/414/GO-435 - ENTR BR-070/414 (ACESSO NORTE COCALZINHO DE GOIÁS)", "RODOVIA": "BR-414", "SITUACAO": "PAV"}}, {"type": "Feature", "geometry": {"crs": {"type": "name", "properties": {"name": "EPSG:4674"}}, "type": "LineString", "coordinates": [[-52.51931, -17.576573], [-52.519558, -17.576312], [-52.519884, -17.575927], [-52.521323, -17.574163], [-52.522018, -17.573337], [-52.522312, -17.573032], [-52.522753, -17.57265], [-52.523358, -17.572212], [-52.523745, -17.571989], [-52.524142, -17.571789], [-52.524826, -17.571501], [-52.527467, -17.570455], [-52.527989, -17.570208], [-52.52845, -17.569938], [-52.528754, -17.56973], [-52.529085, -17.569474], [-52.529398, -17.569193], [-52.529741, -17.568839], [-52.530055, -17.568458], [-52.530375, -17.568], [-52.530555, -17.567706], [-52.530674, -17.567473], [-52.530967, -17.566712], [-52.53115, -17.56613], [-52.531225, -17.565744], [-52.531284, -17.565204], [-52.531304, -17.564665], [-52.531262, -17.564104], [-52.531169, -17.563544], [-52.531054, -17.563098], [-52.530901, -17.562656], [-52.530762, -17.562315], [-52.530595, -17.561971], [-52.530405, -17.561643], [-52.5302, -17.561335], [-52.52997, -17.56103], [-52.529008, -17.559868], [-52.527932, -17.558387], [-52.527714, -17.558039], [-52.527548, -17.557595]]}, "properties": {"SNV": "364BGO0540", "fid": 310, "EXT_KM": 3, "GEOCOD": "364BGO0540", "TRECHO": "ENTR BR-359/364/GO-341 - ENTR GO-551 (P/MINEIROS)", "RODOVIA": "BR-364", "SITUACAO": "PAV"}}, {"type": "Feature", "geometry": {"crs": {"type": "name", "properties": {"name": "EPSG:4674"}}, "type": "LineString", "coordinates": [[-52.554523, -17.487186], [-52.55464, -17.487127], [-52.554836, -17.486991], [-52.55499, -17.48686], [-52.555273, -17.486691], [-52.556067, -17.48615], [-52.562514, -17.481709], [-52.564199, -17.480533], [-52.565456, -17.47959], [-52.567257, -17.478099], [-52.579649, -17.467707], [-52.580263, -17.467162], [-52.581101, -17.466364], [-52.581949, -17.465498], [-52.582662, -17.464706], [-52.583358, -17.463889], [-52.584023, -17.46304], [-52.591072, -17.453322], [-52.592704, -17.451045], [-52.593113, -17.4505], [-52.593396, -17.450169], [-52.593849, -17.449719], [-52.594355, -17.449327], [-52.595097, -17.448854], [-52.599655, -17.446034], [-52.600362, -17.44557], [-52.600687, -17.445323], [-52.600994, -17.445062], [-52.601282, -17.444782], [-52.60155, -17.444482], [-52.601919, -17.443998], [-52.602137, -17.443654], [-52.602329, -17.443296], [-52.602497, -17.442928], [-52.602775, -17.442162], [-52.603628, -17.439627], [-52.603765, -17.439271], [-52.603917, -17.438939], [-52.604186, -17.438461], [-52.604503, -17.438], [-52.60487, -17.437559], [-52.605291, -17.437147], [-52.605755, -17.436769], [-52.606087, -17.436538], [-52.606605, -17.436223], [-52.607052, -17.436003], [-52.607882, -17.435662], [-52.60824, -17.435553], [-52.610362, -17.434718], [-52.611513, -17.434289], [-52.614854, -17.432968], [-52.615162, -17.432827], [-52.615594, -17.432595], [-52.616007, -17.432331], [-52.616403, -17.432035], [-52.616655, -17.431819], [-52.617021, -17.431468], [-52.617364, -17.431073], [-52.617683, -17.430642], [-52.617965, -17.43017], [-52.621877, -17.423099], [-52.62217, -17.422657], [-52.622452, -17.422294], [-52.622822, -17.421869], [-52.623228, -17.421456], [-52.623562, -17.421166], [-52.623909, -17.420901], [-52.624271, -17.420646], [-52.624673, -17.420404], [-52.625306, -17.420099], [-52.626334, -17.419562], [-52.627837, -17.418815], [-52.639566, -17.413014], [-52.639982, -17.412796], [-52.640384, -17.41256], [-52.640961, -17.412182], [-52.641331, -17.411917], [-52.642034, -17.411337], [-52.64253, -17.410856], [-52.643149, -17.410164], [-52.643435, -17.409799], [-52.643704, -17.409416], [-52.64408, -17.408818], [-52.644307, -17.408404], [-52.644515, -17.407975], [-52.645083, -17.406678], [-52.645399, -17.406043], [-52.645635, -17.405628], [-52.645889, -17.405224], [-52.646306, -17.404644], [-52.646609, -17.404274], [-52.646926, -17.403918], [-52.647427, -17.403411], [-52.64796, -17.402935], [-52.648526, -17.4025], [-52.648921, -17.402232], [-52.649327, -17.401981], [-52.650156, -17.401545], [-52.653005, -17.400301], [-52.653872, -17.399959], [-52.654713, -17.39968], [-52.655798, -17.399404], [-52.656716, -17.399228], [-52.657922, -17.399065], [-52.658717, -17.399006], [-52.659516, -17.398974], [-52.659828, -17.399006], [-52.661556, -17.399034], [-52.664314, -17.39913], [-52.66616, -17.399262], [-52.667809, -17.399405], [-52.671885, -17.399841], [-52.673195, -17.399972], [-52.673856, -17.400017]]}, "properties": {"SNV": "364BGO0550", "fid": 312, "EXT_KM": 14.8, "GEOCOD": "364BGO0550", "TRECHO": "ENTR GO-341 - ENTR GO-194 (P/PORTELÂNDIA)", "RODOVIA": "BR-364", "SITUACAO": "PAV"}}, {"type": "Feature", "geometry": {"crs": {"type": "name", "properties": {"name": "EPSG:4674"}}, "type": "LineString", "coordinates": [[-52.673856, -17.400017], [-52.674984, -17.400161], [-52.682112, -17.400912], [-52.683623, -17.40101], [-52.684963, -17.401049], [-52.686109, -17.401037], [-52.688706, -17.400964], [-52.691611, -17.400875], [-52.692545, -17.400815], [-52.693154, -17.400824], [-52.712264, -17.400271], [-52.713268, -17.400231], [-52.714271, -17.40015], [-52.715271, -17.400029], [-52.71647, -17.399822], [-52.717561, -17.399571], [-52.718625, -17.399274], [-52.719452, -17.399004], [-52.72791, -17.39601], [-52.729316, -17.395553], [-52.730525, -17.395191], [-52.732024, -17.394792], [-52.733551, -17.394434], [-52.735079, -17.394125], [-52.736591, -17.393866], [-52.737841, -17.393687], [-52.739355, -17.393507], [-52.741109, -17.393359], [-52.74259, -17.393277], [-52.743586, -17.393244], [-52.744829, -17.393235], [-52.751956, -17.393265], [-52.753163, -17.393251], [-52.754379, -17.393208], [-52.755352, -17.393152], [-52.756576, -17.393055], [-52.758056, -17.392904], [-52.759032, -17.392776], [-52.760744, -17.392516], [-52.78584, -17.38848], [-52.788505, -17.388122], [-52.790668, -17.387902], [-52.791093, -17.387873], [-52.7913, -17.387877], [-52.791972, -17.387806], [-52.793596, -17.387722], [-52.794802, -17.387686], [-52.805082, -17.387498], [-52.806748, -17.387508], [-52.810725, -17.38757], [-52.811655, -17.387568], [-52.812354, -17.387548], [-52.813527, -17.387481], [-52.814959, -17.387348], [-52.820266, -17.386775], [-52.821209, -17.386709], [-52.821902, -17.386684], [-52.822817, -17.386696], [-52.828667, -17.386936], [-52.830396, -17.386956], [-52.831642, -17.38693], [-52.83362, -17.386826], [-52.844073, -17.386001], [-52.844824, -17.385956], [-52.845577, -17.385934], [-52.847073, -17.38592], [-52.848324, -17.385967], [-52.856178, -17.3865], [-52.857596, -17.386531], [-52.858771, -17.386515], [-52.859939, -17.386459], [-52.861102, -17.386358], [-52.869552, -17.385317], [-52.870948, -17.385203], [-52.872126, -17.385159], [-52.873075, -17.385151], [-52.874208, -17.385174], [-52.886901, -17.385851], [-52.887628, -17.385859], [-52.88835, -17.385816], [-52.889072, -17.385722], [-52.889791, -17.385586], [-52.894798, -17.384432], [-52.895237, -17.384341], [-52.89567, -17.384271], [-52.896101, -17.384226], [-52.896536, -17.384202], [-52.899727, -17.384121], [-52.90019, -17.384085], [-52.90065, -17.384018], [-52.901101, -17.383922], [-52.90154, -17.383797], [-52.903235, -17.383183], [-52.904469, -17.382755], [-52.904864, -17.382649], [-52.905457, -17.382545], [-52.906052, -17.382491], [-52.906655, -17.382493], [-52.910753, -17.382752], [-52.911154, -17.382737], [-52.911527, -17.382683], [-52.911871, -17.382584], [-52.91235, -17.382369], [-52.914076, -17.381328], [-52.914412, -17.381144], [-52.914766, -17.38099], [-52.914946, -17.380932], [-52.915312, -17.38086], [-52.91568, -17.380826], [-52.916243, -17.380849], [-52.920854, -17.381366], [-52.921198, -17.381383], [-52.921523, -17.381365], [-52.921683, -17.381341], [-52.922002, -17.381263], [-52.922318, -17.381142], [-52.924911, -17.379818], [-52.925327, -17.379622], [-52.925727, -17.379502], [-52.926158, -17.379458], [-52.926457, -17.379479], [-52.926608, -17.379506], [-52.926912, -17.379591], [-52.927199, -17.37972], [-52.927991, -17.380163], [-52.928386, -17.380318], [-52.928645, -17.380383], [-52.928907, -17.380405], [-52.929171, -17.380393], [-52.929437, -17.380346], [-52.929832, -17.380217], [-52.930235, -17.379998], [-52.931008, -17.379514], [-52.935348, -17.376715], [-52.936501, -17.375988], [-52.936857, -17.375783], [-52.937197, -17.375615], [-52.937532, -17.375474], [-52.93823, -17.375247], [-52.93859, -17.375156], [-52.938949, -17.37509], [-52.939308, -17.375045], [-52.93967, -17.375021], [-52.94024, -17.375013], [-52.94288, -17.375038], [-52.94347, -17.375055], [-52.94405, -17.375102], [-52.94462, -17.375195], [-52.945318, -17.375389], [-52.945806, -17.375574], [-52.946422, -17.375877], [-52.946859, -17.376142], [-52.947401, -17.376543], [-52.94789, -17.376988], [-52.948212, -17.377346], [-52.948623, -17.377895], [-52.95304, -17.384412], [-52.953432, -17.384901], [-52.953719, -17.385206], [-52.954027, -17.385494], [-52.954527, -17.385887], [-52.95488, -17.386119], [-52.955243, -17.386325], [-52.955618, -17.386508], [-52.956007, -17.386672], [-52.969871, -17.392024], [-52.970521, -17.39225], [-52.971618, -17.392557], [-52.972282, -17.392707], [-52.972952, -17.392827], [-52.985664, -17.394616], [-52.98672, -17.394788], [-52.987547, -17.394957], [-52.988384, -17.395151], [-52.995789, -17.396934], [-52.996277, -17.39703], [-52.997007, -17.397132], [-52.997489, -17.397174], [-52.997951, -17.397193], [-52.998417, -17.397193], [-52.999366, -17.397158], [-53.003447, -17.396971], [-53.004124, -17.396924], [-53.004566, -17.39687], [-53.005197, -17.396739], [-53.005774, -17.396561], [-53.006331, -17.39633], [-53.006873, -17.396043], [-53.007395, -17.395698], [-53.017719, -17.388058], [-53.0193, -17.386909], [-53.019926, -17.386546], [-53.020365, -17.386345], [-53.021045, -17.386105], [-53.021741, -17.385941], [-53.02221, -17.385873], [-53.02268, -17.385836], [-53.023153, -17.385832], [-53.023634, -17.385863], [-53.03856, -17.387389], [-53.046291, -17.388167], [-53.048642, -17.388388], [-53.04912, -17.388411], [-53.049842, -17.388417], [-53.050568, -17.388394], [-53.051276, -17.38834], [-53.05194, -17.38826], [-53.052769, -17.388123], [-53.05338, -17.387994], [-53.054192, -17.387786], [-53.055232, -17.387454], [-53.05633, -17.387024], [-53.068454, -17.382003], [-53.069098, -17.381725], [-53.069916, -17.381328], [-53.070505, -17.381004], [-53.071078, -17.380659], [-53.071637, -17.38029], [-53.072176, -17.379897], [-53.073063, -17.379199], [-53.077819, -17.37536], [-53.078511, -17.374855], [-53.07904, -17.374537], [-53.079405, -17.374347], [-53.07978, -17.374173], [-53.080167, -17.37402], [-53.080563, -17.373885], [-53.081168, -17.373721], [-53.081571, -17.373639], [-53.081974, -17.373577], [-53.082584, -17.373519], [-53.083365, -17.373503], [-53.091501, -17.373687], [-53.091849, -17.373665], [-53.092225, -17.373673], [-53.092428, -17.373706], [-53.102979, -17.373939], [-53.103695, -17.373974], [-53.104401, -17.374049], [-53.105293, -17.374197], [-53.106633, -17.374487], [-53.132831, -17.380319], [-53.133564, -17.380447], [-53.133983, -17.380485], [-53.134552, -17.380493], [-53.135264, -17.380437], [-53.135795, -17.380345], [-53.136491, -17.380151], [-53.137167, -17.379883], [-53.137644, -17.379639], [-53.138214, -17.379271], [-53.138737, -17.378853], [-53.139101, -17.378506], [-53.139333, -17.378251], [-53.139555, -17.377977], [-53.139767, -17.377684], [-53.140412, -17.376662], [-53.1491, -17.362786], [-53.149493, -17.362244], [-53.149933, -17.361751], [-53.150251, -17.361459], [-53.150591, -17.36119], [-53.150946, -17.360939], [-53.151316, -17.360712], [-53.151894, -17.360423], [-53.155084, -17.359072], [-53.155935, -17.358689], [-53.15655, -17.358365], [-53.156949, -17.358129], [-53.157516, -17.357749], [-53.158036, -17.357351], [-53.158518, -17.356934], [-53.160028, -17.355514], [-53.170552, -17.34554], [-53.171479, -17.344615], [-53.171543, -17.344557], [-53.171651, -17.344499], [-53.172416, -17.343772], [-53.17279, -17.34341], [-53.173113, -17.343068], [-53.173582, -17.342633], [-53.175233, -17.340882], [-53.175609, -17.340546], [-53.175883, -17.340359], [-53.17617, -17.340201], [-53.176757, -17.339946], [-53.181948, -17.337944], [-53.182513, -17.337723], [-53.182714, -17.33762], [-53.183104, -17.337485], [-53.186984, -17.335993], [-53.194717, -17.332997]]}, "properties": {"SNV": "364BGO0570", "fid": 313, "EXT_KM": 59.9, "GEOCOD": "364BGO0570", "TRECHO": "ENTR GO-194 (P/PORTELÂNDIA) - INÍCIO PISTA DUPLA", "RODOVIA": "BR-364", "SITUACAO": "PAV"}}, {"type": "Feature", "geometry": {"crs": {"type": "name", "properties": {"name": "EPSG:4674"}}, "type": "LineString", "coordinates": [[-50.565718, -17.924692], [-50.55538, -17.929039], [-50.55404, -17.929504], [-50.553196, -17.929846], [-50.552507, -17.930148]]}, "properties": {"SNV": "452BGO0011", "fid": 334, "EXT_KM": 1.9, "GEOCOD": "452BGO0011", "TRECHO": "ENTR GO-501 (P/OUROANA) - ENTR GO-164 (P/SANTA HELENA)", "RODOVIA": "BR-452", "SITUACAO": "PAV"}}, {"type": "Feature", "geometry": {"crs": {"type": "name", "properties": {"name": "EPSG:4674"}}, "type": "LineString", "coordinates": [[-53.194717, -17.332997], [-53.195623, -17.332587], [-53.196594, -17.332206], [-53.197001, -17.332029], [-53.198021, -17.331656], [-53.201405, -17.330347], [-53.202007, -17.330099], [-53.202579, -17.329811], [-53.203087, -17.329503], [-53.203583, -17.329148], [-53.204021, -17.328794], [-53.204505, -17.328317], [-53.205137, -17.32757], [-53.205835, -17.326623], [-53.206282, -17.325988], [-53.206469, -17.325768], [-53.207179, -17.324844], [-53.208041, -17.323672], [-53.208522, -17.323032], [-53.208585, -17.322966], [-53.208935, -17.322472], [-53.210163, -17.320829], [-53.210441, -17.320436], [-53.211231, -17.319397], [-53.21149, -17.319023], [-53.211901, -17.318715]]}, "properties": {"SNV": "364BGO0580", "fid": 314, "EXT_KM": 2.6, "GEOCOD": "364BGO0580", "TRECHO": "INÍCIO PISTA DUPLA - DIV GO/MT (INÍCIO PONTE S/RIO ARAGUAIA)", "RODOVIA": "BR-364", "SITUACAO": "DUP"}}, {"type": "Feature", "geometry": {"crs": {"type": "name", "properties": {"name": "EPSG:4674"}}, "type": "LineString", "coordinates": [[-49.132729, -13.44101], [-49.133116, -13.442533], [-49.133638, -13.444832], [-49.135137, -13.451233], [-49.135239, -13.451797], [-49.135319, -13.452479], [-49.13536, -13.452627], [-49.135397, -13.453067], [-49.135515, -13.456253], [-49.135665, -13.461135], [-49.135681, -13.462115], [-49.135854, -13.467335], [-49.13642, -13.485751], [-49.13642, -13.486724], [-49.13636, -13.4875], [-49.136263, -13.488071], [-49.136066, -13.488866], [-49.135939, -13.489265], [-49.135715, -13.489843], [-49.135457, -13.490396], [-49.135154, -13.490949], [-49.106111, -13.539743], [-49.103962, -13.543324], [-49.101468, -13.547523], [-49.101055, -13.548187], [-49.100711, -13.548651], [-49.100193, -13.549229], [-49.099769, -13.549624], [-49.099166, -13.550092], [-49.09853, -13.550492], [-49.098035, -13.55074], [-49.097339, -13.551013], [-49.096605, -13.55123], [-49.096037, -13.551347], [-49.089288, -13.55245], [-49.087848, -13.552678], [-49.087163, -13.552765], [-49.086062, -13.552969], [-49.085168, -13.553112], [-49.084978, -13.553114], [-49.084563, -13.553189], [-49.084265, -13.553261], [-49.083449, -13.553395], [-49.065245, -13.556366], [-49.064512, -13.556511], [-49.063973, -13.556657], [-49.063445, -13.556843], [-49.062943, -13.557073], [-49.06262, -13.557243], [-49.06216, -13.557527], [-49.061727, -13.55784], [-49.061308, -13.558191], [-49.054919, -13.564033], [-49.050423, -13.56811], [-49.045334, -13.572765], [-49.044775, -13.573341], [-49.044387, -13.57378], [-49.043923, -13.574381], [-49.043599, -13.574831], [-49.043132, -13.575569], [-49.042874, -13.576028], [-49.042561, -13.576674], [-49.042274, -13.577343], [-49.042077, -13.57787], [-49.041904, -13.578417], [-49.041717, -13.579145], [-49.041605, -13.579696], [-49.041515, -13.580268], [-49.041447, -13.580877], [-49.041409, -13.581512], [-49.041401, -13.582153], [-49.042691, -13.626401], [-49.04269, -13.626936], [-49.042664, -13.627489], [-49.042552, -13.628443], [-49.042153, -13.630831], [-49.042006, -13.631896], [-49.041903, -13.632504], [-49.041687, -13.633585], [-49.039164, -13.648585], [-49.038871, -13.650145], [-49.038766, -13.65052], [-49.038639, -13.650888], [-49.038486, -13.651253], [-49.038306, -13.651626], [-49.037598, -13.653002], [-49.036582, -13.654943], [-49.034647, -13.658704], [-49.033635, -13.660622], [-49.031223, -13.665301], [-49.028836, -13.669872], [-49.024261, -13.678715], [-49.023947, -13.679411], [-49.023751, -13.679972], [-49.023642, -13.680373], [-49.023528, -13.680986], [-49.023449, -13.681603], [-49.022756, -13.688387], [-49.022432, -13.691719], [-49.021363, -13.701996], [-49.020938, -13.706299], [-49.02092, -13.707169], [-49.02101, -13.710994], [-49.021021, -13.71229], [-49.021, -13.712756], [-49.021033, -13.714379]]}, "properties": {"SNV": "414BGO0010", "fid": 315, "EXT_KM": 38.6, "GEOCOD": "414BGO0010", "TRECHO": "ENTR BR-153/414/GO-244/353 (PORANGATU) - ENTR BR-153/414/GO-241 (STA TEREZA DE GOIÁS)", "RODOVIA": "BR-414", "SITUACAO": "PAV"}}, {"type": "Feature", "geometry": {"crs": {"type": "name", "properties": {"name": "EPSG:4674"}}, "type": "LineString", "coordinates": [[-49.345498, -18.382339], [-49.346506, -18.383466], [-49.347056, -18.384009], [-49.348746, -18.385802], [-49.349269, -18.386324], [-49.350018, -18.387016], [-49.350492, -18.387361], [-49.350841, -18.38757], [-49.354304, -18.38924], [-49.354969, -18.389545], [-49.358206, -18.391137], [-49.362125, -18.393014], [-49.364164, -18.394013], [-49.365224, -18.39451], [-49.365828, -18.394771], [-49.36703, -18.395387], [-49.373678, -18.398591], [-49.374318, -18.398881], [-49.374802, -18.399132], [-49.379471, -18.401382], [-49.382004, -18.402579], [-49.385061, -18.404068], [-49.39, -18.406422], [-49.390957, -18.406894], [-49.391445, -18.407174], [-49.391931, -18.407508], [-49.392263, -18.407761], [-49.392563, -18.408024], [-49.392992, -18.408471], [-49.393308, -18.408849], [-49.393572, -18.40922], [-49.393762, -18.409521], [-49.394258, -18.41043], [-49.395096, -18.412052], [-49.398683, -18.419107], [-49.400865, -18.423349], [-49.401135, -18.423851], [-49.401451, -18.424343], [-49.401812, -18.424813], [-49.402171, -18.42522], [-49.402531, -18.425574], [-49.402981, -18.425959], [-49.416212, -18.436075], [-49.416793, -18.436542], [-49.417228, -18.436935], [-49.417626, -18.437378], [-49.418181, -18.438229], [-49.418523, -18.438908], [-49.423488, -18.450312], [-49.423665, -18.450859], [-49.423869, -18.451761], [-49.424758, -18.457617], [-49.424931, -18.458922], [-49.425157, -18.459908], [-49.4256, -18.460945], [-49.425819, -18.461298], [-49.426081, -18.461681], [-49.427, -18.46273], [-49.429381, -18.465185], [-49.430308, -18.466087], [-49.432654, -18.46789], [-49.437322, -18.471359], [-49.440691, -18.473941], [-49.441504, -18.474465], [-49.448181, -18.477909], [-49.457283, -18.482677], [-49.458071, -18.482985], [-49.459338, -18.483412], [-49.460026, -18.483603], [-49.465461, -18.485401], [-49.466332, -18.485784], [-49.466801, -18.486061]]}, "properties": {"SNV": "483BGO0040", "fid": 365, "EXT_KM": 18, "GEOCOD": "483BGO0040", "TRECHO": "ENTR BR-154/452/483/GO-206 (ACESSO OESTE ITUMBIARA) - ACESSO LESTE CACHOEIRA DOURADA", "RODOVIA": "BR-483", "SITUACAO": "PLA"}}, {"type": "Feature", "geometry": {"crs": {"type": "name", "properties": {"name": "EPSG:4674"}}, "type": "LineString", "coordinates": [[-48.847506, -13.648138], [-48.847437, -13.648209], [-48.840534, -13.648302], [-48.834304, -13.648429], [-48.829409, -13.648557], [-48.828138, -13.648874], [-48.826676, -13.64951], [-48.824833, -13.650718], [-48.819239, -13.654214], [-48.815742, -13.656375], [-48.813899, -13.657392], [-48.81231, -13.658727], [-48.810466, -13.660571], [-48.808432, -13.662732], [-48.806689, -13.664554], [-48.805998, -13.665327], [-48.805143, -13.666181], [-48.803963, -13.666873], [-48.80319, -13.667198], [-48.802092, -13.667361], [-48.797373, -13.66732], [-48.796234, -13.667239], [-48.794647, -13.666832], [-48.79066, -13.665734], [-48.78826, -13.665042], [-48.787446, -13.664961], [-48.786795, -13.665083], [-48.786185, -13.665449], [-48.785737, -13.666059], [-48.785412, -13.666995], [-48.785005, -13.668297], [-48.783907, -13.671389], [-48.783378, -13.671918], [-48.782605, -13.672446], [-48.781547, -13.673016], [-48.780977, -13.673382], [-48.78053, -13.674236], [-48.780076, -13.674867], [-48.779316, -13.675355], [-48.777309, -13.676115], [-48.776062, -13.676711], [-48.775519, -13.6772], [-48.774922, -13.678339], [-48.77476, -13.679695], [-48.774163, -13.681376], [-48.773783, -13.682895], [-48.773187, -13.683492], [-48.772536, -13.683546], [-48.771939, -13.683329], [-48.771125, -13.682407], [-48.769824, -13.680834], [-48.769281, -13.680563], [-48.768576, -13.680508], [-48.767979, -13.680888], [-48.767383, -13.681105], [-48.766677, -13.681268], [-48.765647, -13.681322], [-48.764833, -13.681539], [-48.763748, -13.68219], [-48.762935, -13.682841], [-48.762446, -13.683709], [-48.762012, -13.684848], [-48.761036, -13.685607], [-48.760168, -13.68653], [-48.7593, -13.687777], [-48.758595, -13.688916], [-48.755829, -13.696673], [-48.755232, -13.698572], [-48.754798, -13.69944], [-48.754364, -13.70123], [-48.752194, -13.705027], [-48.751272, -13.706871], [-48.750187, -13.70801], [-48.748885, -13.708987], [-48.747204, -13.710071], [-48.744654, -13.711753], [-48.74102, -13.714194], [-48.739338, -13.715062], [-48.73489, -13.716906], [-48.730025, -13.719038], [-48.728419, -13.719602], [-48.72434, -13.720513], [-48.723429, -13.720644], [-48.720217, -13.720383], [-48.717787, -13.720123], [-48.711234, -13.7206], [-48.708848, -13.72073], [-48.706418, -13.721121], [-48.703814, -13.721598], [-48.701991, -13.721729], [-48.700646, -13.721555], [-48.699214, -13.721121], [-48.696957, -13.719949], [-48.693225, -13.71791], [-48.688626, -13.715263], [-48.679252, -13.710012], [-48.677647, -13.70884], [-48.676562, -13.707538], [-48.675347, -13.704935], [-48.674435, -13.702808], [-48.673698, -13.70142], [-48.672699, -13.701072], [-48.671788, -13.701246], [-48.67053, -13.701637], [-48.669575, -13.70168], [-48.668664, -13.701072], [-48.667535, -13.699857], [-48.665452, -13.697471], [-48.663934, -13.695778], [-48.662632, -13.693695], [-48.661547, -13.691742], [-48.660983, -13.690874], [-48.659594, -13.689573], [-48.653996, -13.684799], [-48.64957, -13.68072], [-48.647313, -13.678767], [-48.64484, -13.676945], [-48.642583, -13.67586], [-48.641585, -13.675556], [-48.640761, -13.675903], [-48.639849, -13.676511], [-48.638721, -13.677075], [-48.638113, -13.677248], [-48.634512, -13.677248], [-48.633297, -13.677422], [-48.632342, -13.677465], [-48.631344, -13.677292], [-48.630519, -13.677292], [-48.629868, -13.677899], [-48.629174, -13.678897], [-48.628523, -13.679418], [-48.627894, -13.679498], [-48.626968, -13.679151], [-48.625984, -13.679151], [-48.623323, -13.679208], [-48.622108, -13.679266], [-48.621124, -13.67944], [-48.619678, -13.680076], [-48.615975, -13.682275], [-48.611346, -13.684763], [-48.610594, -13.685399], [-48.609784, -13.686499], [-48.609321, -13.68783], [-48.608395, -13.689334], [-48.607527, -13.690144], [-48.606717, -13.690433], [-48.605502, -13.690665], [-48.604692, -13.690954], [-48.604287, -13.691417], [-48.603245, -13.692285], [-48.60041, -13.693905], [-48.59798, -13.695236], [-48.596533, -13.695756], [-48.595376, -13.696046], [-48.59393, -13.696566], [-48.592599, -13.697145], [-48.591673, -13.697839], [-48.591152, -13.698765], [-48.591095, -13.699807], [-48.590632, -13.700732], [-48.5904, -13.7016], [-48.59069, -13.702353], [-48.590863, -13.70351], [-48.590458, -13.70432], [-48.589475, -13.705072], [-48.58878, -13.706229], [-48.588549, -13.707676], [-48.588202, -13.709643], [-48.588202, -13.710858], [-48.589185, -13.714619], [-48.590227, -13.718264], [-48.5915, -13.721909], [-48.5915, -13.722546], [-48.591152, -13.723703], [-48.589475, -13.727117], [-48.587276, -13.731861], [-48.586639, -13.733076], [-48.585887, -13.734928], [-48.583817, -13.740896], [-48.583373, -13.742111], [-48.582395, -13.744036], [-48.581595, -13.745429], [-48.58118, -13.746377], [-48.581032, -13.747295], [-48.580914, -13.748539], [-48.580706, -13.749369], [-48.580084, -13.751057], [-48.57967, -13.752242], [-48.579433, -13.75319], [-48.579196, -13.755145], [-48.578959, -13.756864], [-48.578573, -13.760034], [-48.578277, -13.7611], [-48.578011, -13.76187], [-48.577448, -13.762581], [-48.575878, -13.764655], [-48.575137, -13.765573], [-48.574574, -13.766166], [-48.573093, -13.767292], [-48.5725, -13.767943], [-48.57173, -13.768891], [-48.571138, -13.76978], [-48.570753, -13.770491], [-48.570456, -13.771261], [-48.570219, -13.772328], [-48.569834, -13.774372], [-48.569182, -13.778075], [-48.568638, -13.780887], [-48.568237, -13.783108], [-48.568152, -13.783666], [-48.567426, -13.787095]]}, "properties": {"SNV": "414BGO0050", "fid": 319, "EXT_KM": 45.6, "GEOCOD": "414BGO0050", "TRECHO": "ENTR GO-142 (P/TROMBAS) - ENTR GO-241/442 (CAMPINAÇU)", "RODOVIA": "BR-414", "SITUACAO": "PLA"}}, {"type": "Feature", "geometry": {"crs": {"type": "name", "properties": {"name": "EPSG:4674"}}, "type": "LineString", "coordinates": [[-48.567426, -13.787095], [-48.501976, -14.058872], [-48.500617, -14.076149], [-48.500207, -14.081524], [-48.486958, -14.249713], [-48.480652, -14.314126], [-48.479822, -14.322781], [-48.474473, -14.377353], [-48.473999, -14.382343], [-48.469951, -14.406883], [-48.467665, -14.420872], [-48.467063, -14.424466], [-48.466489, -14.428041], [-48.465149, -14.436089], [-48.463494, -14.446243], [-48.462599, -14.451595], [-48.461287, -14.459611]]}, "properties": {"SNV": "414BGO0070", "fid": 320, "EXT_KM": 94.3, "GEOCOD": "414BGO0070", "TRECHO": "ENTR GO-241/442 (CAMPINAÇU) - ENTR GO-237 (NIQUELÂNDIA)", "RODOVIA": "BR-414", "SITUACAO": "PLA"}}, {"type": "Feature", "geometry": {"crs": {"type": "name", "properties": {"name": "EPSG:4674"}}, "type": "LineString", "coordinates": [[-49.47122, -18.491024], [-49.471842, -18.491482], [-49.472421, -18.491813], [-49.472892, -18.492048], [-49.473447, -18.492284], [-49.476144, -18.493178], [-49.476315, -18.493252], [-49.476412, -18.493268], [-49.476515, -18.493247], [-49.477809, -18.492454], [-49.488776, -18.483444], [-49.489488, -18.48296], [-49.49003, -18.482646], [-49.490771, -18.482361], [-49.497242, -18.480622], [-49.499608, -18.479967], [-49.502088, -18.479311], [-49.503, -18.47914], [-49.503798, -18.478969], [-49.506278, -18.478769], [-49.512287, -18.478165]]}, "properties": {"SNV": "483BGO0045", "fid": 367, "EXT_KM": 4.9, "GEOCOD": "483BGO0045", "TRECHO": "ENTR GO-309 (CACHOEIRA DOURADA) - ENTR BR-154/483 (ACESSO OESTE CACHOEIRA DOURADA)", "RODOVIA": "BR-483", "SITUACAO": "PLA"}}, {"type": "Feature", "geometry": {"crs": {"type": "name", "properties": {"name": "EPSG:4674"}}, "type": "LineString", "coordinates": [[-48.461287, -14.459611], [-48.461887, -14.460555], [-48.461985, -14.460714], [-48.462025, -14.46081], [-48.462084, -14.460871], [-48.462725, -14.461884], [-48.462947, -14.462215], [-48.463175, -14.46249], [-48.463374, -14.462648], [-48.463634, -14.462788], [-48.463937, -14.462913], [-48.464417, -14.463073], [-48.464534, -14.463146], [-48.46473, -14.463189], [-48.46481, -14.463241], [-48.464993, -14.463448], [-48.465072, -14.463491], [-48.465195, -14.46351], [-48.465624, -14.463512], [-48.465805, -14.463543], [-48.467323, -14.464072], [-48.468149, -14.464343], [-48.469058, -14.464586], [-48.470152, -14.464904], [-48.473583, -14.465836], [-48.474165, -14.46594], [-48.475002, -14.46605], [-48.478291, -14.466371], [-48.479122, -14.466472], [-48.481152, -14.46681], [-48.48148, -14.466893]]}, "properties": {"SNV": "414BGO0080", "fid": 321, "EXT_KM": 2.4, "GEOCOD": "414BGO0080", "TRECHO": "ENTR GO-237 (NIQUELÂNDIA) - ENTR GO-237", "RODOVIA": "BR-414", "SITUACAO": "PAV"}}, {"type": "Feature", "geometry": {"crs": {"type": "name", "properties": {"name": "EPSG:4674"}}, "type": "LineString", "coordinates": [[-48.749252, -15.102087], [-48.749566, -15.102772], [-48.74965, -15.102999], [-48.749759, -15.103368], [-48.749885, -15.103963], [-48.749939, -15.104597], [-48.749934, -15.105124], [-48.749861, -15.105745], [-48.749707, -15.106352], [-48.749491, -15.106942], [-48.749263, -15.107398], [-48.748872, -15.108032], [-48.746735, -15.111177], [-48.746281, -15.111813], [-48.745937, -15.112235], [-48.74568, -15.112506], [-48.745396, -15.11277], [-48.744921, -15.113142], [-48.744404, -15.113473], [-48.744035, -15.113666], [-48.743655, -15.11384], [-48.742659, -15.11425], [-48.729791, -15.119432], [-48.727229, -15.120456], [-48.726473, -15.120731], [-48.726079, -15.120847], [-48.725475, -15.120987], [-48.725074, -15.12106], [-48.72447, -15.121139], [-48.714364, -15.121972], [-48.713158, -15.1221], [-48.713035, -15.122134], [-48.712665, -15.122282], [-48.712261, -15.122465], [-48.711804, -15.122736], [-48.711527, -15.122949], [-48.71115, -15.123309], [-48.710912, -15.123586], [-48.710603, -15.124041], [-48.710441, -15.124365], [-48.710315, -15.124694], [-48.710184, -15.12519], [-48.71013, -15.125531], [-48.71011, -15.125877], [-48.710121, -15.126224], [-48.710166, -15.126565], [-48.710291, -15.12707], [-48.710413, -15.127397], [-48.710569, -15.127723], [-48.71086, -15.128232], [-48.714293, -15.133853], [-48.714463, -15.134168], [-48.714691, -15.134657], [-48.714948, -15.135345], [-48.715053, -15.135712], [-48.71519, -15.136298], [-48.716313, -15.141659], [-48.71636, -15.142012], [-48.716391, -15.142531], [-48.716387, -15.142875], [-48.716345, -15.143397], [-48.716226, -15.144093], [-48.716139, -15.144431], [-48.716033, -15.14476], [-48.715907, -15.145076], [-48.715687, -15.145543], [-48.715333, -15.146151], [-48.703269, -15.163054], [-48.70305, -15.163393], [-48.702812, -15.16384], [-48.702612, -15.164323], [-48.702462, -15.164806], [-48.702367, -15.165272], [-48.702294, -15.165889], [-48.702287, -15.166294], [-48.702313, -15.166943], [-48.702301, -15.167227], [-48.702335, -15.167346], [-48.702371, -15.168085], [-48.702675, -15.175098], [-48.703488, -15.192984], [-48.703501, -15.193527], [-48.703484, -15.194044], [-48.703396, -15.194899], [-48.703228, -15.195733], [-48.700287, -15.206826], [-48.699926, -15.208091], [-48.69983, -15.208258], [-48.699795, -15.20829]]}, "properties": {"SNV": "414BGO0100", "fid": 324, "EXT_KM": 15.3, "GEOCOD": "414BGO0100", "TRECHO": "ENTR GO-564 - ENTR BR-080/414 (DOIS IRMÃOS)", "RODOVIA": "BR-414", "SITUACAO": "PAV"}}, {"type": "Feature", "geometry": {"crs": {"type": "name", "properties": {"name": "EPSG:4674"}}, "type": "LineString", "coordinates": [[-48.699795, -15.20829], [-48.697867, -15.215829], [-48.696446, -15.220926], [-48.694525, -15.228921], [-48.691958, -15.237914], [-48.688678, -15.250063], [-48.688022, -15.253823], [-48.686253, -15.267152], [-48.685857, -15.268657], [-48.685318, -15.270454], [-48.683194, -15.276073], [-48.68139, -15.280582], [-48.680726, -15.282935], [-48.679312, -15.286419], [-48.677651, -15.291316], [-48.676613, -15.293517], [-48.674799, -15.296205], [-48.670548, -15.301953], [-48.660034, -15.315779], [-48.653939, -15.325648], [-48.65038, -15.331519], [-48.647948, -15.335828], [-48.647666, -15.337614], [-48.647488, -15.341096], [-48.646557, -15.357433]]}, "properties": {"SNV": "414BGO0110", "fid": 325, "EXT_KM": 17, "GEOCOD": "414BGO0110", "TRECHO": "ENTR BR-080/414 (DOIS IRMÃOS) - ENTR BR-251/414/GO-230", "RODOVIA": "BR-414", "SITUACAO": "PAV"}}, {"type": "Feature", "geometry": {"crs": {"type": "name", "properties": {"name": "EPSG:4674"}}, "type": "LineString", "coordinates": [[-48.646557, -15.357433], [-48.646425, -15.359239], [-48.645525, -15.37495], [-48.645335, -15.378007], [-48.645184, -15.378725], [-48.645036, -15.379318], [-48.644785, -15.379882], [-48.643365, -15.382023], [-48.638315, -15.390051], [-48.628604, -15.408599], [-48.625055, -15.415456], [-48.624481, -15.416852], [-48.624179, -15.41797], [-48.622094, -15.426489], [-48.619934, -15.435781], [-48.614698, -15.457304], [-48.613498, -15.462736], [-48.613505, -15.463384], [-48.614267, -15.468541], [-48.616388, -15.481703], [-48.616614, -15.482434], [-48.618373, -15.485939], [-48.618608, -15.486889], [-48.61869, -15.487519], [-48.618712, -15.488243], [-48.618646, -15.488873]]}, "properties": {"SNV": "414BGO0111", "fid": 326, "EXT_KM": 15.3, "GEOCOD": "414BGO0111", "TRECHO": "ENTR BR-251/414/GO-230 - INÍCIO PONTE S/RIO OLIVEIRA COSTA", "RODOVIA": "BR-414", "SITUACAO": "PAV"}}, {"type": "Feature", "geometry": {"crs": {"type": "name", "properties": {"name": "EPSG:4674"}}, "type": "LineString", "coordinates": [[-48.75061, -15.754426], [-48.754282, -15.758737], [-48.755224, -15.759881], [-48.755592, -15.760368], [-48.756045, -15.761012], [-48.756939, -15.762452], [-48.757473, -15.763386], [-48.758015, -15.764428], [-48.758711, -15.765677], [-48.768161, -15.782546], [-48.768555, -15.783288], [-48.768911, -15.784133], [-48.769307, -15.784933], [-48.769681, -15.785541], [-48.771143, -15.788202], [-48.77237, -15.790395], [-48.772651, -15.790851]]}, "properties": {"SNV": "414BGO0120", "fid": 329, "EXT_KM": 1.8, "GEOCOD": "414BGO0120", "TRECHO": "ENTR BR-070/414 (ACESSO NORTE COCALZINHO DE GOIÁS) - ENTR BR-070/414 (COCALZINHO DE GOIÁS)", "RODOVIA": "BR-414", "SITUACAO": "PAV"}}, {"type": "Feature", "geometry": {"crs": {"type": "name", "properties": {"name": "EPSG:4674"}}, "type": "LineString", "coordinates": [[-48.772651, -15.790851], [-48.773199, -15.791592], [-48.773535, -15.79214], [-48.778578, -15.801168], [-48.778957, -15.801811], [-48.78128, -15.80596], [-48.781685, -15.806742], [-48.781912, -15.807293], [-48.782056, -15.807736], [-48.782247, -15.808546], [-48.782298, -15.808874], [-48.782343, -15.809367], [-48.782355, -15.809692], [-48.782345, -15.81018], [-48.782307, -15.810666], [-48.782262, -15.810986], [-48.782169, -15.811458], [-48.782088, -15.811775], [-48.781986, -15.812117], [-48.781786, -15.812675], [-48.778804, -15.820396], [-48.778641, -15.820904], [-48.778523, -15.821384], [-48.778468, -15.821689], [-48.778405, -15.82224], [-48.778376, -15.82307], [-48.778358, -15.823244], [-48.778383, -15.823404], [-48.778395, -15.825228], [-48.778424, -15.825962], [-48.778484, -15.826409], [-48.778645, -15.827114], [-48.778827, -15.827653], [-48.779072, -15.828182], [-48.779932, -15.82988], [-48.780045, -15.830127], [-48.780134, -15.830381], [-48.780195, -15.830641], [-48.780222, -15.831037], [-48.780201, -15.831433], [-48.780143, -15.831993], [-48.780018, -15.832689], [-48.779937, -15.832951], [-48.779836, -15.833202], [-48.779701, -15.833446], [-48.779537, -15.833682], [-48.779209, -15.834041], [-48.7788, -15.834382], [-48.771608, -15.840077], [-48.771235, -15.840399], [-48.770923, -15.840749], [-48.770757, -15.840997], [-48.770625, -15.841254], [-48.770473, -15.841647], [-48.770404, -15.841917], [-48.77035, -15.842464], [-48.77039, -15.843801], [-48.770382, -15.84443], [-48.770297, -15.844913], [-48.770081, -15.845915], [-48.769956, -15.846314], [-48.769826, -15.846594], [-48.769654, -15.846857], [-48.769449, -15.847091], [-48.769224, -15.847283], [-48.768989, -15.847437], [-48.768828, -15.847524], [-48.768598, -15.84762], [-48.767937, -15.847808], [-48.767658, -15.847858], [-48.767136, -15.848032], [-48.766775, -15.848177], [-48.766411, -15.848364], [-48.766159, -15.848535], [-48.765792, -15.848844], [-48.765523, -15.849122], [-48.765272, -15.84944], [-48.764975, -15.849937], [-48.764858, -15.850208], [-48.764733, -15.850627], [-48.764641, -15.851202], [-48.764641, -15.851636], [-48.764685, -15.852066], [-48.764792, -15.852493], [-48.76498, -15.853089], [-48.765078, -15.853206], [-48.765841, -15.854865], [-48.766085, -15.855352], [-48.766249, -15.855648], [-48.766519, -15.856059], [-48.766714, -15.856319], [-48.767373, -15.857124], [-48.771602, -15.862194], [-48.772061, -15.862762], [-48.772375, -15.863209], [-48.772645, -15.863683], [-48.772851, -15.864167], [-48.773027, -15.864672], [-48.773499, -15.86615], [-48.773627, -15.866498], [-48.773772, -15.866826], [-48.773932, -15.867136], [-48.774203, -15.867565], [-48.774502, -15.867954], [-48.77483, -15.868316], [-48.7753, -15.86874], [-48.775658, -15.869006], [-48.776153, -15.869309], [-48.776688, -15.869565], [-48.777128, -15.869726], [-48.777562, -15.869851], [-48.779062, -15.870164], [-48.779476, -15.870264], [-48.780035, -15.870452], [-48.780443, -15.870632], [-48.780856, -15.870851], [-48.781603, -15.871305], [-48.78349, -15.872487], [-48.783822, -15.872719], [-48.784105, -15.872966], [-48.784337, -15.873237], [-48.784588, -15.873642], [-48.784752, -15.874], [-48.784823, -15.874262], [-48.78487, -15.874542], [-48.784887, -15.874826], [-48.784895, -15.875637], [-48.784938, -15.876014], [-48.785005, -15.876248], [-48.785103, -15.876465], [-48.785229, -15.87667], [-48.785471, -15.876959], [-48.785786, -15.877239], [-48.78647, -15.877767], [-48.79114, -15.881276], [-48.795912, -15.884892], [-48.796212, -15.885151], [-48.796302, -15.885248], [-48.796456, -15.88546], [-48.796579, -15.885682], [-48.796677, -15.885923], [-48.796742, -15.886177], [-48.796781, -15.886455], [-48.79688, -15.889024], [-48.796867, -15.889508], [-48.796797, -15.890035], [-48.796674, -15.890575], [-48.796108, -15.892485], [-48.795994, -15.892932], [-48.795941, -15.893229], [-48.795909, -15.893528], [-48.795895, -15.8943], [-48.795942, -15.894797], [-48.796043, -15.895319], [-48.796781, -15.89813], [-48.796939, -15.89863], [-48.797197, -15.899202], [-48.797476, -15.899676], [-48.800113, -15.903368], [-48.800369, -15.903761], [-48.800506, -15.904034], [-48.800604, -15.90432], [-48.800666, -15.904611], [-48.800721, -15.905366], [-48.800759, -15.905683], [-48.800852, -15.906178], [-48.80095, -15.906534], [-48.801608, -15.908498], [-48.801973, -15.909507], [-48.802264, -15.910452], [-48.802613, -15.91148], [-48.802854, -15.912077], [-48.803146, -15.912622], [-48.803551, -15.913205], [-48.804381, -15.914292], [-48.804769, -15.914729], [-48.805166, -15.915077], [-48.805662, -15.915435], [-48.806145, -15.915712], [-48.806493, -15.915879], [-48.807351, -15.916221], [-48.80786, -15.91645], [-48.80821, -15.916666], [-48.808344, -15.916782], [-48.808455, -15.916902], [-48.808475, -15.916982], [-48.80855, -15.917037], [-48.808596, -15.917109], [-48.808816, -15.917546], [-48.808911, -15.917787], [-48.808987, -15.918057], [-48.809004, -15.918244], [-48.808995, -15.918329]]}, "properties": {"SNV": "414BGO0130", "fid": 330, "EXT_KM": 20.7, "GEOCOD": "414BGO0130", "TRECHO": "ENTR BR-070/414 (COCALZINHO DE GOIÁS) - ENTR GO-225 (CORUMBÁ DE GOIÁS)", "RODOVIA": "BR-414", "SITUACAO": "PAV"}}, {"type": "Feature", "geometry": {"crs": {"type": "name", "properties": {"name": "EPSG:4674"}}, "type": "LineString", "coordinates": [[-48.808995, -15.918329], [-48.808855, -15.918783], [-48.808818, -15.919295], [-48.808783, -15.919467], [-48.808599, -15.919865], [-48.808303, -15.920352], [-48.807842, -15.921007], [-48.806945, -15.922171], [-48.806403, -15.922907], [-48.806287, -15.923092], [-48.806182, -15.92333], [-48.806087, -15.923728], [-48.805956, -15.924744], [-48.805643, -15.926689], [-48.805327, -15.928215], [-48.804945, -15.92995], [-48.804866, -15.930393], [-48.804853, -15.930671], [-48.804877, -15.930845], [-48.805231, -15.93188], [-48.805668, -15.933299], [-48.805806, -15.933807], [-48.80585, -15.934141], [-48.805848, -15.934381], [-48.805792, -15.934767], [-48.805667, -15.935186], [-48.805196, -15.936571], [-48.805172, -15.93673], [-48.805113, -15.936871], [-48.805083, -15.937022], [-48.805026, -15.937482], [-48.805027, -15.937798], [-48.805077, -15.938275], [-48.805161, -15.938764], [-48.805512, -15.940539], [-48.80558, -15.940994], [-48.805611, -15.94144], [-48.805603, -15.942027], [-48.805538, -15.94267], [-48.805479, -15.943012], [-48.805342, -15.943539], [-48.80523, -15.943893], [-48.805093, -15.944249], [-48.804927, -15.944602], [-48.804191, -15.945971], [-48.803964, -15.946445], [-48.803797, -15.946921], [-48.803679, -15.947402], [-48.803623, -15.94772], [-48.803573, -15.948207], [-48.803573, -15.948863], [-48.803617, -15.949339], [-48.803672, -15.949653], [-48.803836, -15.950258], [-48.80399, -15.950687], [-48.804173, -15.951098], [-48.804384, -15.951488], [-48.80454, -15.951734], [-48.804794, -15.952083], [-48.805069, -15.952408], [-48.805264, -15.952614], [-48.805577, -15.952906], [-48.806383, -15.953528], [-48.8112, -15.957072], [-48.811472, -15.957252], [-48.811909, -15.95751], [-48.813472, -15.958352], [-48.814104, -15.958718], [-48.815207, -15.959423], [-48.816143, -15.960102], [-48.816913, -15.960712], [-48.817369, -15.961101], [-48.81782, -15.961508], [-48.818397, -15.962067], [-48.818945, -15.962626], [-48.819345, -15.963067], [-48.819752, -15.963543], [-48.820412, -15.964363], [-48.820779, -15.964856], [-48.821112, -15.965335], [-48.821848, -15.96649], [-48.82225, -15.967205], [-48.822541, -15.96776], [-48.822812, -15.968313], [-48.82314, -15.969037], [-48.823493, -15.969911], [-48.82774, -15.980984], [-48.827903, -15.981485], [-48.828012, -15.9817], [-48.829298, -15.985016], [-48.829428, -15.985313], [-48.829646, -15.985734], [-48.829901, -15.986139], [-48.830192, -15.986526], [-48.830408, -15.986779], [-48.830762, -15.98714], [-48.835943, -15.991769], [-48.836357, -15.992165], [-48.836693, -15.992554], [-48.836986, -15.992957], [-48.837162, -15.993241], [-48.837396, -15.993689], [-48.837604, -15.994177], [-48.838035, -15.995279], [-48.841764, -16.004974], [-48.84191, -16.005469], [-48.842018, -16.005987], [-48.842062, -16.006342], [-48.842087, -16.006863], [-48.842073, -16.007201], [-48.842036, -16.007532], [-48.841907, -16.008189], [-48.841817, -16.008507], [-48.841708, -16.008818], [-48.841579, -16.009126], [-48.841429, -16.009428], [-48.841156, -16.009871], [-48.838446, -16.013783], [-48.838125, -16.014347], [-48.837986, -16.014636], [-48.8378, -16.015088], [-48.837646, -16.01556], [-48.837489, -16.016224], [-48.837416, -16.01673], [-48.837382, -16.017234], [-48.837381, -16.017559], [-48.837421, -16.018198], [-48.837495, -16.018677], [-48.837608, -16.019168], [-48.837763, -16.01967], [-48.837891, -16.019998], [-48.838114, -16.020478], [-48.83837, -16.020938], [-48.838659, -16.02137], [-48.838976, -16.021779], [-48.839321, -16.022164], [-48.839691, -16.022524], [-48.840088, -16.022854], [-48.840664, -16.023258], [-48.847967, -16.028035], [-48.848584, -16.028474], [-48.849114, -16.028938], [-48.849481, -16.029315], [-48.849711, -16.029579], [-48.850123, -16.030147], [-48.850398, -16.030602], [-48.850566, -16.030922], [-48.85072, -16.031257], [-48.850859, -16.031611], [-48.851036, -16.032168], [-48.85116, -16.032738], [-48.851238, -16.03332], [-48.853317, -16.052278]]}, "properties": {"SNV": "414BGO0132", "fid": 331, "EXT_KM": 16.4, "GEOCOD": "414BGO0132", "TRECHO": "ENTR GO-225 (CORUMBÁ DE GOIÁS) - ENTR GO-338 (PLANALMIRA)", "RODOVIA": "BR-414", "SITUACAO": "PAV"}}, {"type": "Feature", "geometry": {"crs": {"type": "name", "properties": {"name": "EPSG:4674"}}, "type": "LineString", "coordinates": [[-48.853317, -16.052278], [-48.85441, -16.062161], [-48.854512, -16.063234], [-48.854532, -16.06402], [-48.854495, -16.064741], [-48.854367, -16.065683], [-48.853602, -16.070468], [-48.853394, -16.071975], [-48.853109, -16.07357], [-48.852656, -16.076336], [-48.852227, -16.079027], [-48.852114, -16.079831], [-48.8521, -16.080296], [-48.852119, -16.080602], [-48.852163, -16.080905], [-48.852234, -16.081204], [-48.852388, -16.081645], [-48.853077, -16.083231], [-48.853237, -16.083644], [-48.853359, -16.084065], [-48.85341, -16.084361], [-48.85344, -16.084672], [-48.853427, -16.085154], [-48.853343, -16.08565], [-48.853215, -16.08616], [-48.852406, -16.089106], [-48.852308, -16.089675], [-48.852273, -16.090043], [-48.852261, -16.090407], [-48.852288, -16.090941], [-48.852405, -16.091628], [-48.852495, -16.091968], [-48.852611, -16.092313], [-48.854926, -16.097887], [-48.855142, -16.098344], [-48.855371, -16.09876], [-48.85577, -16.099367], [-48.856183, -16.099906], [-48.857609, -16.101448], [-48.858184, -16.102045], [-48.858493, -16.102336], [-48.858826, -16.102595], [-48.859193, -16.102794], [-48.859591, -16.102944], [-48.86001, -16.10304], [-48.860449, -16.103078], [-48.860907, -16.10305], [-48.861219, -16.103002], [-48.862498, -16.102734], [-48.862645, -16.10267], [-48.862816, -16.102664], [-48.863296, -16.102578], [-48.863621, -16.102555], [-48.864103, -16.102592], [-48.864416, -16.10266], [-48.86472, -16.102761], [-48.86618, -16.103456], [-48.866619, -16.103616], [-48.867079, -16.103693], [-48.870039, -16.103995], [-48.870404, -16.104063], [-48.870636, -16.104132], [-48.870857, -16.104219], [-48.871062, -16.104329], [-48.871255, -16.104459], [-48.871434, -16.104607], [-48.871594, -16.104774], [-48.871737, -16.104952], [-48.871975, -16.105301], [-48.872554, -16.106379], [-48.873084, -16.107166], [-48.873379, -16.107448], [-48.873601, -16.107609], [-48.873831, -16.107748], [-48.874435, -16.108068], [-48.876252, -16.108984], [-48.876423, -16.109095], [-48.876583, -16.109152], [-48.878218, -16.109977], [-48.878672, -16.110183], [-48.879315, -16.110404], [-48.879823, -16.110524], [-48.880162, -16.110572], [-48.880666, -16.110617], [-48.880835, -16.110628], [-48.880954, -16.110591], [-48.881153, -16.110636], [-48.881298, -16.11062], [-48.881486, -16.11067], [-48.882058, -16.110733], [-48.882446, -16.110823], [-48.8827, -16.110923], [-48.883162, -16.11115], [-48.884908, -16.112058], [-48.885279, -16.112281], [-48.885576, -16.112535], [-48.885745, -16.112727], [-48.885895, -16.112941], [-48.886092, -16.113306], [-48.886827, -16.114948], [-48.887066, -16.115313], [-48.887164, -16.115429], [-48.887388, -16.115645], [-48.887648, -16.115843], [-48.8881, -16.116131], [-48.89321, -16.119167], [-48.893452, -16.119347], [-48.893666, -16.119544], [-48.893863, -16.119695], [-48.894172, -16.120296], [-48.894306, -16.120643], [-48.894383, -16.121045], [-48.894415, -16.121546], [-48.894475, -16.123962], [-48.894513, -16.12449], [-48.894617, -16.12518], [-48.895044, -16.127166], [-48.89509, -16.1277], [-48.89505, -16.128205], [-48.894929, -16.128683], [-48.894746, -16.129131], [-48.89347, -16.131537], [-48.89324, -16.132038], [-48.893106, -16.132385], [-48.892818, -16.13331], [-48.891691, -16.137247], [-48.891571, -16.137543], [-48.891565, -16.137665], [-48.891463, -16.138106], [-48.891398, -16.138478], [-48.891334, -16.139113], [-48.891332, -16.139825], [-48.891434, -16.14147], [-48.891431, -16.141835], [-48.891398, -16.142192], [-48.891368, -16.142371], [-48.891272, -16.142732], [-48.890812, -16.144001], [-48.890611, -16.144769], [-48.889555, -16.149885], [-48.889266, -16.151477], [-48.888982, -16.152784], [-48.888749, -16.154128], [-48.888304, -16.15694], [-48.888262, -16.157282], [-48.888249, -16.157603], [-48.888266, -16.157901], [-48.888309, -16.158189], [-48.888373, -16.158459], [-48.888458, -16.158709], [-48.88856, -16.158938], [-48.888817, -16.15937], [-48.888977, -16.159581], [-48.889616, -16.160311], [-48.889748, -16.160488], [-48.889935, -16.16066], [-48.890223, -16.160973], [-48.893606, -16.16471], [-48.893752, -16.164922], [-48.89406, -16.165213], [-48.89931, -16.17103], [-48.89984, -16.171688], [-48.900077, -16.172028], [-48.900402, -16.172554], [-48.900775, -16.173282], [-48.901012, -16.173856], [-48.901208, -16.174443], [-48.901404, -16.175244], [-48.90148, -16.175666], [-48.901534, -16.1761], [-48.901795, -16.179111], [-48.901942, -16.180273], [-48.902069, -16.180941], [-48.902275, -16.181821], [-48.90246, -16.182483], [-48.902669, -16.183131], [-48.902905, -16.183781], [-48.90326, -16.184656], [-48.908474, -16.197014], [-48.909096, -16.198462], [-48.90966, -16.199635], [-48.910277, -16.200754], [-48.910926, -16.201838], [-48.913622, -16.206252], [-48.914438, -16.207523], [-48.915378, -16.209131], [-48.924175, -16.223547], [-48.92551, -16.225711], [-48.92595, -16.226341], [-48.926404, -16.226905], [-48.926763, -16.227302], [-48.928551, -16.229168], [-48.928777, -16.229422], [-48.928977, -16.229695], [-48.929147, -16.229997], [-48.929287, -16.23034], [-48.929662, -16.231634], [-48.929849, -16.232174], [-48.929993, -16.23252], [-48.930243, -16.233023], [-48.930528, -16.233509], [-48.931397, -16.23479], [-48.931477, -16.23495], [-48.931602, -16.235092], [-48.931814, -16.2354], [-48.931992, -16.235718], [-48.932124, -16.235857], [-48.932233, -16.236005], [-48.932721, -16.236759], [-48.932992, -16.237239], [-48.933248, -16.237736], [-48.933717, -16.238765], [-48.934065, -16.239852], [-48.934249, -16.240594], [-48.934394, -16.241346], [-48.934509, -16.242301], [-48.934545, -16.24288], [-48.934547, -16.243462], [-48.934435, -16.246946], [-48.934473, -16.247669], [-48.934568, -16.248367], [-48.939016, -16.266864], [-48.943904, -16.286578]]}, "properties": {"SNV": "414BGO0134", "fid": 332, "EXT_KM": 30.3, "GEOCOD": "414BGO0134", "TRECHO": "ENTR GO-338 (PLANALMIRA) - ENTR BR-153/414 (ANÁPOLIS)", "RODOVIA": "BR-414", "SITUACAO": "PAV"}}, {"type": "Feature", "geometry": {"crs": {"type": "name", "properties": {"name": "EPSG:4674"}}, "type": "LineString", "coordinates": [[-50.901512, -17.78633], [-50.901532, -17.786455], [-50.901517, -17.786537], [-50.901475, -17.786627], [-50.901387, -17.786721], [-50.900327, -17.787408], [-50.898339, -17.788579], [-50.891782, -17.792349], [-50.867396, -17.806488], [-50.85991, -17.810805], [-50.85547, -17.813408], [-50.85007, -17.816545], [-50.848771, -17.817283], [-50.847132, -17.818252], [-50.846096, -17.818838], [-50.845156, -17.8194], [-50.843692, -17.820245], [-50.84341, -17.820424], [-50.843264, -17.820496], [-50.842265, -17.8211], [-50.842118, -17.821166], [-50.84183, -17.821349], [-50.841235, -17.821672], [-50.831748, -17.827188], [-50.830741, -17.82773], [-50.830023, -17.828069], [-50.829177, -17.828417], [-50.825765, -17.829712], [-50.81897, -17.832343], [-50.81884, -17.832385], [-50.818743, -17.832398], [-50.81848, -17.832492], [-50.818373, -17.832559], [-50.818173, -17.83265], [-50.817386, -17.83294], [-50.816729, -17.833212], [-50.81631, -17.833356], [-50.8143, -17.834149], [-50.813155, -17.83457], [-50.812127, -17.83498], [-50.810889, -17.83544], [-50.810349, -17.835667], [-50.807254, -17.836856], [-50.806767, -17.837058], [-50.805665, -17.837462], [-50.804176, -17.838052], [-50.803579, -17.838258], [-50.802531, -17.838682], [-50.802099, -17.838831], [-50.801376, -17.839121], [-50.800596, -17.839405], [-50.800043, -17.839643], [-50.799297, -17.839904], [-50.798914, -17.840082], [-50.796986, -17.840801], [-50.796168, -17.84113], [-50.791177, -17.84304], [-50.790613, -17.843275], [-50.789227, -17.843788], [-50.788663, -17.844023], [-50.787914, -17.844295], [-50.784853, -17.845489], [-50.783866, -17.845851], [-50.783244, -17.846105], [-50.78291, -17.846218], [-50.782314, -17.846473], [-50.781787, -17.846646], [-50.781286, -17.846864], [-50.777633, -17.848251], [-50.776655, -17.848646], [-50.775434, -17.849098], [-50.775156, -17.849222], [-50.774533, -17.849448], [-50.77346, -17.849874], [-50.772887, -17.850074], [-50.769521, -17.851375], [-50.769343, -17.851414], [-50.769038, -17.851559], [-50.767793, -17.852021], [-50.767651, -17.852098], [-50.767213, -17.852278], [-50.767061, -17.852317], [-50.766921, -17.852389], [-50.766341, -17.852586], [-50.76564, -17.852878], [-50.763775, -17.853602], [-50.763373, -17.853738], [-50.76133, -17.854523], [-50.760898, -17.854699], [-50.760621, -17.85483], [-50.76034, -17.854909], [-50.759029, -17.855407], [-50.757785, -17.855916], [-50.756525, -17.856376], [-50.755422, -17.856816], [-50.754155, -17.857288], [-50.751879, -17.85818], [-50.750362, -17.858746], [-50.749539, -17.859082], [-50.748879, -17.859321], [-50.747922, -17.859703], [-50.747095, -17.860003], [-50.745763, -17.860516], [-50.744792, -17.860922], [-50.744181, -17.861215], [-50.743488, -17.86159], [-50.742873, -17.861957], [-50.742221, -17.862386], [-50.73631, -17.866628], [-50.734991, -17.867595], [-50.734459, -17.867962], [-50.73129, -17.870237], [-50.730839, -17.870576], [-50.729961, -17.871192], [-50.728911, -17.871968], [-50.72799, -17.87261], [-50.727498, -17.872981], [-50.726318, -17.873809], [-50.72591, -17.874073], [-50.725212, -17.874454], [-50.724779, -17.874643], [-50.724021, -17.87491], [-50.723147, -17.875136], [-50.722124, -17.875278], [-50.720655, -17.875447], [-50.719077, -17.875615], [-50.718886, -17.875632], [-50.71873, -17.875626], [-50.717137, -17.875891], [-50.716547, -17.876019], [-50.715972, -17.876165], [-50.715414, -17.876341], [-50.69967, -17.880934], [-50.699051, -17.881098], [-50.697713, -17.881489], [-50.697203, -17.881655], [-50.694649, -17.882404], [-50.682678, -17.885891], [-50.682229, -17.886007], [-50.678063, -17.887235], [-50.676541, -17.887664], [-50.675443, -17.887998], [-50.671102, -17.889251], [-50.664481, -17.891192], [-50.660344, -17.892377], [-50.659329, -17.89272], [-50.658678, -17.892977], [-50.657806, -17.893377], [-50.652408, -17.896016], [-50.649644, -17.897343], [-50.641966, -17.90108], [-50.631406, -17.906183], [-50.630269, -17.906736], [-50.630087, -17.906838], [-50.627485, -17.90808], [-50.626599, -17.908525], [-50.624396, -17.909582], [-50.619013, -17.912207], [-50.618486, -17.912451], [-50.617963, -17.912718], [-50.614895, -17.914201], [-50.614531, -17.91436], [-50.61264, -17.915287], [-50.612136, -17.915498], [-50.611628, -17.915668], [-50.610951, -17.915846], [-50.610262, -17.915968], [-50.609377, -17.916027], [-50.608831, -17.916025], [-50.606299, -17.915834], [-50.60127, -17.915394], [-50.598206, -17.915152], [-50.596705, -17.915019], [-50.59651, -17.914968], [-50.596267, -17.914972], [-50.595085, -17.914883], [-50.591938, -17.914612], [-50.591596, -17.914596], [-50.590914, -17.914607], [-50.590115, -17.914682], [-50.589817, -17.914727], [-50.588992, -17.914919], [-50.587936, -17.915309], [-50.586112, -17.916066], [-50.583023, -17.917387], [-50.581598, -17.917975], [-50.577732, -17.919624], [-50.572619, -17.921769], [-50.569845, -17.922952], [-50.569176, -17.923221], [-50.567853, -17.923798], [-50.565718, -17.924692]]}, "properties": {"SNV": "452BGO0010", "fid": 333, "EXT_KM": 39, "GEOCOD": "452BGO0010", "TRECHO": "ENTR BR-060/452/AV.PRESIDENTE VARGAS (RIO VERDE) - ENTR GO-501 (P/OUROANA)", "RODOVIA": "BR-452", "SITUACAO": "PAV"}}, {"type": "Feature", "geometry": {"crs": {"type": "name", "properties": {"name": "EPSG:4674"}}, "type": "LineString", "coordinates": [[-49.512287, -18.478165], [-49.534498, -18.475919], [-49.538831, -18.47552], [-49.54382, -18.475007], [-49.544874, -18.475064], [-49.549179, -18.475434], [-49.549948, -18.475548], [-49.554994, -18.476061], [-49.563211, -18.47638], [-49.585369, -18.476769], [-49.600521, -18.477015], [-49.602824, -18.477112], [-49.629757, -18.477641], [-49.631352, -18.477682], [-49.632414, -18.477772], [-49.633751, -18.47805], [-49.636868, -18.479275], [-49.63993, -18.481001], [-49.652346, -18.487626], [-49.660363, -18.491857], [-49.662868, -18.493249], [-49.666376, -18.495086], [-49.667545, -18.49542], [-49.669327, -18.495754], [-49.674163, -18.496294], [-49.675148, -18.496426], [-49.67668, -18.496575], [-49.680354, -18.496975]]}, "properties": {"SNV": "483BGO0050", "fid": 368, "EXT_KM": 18.3, "GEOCOD": "483BGO0050", "TRECHO": "ENTR BR-154/483 (ACESSO OESTE CACHOEIRA DOURADA) - R. CÔNEGO AMORIM (ALMERINDONÓPOLIS)", "RODOVIA": "BR-483", "SITUACAO": "PLA"}}, {"type": "Feature", "geometry": {"crs": {"type": "name", "properties": {"name": "EPSG:4674"}}, "type": "LineString", "coordinates": [[-50.552507, -17.930148], [-50.55126, -17.930701], [-50.549874, -17.931369], [-50.549082, -17.93171], [-50.542504, -17.934482], [-50.54025, -17.935417], [-50.538249, -17.936277], [-50.5377, -17.936494], [-50.534443, -17.937882], [-50.516961, -17.945242], [-50.515749, -17.945759], [-50.515251, -17.946006], [-50.514928, -17.946182], [-50.514463, -17.946475], [-50.513876, -17.946904], [-50.513338, -17.947381], [-50.512974, -17.947771], [-50.51252, -17.948328], [-50.512214, -17.948765], [-50.509724, -17.952676], [-50.509617, -17.952797], [-50.50954, -17.952939], [-50.509394, -17.953147], [-50.509139, -17.953466], [-50.508718, -17.953898], [-50.508294, -17.954264], [-50.507912, -17.95455], [-50.507585, -17.954756], [-50.507131, -17.955004], [-50.506295, -17.955372], [-50.505853, -17.955524], [-50.504962, -17.955867], [-50.504677, -17.95595], [-50.504297, -17.95612], [-50.501203, -17.957314], [-50.49658, -17.959058]]}, "properties": {"SNV": "452BGO0012", "fid": 335, "EXT_KM": 6.9, "GEOCOD": "452BGO0012", "TRECHO": "ENTR GO-164 (P/SANTA HELENA) - ENTR GO-164 (P/QUIRINÓPOLIS)", "RODOVIA": "BR-452", "SITUACAO": "PAV"}}, {"type": "Feature", "geometry": {"crs": {"type": "name", "properties": {"name": "EPSG:4674"}}, "type": "LineString", "coordinates": [[-50.49658, -17.959058], [-50.487521, -17.962528], [-50.484921, -17.963503], [-50.481999, -17.964628], [-50.481091, -17.964959], [-50.480384, -17.965242], [-50.477098, -17.966498], [-50.475531, -17.967075], [-50.474808, -17.967368], [-50.472111, -17.968385], [-50.469322, -17.969459], [-50.463785, -17.97156], [-50.462448, -17.972054], [-50.460548, -17.972793], [-50.456462, -17.974338], [-50.452864, -17.975723], [-50.434562, -17.982688], [-50.433805, -17.98303], [-50.432735, -17.983579], [-50.421537, -17.989411], [-50.418054, -17.991244], [-50.417024, -17.991765], [-50.414444, -17.993111], [-50.402999, -17.999102], [-50.402463, -17.999364], [-50.401913, -17.999598], [-50.401354, -17.999796], [-50.400787, -17.999953], [-50.400217, -18.000062], [-50.399638, -18.000135], [-50.392378, -18.000545], [-50.377523, -18.00134], [-50.376791, -18.001412], [-50.376358, -18.001498], [-50.376067, -18.001575], [-50.375656, -18.001705], [-50.375183, -18.001892], [-50.374507, -18.00223], [-50.373434, -18.002893], [-50.373289, -18.002957], [-50.373004, -18.003157], [-50.371782, -18.003937], [-50.366744, -18.007096], [-50.366245, -18.007389], [-50.365585, -18.007734], [-50.345945, -18.016371]]}, "properties": {"SNV": "452BGO0030", "fid": 336, "EXT_KM": 17.3, "GEOCOD": "452BGO0030", "TRECHO": "ENTR GO-164 (P/QUIRINÓPOLIS) - ENTR GO-409 (P/MAURILÂNDIA)", "RODOVIA": "BR-452", "SITUACAO": "PAV"}}, {"type": "Feature", "geometry": {"crs": {"type": "name", "properties": {"name": "EPSG:4674"}}, "type": "LineString", "coordinates": [[-50.345945, -18.016371], [-50.32981, -18.023469], [-50.325224, -18.025502], [-50.323165, -18.026399], [-50.322312, -18.02671], [-50.300604, -18.03301], [-50.29984, -18.033227], [-50.299729, -18.03324], [-50.299467, -18.033331], [-50.293101, -18.035185], [-50.291863, -18.035533], [-50.290891, -18.035827], [-50.288498, -18.036504], [-50.28201, -18.038381], [-50.279072, -18.039247], [-50.277291, -18.039744], [-50.273622, -18.04082], [-50.27264, -18.041085], [-50.271151, -18.041536], [-50.265901, -18.043048], [-50.26508, -18.043271], [-50.264152, -18.043558], [-50.260874, -18.044484], [-50.25851, -18.045182], [-50.254414, -18.046345], [-50.252418, -18.046936], [-50.247784, -18.048267], [-50.246986, -18.048484], [-50.243392, -18.049528], [-50.242796, -18.04972], [-50.242605, -18.049753], [-50.231357, -18.052997], [-50.230261, -18.053279], [-50.229338, -18.05344], [-50.228783, -18.053493], [-50.22823, -18.05352], [-50.227317, -18.053506], [-50.226417, -18.053424], [-50.22042, -18.052622], [-50.219638, -18.052509], [-50.21922, -18.052429], [-50.218987, -18.052407]]}, "properties": {"SNV": "452BGO0032", "fid": 337, "EXT_KM": 14.1, "GEOCOD": "452BGO0032", "TRECHO": "ENTR GO-409 (P/MAURILÂNDIA) - ENTR GO-319 (P/CASTELÂNDIA)", "RODOVIA": "BR-452", "SITUACAO": "PAV"}}, {"type": "Feature", "geometry": {"crs": {"type": "name", "properties": {"name": "EPSG:4674"}}, "type": "LineString", "coordinates": [[-50.218987, -18.052407], [-50.217385, -18.052207], [-50.206479, -18.050752], [-50.202393, -18.050189], [-50.197635, -18.049559], [-50.19719, -18.049495], [-50.196948, -18.049441], [-50.196648, -18.049417], [-50.195325, -18.049251], [-50.192285, -18.048841], [-50.191768, -18.0488], [-50.191227, -18.048789], [-50.190816, -18.048802], [-50.19041, -18.048837], [-50.189624, -18.048959], [-50.189238, -18.049047], [-50.188871, -18.049153], [-50.188074, -18.04944], [-50.187396, -18.049756], [-50.186661, -18.050129], [-50.1865, -18.050194], [-50.186486, -18.05022], [-50.186125, -18.05039], [-50.183519, -18.051734], [-50.18304, -18.051945], [-50.182903, -18.052041], [-50.181454, -18.052777]]}, "properties": {"SNV": "452BGO0033", "fid": 338, "EXT_KM": 4.1, "GEOCOD": "452BGO0033", "TRECHO": "ENTR GO-319 (P/CASTELÂNDIA) - ENTR GO-410 (P/PORTEIRÃO)", "RODOVIA": "BR-452", "SITUACAO": "PAV"}}, {"type": "Feature", "geometry": {"crs": {"type": "name", "properties": {"name": "EPSG:4674"}}, "type": "LineString", "coordinates": [[-49.680354, -18.496975], [-49.684649, -18.497436], [-49.685087, -18.497515], [-49.685467, -18.49752], [-49.686978, -18.497659], [-49.69567, -18.498515], [-49.69773, -18.498682], [-49.698788, -18.498905], [-49.699845, -18.499628], [-49.702908, -18.502802], [-49.704132, -18.504027], [-49.705469, -18.504862], [-49.706916, -18.505307], [-49.716771, -18.506142], [-49.733696, -18.507479], [-49.734809, -18.507701], [-49.738873, -18.509761], [-49.74149, -18.511209], [-49.74394, -18.512211], [-49.746668, -18.513603], [-49.74973, -18.514883], [-49.751901, -18.51583], [-49.752792, -18.515941], [-49.760642, -18.516219], [-49.761421, -18.516219], [-49.762145, -18.516108], [-49.763314, -18.515774], [-49.765764, -18.514995], [-49.774839, -18.513603], [-49.780629, -18.512823], [-49.783914, -18.512322], [-49.790929, -18.511376], [-49.796329, -18.510596], [-49.813199, -18.510819], [-49.816372, -18.511765], [-49.822441, -18.513714], [-49.838308, -18.518725], [-49.839922, -18.518669], [-49.84961, -18.51789], [-49.858406, -18.516999], [-49.905119, -18.512723], [-49.919717, -18.511293], [-49.951118, -18.508265], [-49.955753, -18.507755], [-49.956586, -18.507511], [-49.957638, -18.50689], [-49.958281, -18.506446], [-49.964556, -18.501873], [-49.967906, -18.49946], [-49.969412, -18.498401], [-49.970678, -18.497464], [-49.971011, -18.497198], [-49.971488, -18.496903], [-49.971876, -18.496555], [-49.972569, -18.496144], [-49.97314, -18.495668], [-49.973318, -18.495579], [-49.973606, -18.495468], [-49.973907, -18.495389], [-49.980659, -18.493228], [-49.981866, -18.492812], [-49.983692, -18.49225], [-49.987967, -18.490871], [-49.988864, -18.490547], [-49.989384, -18.490394]]}, "properties": {"SNV": "483BGO0055", "fid": 369, "EXT_KM": 33.9, "GEOCOD": "483BGO0055", "TRECHO": "R. CÔNEGO AMORIM (ALMERINDONÓPOLIS) - ENTR GO-040 (INACIOLÂNDIA)", "RODOVIA": "BR-483", "SITUACAO": "PLA"}}, {"type": "Feature", "geometry": {"crs": {"type": "name", "properties": {"name": "EPSG:4674"}}, "type": "LineString", "coordinates": [[-50.181454, -18.052777], [-50.17782, -18.054622], [-50.171197, -18.057867], [-50.166013, -18.060576], [-50.163395, -18.062015], [-50.159855, -18.063828], [-50.159283, -18.064102], [-50.158968, -18.064282], [-50.153586, -18.067043], [-50.144658, -18.071577]]}, "properties": {"SNV": "452BGO0034", "fid": 339, "EXT_KM": 4.4, "GEOCOD": "452BGO0034", "TRECHO": "ENTR GO-410 (P/PORTEIRÃO) - ENTR GO-319", "RODOVIA": "BR-452", "SITUACAO": "PAV"}}, {"type": "Feature", "geometry": {"crs": {"type": "name", "properties": {"name": "EPSG:4674"}}, "type": "LineString", "coordinates": [[-48.433091, -16.800881], [-48.433382, -16.800665], [-48.433592, -16.800462], [-48.435024, -16.799048], [-48.435418, -16.798639], [-48.43905, -16.795098], [-48.443921, -16.790299], [-48.444696, -16.789565], [-48.44544, -16.788959], [-48.446018, -16.788564], [-48.446528, -16.788265], [-48.447312, -16.78788], [-48.447617, -16.787756], [-48.448436, -16.787478], [-48.449106, -16.787303], [-48.449877, -16.787162], [-48.462627, -16.785451], [-48.469177, -16.784561], [-48.470363, -16.784381], [-48.470552, -16.784383], [-48.471895, -16.784208], [-48.48018, -16.783093], [-48.500121, -16.780017], [-48.50518, -16.779257], [-48.50664, -16.77906], [-48.50766, -16.778879], [-48.511284, -16.778313], [-48.511765, -16.778227], [-48.51234, -16.778087], [-48.512914, -16.777895], [-48.51324, -16.777765], [-48.513967, -16.777408], [-48.514275, -16.777223], [-48.514971, -16.776733], [-48.515437, -16.776335], [-48.515847, -16.775922], [-48.516259, -16.77544], [-48.516613, -16.77495], [-48.516932, -16.774427], [-48.517203, -16.773871], [-48.517363, -16.77347], [-48.517516, -16.773008], [-48.517653, -16.772456], [-48.517767, -16.771663], [-48.518121, -16.768671], [-48.518183, -16.768286], [-48.51832, -16.767631], [-48.518391, -16.767362], [-48.518629, -16.76661], [-48.518882, -16.765982], [-48.519043, -16.765633], [-48.519328, -16.76508], [-48.519622, -16.76458], [-48.519856, -16.76423], [-48.521209, -16.762344]]}, "properties": {"SNV": "457BGO0020", "fid": 347, "EXT_KM": 11.2, "GEOCOD": "457BGO0020", "TRECHO": "ENTR GO-330 (PONTE FUNDA) - ENTR GO-010/139 (P/VIANÓPOLIS)", "RODOVIA": "BR-457", "SITUACAO": "PLA"}}, {"type": "Feature", "geometry": {"crs": {"type": "name", "properties": {"name": "EPSG:4674"}}, "type": "LineString", "coordinates": [[-48.521209, -16.762344], [-48.522209, -16.760943], [-48.524691, -16.757548], [-48.525176, -16.757029], [-48.52586, -16.756432], [-48.526431, -16.756059], [-48.527063, -16.755739], [-48.528292, -16.755298], [-48.539701, -16.75172], [-48.556156, -16.746684], [-48.562413, -16.740527], [-48.576689, -16.730306], [-48.608648, -16.720086], [-48.617408, -16.711325], [-48.622366, -16.708559], [-48.623005, -16.708246]]}, "properties": {"SNV": "457BGO0030", "fid": 348, "EXT_KM": 12.7, "GEOCOD": "457BGO0030", "TRECHO": "ENTR GO-010/139 (P/VIANÓPOLIS) - ENTR GO-139 (ACESSO SUL SILVÂNIA)", "RODOVIA": "BR-457", "SITUACAO": "PLA"}}, {"type": "Feature", "geometry": {"crs": {"type": "name", "properties": {"name": "EPSG:4674"}}, "type": "LineString", "coordinates": [[-49.73888, -18.223983], [-49.738086, -18.224671], [-49.737623, -18.225048], [-49.736727, -18.225836], [-49.732086, -18.229771], [-49.731554, -18.230184], [-49.731108, -18.230498], [-49.730632, -18.230809], [-49.730091, -18.231128], [-49.729281, -18.231542], [-49.726612, -18.232784], [-49.726225, -18.232928], [-49.724445, -18.233779], [-49.719814, -18.235905], [-49.718786, -18.236393], [-49.718456, -18.236523], [-49.714311, -18.238457], [-49.708341, -18.241185], [-49.705842, -18.242352], [-49.705383, -18.242558], [-49.704813, -18.242774], [-49.704002, -18.243183]]}, "properties": {"SNV": "452BGO0040", "fid": 341, "EXT_KM": 4.4, "GEOCOD": "452BGO0040", "TRECHO": "BOM JESUS DE GOIÁS - ENTR GO-040", "RODOVIA": "BR-452", "SITUACAO": "PAV"}}, {"type": "Feature", "geometry": {"crs": {"type": "name", "properties": {"name": "EPSG:4674"}}, "type": "LineString", "coordinates": [[-49.704002, -18.243183], [-49.700994, -18.244564], [-49.700158, -18.244963], [-49.698872, -18.245539], [-49.693822, -18.247869], [-49.692409, -18.248505], [-49.689632, -18.2498], [-49.685355, -18.251764], [-49.684488, -18.252186], [-49.682995, -18.252852], [-49.673317, -18.257299], [-49.672099, -18.257882], [-49.668346, -18.259577], [-49.667181, -18.260153], [-49.665745, -18.260775], [-49.66185, -18.262568], [-49.659627, -18.263596], [-49.658985, -18.263931], [-49.658153, -18.264311], [-49.65756, -18.264547], [-49.656582, -18.264988], [-49.652825, -18.26673], [-49.650199, -18.267916], [-49.644708, -18.270458], [-49.641116, -18.272096], [-49.639906, -18.272676], [-49.63617, -18.274369], [-49.609503, -18.286646], [-49.606738, -18.287914], [-49.606043, -18.288207], [-49.604439, -18.288962], [-49.603205, -18.289518], [-49.60265, -18.289802], [-49.602289, -18.290006], [-49.601421, -18.290544], [-49.600766, -18.291001], [-49.600271, -18.29132], [-49.592655, -18.296488], [-49.591293, -18.297448], [-49.590653, -18.297877], [-49.590074, -18.298237], [-49.585779, -18.301133], [-49.585373, -18.30138], [-49.585105, -18.301522], [-49.584704, -18.301704], [-49.584428, -18.301808], [-49.583715, -18.302018], [-49.583105, -18.30212], [-49.582518, -18.302152], [-49.581978, -18.302137], [-49.581489, -18.302093], [-49.58094, -18.302027], [-49.580376, -18.301931], [-49.579777, -18.301872], [-49.578426, -18.301699], [-49.578262, -18.301655], [-49.577397, -18.301576], [-49.573, -18.301026], [-49.572231, -18.300913], [-49.562996, -18.299724], [-49.560786, -18.299419], [-49.559019, -18.299209], [-49.555356, -18.298735], [-49.554092, -18.298557], [-49.549512, -18.29798], [-49.548482, -18.29784], [-49.548245, -18.297774], [-49.54787, -18.297762], [-49.541479, -18.296936], [-49.540663, -18.296842], [-49.540068, -18.296794], [-49.539294, -18.296764], [-49.538698, -18.296765], [-49.537891, -18.296798], [-49.53702, -18.29688], [-49.536326, -18.296974], [-49.535635, -18.297097], [-49.534947, -18.297247], [-49.534267, -18.29743], [-49.533599, -18.297639], [-49.532948, -18.297875], [-49.532089, -18.298226], [-49.512888, -18.306423], [-49.496328, -18.313456], [-49.493063, -18.314866], [-49.486677, -18.317577], [-49.485486, -18.318099], [-49.48414, -18.318653], [-49.479341, -18.320712], [-49.478566, -18.321025], [-49.473657, -18.323126], [-49.473021, -18.323383], [-49.469842, -18.324737], [-49.46907, -18.325028], [-49.468287, -18.325259], [-49.462752, -18.32661], [-49.462057, -18.326838], [-49.461449, -18.327069], [-49.458576, -18.328281], [-49.457158, -18.328898], [-49.45452, -18.32999], [-49.451244, -18.331392], [-49.446894, -18.333226], [-49.445713, -18.333764], [-49.444578, -18.334215], [-49.433276, -18.338991], [-49.42727, -18.341548], [-49.426142, -18.342007], [-49.425315, -18.342322], [-49.42451, -18.342564], [-49.423857, -18.342735], [-49.422748, -18.342942], [-49.422075, -18.343031], [-49.420884, -18.343226], [-49.420735, -18.343216], [-49.420435, -18.343287], [-49.419459, -18.343449], [-49.413084, -18.344381], [-49.40531, -18.345349], [-49.401092, -18.345849], [-49.399166, -18.346092], [-49.398459, -18.346218], [-49.3975, -18.346438], [-49.39647, -18.346733], [-49.39559, -18.347046], [-49.395035, -18.34727], [-49.394667, -18.347438], [-49.393315, -18.348124], [-49.393192, -18.348172], [-49.393087, -18.348246], [-49.392804, -18.348401], [-49.3926, -18.348492], [-49.392353, -18.348658], [-49.392025, -18.348844], [-49.389848, -18.350001], [-49.383666, -18.353365], [-49.377228, -18.356844], [-49.37679, -18.357099], [-49.374078, -18.358553], [-49.373574, -18.358845], [-49.373225, -18.359073], [-49.372863, -18.35936], [-49.372616, -18.359589], [-49.37224, -18.359991], [-49.371908, -18.36042], [-49.371388, -18.361309], [-49.370704, -18.362557], [-49.369375, -18.364906], [-49.369109, -18.365347], [-49.3688, -18.365773], [-49.368568, -18.366053], [-49.368152, -18.366482], [-49.367832, -18.366763], [-49.367327, -18.367148], [-49.366781, -18.367479], [-49.361602, -18.370143], [-49.359031, -18.371441], [-49.358116, -18.37196], [-49.357429, -18.372416], [-49.356933, -18.372782], [-49.356465, -18.373163], [-49.34884, -18.379746], [-49.348493, -18.380014], [-49.347401, -18.380744], [-49.347144, -18.380933], [-49.345498, -18.382339]]}, "properties": {"SNV": "452BGO0050", "fid": 342, "EXT_KM": 42, "GEOCOD": "452BGO0050", "TRECHO": "ENTR GO-040 - ENTR BR-154/452/483/GO-206 (ACESSO OESTE ITUMBIARA)", "RODOVIA": "BR-452", "SITUACAO": "PAV"}}, {"type": "Feature", "geometry": {"crs": {"type": "name", "properties": {"name": "EPSG:4674"}}, "type": "LineString", "coordinates": [[-49.989384, -18.490394], [-49.990718, -18.489937], [-49.999356, -18.487191], [-50.011115, -18.483294], [-50.01965, -18.481278], [-50.020187, -18.48121], [-50.027714, -18.479329], [-50.029326, -18.479195], [-50.030872, -18.479463], [-50.036248, -18.481882], [-50.041691, -18.484234], [-50.043505, -18.484503], [-50.044984, -18.484436], [-50.046664, -18.483831], [-50.048075, -18.482823], [-50.049016, -18.481681], [-50.049688, -18.480673], [-50.050494, -18.480001], [-50.051435, -18.479463], [-50.071393, -18.471131], [-50.091248, -18.462792], [-50.120647, -18.450612], [-50.130937, -18.446307], [-50.13281, -18.44648]]}, "properties": {"SNV": "483BGO0060", "fid": 370, "EXT_KM": 16.5, "GEOCOD": "483BGO0060", "TRECHO": "ENTR GO-040 (INACIOLÂNDIA) - INÍCIO PERÍMETRO URBANO(GOUVELÂNDIA)", "RODOVIA": "BR-483", "SITUACAO": "PLA"}}, {"type": "Feature", "geometry": {"crs": {"type": "name", "properties": {"name": "EPSG:4674"}}, "type": "LineString", "coordinates": [[-50.13281, -18.44648], [-50.141955, -18.447326]]}, "properties": {"SNV": "483BGO0063", "fid": 371, "EXT_KM": 0.9, "GEOCOD": "483BGO0063", "TRECHO": "INÍCIO PERÍMETRO URBANO(GOUVELÂNDIA) - FIM PERÍMETRO URBANO(GOUVELÂNDIA)", "RODOVIA": "BR-483", "SITUACAO": "PLA"}}, {"type": "Feature", "geometry": {"crs": {"type": "name", "properties": {"name": "EPSG:4674"}}, "type": "LineString", "coordinates": [[-50.141955, -18.447326], [-50.162009, -18.449269], [-50.166058, -18.449305], [-50.178468, -18.448332], [-50.183334, -18.447927], [-50.196879, -18.446953], [-50.216264, -18.452388], [-50.221455, -18.453766], [-50.229323, -18.456037], [-50.236866, -18.456605], [-50.244977, -18.457254], [-50.249924, -18.457579], [-50.26201, -18.457984], [-50.266733, -18.458038], [-50.277582, -18.458227], [-50.290965, -18.458284], [-50.311648, -18.455875], [-50.31838, -18.454983], [-50.324433, -18.45404], [-50.326156, -18.454142], [-50.343392, -18.456676], [-50.34694, -18.456068], [-50.375328, -18.449681], [-50.376258, -18.449548], [-50.385424, -18.449264], [-50.394997, -18.448869], [-50.402177, -18.448593], [-50.403064, -18.448483], [-50.404325, -18.448058], [-50.411344, -18.444755], [-50.41274, -18.444159], [-50.414045, -18.443508], [-50.414325, -18.443348]]}, "properties": {"SNV": "483BGO0065", "fid": 372, "EXT_KM": 29.3, "GEOCOD": "483BGO0065", "TRECHO": "FIM PERÍMETRO URBANO(GOUVELÂNDIA) - ENTR GO-164/206 (AEROPORTO QUIRINÓPOLIS)", "RODOVIA": "BR-483", "SITUACAO": "PLA"}}, {"type": "Feature", "geometry": {"crs": {"type": "name", "properties": {"name": "EPSG:4674"}}, "type": "LineString", "coordinates": [[-49.345498, -18.382339], [-49.343724, -18.383886], [-49.343516, -18.3841], [-49.342757, -18.384956], [-49.342448, -18.385269], [-49.342093, -18.385592], [-49.338787, -18.388422], [-49.338589, -18.388611], [-49.336471, -18.390451], [-49.336033, -18.390813], [-49.334759, -18.391933], [-49.332548, -18.393831], [-49.331752, -18.394441], [-49.331243, -18.394788], [-49.330891, -18.395006], [-49.330348, -18.395314], [-49.329784, -18.395597], [-49.329195, -18.395854], [-49.328787, -18.396012], [-49.324484, -18.397549], [-49.323523, -18.397904], [-49.32294, -18.398146], [-49.32077, -18.398858], [-49.3153, -18.40085], [-49.314735, -18.401038], [-49.31435, -18.401144], [-49.313957, -18.401225], [-49.313558, -18.401287], [-49.312952, -18.401333], [-49.312548, -18.401334], [-49.312144, -18.401314], [-49.311539, -18.401231], [-49.310533, -18.401006], [-49.303007, -18.399198], [-49.302176, -18.399033], [-49.300672, -18.398662], [-49.300253, -18.39854], [-49.299593, -18.39829], [-49.298737, -18.397887], [-49.298289, -18.397652], [-49.297674, -18.397291], [-49.297096, -18.396884], [-49.296316, -18.396197], [-49.295915, -18.395875], [-49.294341, -18.394746]]}, "properties": {"SNV": "452BGO0060", "fid": 343, "EXT_KM": 6.5, "GEOCOD": "452BGO0060", "TRECHO": "ENTR BR-154/452/483/GO-206 (ACESSO OESTE ITUMBIARA) - ENTR GO-206/AV.MODESTO DE CARVALHO (ITUMBIARA)", "RODOVIA": "BR-452", "SITUACAO": "PAV"}}, {"type": "Feature", "geometry": {"crs": {"type": "name", "properties": {"name": "EPSG:4674"}}, "type": "LineString", "coordinates": [[-47.638202, -16.788299], [-47.63824, -16.788147], [-47.639056, -16.787276], [-47.639394, -16.786965], [-47.639764, -16.786687], [-47.64008, -16.786493], [-47.640584, -16.786253], [-47.641115, -16.786077], [-47.641572, -16.785981], [-47.642037, -16.78593], [-47.642972, -16.785877], [-47.643527, -16.785791], [-47.643978, -16.785672], [-47.65188, -16.782836], [-47.652313, -16.782662], [-47.652736, -16.782471], [-47.65713, -16.780236], [-47.657641, -16.780014], [-47.657906, -16.779923], [-47.658537, -16.779753], [-47.67498, -16.775407], [-47.675512, -16.77523], [-47.675851, -16.775078], [-47.676255, -16.77485], [-47.676559, -16.774638], [-47.676843, -16.774403], [-47.677228, -16.774008], [-47.677523, -16.773624], [-47.679416, -16.770856], [-47.679709, -16.770505], [-47.679899, -16.770305], [-47.680239, -16.769994], [-47.680455, -16.769822], [-47.680834, -16.769557], [-47.681152, -16.769368], [-47.683483, -16.768209], [-47.684124, -16.767836], [-47.69234, -16.762101], [-47.699001, -16.757536], [-47.69927, -16.75736], [-47.699671, -16.757127], [-47.700428, -16.756769], [-47.700953, -16.756579], [-47.701492, -16.756425], [-47.705704, -16.755549], [-47.706318, -16.755396], [-47.72893, -16.748787], [-47.72957, -16.748648], [-47.730126, -16.748571], [-47.730407, -16.748549], [-47.731155, -16.748538], [-47.73153, -16.748558], [-47.731995, -16.74861], [-47.732639, -16.748729], [-47.733091, -16.748849], [-47.733622, -16.749024], [-47.734305, -16.749319], [-47.734876, -16.749631], [-47.735416, -16.749991], [-47.735709, -16.750213], [-47.735991, -16.750452], [-47.736452, -16.750901], [-47.736756, -16.751245], [-47.736983, -16.751533], [-47.73739, -16.75214], [-47.737653, -16.752618], [-47.743174, -16.763881], [-47.743504, -16.764428], [-47.743765, -16.764802], [-47.74399, -16.76509], [-47.744289, -16.765438], [-47.744543, -16.765704], [-47.745086, -16.7662], [-47.745672, -16.766651], [-47.746059, -16.766906], [-47.746541, -16.767184], [-47.746873, -16.767352], [-47.747298, -16.767539], [-47.747646, -16.767676], [-47.748088, -16.767822], [-47.748812, -16.76801], [-47.757971, -16.76991], [-47.758419, -16.770039], [-47.758766, -16.770176], [-47.759181, -16.770385], [-47.75957, -16.770635], [-47.759999, -16.770985], [-47.760258, -16.771246], [-47.760601, -16.771676], [-47.760842, -16.772063], [-47.760966, -16.772305], [-47.761136, -16.772727], [-47.761645, -16.774522], [-47.761738, -16.774813], [-47.761876, -16.775149], [-47.762043, -16.775472], [-47.762289, -16.775855], [-47.762577, -16.776212], [-47.762901, -16.776537], [-47.763113, -16.776717], [-47.763489, -16.776984], [-47.763728, -16.777128], [-47.764232, -16.777366], [-47.764854, -16.777566], [-47.765775, -16.777729], [-47.766229, -16.77784], [-47.766582, -16.777958], [-47.767091, -16.778188], [-47.775869, -16.783218], [-47.776333, -16.783523], [-47.776688, -16.783818], [-47.777011, -16.784148], [-47.777299, -16.7845], [-47.777548, -16.784883], [-47.779698, -16.789196], [-47.779925, -16.789592], [-47.780241, -16.79004], [-47.780539, -16.790387], [-47.780798, -16.790649], [-47.781075, -16.790892], [-47.781444, -16.791169], [-47.781836, -16.791419], [-47.782247, -16.791633], [-47.782675, -16.791815], [-47.783119, -16.791962], [-47.783572, -16.792073], [-47.784139, -16.792159], [-47.795671, -16.793318], [-47.796331, -16.793423], [-47.796694, -16.793515], [-47.797136, -16.793662], [-47.797565, -16.793844], [-47.797814, -16.79397], [-47.798136, -16.794156], [-47.801165, -16.796126], [-47.801568, -16.796358], [-47.802158, -16.796633], [-47.802506, -16.796765], [-47.803043, -16.796927], [-47.803408, -16.797009], [-47.80387, -16.797084], [-47.804618, -16.797136], [-47.805273, -16.797115], [-47.806014, -16.797014], [-47.80674, -16.796831], [-47.807438, -16.796571], [-47.80794, -16.796326], [-47.814806, -16.792261], [-47.817836, -16.790214], [-47.818113, -16.790042], [-47.818611, -16.789792], [-47.818871, -16.789688], [-47.819317, -16.789551], [-47.81959, -16.789487], [-47.820236, -16.789375], [-47.835097, -16.786869], [-47.843794, -16.786334], [-47.84445, -16.786331], [-47.844824, -16.786355], [-47.845195, -16.786401], [-47.845928, -16.786552], [-47.852736, -16.788566], [-47.853448, -16.788794], [-47.862519, -16.792467], [-47.863026, -16.7927], [-47.863431, -16.792927], [-47.863893, -16.793237], [-47.864395, -16.793642], [-47.86479, -16.794027], [-47.865149, -16.794443], [-47.865479, -16.7949], [-47.868322, -16.799241], [-47.868542, -16.799533], [-47.86885, -16.799872], [-47.86912, -16.800124], [-47.875133, -16.805019], [-47.875355, -16.805185], [-47.875748, -16.80543], [-47.87608, -16.805593], [-47.876515, -16.805766], [-47.876783, -16.805847], [-47.877241, -16.805945], [-47.877799, -16.805998], [-47.88286, -16.806025], [-47.886411, -16.8063], [-47.886972, -16.806322], [-47.887532, -16.806281], [-47.887901, -16.806215], [-47.888173, -16.806146], [-47.8887, -16.80596], [-47.889121, -16.805759], [-47.889466, -16.80562], [-47.890095, -16.80544], [-47.890558, -16.80537], [-47.890838, -16.805347], [-47.891213, -16.805348], [-47.891586, -16.805376], [-47.892047, -16.805456], [-47.894128, -16.806002], [-47.894606, -16.806108], [-47.901577, -16.80741], [-47.902034, -16.807507], [-47.902573, -16.807664], [-47.90318, -16.807903], [-47.906288, -16.809386], [-47.906718, -16.809564], [-47.907256, -16.809721], [-47.907624, -16.80979], [-47.907996, -16.809831], [-47.908464, -16.809843], [-47.909117, -16.809781], [-47.909575, -16.809684], [-47.91002, -16.809546], [-47.911405, -16.808989], [-47.911764, -16.808886], [-47.912131, -16.80881], [-47.92461, -16.807453], [-47.924887, -16.807408], [-47.92525, -16.807314], [-47.925513, -16.807219], [-47.925768, -16.807105], [-47.926013, -16.806973], [-47.926246, -16.806823], [-47.926671, -16.806468], [-47.926976, -16.806125], [-47.927136, -16.805902], [-47.927276, -16.805669], [-47.927396, -16.805423], [-47.927497, -16.805172], [-47.92847, -16.802085], [-47.928572, -16.801806], [-47.928687, -16.80156], [-47.928872, -16.801242], [-47.929149, -16.80088], [-47.929406, -16.800618], [-47.929842, -16.800277], [-47.93008, -16.800131], [-47.930329, -16.800004], [-47.930854, -16.799813], [-47.931856, -16.79958], [-47.932125, -16.799503], [-47.932474, -16.799373], [-47.932812, -16.799215], [-47.936962, -16.796753], [-47.93726, -16.796532], [-47.937467, -16.79635], [-47.937596, -16.796221], [-47.937832, -16.79594], [-47.938022, -16.795659], [-47.93936, -16.793453], [-47.939589, -16.793167], [-47.939722, -16.793043], [-47.940021, -16.792822], [-47.940183, -16.792734], [-47.940441, -16.792625], [-47.94062, -16.792573], [-47.940895, -16.792519], [-47.941082, -16.792503], [-47.941363, -16.792512], [-47.941641, -16.792552], [-47.941997, -16.792662], [-47.942249, -16.792783], [-47.942483, -16.792931], [-47.942759, -16.793174], [-47.942949, -16.793407], [-47.944266, -16.795246], [-47.944513, -16.795516], [-47.94479, -16.795759], [-47.945091, -16.795976], [-47.945331, -16.796115], [-47.945583, -16.796236], [-47.946021, -16.796392], [-47.946654, -16.796559], [-47.946916, -16.796658], [-47.94725, -16.796821], [-47.947565, -16.797015], [-47.947786, -16.797185], [-47.948121, -16.797497], [-47.9483, -16.797708], [-47.948511, -16.798004], [-47.948688, -16.798323], [-47.951817, -16.804789], [-47.952004, -16.805103], [-47.952276, -16.805468], [-47.952521, -16.805743], [-47.953171, -16.806393], [-47.953406, -16.806672], [-47.953616, -16.806973], [-47.953799, -16.807288], [-47.953954, -16.807615], [-47.954426, -16.808891], [-47.954579, -16.809222], [-47.95482, -16.80961], [-47.954989, -16.809824], [-47.955176, -16.810026], [-47.95545, -16.810274], [-47.955673, -16.810439], [-47.955908, -16.810587], [-47.956325, -16.810792], [-47.956677, -16.810915], [-47.957252, -16.811036], [-47.959828, -16.811359], [-47.960289, -16.811438], [-47.960739, -16.811566], [-47.961087, -16.811698], [-47.961422, -16.811861], [-47.96182, -16.812101], [-47.962117, -16.812318], [-47.962327, -16.812497], [-47.96266, -16.812836], [-47.967079, -16.817849], [-47.967351, -16.818219], [-47.967581, -16.818611], [-47.967767, -16.819024], [-47.967929, -16.819541], [-47.967985, -16.819809], [-47.968031, -16.820166], [-47.968158, -16.822443], [-47.968204, -16.822868], [-47.968277, -16.823226], [-47.968411, -16.823657], [-47.968552, -16.823993], [-47.968721, -16.824311], [-47.968971, -16.824694], [-47.969324, -16.825115], [-47.971512, -16.827346], [-47.971878, -16.827757], [-47.972188, -16.828209], [-47.972557, -16.828941], [-47.972741, -16.829255], [-47.973008, -16.829625], [-47.973187, -16.829835], [-47.973515, -16.830156], [-47.973953, -16.830497], [-47.974349, -16.830737], [-47.974768, -16.830938], [-47.975141, -16.831074], [-47.981355, -16.833035], [-47.981979, -16.833229], [-47.982615, -16.833387], [-47.983076, -16.833466], [-47.983635, -16.833524], [-47.984478, -16.833536], [-47.984946, -16.833503], [-47.98541, -16.833442], [-47.98596, -16.833333], [-47.986501, -16.833182], [-47.986854, -16.833061], [-47.987287, -16.832887], [-47.987952, -16.832554], [-47.988426, -16.832263], [-47.988654, -16.832103], [-47.989162, -16.831705], [-47.989501, -16.831394], [-47.989881, -16.830993], [-47.991916, -16.828512], [-47.992353, -16.82804], [-47.992827, -16.827605], [-47.99326, -16.827259], [-47.993715, -16.826941], [-47.994438, -16.826522], [-48.009201, -16.819641], [-48.009805, -16.819388], [-48.010247, -16.819236], [-48.010696, -16.819107], [-48.011244, -16.818984], [-48.011799, -16.818898], [-48.012359, -16.818847], [-48.012827, -16.818831], [-48.013202, -16.818837], [-48.013763, -16.818877], [-48.014135, -16.818923], [-48.014687, -16.819021], [-48.015233, -16.819155], [-48.01559, -16.819264], [-48.016001, -16.81941], [-48.021602, -16.821564], [-48.022047, -16.821706], [-48.022409, -16.821797], [-48.022962, -16.821895], [-48.023335, -16.821936], [-48.02371, -16.821955], [-48.027709, -16.82191], [-48.028208, -16.82193], [-48.02858, -16.821976], [-48.029126, -16.822102], [-48.029654, -16.82229], [-48.030154, -16.822536], [-48.030545, -16.822786], [-48.030908, -16.823071], [-48.031302, -16.823456], [-48.031646, -16.823885], [-48.037601, -16.833186], [-48.037814, -16.833482], [-48.03799, -16.833693], [-48.038178, -16.833894], [-48.038448, -16.834146], [-48.038814, -16.834427], [-48.039207, -16.834672], [-48.039624, -16.834881], [-48.039971, -16.835017], [-48.040429, -16.83515], [-48.043328, -16.835851], [-48.043595, -16.835936], [-48.044117, -16.836138], [-48.044454, -16.836296], [-48.047664, -16.837995], [-48.048165, -16.838228], [-48.048604, -16.838387], [-48.049054, -16.838511], [-48.0497, -16.838624], [-48.050167, -16.838658], [-48.050448, -16.838662], [-48.050916, -16.838637], [-48.051564, -16.838538], [-48.052107, -16.838397], [-48.05246, -16.838276], [-48.052971, -16.838048], [-48.053377, -16.837824], [-48.053687, -16.837621], [-48.057617, -16.834747], [-48.058112, -16.834425], [-48.058692, -16.83413], [-48.059216, -16.83393], [-48.059848, -16.833763], [-48.06031, -16.833689], [-48.060871, -16.833647], [-48.061152, -16.833646], [-48.061526, -16.83367], [-48.062083, -16.833745], [-48.062448, -16.833823], [-48.062719, -16.833899], [-48.063331, -16.834125], [-48.070371, -16.837209], [-48.07076, -16.837369], [-48.071475, -16.837586], [-48.072211, -16.837723], [-48.072771, -16.837772], [-48.073428, -16.837772], [-48.073801, -16.837742], [-48.074389, -16.837655], [-48.079778, -16.836599], [-48.080228, -16.836474], [-48.080581, -16.836353], [-48.082152, -16.835747], [-48.082501, -16.835626], [-48.082951, -16.835497], [-48.083316, -16.835421], [-48.083687, -16.835358], [-48.084246, -16.835308], [-48.088641, -16.835009], [-48.089198, -16.834931], [-48.089746, -16.834808], [-48.09028, -16.834639], [-48.090882, -16.834386], [-48.096748, -16.831516], [-48.09716, -16.831337], [-48.097604, -16.831194], [-48.103207, -16.829702], [-48.10366, -16.829587], [-48.103936, -16.829536], [-48.104402, -16.829489], [-48.104777, -16.829485], [-48.105244, -16.829523], [-48.105521, -16.829568], [-48.105885, -16.829654], [-48.106414, -16.829838], [-48.109501, -16.831154], [-48.109937, -16.831319], [-48.110655, -16.831527], [-48.111298, -16.831654], [-48.11167, -16.8317], [-48.112137, -16.831733], [-48.112606, -16.83174], [-48.11298, -16.831723], [-48.113725, -16.831638], [-48.114093, -16.831567], [-48.114669, -16.831421], [-48.125569, -16.828192], [-48.126028, -16.828095], [-48.126399, -16.828046], [-48.128268, -16.827905], [-48.128731, -16.82783], [-48.129093, -16.82774], [-48.12936, -16.827654], [-48.129874, -16.827435], [-48.130937, -16.826859], [-48.131443, -16.826622], [-48.134245, -16.825591], [-48.13459, -16.825451], [-48.135598, -16.824969], [-48.136122, -16.824773], [-48.136484, -16.824674], [-48.137037, -16.824582], [-48.137411, -16.824556], [-48.138723, -16.824561], [-48.139189, -16.824509], [-48.139465, -16.824458], [-48.139917, -16.824338], [-48.140181, -16.824247], [-48.140607, -16.824059], [-48.141189, -16.823764], [-48.141625, -16.823599], [-48.142143, -16.823462], [-48.143174, -16.823246], [-48.143621, -16.823107], [-48.143966, -16.822968], [-48.144299, -16.822801], [-48.146446, -16.821508], [-48.146774, -16.821332], [-48.147202, -16.821148], [-48.147646, -16.821005], [-48.147919, -16.820941], [-48.152708, -16.820059], [-48.166209, -16.818535], [-48.166671, -16.818464], [-48.167035, -16.818379], [-48.167478, -16.818232], [-48.167986, -16.817999], [-48.168385, -16.817761], [-48.168612, -16.817602], [-48.169033, -16.817242], [-48.169406, -16.816836], [-48.173739, -16.811387], [-48.174128, -16.811], [-48.174486, -16.810706], [-48.174954, -16.810406], [-48.175286, -16.810239], [-48.175982, -16.809968], [-48.192435, -16.804143], [-48.194168, -16.803454], [-48.203763, -16.799344], [-48.204285, -16.799144], [-48.205092, -16.798906], [-48.217241, -16.795834], [-48.217781, -16.795683], [-48.21831, -16.7955], [-48.218741, -16.795321], [-48.219302, -16.795044], [-48.233644, -16.787322], [-48.23412, -16.787035], [-48.236106, -16.785671], [-48.236507, -16.785437], [-48.236842, -16.785274], [-48.237451, -16.785043], [-48.238085, -16.78488], [-48.238735, -16.78479], [-48.239109, -16.784772], [-48.239484, -16.784777], [-48.239951, -16.784819], [-48.240504, -16.784917], [-48.241132, -16.785097], [-48.24165, -16.785307], [-48.242063, -16.785521], [-48.242302, -16.785664], [-48.242827, -16.786041], [-48.243038, -16.78622], [-48.243304, -16.786476], [-48.243552, -16.786746], [-48.243725, -16.786961], [-48.244094, -16.787503], [-48.249057, -16.795882], [-48.249346, -16.796347], [-48.249568, -16.796639], [-48.24975, -16.796844], [-48.250154, -16.79722], [-48.250373, -16.79739], [-48.250683, -16.797593], [-48.250926, -16.797732], [-48.251263, -16.79789], [-48.251612, -16.798021], [-48.256205, -16.799595], [-48.256564, -16.799694], [-48.256839, -16.799752], [-48.25721, -16.799802], [-48.257491, -16.79982], [-48.257866, -16.799816], [-48.25824, -16.79978], [-48.258608, -16.799717], [-48.258949, -16.799631], [-48.260583, -16.799143], [-48.261753, -16.798815], [-48.262666, -16.798611], [-48.263589, -16.798451], [-48.264611, -16.798325], [-48.265453, -16.798264], [-48.266296, -16.798239], [-48.26714, -16.79825], [-48.267982, -16.798298], [-48.269007, -16.798406], [-48.26984, -16.798534], [-48.270666, -16.798699], [-48.271484, -16.798899], [-48.272112, -16.799079], [-48.275674, -16.800215], [-48.276127, -16.800325], [-48.276589, -16.800408], [-48.277148, -16.80046], [-48.277617, -16.800471], [-48.281835, -16.800427], [-48.282582, -16.800491], [-48.283225, -16.800613], [-48.283853, -16.800797], [-48.284203, -16.800928], [-48.28471, -16.801161], [-48.299883, -16.809258], [-48.300309, -16.809445], [-48.300927, -16.80966], [-48.301563, -16.809813], [-48.302305, -16.809913], [-48.302773, -16.809933], [-48.303242, -16.809921], [-48.303986, -16.809836], [-48.304535, -16.809717], [-48.304895, -16.809613], [-48.305506, -16.809386], [-48.306092, -16.809101], [-48.31486, -16.804135], [-48.315317, -16.803902], [-48.315926, -16.803666], [-48.316377, -16.803541], [-48.317022, -16.803427], [-48.320381, -16.803119], [-48.320937, -16.803036], [-48.321393, -16.802933], [-48.323449, -16.802301], [-48.324082, -16.802137], [-48.324637, -16.802045], [-48.326308, -16.801823], [-48.326858, -16.801713], [-48.32739, -16.801539], [-48.327898, -16.801307], [-48.328296, -16.801068], [-48.331237, -16.798975], [-48.33178, -16.79862], [-48.33227, -16.798351], [-48.332522, -16.798233], [-48.332952, -16.798053], [-48.333394, -16.797901], [-48.333844, -16.797776], [-48.334209, -16.797695], [-48.340654, -16.7965], [-48.341027, -16.796469], [-48.347213, -16.796305], [-48.347772, -16.796249], [-48.34823, -16.796155], [-48.355112, -16.794058], [-48.355449, -16.793923], [-48.365061, -16.789607], [-48.366275, -16.789126], [-48.367069, -16.788851], [-48.367783, -16.78863], [-48.368505, -16.788432], [-48.369232, -16.788256], [-48.369873, -16.788119], [-48.371072, -16.787913], [-48.372095, -16.787787], [-48.375451, -16.787446], [-48.376099, -16.787345], [-48.382112, -16.785936], [-48.382571, -16.785847], [-48.38313, -16.785787], [-48.383505, -16.785778], [-48.38388, -16.785792], [-48.38453, -16.785877], [-48.385076, -16.786006], [-48.385431, -16.786118], [-48.385778, -16.786258], [-48.386278, -16.786504], [-48.390939, -16.789205], [-48.391352, -16.789418], [-48.391608, -16.78953], [-48.392136, -16.789717], [-48.392498, -16.789812], [-48.392865, -16.789884], [-48.395741, -16.790286], [-48.396385, -16.790403], [-48.396747, -16.790498], [-48.399156, -16.791251], [-48.399516, -16.79135], [-48.400065, -16.79147], [-48.400487, -16.791543], [-48.404736, -16.792161], [-48.405529, -16.792293], [-48.406263, -16.792442], [-48.406809, -16.792571], [-48.407711, -16.792817], [-48.408777, -16.793165], [-48.409649, -16.793497], [-48.410757, -16.793985], [-48.411671, -16.794448], [-48.412559, -16.794951], [-48.413496, -16.79555], [-48.414472, -16.796253], [-48.420206, -16.800647], [-48.420732, -16.801006], [-48.421223, -16.80127], [-48.421556, -16.801414], [-48.426597, -16.803423], [-48.426942, -16.803545], [-48.427394, -16.803659], [-48.427765, -16.803718], [-48.428139, -16.803745], [-48.428607, -16.803738], [-48.429072, -16.803685], [-48.429529, -16.803582], [-48.429797, -16.8035], [-48.430144, -16.803364], [-48.430479, -16.803201], [-48.430797, -16.803011], [-48.431242, -16.802678], [-48.431579, -16.802366], [-48.433091, -16.800881]]}, "properties": {"SNV": "457BGO0010", "fid": 346, "EXT_KM": 97.9, "GEOCOD": "457BGO0010", "TRECHO": "ENTR BR-050/457 (CRISTALINA) - ENTR GO-330 (PONTE FUNDA)", "RODOVIA": "BR-457", "SITUACAO": "PLA"}}, {"type": "Feature", "geometry": {"crs": {"type": "name", "properties": {"name": "EPSG:4674"}}, "type": "LineString", "coordinates": [[-48.623005, -16.708246], [-48.623455, -16.707947], [-48.642191, -16.697853], [-48.64291, -16.697471], [-48.643356, -16.697263], [-48.644996, -16.696342], [-48.650539, -16.693355], [-48.651112, -16.69306], [-48.651409, -16.692927], [-48.651773, -16.69279], [-48.652075, -16.692689], [-48.652653, -16.692542], [-48.653558, -16.692403], [-48.674497, -16.689599], [-48.676819, -16.689268], [-48.677443, -16.689139], [-48.678031, -16.688955], [-48.678413, -16.688794], [-48.678963, -16.688499], [-48.679311, -16.688271], [-48.679802, -16.687884], [-48.680106, -16.687595], [-48.680383, -16.687281], [-48.680638, -16.686948], [-48.680871, -16.686596], [-48.682817, -16.683343], [-48.683326, -16.68253], [-48.683603, -16.682135], [-48.684058, -16.681569], [-48.684855, -16.680646], [-48.689162, -16.675701], [-48.689635, -16.675218], [-48.689975, -16.674915], [-48.690335, -16.674629], [-48.693556, -16.672346], [-48.694313, -16.6718], [-48.694682, -16.671514], [-48.695032, -16.671208], [-48.69552, -16.670714], [-48.695819, -16.670359], [-48.696226, -16.669798], [-48.696467, -16.669411], [-48.696681, -16.669016], [-48.696945, -16.668412], [-48.703369, -16.651226], [-48.703678, -16.650429], [-48.703865, -16.650043], [-48.70421, -16.649497], [-48.70447, -16.649156], [-48.704906, -16.648687], [-48.705224, -16.648402], [-48.705565, -16.648142], [-48.705925, -16.647904], [-48.706304, -16.647693], [-48.706699, -16.647513], [-48.707106, -16.647361], [-48.707746, -16.647189], [-48.713995, -16.646037], [-48.714649, -16.64591], [-48.71492, -16.645824], [-48.716408, -16.645588], [-48.718629, -16.645184], [-48.72582, -16.643857], [-48.726597, -16.643687]]}, "properties": {"SNV": "457BGO0040", "fid": 349, "EXT_KM": 14.2, "GEOCOD": "457BGO0040", "TRECHO": "ENTR GO-139 (ACESSO SUL SILVÂNIA) - ACESSO SUL LEOPOLDO DE BULHÕES", "RODOVIA": "BR-457", "SITUACAO": "PLA"}}, {"type": "Feature", "geometry": {"crs": {"type": "name", "properties": {"name": "EPSG:4674"}}, "type": "LineString", "coordinates": [[-48.726597, -16.643687], [-48.727046, -16.64366], [-48.74297, -16.640735], [-48.743425, -16.640632], [-48.743873, -16.640496], [-48.744394, -16.640294], [-48.744814, -16.640096], [-48.745375, -16.639768], [-48.745753, -16.639501], [-48.746179, -16.639148], [-48.746635, -16.638693], [-48.754565, -16.629189], [-48.754993, -16.62871], [-48.755468, -16.628277], [-48.755685, -16.628103], [-48.756063, -16.627837], [-48.756623, -16.627508], [-48.757382, -16.627155]]}, "properties": {"SNV": "457BGO0045", "fid": 350, "EXT_KM": 4, "GEOCOD": "457BGO0045", "TRECHO": "ACESSO SUL LEOPOLDO DE BULHÕES - R. JOAQUIM BONIFÁCIO (LEOPOLDO DE BULHÕES)", "RODOVIA": "BR-457", "SITUACAO": "PLA"}}, {"type": "Feature", "geometry": {"crs": {"type": "name", "properties": {"name": "EPSG:4674"}}, "type": "LineString", "coordinates": [[-48.867172, -16.446517], [-48.867207, -16.446631], [-48.867343, -16.446835], [-48.867568, -16.447126], [-48.867817, -16.447395], [-48.86802, -16.447582], [-48.868307, -16.447811], [-48.868614, -16.448022], [-48.868855, -16.44816], [-48.869362, -16.448391], [-48.874688, -16.450379], [-48.875275, -16.45066], [-48.875823, -16.451004], [-48.876116, -16.451229], [-48.876326, -16.451412], [-48.876716, -16.451799], [-48.882176, -16.457994], [-48.882362, -16.458199], [-48.882757, -16.458583], [-48.883181, -16.458939], [-48.883479, -16.459159], [-48.883866, -16.459411], [-48.884269, -16.459641], [-48.884602, -16.459807], [-48.885029, -16.459992], [-48.885556, -16.460178], [-48.886096, -16.460328], [-48.886646, -16.460438], [-48.886924, -16.460477], [-48.887203, -16.460507], [-48.887857, -16.460536], [-48.888325, -16.460522], [-48.888791, -16.460482], [-48.88962, -16.460337], [-48.89025, -16.460162], [-48.890673, -16.460013], [-48.895006, -16.458326], [-48.895384, -16.458195], [-48.895927, -16.458056], [-48.896574, -16.457958], [-48.897041, -16.457936], [-48.897597, -16.457955], [-48.90497, -16.458584], [-48.905344, -16.458602], [-48.905812, -16.458597], [-48.915045, -16.457809], [-48.915691, -16.457707], [-48.916144, -16.457594], [-48.918006, -16.45698], [-48.918547, -16.456836], [-48.918915, -16.456772], [-48.919288, -16.45674], [-48.919662, -16.456734], [-48.920129, -16.45677], [-48.920771, -16.456894], [-48.92104, -16.456974], [-48.921389, -16.457104], [-48.921727, -16.457261], [-48.92197, -16.457394], [-48.922357, -16.457651], [-48.922716, -16.457939], [-48.923042, -16.458263], [-48.923454, -16.458755], [-48.923828, -16.459161], [-48.924163, -16.459476], [-48.924446, -16.459713], [-48.92474, -16.459938], [-48.925202, -16.460245], [-48.925604, -16.460475], [-48.926191, -16.460756], [-48.926537, -16.460895], [-48.927159, -16.461096], [-48.92743, -16.461166], [-48.928072, -16.46129], [-48.928537, -16.461344], [-48.929004, -16.461371], [-48.929566, -16.461368], [-48.930218, -16.461311], [-48.930863, -16.4612], [-48.931136, -16.461135], [-48.93185, -16.460916], [-48.932283, -16.460744], [-48.93262, -16.460589], [-48.933031, -16.460372], [-48.933348, -16.460181], [-48.948277, -16.449883], [-48.948791, -16.449491], [-48.949129, -16.449178], [-48.949378, -16.448909], [-48.949663, -16.44855], [-48.949963, -16.448093], [-48.950135, -16.447769], [-48.950286, -16.447441], [-48.951108, -16.44542], [-48.951316, -16.445016], [-48.951603, -16.444553], [-48.951873, -16.444181], [-48.956598, -16.438002], [-48.956829, -16.43772], [-48.95708, -16.437451], [-48.957419, -16.437138], [-48.957709, -16.43691], [-48.957936, -16.43675], [-48.958414, -16.436466], [-48.958664, -16.436341], [-48.959093, -16.43616], [-48.959535, -16.436016], [-48.959989, -16.435907], [-48.960451, -16.435835], [-48.960918, -16.435799], [-48.961292, -16.435798], [-48.961945, -16.435854], [-48.962404, -16.43594], [-48.962943, -16.436089], [-48.96355, -16.43633], [-48.963963, -16.436542], [-48.968242, -16.439127], [-48.968573, -16.439311], [-48.969081, -16.439542], [-48.969431, -16.439667], [-48.969972, -16.439817], [-48.970432, -16.439898], [-48.970991, -16.439949], [-48.971459, -16.439949], [-48.971832, -16.439921], [-48.978768, -16.438867], [-48.979137, -16.438803], [-48.97968, -16.438664], [-48.980205, -16.438475], [-48.980544, -16.43832], [-48.98087, -16.438142], [-48.98141, -16.437786], [-48.981698, -16.437554], [-48.982035, -16.437241], [-48.982343, -16.4369], [-48.982673, -16.436461], [-48.983698, -16.434736], [-48.984002, -16.434283], [-48.984231, -16.433996], [-48.984478, -16.433722], [-48.984954, -16.433289], [-48.985249, -16.433066], [-48.985799, -16.432723], [-48.986387, -16.432444], [-48.995394, -16.42888], [-48.995912, -16.428668], [-48.99649, -16.428371], [-48.996879, -16.428122], [-48.997101, -16.427957], [-48.997384, -16.42772], [-48.997714, -16.427398], [-49.00088, -16.42371], [-49.001275, -16.423325], [-49.001714, -16.422986], [-49.00211, -16.422746], [-49.002443, -16.422582], [-49.002701, -16.422476], [-49.003055, -16.422357], [-49.003326, -16.422288], [-49.003694, -16.422219], [-49.003973, -16.422185], [-49.004347, -16.422166], [-49.004814, -16.422184], [-49.005277, -16.422247], [-49.005552, -16.422304], [-49.005911, -16.422407], [-49.00626, -16.422537], [-49.014168, -16.425828], [-49.014581, -16.42604], [-49.014818, -16.426187], [-49.015119, -16.426402], [-49.015401, -16.42664], [-49.015662, -16.4269], [-49.015901, -16.427178], [-49.016065, -16.427396], [-49.016406, -16.427937]]}, "properties": {"SNV": "457CGO1005", "fid": 355, "EXT_KM": 18.9, "GEOCOD": "457CGO1005", "TRECHO": "ENTR GO-330 (P/SETOR INDUSTRIAL MUNIR CALIXTO-ANÁPOLIS) - ENTR BR-060/153/457 (P/ ANÁPOLIS)", "RODOVIA": "BR-457", "SITUACAO": "PLA"}}, {"type": "Feature", "geometry": {"crs": {"type": "name", "properties": {"name": "EPSG:4674"}}, "type": "LineString", "coordinates": [[-47.653649, -16.782007], [-47.651852, -16.776101], [-47.651704, -16.775485], [-47.651597, -16.77477], [-47.651558, -16.774138], [-47.651565, -16.773596], [-47.65162, -16.77297], [-47.651708, -16.772434], [-47.651856, -16.771818], [-47.652023, -16.771302], [-47.652225, -16.770795], [-47.652461, -16.770307], [-47.652829, -16.769677], [-47.653034, -16.769373], [-47.653309, -16.769007], [-47.653729, -16.768522], [-47.654187, -16.768074], [-47.665922, -16.757969], [-47.666397, -16.757534], [-47.666907, -16.757006], [-47.667435, -16.756373], [-47.667811, -16.755856], [-47.668202, -16.755239], [-47.668549, -16.754599], [-47.668886, -16.753856], [-47.669136, -16.753174], [-47.66936, -16.752392], [-47.669508, -16.751681], [-47.669607, -16.750961], [-47.671386, -16.73345], [-47.671424, -16.732909], [-47.671432, -16.732277], [-47.671408, -16.731735], [-47.671345, -16.731107], [-47.671245, -16.730482], [-47.671084, -16.72978], [-47.670903, -16.729172], [-47.670652, -16.728491], [-47.665075, -16.715574], [-47.665003, -16.71541], [-47.664909, -16.71529]]}, "properties": {"SNV": "457NGO1005", "fid": 356, "EXT_KM": 8.3, "GEOCOD": "457NGO1005", "TRECHO": "ACESSO AEROPORTO DE CRISTALINA - ENTR BR-040/050/457 (P/ CRISTALINA)", "RODOVIA": "BR-457", "SITUACAO": "PLA"}}, {"type": "Feature", "geometry": {"crs": {"type": "name", "properties": {"name": "EPSG:4674"}}, "type": "LineString", "coordinates": [[-47.664909, -16.71529], [-47.664895, -16.71516], [-47.663954, -16.712992], [-47.6637, -16.71251], [-47.66346, -16.712122], [-47.663083, -16.711606], [-47.662596, -16.711057], [-47.662126, -16.71062], [-47.661617, -16.710219], [-47.660918, -16.709766], [-47.633092, -16.692515], [-47.632548, -16.692213], [-47.632124, -16.692021], [-47.631776, -16.691889], [-47.63142, -16.691775], [-47.630784, -16.691625], [-47.630135, -16.691537], [-47.629668, -16.691512], [-47.629106, -16.691525], [-47.628733, -16.69156], [-47.628179, -16.69165], [-47.627725, -16.69176], [-47.627192, -16.691932], [-47.61167, -16.697536]]}, "properties": {"SNV": "457NGO1010", "fid": 357, "EXT_KM": 6.7, "GEOCOD": "457NGO1010", "TRECHO": "ENTR BR-040/050/457 (P/ CRISTALINA) - ENTR GO-436", "RODOVIA": "BR-457", "SITUACAO": "PLA"}}, {"type": "Feature", "geometry": {"crs": {"type": "name", "properties": {"name": "EPSG:4674"}}, "type": "LineString", "coordinates": [[-47.61167, -16.697536], [-47.597111, -16.702785], [-47.596679, -16.702958], [-47.596094, -16.703247], [-47.595616, -16.703527], [-47.595235, -16.703792], [-47.594871, -16.704075], [-47.594527, -16.704381], [-47.59396, -16.704981], [-47.58203, -16.719821], [-47.581613, -16.720311], [-47.581205, -16.720683], [-47.58091, -16.720904], [-47.580596, -16.721102], [-47.580098, -16.721351], [-47.57975, -16.721485], [-47.579392, -16.721592], [-47.577752, -16.721962], [-47.577393, -16.722064], [-47.57679, -16.722311], [-47.576463, -16.722487], [-47.576076, -16.722742], [-47.57565, -16.723096], [-47.575331, -16.723425], [-47.575101, -16.72371], [-47.574849, -16.724089], [-47.574676, -16.724411], [-47.574563, -16.724657], [-47.568624, -16.73928], [-47.568398, -16.739877], [-47.568269, -16.740308], [-47.568186, -16.740659], [-47.568121, -16.741014], [-47.568067, -16.741465], [-47.567906, -16.745072], [-47.567857, -16.745609], [-47.567766, -16.746144], [-47.567659, -16.746585], [-47.567492, -16.747101], [-47.567323, -16.747522], [-47.566998, -16.748171], [-47.566714, -16.748631], [-47.561015, -16.757125], [-47.560827, -16.757437], [-47.560615, -16.75784], [-47.560331, -16.758508], [-47.560164, -16.759024], [-47.560038, -16.75955], [-47.559965, -16.759995], [-47.55992, -16.760446], [-47.559905, -16.760897], [-47.559926, -16.761439], [-47.559974, -16.761887], [-47.560071, -16.762421], [-47.560184, -16.76286], [-47.562605, -16.77111], [-47.562793, -16.771619], [-47.563062, -16.772196], [-47.563381, -16.772748], [-47.563641, -16.773122], [-47.563923, -16.773483], [-47.564356, -16.773955], [-47.564761, -16.774332], [-47.565268, -16.774733], [-47.579932, -16.785073], [-47.580008, -16.785129], [-47.580123, -16.785256]]}, "properties": {"SNV": "457NGO1015", "fid": 358, "EXT_KM": 13.2, "GEOCOD": "457NGO1015", "TRECHO": "ENTR GO-436 - ENTR BR-040/457 (ACESSO SUDESTE CRISTALINA)", "RODOVIA": "BR-457", "SITUACAO": "PLA"}}, {"type": "Feature", "geometry": {"crs": {"type": "name", "properties": {"name": "EPSG:4674"}}, "type": "LineString", "coordinates": [[-47.65701, -16.805043], [-47.657731, -16.804289], [-47.658134, -16.80379], [-47.65843, -16.803329], [-47.658599, -16.803007], [-47.658746, -16.802676], [-47.658948, -16.802074], [-47.659046, -16.801633], [-47.659087, -16.801363], [-47.659119, -16.801003], [-47.659127, -16.800642], [-47.659109, -16.800285], [-47.659067, -16.799923], [-47.65898, -16.799479], [-47.658856, -16.799044], [-47.653647, -16.781989]]}, "properties": {"SNV": "457NGO1025", "fid": 360, "EXT_KM": 2.7, "GEOCOD": "457NGO1025", "TRECHO": "ENTR BR-050/457 (ACESSO SUDOESTE CRISTALINA) - ACESSO AEROPORTO DE CRISTALINA", "RODOVIA": "BR-457", "SITUACAO": "PLA"}}, {"type": "Feature", "geometry": {"crs": {"type": "name", "properties": {"name": "EPSG:4674"}}, "type": "LineString", "coordinates": [[-46.803901, -15.871926], [-46.806652, -15.873792], [-46.809206, -15.87564], [-46.811272, -15.877104], [-46.812349, -15.877903], [-46.813941, -15.878975], [-46.814236, -15.879145], [-46.814545, -15.879266], [-46.814705, -15.879303], [-46.81503, -15.879343], [-46.815366, -15.879338], [-46.818868, -15.879002], [-46.819232, -15.878957], [-46.819539, -15.8789], [-46.820065, -15.878753], [-46.820903, -15.878453], [-46.823902, -15.877321], [-46.824585, -15.877027], [-46.825244, -15.876641], [-46.829843, -15.873709], [-46.83029, -15.873382], [-46.830502, -15.873201], [-46.830703, -15.873008], [-46.831061, -15.872584], [-46.831368, -15.872125], [-46.831627, -15.871627], [-46.834646, -15.864839], [-46.835139, -15.863796], [-46.835786, -15.862526], [-46.836042, -15.862063], [-46.836309, -15.861677], [-46.836618, -15.861354], [-46.836796, -15.861213], [-46.83699, -15.861086], [-46.837416, -15.860867], [-46.838493, -15.860406], [-46.838867, -15.860273], [-46.83924, -15.860214], [-46.83943, -15.860217], [-46.840633, -15.860404], [-46.840822, -15.860428], [-46.841008, -15.860432], [-46.841191, -15.860408], [-46.841372, -15.860353], [-46.841545, -15.860267], [-46.841874, -15.86002], [-46.843175, -15.858896], [-46.844374, -15.857829], [-46.848515, -15.85424], [-46.848872, -15.853918], [-46.849023, -15.853758], [-46.849153, -15.853587], [-46.849263, -15.8534], [-46.849353, -15.853199], [-46.849417, -15.852982], [-46.849454, -15.852754], [-46.849467, -15.852517], [-46.849456, -15.849928], [-46.849485, -15.849695], [-46.849543, -15.849477], [-46.849629, -15.849275], [-46.849739, -15.849091], [-46.849873, -15.848926], [-46.850027, -15.848785], [-46.855117, -15.845202], [-46.855491, -15.84492], [-46.855833, -15.844612], [-46.85598, -15.844435], [-46.856115, -15.844241], [-46.856353, -15.843812], [-46.858441, -15.839225], [-46.858654, -15.838782], [-46.858884, -15.838393], [-46.859017, -15.838225], [-46.859324, -15.83791], [-46.865489, -15.832106], [-46.866127, -15.8315], [-46.866516, -15.831108], [-46.867044, -15.830478], [-46.868734, -15.828052], [-46.869045, -15.827652], [-46.86939, -15.827274], [-46.869985, -15.826745], [-46.882418, -15.816436], [-46.888926, -15.8111], [-46.889527, -15.810643], [-46.889899, -15.810443], [-46.890173, -15.810345], [-46.890463, -15.810273], [-46.89077, -15.810239], [-46.896118, -15.809942], [-46.906358, -15.809414], [-46.907032, -15.809357], [-46.907486, -15.809289], [-46.907941, -15.80919], [-46.908394, -15.809065], [-46.918199, -15.806008], [-46.918711, -15.805871], [-46.919264, -15.805667], [-46.921198, -15.805031], [-46.921564, -15.804864], [-46.921914, -15.804631], [-46.923782, -15.803197], [-46.924292, -15.802775], [-46.924622, -15.80255], [-46.928946, -15.799218], [-46.930049, -15.798346], [-46.930542, -15.797987], [-46.9314, -15.797326], [-46.931974, -15.79682], [-46.934272, -15.794547], [-46.934798, -15.794107], [-46.935384, -15.793715], [-46.935809, -15.793489], [-46.936263, -15.793295], [-46.936749, -15.793141], [-46.937261, -15.793021], [-46.937791, -15.792946], [-46.938057, -15.792925], [-46.938585, -15.79292], [-46.939113, -15.792961], [-46.944955, -15.793929], [-46.947247, -15.794332], [-46.947948, -15.794458], [-46.948124, -15.794571]]}, "properties": {"SNV": "479BGO0050", "fid": 361, "EXT_KM": 19.9, "GEOCOD": "479BGO0050", "TRECHO": "DIV MG/GO - ENTR GO-346 (CABECEIRAS)", "RODOVIA": "BR-479", "SITUACAO": "PLA"}}, {"type": "Feature", "geometry": {"crs": {"type": "name", "properties": {"name": "EPSG:4674"}}, "type": "LineString", "coordinates": [[-46.948124, -15.794571], [-46.95039, -15.798782], [-46.95299, -15.798782], [-47.05679, -15.802682], [-47.11139, -15.800182], [-47.16149, -15.791482], [-47.18669, -15.777182], [-47.21519, -15.753982], [-47.23649, -15.733482], [-47.27039, -15.716582], [-47.315674, -15.717877], [-47.3186, -15.717372]]}, "properties": {"SNV": "479BGO0070", "fid": 362, "EXT_KM": 45.9, "GEOCOD": "479BGO0070", "TRECHO": "ENTR GO-346 (CABECEIRAS) - DIV GO/DF", "RODOVIA": "BR-479", "SITUACAO": "PLA"}}, {"type": "Feature", "geometry": {"crs": {"type": "name", "properties": {"name": "EPSG:4674"}}, "type": "LineString", "coordinates": [[-49.216545, -18.358221], [-49.21672, -18.358288], [-49.21689, -18.358316], [-49.217074, -18.358299], [-49.217163, -18.358266], [-49.217328, -18.358303], [-49.217717, -18.35834], [-49.217872, -18.358405], [-49.218358, -18.358679], [-49.218866, -18.358865], [-49.220346, -18.359283], [-49.222789, -18.360035], [-49.224275, -18.360455], [-49.225425, -18.360816], [-49.22822, -18.361638], [-49.22989, -18.362148], [-49.230833, -18.362408], [-49.231984, -18.362769], [-49.234211, -18.36343], [-49.234968, -18.363689], [-49.23646, -18.364093], [-49.241798, -18.365687], [-49.245129, -18.366671], [-49.246145, -18.366957], [-49.246702, -18.367142], [-49.253373, -18.369127], [-49.260126, -18.371118], [-49.261119, -18.37143], [-49.262222, -18.371888], [-49.263155, -18.372381], [-49.263768, -18.372772], [-49.265901, -18.374323], [-49.266379, -18.374655], [-49.26658, -18.374819], [-49.268043, -18.375869], [-49.270284, -18.377513], [-49.273576, -18.379884], [-49.273886, -18.380111], [-49.274134, -18.380324], [-49.274516, -18.380573], [-49.275224, -18.381097], [-49.275387, -18.381252], [-49.275614, -18.381425], [-49.275748, -18.381517], [-49.275988, -18.381644], [-49.276506, -18.382014], [-49.277096, -18.382472], [-49.278379, -18.383378], [-49.28988, -18.391723], [-49.290356, -18.392031], [-49.291028, -18.392367], [-49.291578, -18.392697], [-49.293465, -18.394069], [-49.294341, -18.394746]]}, "properties": {"SNV": "483BGO0030", "fid": 363, "EXT_KM": 9, "GEOCOD": "483BGO0030", "TRECHO": "ENTR BR-153/154/452/483 (ACESSO NORTE ITUMBIARA) - ENTR GO-206/AV.MODESTO DE CARVALHO (ITUMBIARA)", "RODOVIA": "BR-483", "SITUACAO": "PAV"}}, {"type": "Feature", "geometry": {"crs": {"type": "name", "properties": {"name": "EPSG:4674"}}, "type": "LineString", "coordinates": [[-50.414325, -18.443348], [-50.415059, -18.443845], [-50.416533, -18.444414], [-50.417099, -18.444761], [-50.417822, -18.445314], [-50.418568, -18.446166], [-50.419213, -18.447448], [-50.420464, -18.451451], [-50.423966, -18.463209], [-50.427289, -18.474581], [-50.444403, -18.531819], [-50.444663, -18.533439], [-50.43812, -18.565827], [-50.438638, -18.601649], [-50.438768, -18.603398], [-50.440258, -18.608321], [-50.447124, -18.633713], [-50.46199, -18.688126], [-50.463156, -18.68994], [-50.465294, -18.691689], [-50.469681, -18.69535], [-50.472355, -18.696741], [-50.47378, -18.697389], [-50.47799, -18.698037], [-50.492241, -18.699915], [-50.513246, -18.702617], [-50.518573, -18.703284], [-50.547464, -18.713907], [-50.554848, -18.716822], [-50.556662, -18.717794], [-50.582443, -18.740401], [-50.596953, -18.752644], [-50.603852, -18.760158], [-50.608905, -18.765729], [-50.610265, -18.767283], [-50.610913, -18.768838], [-50.619074, -18.805113], [-50.622378, -18.812303], [-50.627042, -18.821372], [-50.631453, -18.829892], [-50.632483, -18.83206], [-50.632937, -18.833485], [-50.633072, -18.847056], [-50.63922, -18.863607], [-50.643759, -18.871669], [-50.652317, -18.885636], [-50.652873, -18.886428], [-50.653611, -18.887334], [-50.654776, -18.888559], [-50.657154, -18.891003], [-50.658928, -18.892784], [-50.659598, -18.893637], [-50.660055, -18.894337], [-50.660412, -18.895037], [-50.660584, -18.895421], [-50.660884, -18.896232], [-50.661082, -18.896948], [-50.661158, -18.897435], [-50.661204, -18.897869], [-50.661244, -18.8986], [-50.661242, -18.899171], [-50.661343, -18.90421], [-50.661387, -18.907217], [-50.661272, -18.90794], [-50.659477, -18.917162], [-50.659381, -18.91772], [-50.659392, -18.918018], [-50.659422, -18.918203], [-50.659479, -18.918414], [-50.659566, -18.918583], [-50.659672, -18.918716], [-50.659976, -18.919022], [-50.660273, -18.919214], [-50.660489, -18.919422]]}, "properties": {"SNV": "483BGO0070", "fid": 373, "EXT_KM": 64.8, "GEOCOD": "483BGO0070", "TRECHO": "ENTR GO-164/206 (AEROPORTO QUIRINÓPOLIS) - ENTR BR-364/483 (PARANAIGUARA)", "RODOVIA": "BR-483", "SITUACAO": "PLA"}}, {"type": "Feature", "geometry": {"crs": {"type": "name", "properties": {"name": "EPSG:4674"}}, "type": "LineString", "coordinates": [[-49.294341, -18.394746], [-49.295915, -18.395875], [-49.296316, -18.396197], [-49.297096, -18.396884], [-49.297674, -18.397291], [-49.298289, -18.397652], [-49.298737, -18.397887], [-49.299593, -18.39829], [-49.300253, -18.39854], [-49.300672, -18.398662], [-49.302176, -18.399033], [-49.303007, -18.399198], [-49.310533, -18.401006], [-49.311539, -18.401231], [-49.312144, -18.401314], [-49.312548, -18.401334], [-49.312952, -18.401333], [-49.313558, -18.401287], [-49.313957, -18.401225], [-49.31435, -18.401144], [-49.314735, -18.401038], [-49.3153, -18.40085], [-49.32077, -18.398858], [-49.32294, -18.398146], [-49.323523, -18.397904], [-49.324484, -18.397549], [-49.328787, -18.396012], [-49.329195, -18.395854], [-49.329784, -18.395597], [-49.330348, -18.395314], [-49.330891, -18.395006], [-49.331243, -18.394788], [-49.331752, -18.394441], [-49.332548, -18.393831], [-49.334759, -18.391933], [-49.336033, -18.390813], [-49.336471, -18.390451], [-49.338589, -18.388611], [-49.338787, -18.388422], [-49.342093, -18.385592], [-49.342448, -18.385269], [-49.342757, -18.384956], [-49.343516, -18.3841], [-49.343724, -18.383886], [-49.345498, -18.382339]]}, "properties": {"SNV": "483BGO0035", "fid": 364, "EXT_KM": 6.5, "GEOCOD": "483BGO0035", "TRECHO": "ENTR GO-206/AV.MODESTO DE CARVALHO (ITUMBIARA) - ENTR BR-154/452/483/GO-206 (ACESSO OESTE ITUMBIARA)", "RODOVIA": "BR-483", "SITUACAO": "PAV"}}, {"type": "Feature", "geometry": {"crs": {"type": "name", "properties": {"name": "EPSG:4674"}}, "type": "LineString", "coordinates": [[-48.496248, -17.713449], [-48.496945, -17.712261], [-48.498007, -17.710527], [-48.498817, -17.709619], [-48.499497, -17.709069], [-48.50095, -17.708058], [-48.501749, -17.707261], [-48.502857, -17.705663], [-48.503484, -17.704724], [-48.503987, -17.703928], [-48.504233, -17.703425], [-48.504467, -17.702744], [-48.504604, -17.702069], [-48.504748, -17.700702], [-48.504898, -17.700033], [-48.505178, -17.699393], [-48.505579, -17.698809], [-48.506201, -17.698218], [-48.506472, -17.698032], [-48.506752, -17.697873], [-48.507334, -17.697631], [-48.512305, -17.696102], [-48.512902, -17.695941], [-48.514148, -17.695774], [-48.514979, -17.695811], [-48.515774, -17.695958], [-48.516351, -17.696135], [-48.517254, -17.696562], [-48.51759, -17.696773], [-48.518814, -17.697781], [-48.521194, -17.700066], [-48.524263, -17.702834], [-48.536816, -17.714383], [-48.537297, -17.714855], [-48.538078, -17.715926], [-48.538765, -17.717333], [-48.539375, -17.718719], [-48.540907, -17.721798], [-48.541643, -17.722729], [-48.542075, -17.723113], [-48.547209, -17.72691], [-48.548231, -17.727479], [-48.54935, -17.727838], [-48.555631, -17.728793], [-48.557073, -17.728817], [-48.558909, -17.728514], [-48.586722, -17.722772], [-48.590254, -17.721987], [-48.59175, -17.72115], [-48.592853, -17.720435], [-48.593176, -17.720247], [-48.59402, -17.71986], [-48.595096, -17.719548]]}, "properties": {"SNV": "490BGO0050", "fid": 384, "EXT_KM": 13.2, "GEOCOD": "490BGO0050", "TRECHO": "RIO CORUMBÁ - ENTR GO-540", "RODOVIA": "BR-490", "SITUACAO": "PLA"}}, {"type": "Feature", "geometry": {"crs": {"type": "name", "properties": {"name": "EPSG:4674"}}, "type": "LineString", "coordinates": [[-48.595096, -17.719548], [-48.59622, -17.719415], [-48.597325, -17.719471], [-48.599347, -17.719907], [-48.600485, -17.719909], [-48.601038, -17.719819], [-48.603349, -17.719348], [-48.604568, -17.719157], [-48.605592, -17.719123], [-48.606403, -17.719164], [-48.607408, -17.719315], [-48.608577, -17.719625], [-48.61005, -17.720206], [-48.620338, -17.724464], [-48.622005, -17.725211]]}, "properties": {"SNV": "490BGO0060", "fid": 385, "EXT_KM": 3, "GEOCOD": "490BGO0060", "TRECHO": "ENTR GO-540 - ENTR GO-309 (CALDAS NOVAS)", "RODOVIA": "BR-490", "SITUACAO": "PLA"}}, {"type": "Feature", "geometry": {"crs": {"type": "name", "properties": {"name": "EPSG:4674"}}, "type": "LineString", "coordinates": [[-50.660489, -18.919422], [-50.659504, -18.92032], [-50.646668, -18.932699], [-50.646092, -18.933212], [-50.645394, -18.933934], [-50.622719, -18.955792]]}, "properties": {"SNV": "483BGO0075", "fid": 374, "EXT_KM": 6, "GEOCOD": "483BGO0075", "TRECHO": "ENTR BR-364/483 (PARANAIGUARA) - ENTR BR-364/483/GO-164 (P/ITAGUAÇU)", "RODOVIA": "BR-483", "SITUACAO": "PAV"}}, {"type": "Feature", "geometry": {"crs": {"type": "name", "properties": {"name": "EPSG:4674"}}, "type": "LineString", "coordinates": [[-50.622719, -18.955792], [-50.622847, -18.955835], [-50.622966, -18.956041], [-50.623308, -18.95639], [-50.623563, -18.956741], [-50.628965, -18.966475], [-50.629427, -18.967347], [-50.630494, -18.96923], [-50.632824, -18.973412], [-50.644553, -18.994554], [-50.644818, -18.994975], [-50.645491, -18.9958], [-50.656437, -19.006351], [-50.656971, -19.006788], [-50.657526, -19.00715], [-50.658053, -19.007407], [-50.658736, -19.007661], [-50.673981, -19.011353]]}, "properties": {"SNV": "483BGO0078", "fid": 375, "EXT_KM": 8.6, "GEOCOD": "483BGO0078", "TRECHO": "ENTR BR-364/483/GO-164 (P/ITAGUAÇU) - INÍCIO PISTA DUPLA (ITAGUAÇU)", "RODOVIA": "BR-483", "SITUACAO": "PLA"}}, {"type": "Feature", "geometry": {"crs": {"type": "name", "properties": {"name": "EPSG:4674"}}, "type": "LineString", "coordinates": [[-50.673981, -19.011353], [-50.681086, -19.01308], [-50.681559, -19.013088], [-50.682214, -19.01321], [-50.682729, -19.013215], [-50.682971, -19.013192], [-50.68306, -19.01321], [-50.683186, -19.013255], [-50.683325, -19.013351], [-50.683755, -19.013692], [-50.684263, -19.014159]]}, "properties": {"SNV": "483BGO0080", "fid": 376, "EXT_KM": 1.2, "GEOCOD": "483BGO0080", "TRECHO": "INÍCIO PISTA DUPLA (ITAGUAÇU) - FIM PISTA DUPLA (ITAGUAÇU)", "RODOVIA": "BR-483", "SITUACAO": "PLA"}}, {"type": "Feature", "geometry": {"crs": {"type": "name", "properties": {"name": "EPSG:4674"}}, "type": "LineString", "coordinates": [[-48.622005, -17.725211], [-48.627393, -17.727465]]}, "properties": {"SNV": "490BGO0070", "fid": 386, "EXT_KM": 0.6, "GEOCOD": "490BGO0070", "TRECHO": "ENTR GO-309 (CALDAS NOVAS) - INÍCIO PISTA DUPLA", "RODOVIA": "BR-490", "SITUACAO": "PLA"}}, {"type": "Feature", "geometry": {"crs": {"type": "name", "properties": {"name": "EPSG:4674"}}, "type": "LineString", "coordinates": [[-48.627393, -17.727465], [-48.628559, -17.726645], [-48.640794, -17.719888]]}, "properties": {"SNV": "490BGO0071", "fid": 387, "EXT_KM": 1.7, "GEOCOD": "490BGO0071", "TRECHO": "INÍCIO PISTA DUPLA - ENTR GO-139/213/309", "RODOVIA": "BR-490", "SITUACAO": "PLA"}}, {"type": "Feature", "geometry": {"crs": {"type": "name", "properties": {"name": "EPSG:4674"}}, "type": "LineString", "coordinates": [[-47.759237, -17.645316], [-47.759246, -17.64536], [-47.761023, -17.647153], [-47.767134, -17.653249], [-47.767519, -17.653692], [-47.767814, -17.654078], [-47.768205, -17.654669], [-47.768449, -17.655116], [-47.768627, -17.655519], [-47.76882, -17.656054], [-47.769008, -17.65677], [-47.770841, -17.666987], [-47.770929, -17.667339], [-47.771083, -17.667796], [-47.771288, -17.668267], [-47.771422, -17.668541], [-47.771659, -17.66893], [-47.771957, -17.669355], [-47.772321, -17.669774], [-47.772604, -17.67006], [-47.773014, -17.670417], [-47.774, -17.671135], [-47.775357, -17.672059], [-47.791456, -17.683324], [-47.792006, -17.683773], [-47.792278, -17.684031], [-47.792625, -17.684403], [-47.793042, -17.684958], [-47.793396, -17.685533], [-47.793641, -17.686027], [-47.793858, -17.686555], [-47.795822, -17.691772], [-47.800128, -17.703054], [-47.800796, -17.704085], [-47.813724, -17.71637], [-47.814046, -17.716728], [-47.814265, -17.717013], [-47.814425, -17.717281], [-47.814502, -17.717443], [-47.814603, -17.717723], [-47.814692, -17.718139], [-47.814797, -17.719503], [-47.814846, -17.719887], [-47.814922, -17.720205], [-47.815047, -17.720526], [-47.815181, -17.720772], [-47.815359, -17.721034], [-47.815596, -17.721301], [-47.815899, -17.721565], [-47.816187, -17.721755], [-47.816381, -17.721858], [-47.816724, -17.721999], [-47.817195, -17.722127], [-47.821384, -17.72301], [-47.823913, -17.723766], [-47.824405, -17.72386], [-47.824825, -17.723909], [-47.825078, -17.723912], [-47.825427, -17.723903], [-47.825808, -17.723869], [-47.826177, -17.723799], [-47.827453, -17.723507], [-47.827732, -17.723484], [-47.828275, -17.723496], [-47.828558, -17.723567], [-47.828891, -17.723719], [-47.829145, -17.723875], [-47.829348, -17.724024], [-47.829538, -17.724218], [-47.829694, -17.72441], [-47.829866, -17.724674], [-47.830076, -17.725076], [-47.832451, -17.730072], [-47.832583, -17.730301], [-47.832893, -17.73068], [-47.833062, -17.730835], [-47.833246, -17.730959], [-47.833506, -17.731095], [-47.833687, -17.731165], [-47.833991, -17.731247], [-47.834224, -17.73129], [-47.834593, -17.731308], [-47.837674, -17.731188], [-47.844661, -17.730642], [-47.845256, -17.730607], [-47.845687, -17.7306], [-47.846212, -17.730635], [-47.846665, -17.730693], [-47.847009, -17.730758], [-47.847352, -17.730846], [-47.847666, -17.730951], [-47.848364, -17.731255], [-47.848692, -17.731432], [-47.849164, -17.731761], [-47.849524, -17.732045], [-47.851043, -17.733526], [-47.852832, -17.735351], [-47.854329, -17.736847], [-47.859429, -17.742065], [-47.860745, -17.743384], [-47.861498, -17.744182], [-47.862072, -17.744742], [-47.862753, -17.745472], [-47.871128, -17.753964], [-47.876703, -17.759652], [-47.879341, -17.762303], [-47.880023, -17.763011], [-47.880217, -17.76319], [-47.880407, -17.76333], [-47.880716, -17.763493], [-47.88109, -17.763629], [-47.881365, -17.763697], [-47.881955, -17.763758], [-47.882457, -17.763704], [-47.882926, -17.763588], [-47.883169, -17.7635], [-47.884398, -17.762974], [-47.885155, -17.762627], [-47.886203, -17.762186], [-47.890308, -17.760476], [-47.891209, -17.760116], [-47.891615, -17.760001], [-47.891849, -17.759961], [-47.892105, -17.759945], [-47.892479, -17.759947], [-47.892897, -17.760017], [-47.89326, -17.760148], [-47.893641, -17.760352], [-47.89387, -17.760498], [-47.894133, -17.760695], [-47.896823, -17.763307], [-47.897193, -17.763647], [-47.898252, -17.764718], [-47.899429, -17.765863], [-47.900123, -17.766509], [-47.901729, -17.76814], [-47.903658, -17.769957], [-47.90412, -17.770415], [-47.904816, -17.771202], [-47.904941, -17.771386], [-47.905283, -17.77195], [-47.905524, -17.7724], [-47.905677, -17.772741], [-47.907038, -17.777536], [-47.908397, -17.782193], [-47.908678, -17.782996], [-47.908936, -17.783564], [-47.90915, -17.78398], [-47.909282, -17.784191], [-47.909722, -17.784815], [-47.910031, -17.785176], [-47.910251, -17.785389], [-47.910629, -17.785712], [-47.912518, -17.787586], [-47.913819, -17.788849], [-47.914379, -17.789443], [-47.914913, -17.789952], [-47.91501, -17.790011], [-47.915216, -17.790195], [-47.915306, -17.790283], [-47.915369, -17.790373], [-47.916974, -17.791922], [-47.917836, -17.792828], [-47.91812, -17.793166], [-47.918257, -17.79336], [-47.918722, -17.794158], [-47.919061, -17.795031], [-47.921023, -17.801191], [-47.921234, -17.801788], [-47.921422, -17.802451], [-47.921718, -17.803385], [-47.922009, -17.804281], [-47.922164, -17.80465], [-47.922345, -17.804954], [-47.922573, -17.80521], [-47.922842, -17.805431], [-47.923121, -17.805592], [-47.923341, -17.805673], [-47.923685, -17.805764], [-47.924019, -17.8058], [-47.924222, -17.805794], [-47.924503, -17.805731], [-47.924814, -17.805622], [-47.925114, -17.805485], [-47.925241, -17.805407], [-47.927513, -17.803733], [-47.927813, -17.803486], [-47.928301, -17.803148], [-47.929883, -17.801972], [-47.930195, -17.801771], [-47.930603, -17.801543], [-47.931035, -17.801348], [-47.931355, -17.801231], [-47.931612, -17.801159], [-47.935867, -17.800201], [-47.945477, -17.80003], [-47.946199, -17.799971], [-47.946655, -17.79991], [-47.947073, -17.799828], [-47.948011, -17.799605], [-47.94977, -17.799117], [-47.959033, -17.79634], [-47.960492, -17.795825], [-47.961779, -17.794882], [-47.962465, -17.793938], [-47.963495, -17.791707], [-47.965811, -17.787589], [-47.967785, -17.783985], [-47.97053, -17.778923], [-47.972418, -17.775319], [-47.973276, -17.774032], [-47.979625, -17.767168], [-47.981427, -17.766139], [-47.991122, -17.762364], [-47.99627, -17.760133], [-48.005193, -17.754041], [-48.011028, -17.75018], [-48.014374, -17.747778], [-48.015661, -17.747263], [-48.017205, -17.747091], [-48.019093, -17.747091], [-48.020466, -17.747692], [-48.022611, -17.749065], [-48.027158, -17.752582], [-48.030257, -17.754217], [-48.032231, -17.755161], [-48.036692, -17.755676], [-48.041497, -17.755847], [-48.043556, -17.755847], [-48.056598, -17.750614], [-48.062089, -17.748383], [-48.064148, -17.747439], [-48.066207, -17.746581], [-48.068352, -17.746152], [-48.070669, -17.745809], [-48.075989, -17.744779], [-48.084483, -17.743492], [-48.086971, -17.742634], [-48.091518, -17.741004], [-48.100527, -17.738516], [-48.104217, -17.737744], [-48.114942, -17.73311], [-48.123779, -17.732939], [-48.138279, -17.733025], [-48.14746, -17.732939], [-48.148234, -17.732807], [-48.151803, -17.73085]]}, "properties": {"SNV": "490BGO0010", "fid": 380, "EXT_KM": 54.9, "GEOCOD": "490BGO0010", "TRECHO": "ENTR BR-050/490/GO-213 - ENTR BR-352/490/AV.MIGUEL ALVES DOS SANTOS (IPAMERI)", "RODOVIA": "BR-490", "SITUACAO": "PLA"}}, {"type": "Feature", "geometry": {"crs": {"type": "name", "properties": {"name": "EPSG:4674"}}, "type": "LineString", "coordinates": [[-48.151803, -17.73085], [-48.162216, -17.72982]]}, "properties": {"SNV": "490BGO0020", "fid": 381, "EXT_KM": 1.1, "GEOCOD": "490BGO0020", "TRECHO": "ENTR BR-352/490/AV.MIGUEL ALVES DOS SANTOS (IPAMERI) - ENTR GO-213 (IPAMERI)", "RODOVIA": "BR-490", "SITUACAO": "PLA"}}, {"type": "Feature", "geometry": {"crs": {"type": "name", "properties": {"name": "EPSG:4674"}}, "type": "LineString", "coordinates": [[-48.162216, -17.72982], [-48.162342, -17.729779], [-48.162738, -17.729799], [-48.163107, -17.729786], [-48.165949, -17.729337], [-48.166936, -17.729207], [-48.167045, -17.729242], [-48.16727, -17.729409], [-48.16805, -17.729887], [-48.169892, -17.73095], [-48.170334, -17.731169], [-48.170636, -17.731285], [-48.17119, -17.73142], [-48.17208, -17.73159], [-48.172437, -17.731626], [-48.175158, -17.731702], [-48.175626, -17.731641], [-48.186006, -17.729761], [-48.192886, -17.728559], [-48.201369, -17.727781], [-48.210913, -17.727145], [-48.221094, -17.726296], [-48.227173, -17.725872], [-48.228238, -17.725756]]}, "properties": {"SNV": "490BGO0030", "fid": 382, "EXT_KM": 7.1, "GEOCOD": "490BGO0030", "TRECHO": "ENTR GO-213 (IPAMERI) - ENTR GO-307", "RODOVIA": "BR-490", "SITUACAO": "PLA"}}, {"type": "Feature", "geometry": {"crs": {"type": "name", "properties": {"name": "EPSG:4674"}}, "type": "LineString", "coordinates": [[-48.640794, -17.719888], [-48.644691, -17.717753], [-48.645594, -17.7174], [-48.658472, -17.7152], [-48.667537, -17.713754], [-48.669298, -17.713771], [-48.677605, -17.7152], [-48.68922, -17.717154], [-48.690949, -17.717117], [-48.692759, -17.716585], [-48.694561, -17.715298], [-48.703391, -17.705126], [-48.705976, -17.70222], [-48.707955, -17.699952]]}, "properties": {"SNV": "490BGO0072", "fid": 388, "EXT_KM": 8.1, "GEOCOD": "490BGO0072", "TRECHO": "ENTR GO-139/213/309 - ENTR GO-139/213", "RODOVIA": "BR-490", "SITUACAO": "PLA"}}, {"type": "Feature", "geometry": {"crs": {"type": "name", "properties": {"name": "EPSG:4674"}}, "type": "LineString", "coordinates": [[-48.779176, -17.715432], [-48.779777, -17.715606], [-48.781647, -17.716082], [-48.784073, -17.716647], [-48.784763, -17.716835], [-48.785432, -17.716918], [-48.786226, -17.71696], [-48.786791, -17.716918], [-48.787418, -17.716814], [-48.7884, -17.716521], [-48.790533, -17.715664], [-48.791097, -17.715455], [-48.791662, -17.715329], [-48.792436, -17.715225], [-48.793125, -17.715204], [-48.793836, -17.715267], [-48.794652, -17.715476], [-48.795467, -17.715789], [-48.796032, -17.716082], [-48.796721, -17.716584], [-48.797516, -17.717316], [-48.798436, -17.71834], [-48.79946, -17.719365], [-48.800882, -17.72087], [-48.801551, -17.721497], [-48.802961, -17.722412], [-48.804109, -17.723241], [-48.804594, -17.723303], [-48.80524, -17.72359], [-48.805958, -17.723662], [-48.806568, -17.72377], [-48.807178, -17.723805], [-48.807968, -17.723913], [-48.808614, -17.724128], [-48.810695, -17.724667], [-48.8117, -17.724954], [-48.812705, -17.725169], [-48.81353, -17.72542], [-48.814212, -17.725456], [-48.814751, -17.725456], [-48.815468, -17.72542], [-48.81615, -17.725277], [-48.818017, -17.72499], [-48.819021, -17.725026], [-48.820206, -17.725277], [-48.821426, -17.72542], [-48.82218, -17.72542], [-48.823579, -17.725133], [-48.824225, -17.724882], [-48.830039, -17.722442], [-48.832336, -17.721508], [-48.833162, -17.721078], [-48.834669, -17.720791], [-48.835854, -17.720827], [-48.837612, -17.721078], [-48.838761, -17.721365], [-48.83973, -17.721473], [-48.841488, -17.721473], [-48.842888, -17.721329], [-48.844144, -17.721221], [-48.844754, -17.72115], [-48.845903, -17.720934], [-48.847123, -17.720575], [-48.847841, -17.720468], [-48.848594, -17.720324], [-48.849671, -17.720396], [-48.850568, -17.720575], [-48.851753, -17.721078], [-48.852973, -17.721688], [-48.855198, -17.723482], [-48.855916, -17.723841], [-48.856992, -17.724236], [-48.85893, -17.724882], [-48.859828, -17.725097], [-48.861335, -17.725277], [-48.862807, -17.725241], [-48.864601, -17.724954], [-48.865283, -17.724739], [-48.866539, -17.724236], [-48.86941, -17.722944], [-48.873825, -17.721042], [-48.877234, -17.719535], [-48.879387, -17.718601], [-48.880536, -17.718135], [-48.88172, -17.71792], [-48.882905, -17.717955], [-48.883874, -17.718135], [-48.885094, -17.718601], [-48.886601, -17.719642], [-48.889113, -17.721544], [-48.890334, -17.722442], [-48.891195, -17.723016], [-48.892451, -17.723411], [-48.893528, -17.723626], [-48.895322, -17.723734], [-48.896722, -17.723949], [-48.89805, -17.723913], [-48.899234, -17.72377], [-48.900921, -17.723411], [-48.905264, -17.722729], [-48.906161, -17.722657], [-48.907955, -17.722621], [-48.909104, -17.7228], [-48.909786, -17.72298], [-48.910898, -17.723482], [-48.912047, -17.724344], [-48.913016, -17.725169], [-48.914057, -17.725923], [-48.915923, -17.726964], [-48.916928, -17.72743], [-48.917717, -17.727538], [-48.918292, -17.727646], [-48.919512, -17.727646], [-48.920337, -17.72761], [-48.92206, -17.72761], [-48.923029, -17.727789], [-48.923818, -17.728076], [-48.924787, -17.728615], [-48.926474, -17.729871], [-48.927838, -17.731055], [-48.928341, -17.731378], [-48.929597, -17.732419], [-48.931427, -17.733783], [-48.932145, -17.734357], [-48.93297, -17.734788], [-48.933724, -17.735075], [-48.93437, -17.735254], [-48.934801, -17.73529], [-48.93577, -17.735326], [-48.936523, -17.735254], [-48.938461, -17.73468], [-48.943522, -17.732742], [-48.946536, -17.731629], [-48.947398, -17.73145], [-48.948008, -17.731199], [-48.94869, -17.731055], [-48.949838, -17.730696], [-48.951059, -17.73023], [-48.951705, -17.730014], [-48.952351, -17.729763], [-48.955365, -17.727933], [-48.957483, -17.726569], [-48.959385, -17.72542], [-48.959959, -17.725133], [-48.960533, -17.72499], [-48.962005, -17.724774], [-48.963656, -17.724703], [-48.964302, -17.724739], [-48.965558, -17.724559], [-48.966563, -17.724236], [-48.972792, -17.721883]]}, "properties": {"SNV": "490BGO0085", "fid": 390, "EXT_KM": 22.3, "GEOCOD": "490BGO0085", "TRECHO": "ENTR GO-507 (P/POUSADA DO RIO QUENTE) - INÍCIO DUPLICAÇÃO", "RODOVIA": "BR-490", "SITUACAO": "PLA"}}, {"type": "Feature", "geometry": {"crs": {"type": "name", "properties": {"name": "EPSG:4674"}}, "type": "LineString", "coordinates": [[-48.972792, -17.721883], [-48.974781, -17.72115], [-48.975679, -17.720862], [-48.976755, -17.720396], [-48.978011, -17.719929], [-48.979268, -17.719499], [-48.980344, -17.719068], [-48.98964, -17.715623], [-48.992008, -17.714725], [-48.996172, -17.713182], [-48.999868, -17.71189], [-49.000622, -17.711711], [-49.001411, -17.711567], [-49.002416, -17.711495], [-49.003349, -17.711495], [-49.00457, -17.711603], [-49.005933, -17.711854], [-49.006436, -17.71207], [-49.008159, -17.712572], [-49.010743, -17.713362], [-49.012717, -17.7139], [-49.015516, -17.714797], [-49.016844, -17.715156], [-49.017855, -17.715467]]}, "properties": {"SNV": "490BGO0087", "fid": 391, "EXT_KM": 5.1, "GEOCOD": "490BGO0087", "TRECHO": "INÍCIO DUPLICAÇÃO - ENTR GO-443", "RODOVIA": "BR-490", "SITUACAO": "PLA"}}, {"type": "Feature", "geometry": {"crs": {"type": "name", "properties": {"name": "EPSG:4674"}}, "type": "LineString", "coordinates": [[-49.017855, -17.715467], [-49.024952, -17.717644], [-49.028264, -17.718621], [-49.032523, -17.719852], [-49.037349, -17.721334], [-49.041034, -17.722391]]}, "properties": {"SNV": "490BGO0090", "fid": 392, "EXT_KM": 2.6, "GEOCOD": "490BGO0090", "TRECHO": "ENTR GO-443 - ENTR GO-147", "RODOVIA": "BR-490", "SITUACAO": "PLA"}}, {"type": "Feature", "geometry": {"crs": {"type": "name", "properties": {"name": "EPSG:4674"}}, "type": "LineString", "coordinates": [[-49.041034, -17.722391], [-49.053757, -17.726248], [-49.066097, -17.72989], [-49.068351, -17.73009], [-49.072229, -17.729848]]}, "properties": {"SNV": "490BGO0092", "fid": 393, "EXT_KM": 3.5, "GEOCOD": "490BGO0092", "TRECHO": "ENTR GO-147 - ENTR GO-147", "RODOVIA": "BR-490", "SITUACAO": "PLA"}}, {"type": "Feature", "geometry": {"crs": {"type": "name", "properties": {"name": "EPSG:4674"}}, "type": "LineString", "coordinates": [[-49.072229, -17.729848], [-49.086361, -17.728733], [-49.087522, -17.728603], [-49.088241, -17.72857], [-49.090451, -17.729521], [-49.097197, -17.732114], [-49.112067, -17.738304]]}, "properties": {"SNV": "490BGO0098", "fid": 394, "EXT_KM": 4.4, "GEOCOD": "490BGO0098", "TRECHO": "ENTR GO-147 - ENTR GO-476 (MORRINHOS)", "RODOVIA": "BR-490", "SITUACAO": "PLA"}}, {"type": "Feature", "geometry": {"crs": {"type": "name", "properties": {"name": "EPSG:4674"}}, "type": "LineString", "coordinates": [[-49.112067, -17.738304], [-49.1123, -17.738339], [-49.112627, -17.738098], [-49.11353, -17.736934], [-49.114575, -17.736411], [-49.116416, -17.735656], [-49.117621, -17.73513], [-49.117697, -17.735118], [-49.11786, -17.735148], [-49.118061, -17.735148], [-49.125091, -17.734873], [-49.13971, -17.734209], [-49.140532, -17.734143], [-49.140827, -17.73409], [-49.141285, -17.73397], [-49.142101, -17.733653], [-49.149966, -17.729875], [-49.150387, -17.729653], [-49.150933, -17.729336], [-49.152088, -17.728577], [-49.152489, -17.728338], [-49.152954, -17.728021], [-49.153192, -17.727824], [-49.1534, -17.72771], [-49.153644, -17.727609], [-49.153864, -17.727549], [-49.154121, -17.727525], [-49.154311, -17.727536]]}, "properties": {"SNV": "490BGO0100", "fid": 395, "EXT_KM": 4.8, "GEOCOD": "490BGO0100", "TRECHO": "ENTR GO-476 (MORRINHOS) - ENTR BR-153/490/GO-213 (MORRINHOS)", "RODOVIA": "BR-490", "SITUACAO": "PLA"}}]}